{"type":"FeatureCollection","features":[{"type":"Feature","id":1,"geometry":{"type":"Polygon","coordinates":[[[-123.082572,49.092465],[-123.135532,49.091006],[-123.131442,49.089286],[-123.128041,49.086304],[-123.127191,49.083401],[-123.131256,49.079382],[-123.141458,49.074685],[-123.154533,49.074051],[-123.160442,49.075903],[-123.158395,49.078369],[-123.159152,49.079009],[-123.162097,49.078261],[-123.16487,49.077727],[-123.170952,49.08185],[-123.174737,49.088612],[-123.17297,49.091069],[-123.642812,49.081628],[-123.637336,49.078333],[-123.628648,49.072372],[-123.621069,49.064653],[-123.618346,49.058112],[-123.602136,49.038331],[-123.592689,49.023815],[-123.591654,49.020374],[-123.592247,49.01723],[-123.593972,49.014805],[-123.596934,49.01334],[-123.600172,49.014178],[-123.61121,49.023663],[-123.622687,49.035639],[-123.625122,49.039189],[-123.62961,49.037606],[-123.639721,49.042713],[-123.645169,49.047256],[-123.647559,49.051459],[-123.648133,49.057639],[-123.64814,49.06454],[-123.65902,49.07332],[-123.669694,49.080906],[-123.786386,49.078085],[-123.77668,49.066471],[-123.766443,49.057353],[-123.758908,49.047792],[-123.752577,49.04441],[-123.750992,49.042744],[-123.751713,49.041273],[-123.75489,49.038859],[-123.761865,49.034258],[-123.76783,49.032462],[-123.777689,49.032264],[-123.784879,49.03137],[-123.792888,49.028772],[-123.794302,49.027002],[-123.791841,49.022809],[-123.772743,49.014841],[-123.766001,49.008567],[-123.761405,49.000544],[-123.757518,48.988923],[-123.758678,48.985282],[-123.762594,48.981862],[-123.767255,48.979243],[-123.771037,48.980295],[-123.781719,48.985597],[-123.796273,48.993812],[-123.808982,49.004162],[-123.822535,49.016008],[-123.830272,49.021013],[-123.843414,49.026497],[-123.847774,49.027257],[-123.850165,49.026824],[-123.852914,49.025019],[-123.852473,49.022712],[-123.847863,49.019451],[-123.838778,49.014742],[-123.825651,49.006969],[-123.81641,49.000674],[-123.809997,48.994349],[-123.808011,48.988522],[-123.804181,48.98003],[-123.800474,48.976357],[-123.793307,48.971977],[-123.78159,48.967608],[-123.757219,48.95877],[-123.746663,48.953774],[-123.743841,48.948856],[-123.73744,48.941793],[-123.71329,48.925715],[-123.699991,48.918553],[-123.692443,48.912016],[-123.6823,48.893557],[-123.677361,48.890201],[-123.671132,48.887672],[-123.656031,48.884738],[-123.640791,48.877296],[-123.638507,48.874501],[-123.635036,48.865263],[-123.632505,48.863072],[-123.613683,48.858378],[-123.600457,48.850893],[-123.585505,48.841573],[-123.583427,48.838428],[-123.583057,48.831239],[-123.583044,48.824815],[-123.584256,48.822158],[-123.586162,48.821385],[-123.594374,48.821968],[-123.601953,48.81839],[-123.603355,48.815928],[-123.601924,48.810084],[-123.599966,48.802929],[-123.597724,48.797372],[-123.594228,48.800899],[-123.58959,48.805263],[-123.58399,48.806418],[-123.570917,48.802153],[-123.561339,48.795644],[-123.558566,48.787181],[-123.557916,48.781594],[-123.559899,48.779931],[-123.568632,48.777662],[-123.578529,48.772029],[-123.579553,48.768942],[-123.571775,48.756295],[-123.566465,48.746245],[-123.567619,48.744357],[-123.571088,48.743537],[-123.576255,48.745194],[-123.583546,48.749658],[-123.592374,48.758007],[-123.597161,48.755817],[-123.607544,48.756879],[-123.612554,48.758169],[-123.620897,48.764699],[-123.628397,48.765149],[-123.633355,48.763099],[-123.638611,48.75421],[-123.640917,48.747883],[-123.640175,48.744303],[-123.636005,48.741739],[-123.615421,48.740266],[-123.6031,48.735444],[-123.571554,48.725856],[-123.560545,48.720495],[-123.555356,48.711802],[-123.544096,48.697077],[-123.531852,48.683963],[-123.52983,48.677455],[-123.533883,48.665256],[-123.542668,48.65498],[-123.544491,48.649792],[-123.544281,48.644525],[-123.540561,48.638665],[-123.527736,48.626419],[-123.525151,48.620877],[-123.521887,48.600396],[-123.516156,48.568519],[-123.517388,48.565032],[-123.527024,48.559253],[-123.532388,48.55804],[-123.542082,48.557827],[-123.54651,48.555662],[-123.556634,48.546352],[-123.556737,48.539751],[-123.545547,48.523149],[-123.541197,48.514435],[-123.53823,48.510754],[-123.53625,48.510958],[-123.534303,48.513473],[-123.535627,48.525473],[-123.537351,48.535946],[-123.537108,48.541167],[-123.533393,48.544489],[-123.518439,48.547388],[-123.500678,48.554367],[-123.496739,48.557177],[-123.490745,48.568253],[-123.486905,48.571427],[-123.476101,48.57244],[-123.468152,48.578617],[-123.466783,48.581129],[-123.467835,48.585776],[-123.471684,48.591974],[-123.480099,48.598477],[-123.481679,48.60113],[-123.480402,48.605843],[-123.473534,48.617033],[-123.466807,48.62397],[-123.465494,48.62702],[-123.46917,48.629366],[-123.471306,48.62949],[-123.475508,48.627794],[-123.47716,48.628172],[-123.478858,48.630095],[-123.479533,48.6329],[-123.47717,48.636963],[-123.463488,48.646818],[-123.450051,48.650872],[-123.447562,48.65216],[-123.446701,48.653563],[-123.44754,48.656685],[-123.45525,48.662174],[-123.466246,48.665439],[-123.477731,48.67056],[-123.481052,48.674703],[-123.482572,48.68113],[-123.483444,48.687022],[-123.480961,48.690494],[-123.47495,48.693399],[-123.461413,48.695124],[-123.445954,48.696533],[-123.438069,48.696046],[-123.426086,48.693732],[-123.408754,48.68723],[-123.398804,48.680754],[-123.397288,48.677643],[-123.398624,48.676245],[-123.403495,48.67616],[-123.41067,48.674945],[-123.41216,48.672795],[-123.408408,48.668334],[-123.399767,48.663662],[-123.391805,48.656878],[-123.391403,48.652514],[-123.394586,48.645627],[-123.403146,48.636977],[-123.404597,48.633199],[-123.403248,48.626787],[-123.399071,48.616763],[-123.391225,48.598101],[-123.385585,48.590311],[-123.382713,48.588532],[-123.377021,48.587269],[-123.371598,48.587645],[-123.370564,48.587109],[-123.368647,48.578622],[-123.363947,48.551467],[-123.361187,48.521398],[-123.357296,48.513047],[-123.347969,48.503841],[-123.336336,48.496127],[-123.320905,48.489865],[-123.317625,48.489898],[-123.311608,48.491755],[-123.309713,48.491145],[-123.300601,48.482464],[-123.282619,48.463579],[-123.278066,48.460794],[-123.263637,48.454688],[-123.26213,48.452438],[-123.266834,48.449947],[-123.271535,48.448954],[-123.279707,48.450005],[-123.281782,48.451753],[-123.284449,48.457919],[-123.285634,48.458196],[-123.294172,48.451904],[-123.29479,48.44978],[-123.292624,48.44347],[-123.293018,48.441531],[-123.300077,48.437948],[-123.305348,48.431441],[-123.30569,48.427149],[-123.299367,48.419276],[-123.293615,48.415636],[-123.296257,48.41131],[-123.307471,48.407369],[-123.322552,48.40631],[-123.375564,48.408901],[-123.39044,48.411015],[-123.414307,48.415695],[-123.423866,48.41872],[-123.433808,48.423945],[-123.439677,48.428557],[-123.432903,48.430273],[-123.428681,48.434358],[-123.430084,48.437244],[-123.43901,48.442465],[-123.443118,48.443628],[-123.447439,48.442586],[-123.448486,48.440967],[-123.447446,48.435314],[-123.448289,48.433229],[-123.458071,48.432287],[-123.462628,48.430558],[-123.470629,48.420253],[-123.484935,48.398349],[-123.496827,48.384778],[-123.501042,48.382755],[-123.512752,48.381729],[-123.516274,48.380177],[-123.52454,48.372867],[-123.53229,48.360647],[-123.534988,48.348331],[-123.529447,48.340141],[-123.53089,48.336921],[-123.536234,48.335235],[-123.551075,48.340555],[-123.558852,48.344926],[-123.561642,48.344601],[-123.561852,48.342557],[-123.558616,48.339324],[-123.545533,48.332365],[-123.538525,48.327088],[-123.536684,48.32186],[-123.539174,48.31843],[-123.550316,48.312805],[-123.561075,48.30978],[-123.575381,48.30914],[-123.591697,48.311227],[-123.597231,48.312844],[-123.60048,48.315867],[-123.6003,48.318324],[-123.595232,48.324223],[-123.590437,48.334984],[-123.585887,48.339287],[-123.586299,48.34067],[-123.587945,48.340911],[-123.611167,48.332213],[-123.619114,48.33097],[-123.627649,48.32442],[-123.641583,48.313207],[-123.644661,48.312231],[-123.647814,48.312444],[-123.654997,48.314702],[-123.66962,48.322786],[-123.690104,48.333053],[-123.707546,48.339133],[-123.711548,48.343612],[-123.711966,48.347845],[-123.705412,48.354128],[-123.703677,48.359769],[-123.708405,48.363902],[-123.708376,48.365556],[-123.701944,48.368927],[-123.692931,48.370378],[-123.684207,48.370999],[-123.6765,48.370157],[-123.660209,48.363817],[-123.650324,48.36062],[-123.642473,48.361748],[-123.631669,48.369491],[-123.631389,48.374266],[-123.638531,48.382831],[-123.652889,48.388801],[-123.660485,48.389023],[-123.679087,48.383733],[-123.693742,48.379434],[-123.699972,48.384139],[-123.71043,48.376184],[-123.716145,48.370697],[-123.724795,48.359037],[-123.731757,48.352746],[-123.735034,48.352463],[-123.745573,48.361572],[-123.74988,48.363323],[-123.774259,48.362323],[-123.812807,48.355653],[-123.825424,48.358015],[-123.858997,48.374064],[-123.869544,48.37795],[-123.915032,48.378094],[-123.926909,48.37969],[-123.955666,48.386861],[-123.975736,48.394364],[-123.98974,48.402078],[-124.015176,48.413783],[-124.026456,48.416374],[-124.065993,48.420554],[-124.131682,48.441994],[-124.197927,48.45864],[-124.265626,48.471169],[-124.280561,48.476479],[-124.294887,48.484871],[-124.299446,48.495427],[-124.307826,48.49986],[-124.315927,48.50223],[-124.340908,48.503763],[-124.395616,48.516117],[-124.42695,48.523081],[-124.444168,48.526989],[-124.454631,48.529586],[-124.457723,48.532138],[-124.45899,48.535081],[-124.456915,48.539315],[-124.45149,48.544341],[-124.437283,48.551423],[-124.422035,48.556291],[-124.39309,48.563941],[-124.358634,48.572809],[-124.351231,48.575702],[-124.350466,48.577796],[-124.356487,48.578813],[-124.36735,48.577654],[-124.385122,48.572428],[-124.402084,48.566403],[-124.404637,48.567227],[-124.407274,48.574317],[-124.40983,48.575824],[-124.418917,48.575242],[-124.431422,48.572871],[-124.4657,48.561069],[-124.499196,48.542077],[-124.504389,48.541671],[-124.535009,48.548979],[-124.609891,48.563838],[-124.649466,48.573497],[-124.683479,48.583752],[-124.736117,48.602876],[-124.760133,48.613429],[-124.787195,48.634013],[-124.820903,48.658142],[-124.832298,48.663195],[-124.850912,48.667188],[-124.876129,48.671031],[-124.938094,48.683243],[-124.926631,48.546529],[-124.883231,47.871923],[-124.860742,47.515815],[-124.80848,46.779789],[-124.770233,46.233309],[-124.75441,45.972712],[-124.711453,45.243632],[-123.960908,45.263153],[-123.959525,45.268774],[-123.956897,45.275121],[-123.953746,45.269943],[-123.94779,45.270773],[-123.94259,45.281182],[-123.935449,45.288095],[-123.930958,45.296315],[-123.93937,45.295997],[-123.94541,45.289796],[-123.951852,45.281756],[-123.956552,45.278215],[-123.956418,45.285987],[-123.954896,45.295277],[-123.955993,45.308731],[-123.957881,45.318167],[-123.962689,45.331187],[-123.969428,45.340275],[-123.979565,45.342083],[-123.98883,45.339],[-124.001967,45.339019],[-124.001123,45.345322],[-123.993174,45.34529],[-123.986051,45.34912],[-123.967146,45.357808],[-123.966136,45.367656],[-123.963387,45.382115],[-123.960026,45.397389],[-123.953925,45.416725],[-123.953032,45.425655],[-123.955374,45.434278],[-123.951578,45.43654],[-123.947229,45.426595],[-123.94248,45.422142],[-123.94662,45.420328],[-123.949332,45.415694],[-123.953339,45.403833],[-123.95452,45.394096],[-123.957274,45.383292],[-123.952473,45.38478],[-123.942934,45.396319],[-123.934459,45.406346],[-123.934043,45.418691],[-123.941269,45.434848],[-123.95608,45.449793],[-123.969594,45.464653],[-123.969807,45.47641],[-123.972686,45.486047],[-123.96497,45.495028],[-123.957066,45.507096],[-123.956632,45.518982],[-123.953478,45.528308],[-123.949207,45.51665],[-123.949626,45.507962],[-123.934628,45.510722],[-123.921275,45.495856],[-123.904572,45.489518],[-123.892814,45.481005],[-123.878758,45.490246],[-123.86413,45.501325],[-123.866934,45.509595],[-123.87939,45.511812],[-123.883703,45.524727],[-123.88908,45.53225],[-123.893585,45.542077],[-123.900107,45.549686],[-123.900154,45.55802],[-123.8938,45.565136],[-123.904524,45.561113],[-123.915282,45.557887],[-123.92987,45.563817],[-123.941565,45.5705],[-123.954131,45.571224],[-123.947508,45.579491],[-123.945582,45.59084],[-123.939863,45.608331],[-123.938692,45.63279],[-123.932063,45.6519],[-123.924831,45.664972],[-123.919955,45.672509],[-123.918784,45.682696],[-123.918488,45.690579],[-123.9067,45.696795],[-123.892949,45.695638],[-123.882793,45.698275],[-123.884854,45.707928],[-123.889788,45.712491],[-123.901627,45.710955],[-123.912099,45.704428],[-123.920746,45.697259],[-123.923566,45.68749],[-123.923938,45.677664],[-123.929615,45.666227],[-123.932998,45.672539],[-123.933468,45.682915],[-123.933497,45.701519],[-123.937565,45.715689],[-123.942304,45.737374],[-123.951008,45.745725],[-123.956871,45.749007],[-123.958929,45.758315],[-123.95729,45.765317],[-123.962813,45.768264],[-123.971515,45.765771],[-123.970582,45.773896],[-123.959642,45.781008],[-123.957586,45.789617],[-123.953538,45.804664],[-123.951375,45.825256],[-123.953985,45.853719],[-123.957902,45.87496],[-123.959321,45.888047],[-123.955331,45.900921],[-123.95541,45.913354],[-123.96666,45.923122],[-123.97247,45.93553],[-123.982049,45.944424],[-123.97997,45.949038],[-123.976709,45.956417],[-123.964884,45.959213],[-123.962226,45.969087],[-123.945662,45.975759],[-123.932858,45.975153],[-123.925101,45.984691],[-123.923323,45.989282],[-123.910471,46.014637],[-123.909616,46.018448],[-123.909983,46.021299],[-123.910768,46.021752],[-123.915737,46.021099],[-123.916749,46.021425],[-123.918683,46.031989],[-123.919406,46.057291],[-123.920831,46.066779],[-123.925911,46.087359],[-123.930732,46.100083],[-123.934674,46.106051],[-123.946577,46.118014],[-123.951264,46.124011],[-123.978779,46.175721],[-123.992271,46.196686],[-123.994498,46.200606],[-123.997994,46.206618],[-124.007572,46.220138],[-124.014633,46.226718],[-124.024658,46.228943],[-124.023039,46.23045],[-124.018255,46.232906],[-124.011319,46.236007],[-124.007544,46.236682],[-124.002419,46.237161],[-124.000713,46.236837],[-123.996023,46.232691],[-123.989877,46.227055],[-123.987673,46.224729],[-123.988052,46.223939],[-123.989608,46.224471],[-123.992705,46.22518],[-123.993783,46.226281],[-123.997755,46.226874],[-123.996536,46.224171],[-123.99979,46.223883],[-124.001449,46.22419],[-124.003203,46.223213],[-124.000927,46.219887],[-123.998514,46.218524],[-123.996299,46.214888],[-123.991163,46.209838],[-123.988292,46.207484],[-123.986737,46.207337],[-123.982748,46.208958],[-123.980428,46.20738],[-123.978405,46.207836],[-123.97378,46.211347],[-123.971901,46.211616],[-123.965595,46.209915],[-123.963502,46.208828],[-123.958936,46.20723],[-123.951976,46.20682],[-123.949851,46.205024],[-123.951338,46.203985],[-123.943489,46.199921],[-123.927197,46.191919],[-123.92385,46.19235],[-123.923028,46.190027],[-123.922266,46.182386],[-123.920211,46.17988],[-123.917219,46.17907],[-123.913479,46.179888],[-123.910565,46.183073],[-123.906689,46.182555],[-123.903904,46.180901],[-123.903181,46.178918],[-123.903785,46.175378],[-123.905649,46.172052],[-123.905608,46.170703],[-123.902259,46.168566],[-123.893961,46.165856],[-123.889005,46.164548],[-123.879217,46.164622],[-123.871727,46.161383],[-123.865356,46.160399],[-123.861352,46.157498],[-123.856135,46.156725],[-123.844799,46.159065],[-123.841984,46.160216],[-123.839046,46.162664],[-123.837792,46.166521],[-123.836665,46.166403],[-123.836792,46.16243],[-123.835088,46.163105],[-123.830742,46.163979],[-123.829077,46.163235],[-123.826599,46.164849],[-123.827255,46.168096],[-123.823513,46.168815],[-123.822172,46.170759],[-123.830831,46.17277],[-123.837165,46.170718],[-123.84141,46.172115],[-123.84404,46.171632],[-123.847932,46.174242],[-123.851751,46.175222],[-123.852932,46.176544],[-123.859507,46.179804],[-123.863696,46.18406],[-123.866216,46.18639],[-123.867027,46.188148],[-123.865227,46.18912],[-123.862008,46.189959],[-123.856542,46.19093],[-123.849616,46.191264],[-123.848645,46.191131],[-123.846218,46.192786],[-123.842783,46.192783],[-123.824681,46.190346],[-123.81494,46.191548],[-123.795591,46.195863],[-123.781668,46.197153],[-123.781645,46.198926],[-123.770676,46.20476],[-123.767503,46.204544],[-123.767655,46.208014],[-123.765215,46.210548],[-123.757918,46.213252],[-123.756832,46.212568],[-123.759161,46.209825],[-123.760289,46.207603],[-123.761648,46.206015],[-123.763847,46.202636],[-123.761554,46.19921],[-123.759459,46.193299],[-123.758319,46.192897],[-123.755106,46.19176],[-123.752079,46.192532],[-123.743361,46.18561],[-123.738553,46.180467],[-123.731201,46.172636],[-123.724336,46.170233],[-123.690084,46.169669],[-123.681789,46.174223],[-123.664259,46.178521],[-123.632198,46.183283],[-123.624551,46.184885],[-123.615616,46.18729],[-123.609423,46.187508],[-123.598541,46.185196],[-123.59333,46.186329],[-123.589908,46.191641],[-123.587736,46.197864],[-123.584605,46.203732],[-123.573495,46.212378],[-123.559744,46.219202],[-123.550487,46.223783],[-123.546898,46.228441],[-123.548614,46.230842],[-123.54523,46.233904],[-123.535939,46.234365],[-123.518517,46.233952],[-123.51146,46.233526],[-123.503471,46.234676],[-123.49146,46.232215],[-123.483551,46.227833],[-123.470487,46.214503],[-123.455173,46.208002],[-123.451442,46.206933],[-123.451769,46.205247],[-123.44751,46.203033],[-123.446134,46.201984],[-123.442495,46.201502],[-123.440807,46.200953],[-123.438783,46.199133],[-123.436119,46.196475],[-123.434108,46.193417],[-123.433067,46.19008],[-123.432247,46.17936],[-123.431252,46.175208],[-123.421816,46.168173],[-123.409078,46.159518],[-123.396799,46.147232],[-123.391783,46.144785],[-123.382747,46.143607],[-123.339471,46.139144],[-123.30325,46.139812],[-123.296786,46.138811],[-123.279445,46.133078],[-123.272933,46.132785],[-123.249216,46.13539],[-123.232892,46.138479],[-123.226636,46.144566],[-123.213564,46.157748],[-123.207394,46.166007],[-123.198349,46.172607],[-123.1878,46.178381],[-123.180022,46.181491],[-123.17615,46.182074],[-123.174151,46.181762],[-123.164392,46.174958],[-123.153179,46.170365],[-123.144702,46.168493],[-123.130957,46.167522],[-123.124499,46.16887],[-123.122454,46.167684],[-123.104584,46.167517],[-123.096788,46.166529],[-123.086878,46.162419],[-123.082285,46.161024],[-123.080931,46.160324],[-123.074175,46.157709],[-123.07032,46.156274],[-123.062515,46.150525],[-123.044905,46.134172],[-123.03981,46.129349],[-123.034865,46.126181],[-123.027406,46.124476],[-123.017925,46.122496],[-123.001456,46.117065],[-122.990294,46.112752],[-122.997656,46.117936],[-122.999441,46.119178],[-122.999692,46.119517],[-122.999571,46.119757],[-122.99863,46.119906],[-122.993802,46.119031],[-122.990297,46.118106],[-122.981316,46.111391],[-122.974846,46.107575],[-122.967171,46.102578],[-122.96427,46.100461],[-122.961397,46.098873],[-122.960141,46.098187],[-122.956721,46.096777],[-122.947895,46.09448],[-122.943122,46.092746],[-122.942061,46.091976],[-122.934997,46.090537],[-122.926136,46.088225],[-122.915434,46.084293],[-122.909582,46.081154],[-122.899864,46.072618],[-122.893647,46.064556],[-122.88954,46.058139],[-122.886676,46.051717],[-122.884677,46.044009],[-122.882201,46.035533],[-122.882776,46.032847],[-122.88109,46.028046],[-122.875083,46.01834],[-122.873482,46.014404],[-122.87345,46.01192],[-122.875344,46.004655],[-122.874706,46.002311],[-122.871901,45.998833],[-122.866752,45.993765],[-122.863338,45.993188],[-122.853943,45.987324],[-122.850034,45.987125],[-122.848929,45.986785],[-122.8472,45.985075],[-122.843593,45.979359],[-122.842046,45.977818],[-122.833697,45.971971],[-122.828099,45.966368],[-122.823002,45.959756],[-122.818154,45.949726],[-122.811715,45.939829],[-122.811268,45.936487],[-122.812262,45.93239],[-122.814665,45.926665],[-122.816029,45.916194],[-122.816647,45.91145],[-122.812976,45.902489],[-122.808906,45.896796],[-122.805699,45.889263],[-122.80585,45.882873],[-122.804925,45.881158],[-122.799958,45.875981],[-122.798672,45.873906],[-122.798587,45.868643],[-122.798108,45.866881],[-122.792129,45.855913],[-122.790694,45.852986],[-122.7892,45.849901],[-122.788626,45.849031],[-122.788927,45.848179],[-122.791042,45.846295],[-122.794427,45.839043],[-122.796991,45.831827],[-122.799092,45.822382],[-122.799944,45.816857],[-122.799325,45.812972],[-122.792765,45.800031],[-122.788603,45.792619],[-122.785815,45.785814],[-122.783785,45.783401],[-122.775792,45.776623],[-122.769693,45.767763],[-122.767646,45.763949],[-122.766989,45.761625],[-122.766947,45.746058],[-122.76617,45.735239],[-122.766665,45.728624],[-122.769847,45.715559],[-122.778151,45.69192],[-122.778945,45.68748],[-122.778815,45.680858],[-122.776708,45.673755],[-122.768413,45.658964],[-122.766785,45.654306],[-122.765499,45.65253],[-122.760326,45.648273],[-122.748985,45.640446],[-122.734676,45.629581],[-122.726988,45.625035],[-122.700115,45.61231],[-122.697217,45.611141],[-122.689155,45.609028],[-122.681426,45.606203],[-122.671392,45.603785],[-122.661783,45.601977],[-122.654257,45.60127],[-122.630766,45.601005],[-122.61355,45.600984],[-122.60702,45.600509],[-122.59981,45.598894],[-122.590689,45.596013],[-122.579584,45.591685],[-122.564872,45.584905],[-122.549414,45.575547],[-122.54231,45.571933],[-122.539776,45.571269],[-122.527785,45.566654],[-122.519134,45.565158],[-122.512965,45.565713],[-122.507635,45.56304],[-122.495232,45.561414],[-122.463995,45.558392],[-122.45051,45.559429],[-122.441876,45.562341],[-122.438586,45.562202],[-122.430589,45.562553],[-122.423454,45.562787],[-122.403374,45.567279],[-122.401525,45.567843],[-122.399126,45.568329],[-122.389621,45.567901],[-122.374689,45.569483],[-122.372903,45.568997],[-122.367801,45.564984],[-122.366523,45.564532],[-122.36551,45.564778],[-122.36189,45.566828],[-122.360897,45.567317],[-122.357997,45.565167],[-122.355031,45.562853],[-122.356126,45.561828],[-122.35773,45.561187],[-122.362131,45.560792],[-122.362898,45.560382],[-122.361126,45.559269],[-122.35763,45.559096],[-122.356567,45.558759],[-122.356173,45.557949],[-122.356196,45.556438],[-122.355699,45.55563],[-122.34649,45.54916],[-122.338795,45.543312],[-122.33372,45.540381],[-122.328981,45.539571],[-122.320853,45.539499],[-122.304236,45.540521],[-122.293784,45.542181],[-122.290814,45.542444],[-122.288328,45.542207],[-122.281873,45.542009],[-122.277855,45.542703],[-122.274568,45.542699],[-122.270958,45.54216],[-122.26503,45.541957],[-122.261694,45.542421],[-122.253646,45.545017],[-122.250771,45.545498],[-122.249147,45.544993],[-122.234235,45.547818],[-122.216999,45.551539],[-122.213811,45.551711],[-122.20198,45.549652],[-122.198887,45.550099],[-122.192164,45.552222],[-122.182413,45.556863],[-122.172514,45.56311],[-122.162631,45.571234],[-122.160048,45.5726],[-122.157248,45.573544],[-122.154613,45.573487],[-122.149025,45.574743],[-122.138977,45.577163],[-122.129751,45.579096],[-122.123736,45.579679],[-122.11199,45.579509],[-122.104716,45.579688],[-122.100277,45.580446],[-122.093735,45.582299],[-122.082493,45.586654],[-122.056078,45.599694],[-122.042127,45.605537],[-122.025235,45.61069],[-122.010107,45.614052],[-122.008852,45.614072],[-122.004648,45.61333],[-122.003266,45.61342],[-121.989728,45.618674],[-121.975656,45.625364],[-121.962567,45.632218],[-121.955817,45.637746],[-121.953217,45.638527],[-121.949575,45.638515],[-121.941727,45.637643],[-121.939082,45.637933],[-121.937683,45.63853],[-121.931967,45.642004],[-121.916501,45.64971],[-121.909488,45.652164],[-121.907662,45.653088],[-121.904411,45.656147],[-121.902457,45.657545],[-121.89968,45.660884],[-121.898695,45.663493],[-121.896461,45.667728],[-121.894613,45.66973],[-121.890077,45.673116],[-121.883611,45.676607],[-121.876219,45.679663],[-121.859485,45.68585],[-121.850046,45.689891],[-121.844535,45.690984],[-121.831849,45.696489],[-121.82337,45.698212],[-121.811064,45.698497],[-121.798175,45.697123],[-121.789911,45.694058],[-121.787181,45.693598],[-121.773981,45.693904],[-121.768703,45.694272],[-121.767032,45.693707],[-121.759431,45.691791],[-121.75563,45.691195],[-121.753983,45.691483],[-121.75003,45.692708],[-121.743398,45.692977],[-121.738079,45.692669],[-121.731048,45.691133],[-121.721718,45.691357],[-121.718996,45.6912],[-121.713947,45.690273],[-121.701129,45.688719],[-121.69584,45.688284],[-121.692856,45.688775],[-121.688425,45.691414],[-121.685791,45.693433],[-121.680375,45.695292],[-121.673012,45.697225],[-121.672623,45.6977],[-121.67262,45.698802],[-121.673985,45.699082],[-121.667799,45.700164],[-121.663912,45.699659],[-121.656153,45.70008],[-121.647842,45.699883],[-121.639846,45.700424],[-121.634392,45.699854],[-121.630949,45.700078],[-121.628547,45.701029],[-121.627001,45.701975],[-121.625088,45.702502],[-121.618319,45.705065],[-121.615577,45.705399],[-121.610603,45.705074],[-121.608785,45.705158],[-121.605595,45.706319],[-121.602455,45.705569],[-121.593484,45.707616],[-121.582657,45.707856],[-121.580476,45.708426],[-121.574872,45.711782],[-121.573162,45.712339],[-121.572153,45.711948],[-121.570645,45.710135],[-121.569733,45.709728],[-121.565502,45.709461],[-121.562034,45.710526],[-121.56014,45.712014],[-121.55764,45.714269],[-121.555881,45.71473],[-121.549189,45.713827],[-121.530332,45.715147],[-121.52934,45.715],[-121.527068,45.714119],[-121.526238,45.714257],[-121.526269,45.714451],[-121.52713,45.715113],[-121.526704,45.716947],[-121.525991,45.717409],[-121.525409,45.71734],[-121.523978,45.716718],[-121.519534,45.715715],[-121.515933,45.715364],[-121.509028,45.715508],[-121.506292,45.715286],[-121.503923,45.714717],[-121.496778,45.711689],[-121.481329,45.705941],[-121.479841,45.705628],[-121.475781,45.705507],[-121.474493,45.705152],[-121.473536,45.704489],[-121.47244,45.70186],[-121.47141,45.700987],[-121.465465,45.698719],[-121.460982,45.697458],[-121.457793,45.696783],[-121.449901,45.696296],[-121.447252,45.695801],[-121.442347,45.693703],[-121.44084,45.692638],[-121.437285,45.689611],[-121.434853,45.688713],[-121.426508,45.687596],[-121.422348,45.687023],[-121.419887,45.686957],[-121.415012,45.687509],[-121.40928,45.688134],[-121.406763,45.687612],[-121.400222,45.686916],[-121.396738,45.686023],[-121.395519,45.686023],[-121.393595,45.686691],[-121.390768,45.688425],[-121.380644,45.695559],[-121.375687,45.697964],[-121.372848,45.698796],[-121.369482,45.699174],[-121.362797,45.699005],[-121.352094,45.698191],[-121.34454,45.697945],[-121.325238,45.697956],[-121.313577,45.697634],[-121.309847,45.697195],[-121.306834,45.696505],[-121.301952,45.694471],[-121.297263,45.69205],[-121.294435,45.690415],[-121.289696,45.686534],[-121.286103,45.684202],[-121.275107,45.678908],[-121.266992,45.675875],[-121.260926,45.674228],[-121.255194,45.673149],[-121.248586,45.672269],[-121.241211,45.6716],[-121.233694,45.669808],[-121.224376,45.667426],[-121.219181,45.665784],[-121.217965,45.665036],[-121.216182,45.663277],[-121.21458,45.662365],[-121.213992,45.661455],[-121.213488,45.659152],[-121.213036,45.658123],[-121.211464,45.656405],[-121.207479,45.652926],[-121.205643,45.650816],[-121.204874,45.649328],[-121.203337,45.643463],[-121.202449,45.641259],[-121.200066,45.638472],[-121.199448,45.637409],[-121.19904,45.633943],[-121.197263,45.627337],[-121.197323,45.625729],[-121.198562,45.620601],[-121.198381,45.617666],[-121.197224,45.6147],[-121.195967,45.612983],[-121.194584,45.611494],[-121.190326,45.608367],[-121.184016,45.60447],[-121.17924,45.602327],[-121.173968,45.600986],[-121.169778,45.600616],[-121.164292,45.600778],[-121.156733,45.601872],[-121.14962,45.60359],[-121.13997,45.606528],[-121.132284,45.609239],[-121.126364,45.611861],[-121.122202,45.615183],[-121.115677,45.618897],[-121.108929,45.625132],[-121.10151,45.630963],[-121.099191,45.634275],[-121.097962,45.635348],[-121.09241,45.638076],[-121.082087,45.642349],[-121.072612,45.64657],[-121.06763,45.648071],[-121.062377,45.648919],[-121.055452,45.649212],[-121.040104,45.648623],[-121.013752,45.648217],[-120.99189,45.647131],[-120.985725,45.645134],[-120.98125,45.644653],[-120.9763,45.644966],[-120.970716,45.646465],[-120.959488,45.652272],[-120.955197,45.653477],[-120.949292,45.654055],[-120.944766,45.653782],[-120.941713,45.653109],[-120.938228,45.651417],[-120.935416,45.649131],[-120.928637,45.641652],[-120.925247,45.638794],[-120.921892,45.637178],[-120.91736,45.63573],[-120.914703,45.635454],[-120.906822,45.635994],[-120.899149,45.637925],[-120.894307,45.639877],[-120.887993,45.643764],[-120.876065,45.652495],[-120.857476,45.663311],[-120.847682,45.668045],[-120.83692,45.671961],[-120.819529,45.676664],[-120.806247,45.678445],[-120.801628,45.679407],[-120.796682,45.682775],[-120.775066,45.688711],[-120.75493,45.693868],[-120.751371,45.693604],[-120.744242,45.694984],[-120.743802,45.69612],[-120.735128,45.698987],[-120.724707,45.703458],[-120.720472,45.704476],[-120.709529,45.705923],[-120.707169,45.706637],[-120.701971,45.708728],[-120.696707,45.710661],[-120.69188,45.710816],[-120.688069,45.711643],[-120.685887,45.712613],[-120.671325,45.72122],[-120.647932,45.733997],[-120.642273,45.737952],[-120.636507,45.739728],[-120.628488,45.740828],[-120.618785,45.741058],[-120.601585,45.740975],[-120.598087,45.741077],[-120.589693,45.740518],[-120.585552,45.739924],[-120.577206,45.737961],[-120.568715,45.73499],[-120.557123,45.728872],[-120.552618,45.725546],[-120.539204,45.713012],[-120.526536,45.703526],[-120.519655,45.699816],[-120.500651,45.691804],[-120.485775,45.688262],[-120.480643,45.68756],[-120.473518,45.687725],[-120.459901,45.689297],[-120.407367,45.693275],[-120.384134,45.69422],[-120.376186,45.695387],[-120.367102,45.698054],[-120.357832,45.701384],[-120.353938,45.703633],[-120.349477,45.704163],[-120.342779,45.704187],[-120.33879,45.704529],[-120.317151,45.708585],[-120.294777,45.713453],[-120.282894,45.716628],[-120.278989,45.717092],[-120.274736,45.716991],[-120.25984,45.715241],[-120.254819,45.715498],[-120.236644,45.718351],[-120.213421,45.720757],[-120.205584,45.722072],[-120.203449,45.722904],[-120.20046,45.725119],[-120.19119,45.733187],[-120.177749,45.747003],[-120.171941,45.751613],[-120.168177,45.75392],[-120.164705,45.7554],[-120.155255,45.757207],[-120.151463,45.758349],[-120.138217,45.766194],[-120.13422,45.76747],[-120.109073,45.770622],[-120.080859,45.774416],[-120.065209,45.777807],[-120.059806,45.779957],[-120.049118,45.786115],[-120.02827,45.794871],[-120.023525,45.794917],[-120.017936,45.797062],[-120.01465,45.800034],[-119.978149,45.811682],[-119.957018,45.818924],[-119.951942,45.819931],[-119.945907,45.820114],[-119.930102,45.818785],[-119.92147,45.81912],[-119.912166,45.821553],[-119.901619,45.822194],[-119.886725,45.825496],[-119.86819,45.831066],[-119.860884,45.833912],[-119.850831,45.836372],[-119.83873,45.837869],[-119.815306,45.838725],[-119.784764,45.837253],[-119.769063,45.834675],[-119.740434,45.835859],[-119.724195,45.837158],[-119.720928,45.838527],[-119.715402,45.842418],[-119.6987,45.849218],[-119.692963,45.852157],[-119.68841,45.853069],[-119.676243,45.852404],[-119.67175,45.852833],[-119.666387,45.854479],[-119.660391,45.858436],[-119.647858,45.870487],[-119.643483,45.872275],[-119.623791,45.876249],[-119.619867,45.878779],[-119.61645,45.88668],[-119.609088,45.894701],[-119.600493,45.905947],[-119.598035,45.912238],[-119.593294,45.916884],[-119.592298,45.917726],[-119.587182,45.9196],[-119.578715,45.920537],[-119.571633,45.920901],[-119.568282,45.920418],[-119.560839,45.917801],[-119.553169,45.914419],[-119.543651,45.909778],[-119.531799,45.90634],[-119.512174,45.902213],[-119.500157,45.900974],[-119.487912,45.900909],[-119.477752,45.901734],[-119.464994,45.904338],[-119.460138,45.905964],[-119.447253,45.911656],[-119.441823,45.913052],[-119.436123,45.913497],[-119.420421,45.911953],[-119.41464,45.912084],[-119.380262,45.915945],[-119.361723,45.919073],[-119.354076,45.918627],[-119.351192,45.920683],[-119.336291,45.923864],[-119.321332,45.929135],[-119.304226,45.933679],[-119.30176,45.933626],[-119.297217,45.931771],[-119.293402,45.926936],[-119.292095,45.926546],[-119.288298,45.927101],[-119.277339,45.930304],[-119.262996,45.931953],[-119.258554,45.931728],[-119.223079,45.924274],[-119.205942,45.921269],[-119.19598,45.920326],[-119.169623,45.921183],[-119.142153,45.920079],[-119.12315,45.92328],[-119.118498,45.922293],[-119.10817,45.925208],[-119.059389,45.951154],[-119.035027,45.959097],[-119.021378,45.965435],[-119.011342,45.971747],[-118.993025,45.985891],[-118.977217,46.000204],[-118.974603,46.002475],[-118.97046,46.006033],[-118.955894,46.015488],[-118.946719,46.020444],[-118.93801,46.027328],[-118.936109,46.027077],[-118.933813,46.029184],[-118.937842,46.035752],[-118.940907,46.039348],[-118.941933,46.042532],[-118.94095,46.046285],[-118.937176,46.05133],[-118.932187,46.056228],[-118.929638,46.057439],[-118.921918,46.058726],[-118.920989,46.06115],[-118.918207,46.061312],[-118.914501,46.060788],[-118.904509,46.056823],[-118.900981,46.056469],[-118.900135,46.058783],[-118.896188,46.059385],[-118.889203,46.056427],[-118.883218,46.055648],[-118.878716,46.055887],[-118.8817,46.05867],[-118.874667,46.056375],[-118.862044,46.05871],[-118.856776,46.061243],[-118.855612,46.063248],[-118.859035,46.065021],[-118.867041,46.066503],[-118.875936,46.066004],[-118.884804,46.061049],[-118.885976,46.06092],[-118.887016,46.062941],[-118.887454,46.066709],[-118.889964,46.068351],[-118.89334,46.069243],[-118.895843,46.069151],[-118.899298,46.068008],[-118.901151,46.066827],[-118.90393,46.061906],[-118.905483,46.060717],[-118.908539,46.061357],[-118.910312,46.063123],[-118.910542,46.066037],[-118.909327,46.076854],[-118.91274,46.092036],[-118.91421,46.095064],[-118.914553,46.09702],[-118.918226,46.098335],[-118.923421,46.101818],[-118.92467,46.105828],[-118.922353,46.108452],[-118.929017,46.118977],[-118.937043,46.128563],[-118.944112,46.13333],[-118.945857,46.136249],[-118.945726,46.140083],[-118.943147,46.14687],[-118.941169,46.15353],[-118.941136,46.155082],[-118.943717,46.160693],[-118.943833,46.163104],[-118.939974,46.167329],[-118.937427,46.177639],[-118.936678,46.184059],[-118.937106,46.187465],[-118.938924,46.190794],[-118.943412,46.195571],[-118.947075,46.19971],[-118.949919,46.201509],[-118.953918,46.202604],[-118.957669,46.2028],[-118.96955,46.201868],[-118.974256,46.20211],[-119.004907,46.206812],[-118.991189,46.201411],[-118.988361,46.200037],[-118.984592,46.199239],[-118.977755,46.199135],[-118.964982,46.199454],[-118.95651,46.199354],[-118.952233,46.199034],[-118.947171,46.196775],[-118.943635,46.19221],[-118.942216,46.186612],[-118.942682,46.182112],[-118.945419,46.173669],[-118.947261,46.171189],[-118.95805,46.163918],[-118.957764,46.162939],[-118.954026,46.160699],[-118.953719,46.159786],[-118.954666,46.159398],[-118.959285,46.159781],[-118.960112,46.159295],[-118.961001,46.153704],[-118.960773,46.150365],[-118.961701,46.147941],[-118.958239,46.141918],[-118.958165,46.135693],[-118.9591,46.129796],[-118.96068,46.12817],[-118.961429,46.128312],[-118.96899,46.145985],[-118.971553,46.152232],[-118.973409,46.15566],[-118.973611,46.159283],[-118.975623,46.162801],[-118.97972,46.167653],[-118.9859,46.173179],[-118.994985,46.179045],[-118.99743,46.179485],[-119.003732,46.178698],[-119.00577,46.179519],[-119.021043,46.19395],[-119.023718,46.196506],[-119.023694,46.196894],[-119.023684,46.197142],[-119.02368,46.197391],[-119.02368,46.197641],[-119.023685,46.197893],[-119.023693,46.198145],[-119.023704,46.198398],[-119.023718,46.198652],[-119.023735,46.198906],[-119.023753,46.199161],[-119.023773,46.199416],[-119.023794,46.199671],[-119.023815,46.199927],[-119.023837,46.200183],[-119.023858,46.200438],[-119.023879,46.200693],[-119.023898,46.200949],[-119.023916,46.201203],[-119.023932,46.201457],[-119.023946,46.201711],[-119.023957,46.201964],[-119.023964,46.202216],[-119.023968,46.202467],[-119.023967,46.202717],[-119.023962,46.202966],[-119.023952,46.203214],[-119.023937,46.20346],[-119.023915,46.203705],[-119.023887,46.203948],[-119.023853,46.20419],[-119.023811,46.20443],[-119.023762,46.204668],[-119.023704,46.204904],[-119.023638,46.205137],[-119.023563,46.205369],[-119.023479,46.205598],[-119.023385,46.205825],[-119.02328,46.206049],[-119.023165,46.206271],[-119.023039,46.206489],[-119.022904,46.206706],[-119.022764,46.206923],[-119.022622,46.207139],[-119.022476,46.207355],[-119.022327,46.207571],[-119.022174,46.207787],[-119.022018,46.208003],[-119.021859,46.208218],[-119.021697,46.208433],[-119.021531,46.208647],[-119.021363,46.208862],[-119.021192,46.209076],[-119.021017,46.209289],[-119.02084,46.209502],[-119.02066,46.209715],[-119.020477,46.209927],[-119.020291,46.210139],[-119.020103,46.21035],[-119.019912,46.210561],[-119.019718,46.210771],[-119.019522,46.21098],[-119.019323,46.211189],[-119.019122,46.211397],[-119.018919,46.211604],[-119.018713,46.211811],[-119.018505,46.212017],[-119.018294,46.212222],[-119.018082,46.212426],[-119.017867,46.21263],[-119.01765,46.212833],[-119.017431,46.213034],[-119.01721,46.213235],[-119.016987,46.213435],[-119.016762,46.213634],[-119.016536,46.213832],[-119.016307,46.21403],[-119.016077,46.214226],[-119.015846,46.214421],[-119.015612,46.214615],[-119.015377,46.214807],[-119.01514,46.214999],[-119.014902,46.21519],[-119.014663,46.215379],[-119.014422,46.215567],[-119.014179,46.215754],[-119.013936,46.21594],[-119.013691,46.216124],[-119.013445,46.216307],[-119.013198,46.216489],[-119.01295,46.216669],[-119.0127,46.216848],[-119.01245,46.217026],[-119.012199,46.217202],[-119.011947,46.217376],[-119.011694,46.217549],[-119.01144,46.217721],[-119.011186,46.217891],[-119.010931,46.21806],[-119.010675,46.218226],[-119.010419,46.218392],[-119.010162,46.218555],[-119.009904,46.218717],[-119.009642,46.218875],[-119.009377,46.219031],[-119.009107,46.219183],[-119.008834,46.219332],[-119.008557,46.219478],[-119.008277,46.219622],[-119.007994,46.219763],[-119.007707,46.219901],[-119.007417,46.220036],[-119.007124,46.22017],[-119.006829,46.220301],[-119.00653,46.22043],[-119.00623,46.220557],[-119.005926,46.220682],[-119.005621,46.220805],[-119.005313,46.220926],[-119.005003,46.221046],[-119.004691,46.221164],[-119.004378,46.221281],[-119.004063,46.221397],[-119.003746,46.221511],[-119.003428,46.221625],[-119.003108,46.221737],[-119.002788,46.221849],[-119.002466,46.221959],[-119.002144,46.22207],[-119.001821,46.222179],[-119.001497,46.222288],[-119.001172,46.222397],[-119.000848,46.222506],[-119.000523,46.222615],[-119.000198,46.222723],[-118.999873,46.222832],[-118.999548,46.222941],[-118.999223,46.22305],[-118.998899,46.22316],[-118.998575,46.22327],[-118.998252,46.223381],[-118.99793,46.223492],[-118.997608,46.223605],[-118.997288,46.223718],[-118.996969,46.223833],[-118.996651,46.223949],[-118.996335,46.224066],[-118.99602,46.224184],[-118.995707,46.224304],[-118.995395,46.224426],[-118.995086,46.224549],[-118.994779,46.224674],[-118.994474,46.224801],[-118.994171,46.22493],[-118.993871,46.225062],[-118.993573,46.225195],[-118.993278,46.225331],[-118.992986,46.22547],[-118.992697,46.225611],[-118.99241,46.225754],[-118.992124,46.2259],[-118.99184,46.226047],[-118.991558,46.226196],[-118.991277,46.226348],[-118.990997,46.226501],[-118.990719,46.226655],[-118.990442,46.226812],[-118.990166,46.226969],[-118.989891,46.227129],[-118.989618,46.227289],[-118.989345,46.227451],[-118.989074,46.227614],[-118.988803,46.227779],[-118.988534,46.227944],[-118.988265,46.228111],[-118.987997,46.228278],[-118.987729,46.228446],[-118.987463,46.228615],[-118.987197,46.228784],[-118.986931,46.228955],[-118.986667,46.229125],[-118.986402,46.229296],[-118.986138,46.229468],[-118.985875,46.22964],[-118.985611,46.229812],[-118.985348,46.229984],[-118.985086,46.230156],[-118.984823,46.230328],[-118.98456,46.2305],[-118.984298,46.230672],[-118.984035,46.230844],[-118.983773,46.231015],[-118.98351,46.231186],[-118.983248,46.231357],[-118.982985,46.231526],[-118.982721,46.231696],[-118.982458,46.231864],[-118.982194,46.232032],[-118.98193,46.232199],[-118.981665,46.232365],[-118.981399,46.23253],[-118.981134,46.232693],[-118.980867,46.232856],[-118.9806,46.233017],[-118.980332,46.233177],[-118.980063,46.233336],[-118.979794,46.233493],[-118.979523,46.233649],[-118.979252,46.233802],[-118.97898,46.233955],[-118.978706,46.234105],[-118.978432,46.234253],[-118.978156,46.2344],[-118.977879,46.234544],[-118.977601,46.234687],[-118.977322,46.234827],[-118.977041,46.234965],[-118.976759,46.235101],[-118.976475,46.235234],[-118.97619,46.235364],[-118.975903,46.235492],[-118.975615,46.235618],[-118.975322,46.235736],[-118.975018,46.23583],[-118.974701,46.235899],[-118.974373,46.235945],[-118.974034,46.235972],[-118.973687,46.235981],[-118.973332,46.235976],[-118.972971,46.235958],[-118.972604,46.23593],[-118.972233,46.235894],[-118.97186,46.235854],[-118.971484,46.235811],[-118.971108,46.235768],[-118.970732,46.235728],[-118.970358,46.235692],[-118.969987,46.235664],[-118.96962,46.235646],[-118.969258,46.23564],[-118.968903,46.235648],[-118.968548,46.235659],[-118.968194,46.235669],[-118.967839,46.235679],[-118.967484,46.235688],[-118.967129,46.235697],[-118.966774,46.235706],[-118.966419,46.235714],[-118.966064,46.235722],[-118.965708,46.23573],[-118.965353,46.235738],[-118.964997,46.235746],[-118.964641,46.235754],[-118.964286,46.235762],[-118.96393,46.235769],[-118.963574,46.235777],[-118.963219,46.235786],[-118.962863,46.235794],[-118.962507,46.235803],[-118.962152,46.235812],[-118.961796,46.235821],[-118.961441,46.23583],[-118.961085,46.235841],[-118.96073,46.235851],[-118.960375,46.235862],[-118.960019,46.235874],[-118.959664,46.235887],[-118.95931,46.2359],[-118.958955,46.235913],[-118.9586,46.235928],[-118.958246,46.235943],[-118.957892,46.23596],[-118.957538,46.235977],[-118.957184,46.235995],[-118.95683,46.236014],[-118.956477,46.236035],[-118.956124,46.236056],[-118.955771,46.236079],[-118.955419,46.236102],[-118.955067,46.236127],[-118.954715,46.236154],[-118.954363,46.236181],[-118.954012,46.23621],[-118.953661,46.236241],[-118.95331,46.236273],[-118.95296,46.236306],[-118.95261,46.236341],[-118.952261,46.236378],[-118.951912,46.236417],[-118.951563,46.236457],[-118.951215,46.236499],[-118.950867,46.236542],[-118.95052,46.236587],[-118.950172,46.236634],[-118.949826,46.236682],[-118.949479,46.236732],[-118.949133,46.236783],[-118.948787,46.236835],[-118.948442,46.236889],[-118.948097,46.236944],[-118.947752,46.237],[-118.947407,46.237057],[-118.947063,46.237115],[-118.946718,46.237174],[-118.946374,46.237234],[-118.94603,46.237295],[-118.945687,46.237356],[-118.945343,46.237419],[-118.945,46.237482],[-118.944657,46.237545],[-118.944314,46.237609],[-118.943971,46.237674],[-118.943628,46.237739],[-118.943285,46.237805],[-118.942942,46.237871],[-118.942599,46.237937],[-118.942257,46.238003],[-118.941914,46.238069],[-118.941571,46.238136],[-118.941229,46.238203],[-118.940886,46.238269],[-118.940543,46.238336],[-118.940201,46.238402],[-118.939858,46.238468],[-118.939515,46.238534],[-118.939172,46.2386],[-118.938829,46.238665],[-118.938485,46.23873],[-118.938142,46.238794],[-118.937799,46.238858],[-118.937455,46.238921],[-118.937111,46.238983],[-118.936767,46.239045],[-118.936423,46.239106],[-118.936078,46.239166],[-118.935734,46.239225],[-118.935389,46.239284],[-118.935043,46.239341],[-118.934698,46.239397],[-118.934352,46.239452],[-118.934006,46.239506],[-118.93366,46.239558],[-118.933313,46.23961],[-118.932966,46.23966],[-118.932618,46.239708],[-118.932271,46.239755],[-118.931922,46.239801],[-118.931574,46.239845],[-118.931225,46.239887],[-118.930875,46.239929],[-118.930525,46.23997],[-118.930175,46.240009],[-118.929824,46.240047],[-118.929473,46.240085],[-118.929121,46.240121],[-118.928769,46.240157],[-118.928417,46.240191],[-118.928064,46.240225],[-118.927712,46.240258],[-118.927358,46.24029],[-118.927005,46.240321],[-118.926651,46.240352],[-118.926297,46.240382],[-118.925943,46.240411],[-118.925589,46.24044],[-118.925234,46.240468],[-118.924879,46.240495],[-118.924524,46.240522],[-118.924169,46.240549],[-118.923814,46.240575],[-118.923459,46.240601],[-118.923103,46.240627],[-118.922748,46.240652],[-118.922392,46.240677],[-118.922037,46.240702],[-118.921681,46.240726],[-118.921325,46.240751],[-118.920969,46.240775],[-118.920614,46.240799],[-118.920258,46.240823],[-118.919902,46.240847],[-118.919547,46.240871],[-118.919191,46.240896],[-118.918836,46.24092],[-118.91848,46.240944],[-118.918125,46.240969],[-118.91777,46.240994],[-118.917415,46.241019],[-118.91706,46.241045],[-118.916706,46.24107],[-118.916351,46.241097],[-118.915997,46.241123],[-118.915643,46.24115],[-118.91529,46.241178],[-118.914936,46.241206],[-118.914583,46.241234],[-118.91423,46.241263],[-118.913877,46.241293],[-118.913525,46.241323],[-118.913173,46.241355],[-118.912822,46.241387],[-118.91247,46.241419],[-118.91212,46.241453],[-118.911769,46.241487],[-118.911419,46.241522],[-118.91107,46.241558],[-118.91072,46.241596],[-118.910372,46.241634],[-118.910024,46.241673],[-118.909676,46.241713],[-118.909329,46.241754],[-118.908982,46.241797],[-118.908636,46.241841],[-118.90829,46.241886],[-118.907945,46.241932],[-118.907601,46.241979],[-118.907257,46.242028],[-118.906914,46.242078],[-118.906572,46.24213],[-118.90623,46.242183],[-118.905889,46.242238],[-118.905548,46.242294],[-118.905208,46.242351],[-118.904869,46.242411],[-118.904534,46.242479],[-118.904204,46.242556],[-118.903877,46.242642],[-118.903555,46.242735],[-118.903236,46.242835],[-118.90292,46.242943],[-118.902607,46.243056],[-118.902297,46.243175],[-118.901989,46.243299],[-118.901683,46.243428],[-118.90138,46.24356],[-118.901078,46.243696],[-118.900777,46.243835],[-118.900478,46.243976],[-118.900179,46.244119],[-118.899881,46.244263],[-118.899583,46.244408],[-118.899285,46.244552],[-118.898986,46.244696],[-118.898688,46.244839],[-118.898388,46.244981],[-118.898087,46.24512],[-118.897785,46.245257],[-118.897482,46.24539],[-118.897176,46.245519],[-118.896869,46.245644],[-118.896559,46.245764],[-118.896246,46.245879],[-118.89593,46.245988],[-118.895611,46.246089],[-118.895288,46.246184],[-118.894962,46.246271],[-118.894632,46.246351],[-118.894299,46.246426],[-118.893964,46.246497],[-118.893626,46.246564],[-118.893286,46.246626],[-118.892944,46.246686],[-118.8926,46.246741],[-118.892254,46.246794],[-118.891906,46.246843],[-118.891557,46.246889],[-118.891206,46.246932],[-118.890855,46.246973],[-118.890501,46.247011],[-118.890147,46.247046],[-118.889792,46.24708],[-118.889437,46.247111],[-118.88908,46.247141],[-118.888723,46.247169],[-118.888366,46.247196],[-118.888009,46.247221],[-118.887652,46.247246],[-118.887294,46.247269],[-118.886937,46.247291],[-118.88658,46.247313],[-118.886224,46.247335],[-118.885868,46.247356],[-118.885513,46.247377],[-118.885159,46.247399],[-118.884806,46.24742],[-118.884454,46.247442],[-118.884104,46.247461],[-118.883753,46.247457],[-118.883402,46.247433],[-118.883051,46.247394],[-118.882699,46.247345],[-118.882348,46.247292],[-118.881997,46.247238],[-118.881396,46.247162],[-118.880671,46.246886],[-118.879947,46.246586],[-118.879219,46.246346],[-118.87848,46.246251],[-118.877734,46.246365],[-118.87698,46.246606],[-118.876212,46.246846],[-118.875425,46.246972],[-118.874624,46.247048],[-118.873816,46.247111],[-118.873001,46.247164],[-118.87218,46.247208],[-118.871354,46.247245],[-118.870525,46.247276],[-118.869694,46.247304],[-118.868862,46.247331],[-118.868031,46.247356],[-118.867201,46.247384],[-118.866374,46.247415],[-118.865551,46.24745],[-118.864733,46.247492],[-118.863922,46.247543],[-118.863119,46.247604],[-118.862324,46.247676],[-118.86154,46.247762],[-118.860767,46.247863],[-118.860007,46.247981],[-118.859261,46.248118],[-118.85853,46.248275],[-118.857816,46.248454],[-118.85712,46.248659],[-118.856451,46.24891],[-118.85581,46.249206],[-118.855195,46.249543],[-118.854606,46.249917],[-118.854039,46.250322],[-118.853494,46.250754],[-118.852968,46.251207],[-118.85246,46.251678],[-118.851969,46.25216],[-118.851493,46.252649],[-118.85103,46.253141],[-118.850578,46.25363],[-118.850137,46.254112],[-118.849703,46.254581],[-118.849314,46.255056],[-118.849018,46.255566],[-118.848789,46.256102],[-118.848601,46.256654],[-118.848427,46.257213],[-118.848243,46.257769],[-118.848022,46.258313],[-118.847736,46.258834],[-118.847368,46.259325],[-118.846977,46.259811],[-118.846582,46.260298],[-118.846185,46.260786],[-118.845783,46.261274],[-118.845377,46.261762],[-118.844967,46.26225],[-118.844552,46.262736],[-118.844132,46.263221],[-118.843707,46.263703],[-118.843275,46.264182],[-118.842838,46.264658],[-118.842393,46.265129],[-118.841942,46.265596],[-118.841483,46.266058],[-118.841017,46.266514],[-118.840543,46.266964],[-118.84006,46.267407],[-118.839569,46.267842],[-118.839069,46.268269],[-118.838559,46.268688],[-118.838039,46.269098],[-118.837486,46.269491],[-118.836869,46.269857],[-118.836199,46.270196],[-118.835489,46.270508],[-118.83475,46.270793],[-118.833993,46.271051],[-118.83323,46.271283],[-118.832473,46.271489],[-118.831733,46.271669],[-118.831023,46.271822],[-118.830341,46.271572],[-118.829697,46.27102],[-118.829116,46.270971],[-118.828564,46.271262],[-118.828022,46.27163],[-118.827488,46.272056],[-118.826961,46.27252],[-118.82644,46.273003],[-118.825923,46.273486],[-118.825408,46.273949],[-118.824896,46.274384],[-118.82439,46.27482],[-118.823889,46.27526],[-118.823391,46.275705],[-118.822898,46.276153],[-118.822407,46.276603],[-118.821918,46.277056],[-118.821431,46.27751],[-118.820945,46.277964],[-118.820458,46.278418],[-118.819971,46.278872],[-118.819483,46.279324],[-118.818992,46.279773],[-118.818499,46.28022],[-118.818002,46.280663],[-118.817501,46.281102],[-118.816995,46.281535],[-118.816483,46.281963],[-118.815965,46.282384],[-118.81544,46.282799],[-118.814907,46.283205],[-118.814366,46.283603],[-118.813815,46.283992],[-118.813255,46.284371],[-118.812671,46.284725],[-118.812002,46.284991],[-118.811261,46.285181],[-118.810468,46.285318],[-118.809644,46.285426],[-118.808812,46.285527],[-118.807992,46.285645],[-118.807205,46.285802],[-118.806454,46.286006],[-118.805711,46.286234],[-118.804974,46.286478],[-118.80424,46.286734],[-118.803508,46.286994],[-118.802776,46.287254],[-118.802043,46.287508],[-118.801308,46.287748],[-118.800568,46.287971],[-118.799821,46.288168],[-118.799067,46.288336],[-118.798304,46.288467],[-118.79753,46.288556],[-118.796746,46.288608],[-118.795956,46.288635],[-118.79516,46.288639],[-118.79436,46.288622],[-118.793555,46.288589],[-118.792747,46.288541],[-118.791936,46.288483],[-118.791123,46.288416],[-118.790309,46.288345],[-118.789494,46.288271],[-118.78868,46.288198],[-118.787866,46.288129],[-118.787054,46.288067],[-118.786244,46.288014],[-118.785437,46.287975],[-118.784634,46.287951],[-118.783835,46.287946],[-118.783042,46.287963],[-118.782254,46.288005],[-118.781472,46.288078],[-118.780697,46.288187],[-118.779926,46.288328],[-118.779162,46.288498],[-118.778402,46.288692],[-118.777648,46.288907],[-118.7769,46.289137],[-118.776156,46.289379],[-118.775418,46.289629],[-118.774685,46.289883],[-118.773957,46.290136],[-118.773235,46.290384],[-118.772516,46.290633],[-118.771806,46.290903],[-118.771109,46.291195],[-118.770433,46.291509],[-118.769784,46.291846],[-118.769168,46.292207],[-118.768593,46.292591],[-118.768024,46.292988],[-118.767444,46.293392],[-118.76686,46.293804],[-118.766283,46.294224],[-118.765722,46.294652],[-118.765188,46.295091],[-118.76469,46.295541],[-118.764238,46.296003],[-118.763841,46.296477],[-118.76351,46.296965],[-118.763251,46.297467],[-118.763038,46.297986],[-118.762857,46.29852],[-118.762707,46.299067],[-118.762588,46.299625],[-118.762498,46.300191],[-118.762439,46.300762],[-118.762408,46.301338],[-118.762405,46.301914],[-118.762431,46.302489],[-118.762483,46.303061],[-118.762562,46.303627],[-118.762667,46.304184],[-118.762798,46.304731],[-118.76296,46.305269],[-118.763171,46.305804],[-118.763425,46.306338],[-118.763717,46.306871],[-118.764041,46.307402],[-118.764388,46.307932],[-118.764754,46.308461],[-118.765132,46.308988],[-118.765515,46.309513],[-118.765897,46.310037],[-118.766272,46.310559],[-118.766633,46.311079],[-118.766973,46.311598],[-118.767287,46.312115],[-118.767568,46.31263],[-118.767809,46.313143],[-118.768004,46.313655],[-118.768147,46.314164],[-118.768231,46.314671],[-118.768237,46.315175],[-118.768106,46.315669],[-118.767848,46.316154],[-118.767486,46.316631],[-118.767041,46.317103],[-118.766535,46.317571],[-118.76599,46.318037],[-118.765427,46.318503],[-118.764867,46.318972],[-118.764334,46.319444],[-118.763848,46.319922],[-118.76343,46.320407],[-118.763031,46.320894],[-118.762617,46.321379],[-118.762192,46.321864],[-118.761759,46.322348],[-118.761323,46.322832],[-118.760886,46.323316],[-118.760452,46.323801],[-118.760026,46.324288],[-118.75961,46.324777],[-118.759208,46.325269],[-118.758823,46.325763],[-118.75846,46.326262],[-118.758122,46.326764],[-118.757812,46.327271],[-118.757534,46.327784],[-118.757292,46.328302],[-118.757089,46.328826],[-118.75693,46.329357],[-118.756817,46.329897],[-118.756747,46.330444],[-118.756714,46.330997],[-118.756713,46.331557],[-118.756741,46.332121],[-118.756791,46.332689],[-118.75686,46.33326],[-118.756943,46.333833],[-118.757034,46.334408],[-118.757129,46.334984],[-118.757223,46.335559],[-118.757311,46.336133],[-118.757389,46.336704],[-118.757452,46.337273],[-118.757494,46.337838],[-118.757512,46.338399],[-118.7575,46.338954],[-118.757453,46.339502],[-118.757368,46.340044],[-118.757238,46.340577],[-118.757059,46.341101],[-118.756834,46.34162],[-118.756583,46.342149],[-118.75631,46.342689],[-118.756017,46.343237],[-118.755704,46.343791],[-118.755372,46.344351],[-118.755023,46.344914],[-118.754658,46.345478],[-118.754278,46.346042],[-118.753884,46.346604],[-118.753477,46.347162],[-118.753059,46.347715],[-118.75263,46.348261],[-118.752191,46.348798],[-118.751745,46.349325],[-118.751291,46.349839],[-118.750832,46.350338],[-118.750368,46.350823],[-118.7499,46.351289],[-118.74943,46.351736],[-118.748958,46.352163],[-118.748486,46.352566],[-118.748016,46.352946],[-118.747547,46.353299],[-118.747081,46.353624],[-118.74662,46.353919],[-118.746165,46.354183],[-118.745706,46.354342],[-118.745219,46.354226],[-118.744705,46.353884],[-118.744166,46.353375],[-118.743606,46.352759],[-118.743028,46.352097],[-118.742434,46.351449],[-118.741826,46.350875],[-118.741209,46.350435],[-118.740585,46.350189],[-118.739955,46.350178],[-118.739313,46.350266],[-118.738658,46.350413],[-118.737994,46.350613],[-118.737321,46.350859],[-118.736641,46.351146],[-118.735956,46.351467],[-118.735267,46.351816],[-118.734577,46.352188],[-118.733888,46.352576],[-118.7332,46.352974],[-118.732517,46.353376],[-118.731839,46.353776],[-118.731168,46.354167],[-118.730507,46.354544],[-118.729856,46.354901],[-118.729219,46.355243],[-118.728594,46.355601],[-118.727981,46.355973],[-118.727376,46.356355],[-118.726778,46.356746],[-118.726186,46.357141],[-118.725596,46.357537],[-118.725007,46.357931],[-118.724417,46.358319],[-118.723823,46.358699],[-118.723225,46.359067],[-118.722619,46.359419],[-118.722003,46.359753],[-118.721377,46.360065],[-118.720694,46.360237],[-118.71988,46.360085],[-118.719041,46.359916],[-118.718232,46.359878],[-118.717416,46.359829],[-118.716591,46.359767],[-118.71576,46.359695],[-118.714924,46.359615],[-118.714085,46.35953],[-118.713242,46.359442],[-118.712399,46.359352],[-118.711555,46.359263],[-118.710713,46.359176],[-118.709874,46.359095],[-118.709038,46.359021],[-118.708208,46.358957],[-118.707384,46.358904],[-118.706568,46.358864],[-118.705761,46.358841],[-118.704964,46.358835],[-118.704179,46.358849],[-118.703407,46.358886],[-118.702649,46.358946],[-118.701906,46.359033],[-118.701181,46.359149],[-118.700473,46.359295],[-118.699782,46.359475],[-118.69909,46.359691],[-118.698397,46.359941],[-118.697705,46.360223],[-118.697018,46.360534],[-118.696337,46.360873],[-118.695664,46.361236],[-118.695002,46.361621],[-118.694354,46.362027],[-118.693721,46.36245],[-118.693106,46.362888],[-118.692512,46.363339],[-118.69194,46.3638],[-118.691394,46.364269],[-118.690874,46.364744],[-118.690385,46.365221],[-118.689928,46.3657],[-118.689505,46.366176],[-118.689119,46.366649],[-118.688773,46.367115],[-118.688467,46.367573],[-118.68822,46.368022],[-118.688145,46.368488],[-118.688243,46.368974],[-118.688482,46.369478],[-118.68883,46.369997],[-118.689254,46.370527],[-118.689723,46.371067],[-118.690203,46.371613],[-118.690663,46.372161],[-118.691071,46.37271],[-118.691394,46.373257],[-118.691601,46.373798],[-118.691672,46.374335],[-118.691695,46.374905],[-118.691685,46.375504],[-118.691639,46.37612],[-118.691552,46.376742],[-118.691418,46.377358],[-118.691235,46.377956],[-118.690997,46.378525],[-118.690699,46.379053],[-118.690338,46.379528],[-118.689907,46.379938],[-118.689404,46.380273],[-118.688826,46.380536],[-118.688181,46.380744],[-118.687476,46.380905],[-118.686722,46.381025],[-118.685925,46.381114],[-118.685096,46.381179],[-118.684241,46.381228],[-118.683371,46.38127],[-118.682493,46.381311],[-118.681616,46.381359],[-118.680748,46.381424],[-118.679899,46.381512],[-118.679076,46.381632],[-118.678289,46.381792],[-118.677545,46.381999],[-118.676845,46.382252],[-118.676152,46.382518],[-118.675461,46.38279],[-118.674772,46.38307],[-118.674086,46.383356],[-118.673403,46.383648],[-118.672723,46.383947],[-118.672046,46.384252],[-118.671373,46.384563],[-118.670703,46.38488],[-118.670037,46.385202],[-118.669375,46.38553],[-118.668717,46.385862],[-118.668063,46.3862],[-118.667414,46.386543],[-118.66677,46.38689],[-118.66613,46.387241],[-118.665496,46.387597],[-118.664867,46.387956],[-118.664244,46.38832],[-118.663626,46.388687],[-118.663014,46.389057],[-118.662408,46.389431],[-118.661808,46.389808],[-118.661215,46.390187],[-118.660628,46.39057],[-118.660048,46.390954],[-118.659475,46.391341],[-118.658912,46.391733],[-118.658361,46.392133],[-118.65782,46.392541],[-118.657291,46.392957],[-118.65677,46.393378],[-118.656259,46.393806],[-118.655755,46.39424],[-118.655259,46.394678],[-118.654769,46.395121],[-118.654284,46.395568],[-118.653805,46.396018],[-118.653329,46.396471],[-118.652856,46.396926],[-118.652386,46.397383],[-118.651918,46.397842],[-118.65145,46.398301],[-118.650982,46.39876],[-118.650513,46.399218],[-118.650043,46.399676],[-118.64957,46.400132],[-118.649094,46.400586],[-118.648614,46.401037],[-118.64813,46.401486],[-118.647639,46.40193],[-118.647142,46.402371],[-118.646638,46.402807],[-118.646126,46.403237],[-118.645606,46.403661],[-118.645075,46.404079],[-118.644533,46.404491],[-118.643982,46.404896],[-118.643422,46.405296],[-118.642855,46.405692],[-118.64228,46.406082],[-118.6417,46.40647],[-118.641114,46.406854],[-118.640525,46.407235],[-118.639933,46.407615],[-118.639338,46.407993],[-118.638742,46.408371],[-118.638146,46.408749],[-118.637551,46.409127],[-118.636957,46.409506],[-118.636366,46.409886],[-118.635778,46.410269],[-118.635062,46.410744],[-118.63725,46.410842],[-118.636806,46.411114],[-118.635109,46.412151],[-118.633681,46.416004],[-118.634509,46.422702],[-118.637183,46.428825],[-118.637902,46.433043],[-118.637603,46.43562],[-118.636242,46.439474],[-118.635816,46.439943],[-118.635001,46.441272],[-118.634212,46.442561],[-118.63341,46.443869],[-118.632677,46.445065],[-118.632539,46.44525],[-118.632382,46.445408],[-118.632157,46.445634],[-118.63193,46.445858],[-118.631702,46.446083],[-118.631473,46.446307],[-118.631242,46.44653],[-118.63101,46.446753],[-118.630777,46.446976],[-118.630543,46.447199],[-118.630308,46.447421],[-118.630072,46.447643],[-118.629836,46.447865],[-118.629599,46.448086],[-118.629361,46.448308],[-118.629123,46.448529],[-118.628885,46.44875],[-118.628646,46.448971],[-118.628407,46.449192],[-118.628168,46.449413],[-118.62793,46.449634],[-118.627691,46.449856],[-118.627453,46.450077],[-118.627215,46.450298],[-118.626978,46.45052],[-118.626741,46.450741],[-118.626504,46.450963],[-118.626269,46.451185],[-118.626034,46.451407],[-118.6258,46.45163],[-118.625567,46.451853],[-118.625336,46.452076],[-118.625105,46.4523],[-118.624876,46.452524],[-118.624649,46.452748],[-118.624423,46.452973],[-118.624198,46.453198],[-118.623975,46.453424],[-118.623754,46.453651],[-118.623535,46.453878],[-118.623318,46.454105],[-118.623103,46.454334],[-118.62289,46.454563],[-118.62268,46.454792],[-118.622472,46.455023],[-118.622266,46.455254],[-118.622063,46.455486],[-118.621863,46.455718],[-118.621665,46.455952],[-118.62147,46.456186],[-118.621279,46.456422],[-118.62109,46.456658],[-118.620904,46.456895],[-118.620722,46.457133],[-118.620543,46.457373],[-118.620368,46.457613],[-118.620197,46.457855],[-118.620032,46.4581],[-118.619873,46.458347],[-118.61972,46.458597],[-118.619572,46.458849],[-118.61943,46.459104],[-118.619293,46.45936],[-118.619162,46.459619],[-118.619036,46.459879],[-118.618915,46.460141],[-118.6188,46.460405],[-118.61869,46.460671],[-118.618585,46.460937],[-118.618485,46.461206],[-118.618389,46.461475],[-118.618299,46.461745],[-118.618213,46.462017],[-118.618132,46.462289],[-118.618056,46.462562],[-118.617984,46.462836],[-118.617917,46.46311],[-118.617854,46.463384],[-118.617796,46.463659],[-118.617741,46.463934],[-118.617691,46.464209],[-118.617645,46.464484],[-118.617603,46.464759],[-118.617565,46.465034],[-118.617531,46.465308],[-118.617501,46.465582],[-118.617475,46.465854],[-118.617452,46.466127],[-118.617432,46.466398],[-118.617414,46.46667],[-118.617398,46.466942],[-118.617384,46.467213],[-118.617371,46.467485],[-118.61736,46.467757],[-118.617351,46.46803],[-118.617343,46.468302],[-118.617336,46.468574],[-118.617331,46.468847],[-118.617327,46.46912],[-118.617324,46.469392],[-118.617323,46.469665],[-118.617323,46.469938],[-118.617324,46.470211],[-118.617327,46.470484],[-118.61733,46.470757],[-118.617335,46.471031],[-118.617341,46.471304],[-118.617348,46.471578],[-118.617355,46.471851],[-118.617364,46.472125],[-118.617373,46.472398],[-118.617384,46.472672],[-118.617395,46.472946],[-118.617407,46.47322],[-118.61742,46.473494],[-118.617433,46.473768],[-118.617448,46.474042],[-118.617462,46.474316],[-118.617478,46.47459],[-118.617493,46.474864],[-118.61751,46.475138],[-118.617527,46.475412],[-118.617544,46.475687],[-118.617562,46.475961],[-118.61758,46.476235],[-118.617598,46.47651],[-118.617616,46.476784],[-118.617635,46.477058],[-118.617654,46.477333],[-118.617673,46.477607],[-118.617692,46.477881],[-118.617712,46.478156],[-118.617731,46.47843],[-118.61775,46.478705],[-118.61777,46.478979],[-118.617789,46.479253],[-118.617808,46.479528],[-118.617827,46.479802],[-118.617845,46.480076],[-118.617864,46.480351],[-118.617882,46.480625],[-118.617899,46.480899],[-118.617917,46.481173],[-118.617934,46.481447],[-118.61795,46.481722],[-118.617966,46.481996],[-118.617982,46.48227],[-118.617997,46.482544],[-118.618011,46.482818],[-118.618025,46.483092],[-118.618038,46.483365],[-118.61805,46.483639],[-118.618062,46.483913],[-118.618072,46.484187],[-118.618082,46.48446],[-118.618091,46.484734],[-118.618099,46.485007],[-118.618106,46.48528],[-118.618112,46.485554],[-118.618117,46.485827],[-118.618121,46.4861],[-118.618124,46.486373],[-118.618125,46.486646],[-118.618126,46.486919],[-118.618125,46.487191],[-118.618123,46.487464],[-118.618119,46.487736],[-118.618115,46.488009],[-118.618108,46.488281],[-118.618101,46.488553],[-118.618092,46.488825],[-118.618081,46.489097],[-118.618069,46.489369],[-118.618055,46.48964],[-118.61804,46.489912],[-118.618022,46.490183],[-118.618004,46.490455],[-118.617983,46.490726],[-118.61796,46.490997],[-118.617933,46.491267],[-118.617899,46.491538],[-118.617859,46.491809],[-118.617812,46.49208],[-118.61776,46.49235],[-118.617703,46.492621],[-118.617639,46.492891],[-118.617571,46.493161],[-118.617497,46.49343],[-118.617419,46.493699],[-118.617335,46.493968],[-118.617248,46.494237],[-118.617155,46.494505],[-118.617059,46.494773],[-118.616958,46.49504],[-118.616854,46.495307],[-118.616746,46.495573],[-118.616635,46.495838],[-118.61652,46.496103],[-118.616402,46.496368],[-118.616281,46.496631],[-118.616158,46.496894],[-118.616032,46.497156],[-118.615903,46.497418],[-118.615773,46.497678],[-118.61564,46.497938],[-118.615506,46.498197],[-118.61537,46.498455],[-118.615232,46.498712],[-118.615093,46.498968],[-118.614953,46.499223],[-118.614813,46.499477],[-118.614671,46.49973],[-118.614528,46.499981],[-118.614374,46.50023],[-118.614208,46.500474],[-118.614031,46.500716],[-118.613844,46.500955],[-118.613648,46.501191],[-118.613443,46.501424],[-118.613231,46.501656],[-118.613013,46.501885],[-118.612789,46.502113],[-118.612561,46.502339],[-118.612328,46.502563],[-118.612093,46.502787],[-118.611856,46.50301],[-118.611618,46.503233],[-118.611379,46.503455],[-118.611142,46.503677],[-118.610905,46.503899],[-118.610672,46.504122],[-118.610442,46.504345],[-118.610215,46.504569],[-118.609988,46.504793],[-118.609761,46.505017],[-118.609533,46.50524],[-118.609304,46.505464],[-118.609076,46.505686],[-118.608846,46.505909],[-118.608616,46.506132],[-118.608386,46.506354],[-118.608156,46.506576],[-118.607925,46.506798],[-118.607693,46.50702],[-118.607462,46.507241],[-118.60723,46.507463],[-118.606998,46.507684],[-118.606765,46.507905],[-118.606532,46.508127],[-118.606299,46.508348],[-118.606066,46.508569],[-118.605833,46.508789],[-118.6056,46.50901],[-118.605366,46.509231],[-118.605133,46.509452],[-118.604899,46.509672],[-118.604665,46.509893],[-118.604432,46.510114],[-118.604198,46.510334],[-118.603964,46.510555],[-118.603731,46.510776],[-118.603497,46.510997],[-118.603264,46.511217],[-118.60303,46.511438],[-118.602797,46.511659],[-118.602564,46.51188],[-118.602332,46.512101],[-118.602099,46.512323],[-118.601867,46.512544],[-118.601635,46.512765],[-118.601403,46.512987],[-118.601171,46.513209],[-118.60094,46.513431],[-118.600709,46.513653],[-118.600479,46.513875],[-118.600249,46.514097],[-118.60002,46.51432],[-118.59979,46.514543],[-118.599562,46.514766],[-118.599336,46.514991],[-118.599113,46.515219],[-118.598893,46.515448],[-118.598675,46.515679],[-118.59846,46.515912],[-118.598247,46.516147],[-118.598036,46.516383],[-118.597827,46.51662],[-118.597619,46.516859],[-118.597413,46.517098],[-118.597208,46.517339],[-118.597004,46.51758],[-118.596802,46.517823],[-118.5966,46.518065],[-118.596398,46.518308],[-118.596197,46.518552],[-118.595997,46.518795],[-118.595796,46.519039],[-118.595595,46.519282],[-118.595394,46.519525],[-118.595193,46.519768],[-118.59499,46.52001],[-118.594787,46.520252],[-118.594583,46.520493],[-118.594378,46.520733],[-118.594171,46.520972],[-118.593963,46.521209],[-118.593753,46.521446],[-118.593542,46.521681],[-118.593328,46.521914],[-118.593111,46.522145],[-118.592893,46.522375],[-118.592672,46.522603],[-118.592448,46.522829],[-118.592221,46.523052],[-118.59199,46.523273],[-118.591757,46.523491],[-118.59152,46.523707],[-118.591279,46.52392],[-118.591035,46.52413],[-118.590786,46.524337],[-118.590533,46.524541],[-118.590276,46.524742],[-118.590014,46.524939],[-118.589747,46.525132],[-118.589476,46.525322],[-118.589199,46.525508],[-118.588917,46.52569],[-118.58863,46.525867],[-118.588337,46.526041],[-118.588038,46.52621],[-118.587735,46.526376],[-118.587429,46.52654],[-118.58712,46.526703],[-118.586809,46.526863],[-118.586495,46.527021],[-118.586178,46.527178],[-118.585859,46.527333],[-118.585537,46.527486],[-118.585213,46.527637],[-118.584887,46.527787],[-118.584558,46.527935],[-118.584227,46.528081],[-118.583895,46.528227],[-118.58356,46.52837],[-118.583223,46.528512],[-118.582884,46.528653],[-118.582543,46.528793],[-118.5822,46.528931],[-118.581856,46.529068],[-118.58151,46.529203],[-118.581162,46.529338],[-118.580813,46.529471],[-118.580463,46.529604],[-118.58011,46.529735],[-118.579757,46.529865],[-118.579402,46.529995],[-118.579047,46.530123],[-118.57869,46.530251],[-118.578332,46.530378],[-118.577972,46.530504],[-118.577612,46.530629],[-118.577251,46.530754],[-118.57689,46.530878],[-118.576527,46.531001],[-118.576164,46.531124],[-118.5758,46.531247],[-118.575436,46.531369],[-118.575071,46.53149],[-118.574706,46.531611],[-118.57434,46.531732],[-118.573974,46.531853],[-118.573608,46.531973],[-118.573241,46.532093],[-118.572875,46.532213],[-118.572508,46.532333],[-118.572142,46.532453],[-118.571776,46.532573],[-118.571409,46.532692],[-118.571043,46.532812],[-118.570678,46.532932],[-118.570312,46.533052],[-118.569948,46.533173],[-118.569583,46.533293],[-118.569219,46.533414],[-118.568856,46.533535],[-118.568494,46.533657],[-118.568132,46.533779],[-118.567771,46.533901],[-118.567411,46.534024],[-118.567052,46.534148],[-118.566693,46.534272],[-118.566336,46.534397],[-118.56598,46.534522],[-118.565626,46.534648],[-118.565272,46.534775],[-118.56492,46.534903],[-118.564569,46.535031],[-118.56422,46.535161],[-118.563873,46.535291],[-118.563527,46.535423],[-118.563182,46.535555],[-118.562839,46.535689],[-118.562499,46.535823],[-118.56216,46.535959],[-118.561822,46.536096],[-118.561487,46.536234],[-118.561154,46.536374],[-118.560823,46.536515],[-118.560495,46.536657],[-118.560168,46.536801],[-118.559844,46.536946],[-118.559522,46.537093],[-118.559203,46.537241],[-118.558886,46.537391],[-118.558572,46.537542],[-118.558261,46.537696],[-118.557952,46.537851],[-118.557646,46.538007],[-118.557342,46.538166],[-118.557056,46.538334],[-118.556798,46.538518],[-118.556567,46.538717],[-118.556361,46.538931],[-118.556178,46.539158],[-118.556014,46.539396],[-118.55587,46.539644],[-118.555741,46.539902],[-118.555626,46.540168],[-118.555523,46.540441],[-118.555429,46.54072],[-118.555342,46.541003],[-118.555261,46.54129],[-118.555183,46.541578],[-118.555105,46.541868],[-118.555026,46.542158],[-118.554944,46.542446],[-118.554856,46.542731],[-118.55476,46.543013],[-118.554653,46.54329],[-118.554535,46.54356],[-118.554402,46.543823],[-118.554252,46.544078],[-118.554094,46.544328],[-118.553936,46.544579],[-118.553778,46.54483],[-118.55362,46.545082],[-118.553462,46.545333],[-118.553304,46.545585],[-118.553146,46.545837],[-118.552988,46.546089],[-118.552829,46.546341],[-118.552671,46.546594],[-118.552512,46.546846],[-118.552353,46.547099],[-118.552193,46.547351],[-118.552033,46.547603],[-118.551873,46.547855],[-118.551712,46.548108],[-118.55155,46.548359],[-118.551388,46.548611],[-118.551226,46.548863],[-118.551062,46.549114],[-118.550898,46.549365],[-118.550733,46.549615],[-118.550568,46.549865],[-118.550401,46.550115],[-118.550234,46.550364],[-118.550065,46.550613],[-118.549896,46.550862],[-118.549726,46.551109],[-118.549554,46.551356],[-118.549382,46.551603],[-118.549208,46.551849],[-118.549033,46.552094],[-118.548856,46.552338],[-118.548679,46.552582],[-118.5485,46.552825],[-118.548319,46.553067],[-118.548138,46.553308],[-118.547954,46.553549],[-118.547769,46.553788],[-118.547583,46.554026],[-118.547395,46.554264],[-118.547205,46.5545],[-118.547014,46.554735],[-118.54682,46.554969],[-118.546625,46.555202],[-118.546428,46.555434],[-118.546222,46.55566],[-118.545978,46.555866],[-118.545701,46.556052],[-118.545396,46.556222],[-118.545069,46.55638],[-118.544726,46.556529],[-118.544373,46.556672],[-118.544016,46.556812],[-118.54366,46.556954],[-118.543312,46.5571],[-118.542953,46.557134],[-118.542374,46.557392],[-118.541797,46.557652],[-118.541221,46.557914],[-118.540646,46.558177],[-118.540071,46.55844],[-118.539496,46.558702],[-118.538919,46.558963],[-118.53834,46.559221],[-118.537758,46.559476],[-118.537173,46.559727],[-118.536584,46.559974],[-118.53599,46.560215],[-118.535394,46.560453],[-118.534797,46.560691],[-118.534201,46.560931],[-118.533605,46.561171],[-118.533009,46.561411],[-118.532413,46.561652],[-118.531817,46.561894],[-118.531222,46.562136],[-118.530626,46.562378],[-118.530031,46.56262],[-118.529435,46.562863],[-118.528839,46.563105],[-118.528243,46.563348],[-118.527647,46.56359],[-118.527051,46.563832],[-118.526455,46.564073],[-118.525858,46.564314],[-118.525261,46.564555],[-118.524663,46.564795],[-118.524065,46.565035],[-118.523467,46.565274],[-118.522868,46.565511],[-118.522268,46.565748],[-118.521668,46.565984],[-118.521068,46.566219],[-118.520466,46.566453],[-118.519864,46.566686],[-118.519261,46.566917],[-118.518658,46.567147],[-118.518053,46.567375],[-118.517448,46.567602],[-118.516842,46.567827],[-118.516234,46.56805],[-118.515626,46.568271],[-118.515017,46.568491],[-118.514406,46.568709],[-118.513795,46.568924],[-118.513182,46.569137],[-118.512568,46.569348],[-118.511953,46.569557],[-118.511336,46.569763],[-118.510719,46.569967],[-118.510097,46.570164],[-118.509458,46.57033],[-118.508804,46.570468],[-118.508136,46.570582],[-118.507458,46.570677],[-118.506772,46.570758],[-118.506081,46.570831],[-118.505387,46.570899],[-118.504694,46.570969],[-118.504005,46.571044],[-118.503321,46.571131],[-118.502646,46.571234],[-118.501982,46.571358],[-118.501333,46.571508],[-118.500696,46.571683],[-118.500052,46.571859],[-118.499402,46.572034],[-118.498747,46.572208],[-118.498087,46.572381],[-118.497423,46.572555],[-118.496758,46.572731],[-118.496093,46.572908],[-118.495428,46.573089],[-118.494765,46.573272],[-118.494106,46.57346],[-118.493451,46.573652],[-118.492802,46.57385],[-118.492161,46.574053],[-118.491528,46.574264],[-118.490905,46.574482],[-118.490293,46.574708],[-118.489693,46.574943],[-118.489107,46.575188],[-118.488536,46.575443],[-118.487982,46.575709],[-118.487445,46.575987],[-118.486927,46.576276],[-118.486429,46.576579],[-118.485953,46.576896],[-118.485497,46.577226],[-118.485057,46.577567],[-118.484632,46.577918],[-118.48422,46.578279],[-118.483822,46.57865],[-118.483436,46.579029],[-118.483061,46.579417],[-118.482698,46.579812],[-118.482344,46.580215],[-118.481999,46.580624],[-118.481663,46.581039],[-118.481334,46.581459],[-118.481013,46.581884],[-118.480697,46.582314],[-118.480386,46.582747],[-118.48008,46.583184],[-118.479778,46.583623],[-118.479478,46.584064],[-118.479181,46.584507],[-118.478885,46.584951],[-118.47859,46.585395],[-118.478294,46.58584],[-118.477997,46.586283],[-118.477699,46.586726],[-118.477398,46.587166],[-118.477093,46.587604],[-118.476785,46.58804],[-118.476471,46.588471],[-118.476152,46.588899],[-118.475826,46.589323],[-118.475493,46.589741],[-118.475165,46.590165],[-118.474864,46.590616],[-118.474581,46.591083],[-118.474302,46.591555],[-118.474014,46.59202],[-118.473705,46.592466],[-118.473362,46.592882],[-118.472973,46.593256],[-118.472525,46.593576],[-118.472005,46.593831],[-118.471436,46.594055],[-118.470842,46.594272],[-118.470224,46.594482],[-118.469585,46.594684],[-118.468929,46.594875],[-118.468257,46.595055],[-118.467574,46.595222],[-118.46688,46.595376],[-118.46618,46.595514],[-118.465476,46.595635],[-118.46477,46.595738],[-118.464066,46.595823],[-118.463366,46.595886],[-118.462673,46.595928],[-118.461989,46.595946],[-118.461318,46.59594],[-118.460663,46.595908],[-118.460017,46.595849],[-118.459372,46.595765],[-118.458729,46.595657],[-118.458087,46.595526],[-118.457447,46.595376],[-118.456808,46.595208],[-118.456172,46.595023],[-118.455537,46.594824],[-118.454904,46.594613],[-118.454273,46.594391],[-118.453644,46.594161],[-118.453017,46.593923],[-118.452392,46.593681],[-118.45177,46.593436],[-118.451149,46.59319],[-118.450531,46.592945],[-118.449916,46.592702],[-118.449303,46.592465],[-118.448692,46.592233],[-118.448084,46.592009],[-118.447478,46.591782],[-118.446873,46.591552],[-118.44627,46.591319],[-118.445668,46.591084],[-118.445068,46.590846],[-118.444469,46.590606],[-118.443871,46.590364],[-118.443275,46.590119],[-118.442679,46.589873],[-118.442084,46.589625],[-118.441491,46.589376],[-118.440898,46.589125],[-118.440305,46.588873],[-118.439714,46.588621],[-118.439123,46.588367],[-118.438532,46.588113],[-118.437941,46.587859],[-118.437351,46.587604],[-118.436761,46.587349],[-118.436171,46.587094],[-118.435581,46.58684],[-118.434991,46.586586],[-118.434401,46.586332],[-118.43381,46.58608],[-118.433219,46.585828],[-118.432627,46.585578],[-118.432035,46.585329],[-118.431442,46.585081],[-118.430849,46.584835],[-118.430255,46.584591],[-118.429659,46.584349],[-118.429063,46.584109],[-118.428466,46.583872],[-118.427867,46.583637],[-118.427268,46.583405],[-118.426666,46.583176],[-118.426064,46.58295],[-118.42546,46.582727],[-118.424854,46.582507],[-118.424246,46.582292],[-118.423637,46.58208],[-118.423026,46.581872],[-118.422412,46.581668],[-118.421797,46.581468],[-118.421179,46.581273],[-118.42056,46.581082],[-118.419938,46.580897],[-118.419313,46.580716],[-118.418683,46.580549],[-118.418041,46.580407],[-118.417389,46.580289],[-118.416727,46.580191],[-118.416058,46.580113],[-118.41538,46.580052],[-118.414696,46.580005],[-118.414006,46.579972],[-118.41331,46.579948],[-118.412611,46.579934],[-118.411909,46.579925],[-118.411204,46.579921],[-118.410498,46.57992],[-118.409792,46.579918],[-118.409085,46.579914],[-118.408381,46.579905],[-118.407678,46.579891],[-118.406978,46.579867],[-118.406282,46.579834],[-118.405592,46.579787],[-118.404906,46.579726],[-118.404228,46.579647],[-118.403553,46.579552],[-118.40288,46.579441],[-118.402209,46.579317],[-118.401539,46.579183],[-118.400872,46.57904],[-118.400205,46.57889],[-118.39954,46.578736],[-118.398875,46.57858],[-118.398212,46.578424],[-118.397548,46.57827],[-118.396886,46.578121],[-118.396223,46.577977],[-118.39556,46.577843],[-118.394897,46.577719],[-118.394234,46.577608],[-118.393569,46.577512],[-118.392904,46.577433],[-118.392238,46.577374],[-118.391569,46.577336],[-118.390881,46.577316],[-118.390172,46.577317],[-118.389451,46.577339],[-118.388725,46.577384],[-118.388001,46.577455],[-118.387288,46.577554],[-118.386592,46.577682],[-118.385921,46.577842],[-118.385282,46.578036],[-118.384684,46.578265],[-118.384133,46.578533],[-118.383629,46.578834],[-118.383137,46.579148],[-118.382653,46.579469],[-118.382177,46.579799],[-118.381708,46.580135],[-118.381246,46.580479],[-118.38079,46.580829],[-118.380339,46.581186],[-118.379894,46.581547],[-118.379453,46.581914],[-118.379017,46.582285],[-118.378584,46.582661],[-118.378155,46.58304],[-118.377729,46.583422],[-118.377305,46.583807],[-118.376883,46.584194],[-118.376462,46.584583],[-118.376042,46.584973],[-118.375623,46.585364],[-118.375204,46.585756],[-118.374784,46.586147],[-118.374363,46.586538],[-118.373941,46.586927],[-118.373517,46.587315],[-118.373091,46.587701],[-118.372661,46.588084],[-118.372229,46.588465],[-118.371792,46.588842],[-118.371352,46.589215],[-118.370906,46.589584],[-118.370456,46.589948],[-118.369999,46.590306],[-118.369537,46.590659],[-118.369068,46.591006],[-118.368591,46.591346],[-118.368107,46.591678],[-118.367615,46.592003],[-118.367115,46.59232],[-118.366605,46.592628],[-118.366086,46.592927],[-118.365557,46.593217],[-118.365019,46.593499],[-118.364474,46.593776],[-118.36392,46.594048],[-118.363359,46.594314],[-118.362791,46.594576],[-118.362215,46.594832],[-118.361634,46.595084],[-118.361046,46.59533],[-118.360451,46.595572],[-118.359851,46.595809],[-118.359246,46.596041],[-118.358635,46.596269],[-118.35802,46.596492],[-118.357399,46.59671],[-118.356774,46.596925],[-118.356145,46.597135],[-118.355512,46.59734],[-118.354876,46.597542],[-118.354236,46.597739],[-118.353593,46.597933],[-118.352947,46.598122],[-118.352299,46.598308],[-118.351648,46.59849],[-118.350996,46.598668],[-118.350342,46.598843],[-118.349686,46.599014],[-118.349029,46.599181],[-118.348372,46.599345],[-118.347713,46.599506],[-118.347055,46.599663],[-118.346396,46.599818],[-118.345737,46.599969],[-118.345079,46.600117],[-118.344422,46.600262],[-118.343766,46.600405],[-118.343111,46.600544],[-118.342455,46.600683],[-118.341795,46.600825],[-118.341132,46.60097],[-118.340465,46.601117],[-118.339795,46.601266],[-118.339122,46.601416],[-118.338446,46.601567],[-118.337767,46.601719],[-118.337085,46.601872],[-118.336402,46.602024],[-118.335716,46.602176],[-118.335028,46.602327],[-118.334339,46.602478],[-118.333648,46.602626],[-118.332956,46.602773],[-118.332262,46.602918],[-118.331568,46.60306],[-118.330873,46.603199],[-118.330177,46.603335],[-118.329481,46.603467],[-118.328785,46.603595],[-118.328089,46.603719],[-118.327393,46.603838],[-118.326698,46.603952],[-118.326003,46.60406],[-118.32531,46.604162],[-118.324617,46.604258],[-118.323925,46.604347],[-118.323235,46.60443],[-118.322547,46.604505],[-118.32186,46.604572],[-118.321176,46.604631],[-118.320493,46.604682],[-118.319814,46.604723],[-118.319136,46.604756],[-118.318462,46.604779],[-118.317791,46.604792],[-118.317122,46.604794],[-118.316458,46.604786],[-118.315797,46.604767],[-118.315139,46.604737],[-118.314486,46.604694],[-118.313837,46.60464],[-118.313192,46.604573],[-118.312552,46.604493],[-118.311917,46.6044],[-118.311284,46.604295],[-118.310654,46.604181],[-118.310027,46.604056],[-118.309402,46.603922],[-118.308779,46.603778],[-118.308158,46.603625],[-118.307539,46.603463],[-118.306923,46.603293],[-118.306309,46.603114],[-118.305696,46.602927],[-118.305085,46.602733],[-118.304476,46.602532],[-118.303869,46.602323],[-118.303264,46.602108],[-118.302659,46.601887],[-118.302057,46.601659],[-118.301456,46.601426],[-118.300856,46.601188],[-118.300257,46.600944],[-118.29966,46.600695],[-118.299063,46.600442],[-118.298468,46.600185],[-118.297874,46.599924],[-118.29728,46.59966],[-118.296687,46.599392],[-118.296095,46.599122],[-118.295504,46.598848],[-118.294913,46.598573],[-118.294323,46.598295],[-118.293733,46.598016],[-118.293143,46.597736],[-118.292554,46.597454],[-118.292245,46.597306],[-118.291965,46.597172],[-118.291376,46.596889],[-118.290787,46.596607],[-118.290198,46.596324],[-118.289609,46.596042],[-118.28902,46.595761],[-118.28843,46.595481],[-118.28784,46.595202],[-118.28725,46.594925],[-118.286659,46.594651],[-118.286068,46.594378],[-118.285476,46.594109],[-118.284884,46.593842],[-118.28429,46.593579],[-118.283696,46.593319],[-118.283101,46.593064],[-118.282504,46.592812],[-118.281907,46.592565],[-118.281309,46.592324],[-118.280709,46.592087],[-118.280108,46.591856],[-118.279506,46.59163],[-118.278902,46.591411],[-118.278296,46.591198],[-118.277689,46.590993],[-118.277081,46.590794],[-118.27645,46.590644],[-118.275777,46.590592],[-118.275077,46.590624],[-118.274364,46.590725],[-118.273653,46.590881],[-118.272959,46.591075],[-118.272296,46.591294],[-118.271679,46.591523],[-118.271094,46.591759],[-118.270518,46.592008],[-118.26995,46.592269],[-118.269389,46.59254],[-118.268834,46.592821],[-118.268284,46.593109],[-118.267739,46.593403],[-118.267196,46.593703],[-118.266655,46.594005],[-118.266116,46.59431],[-118.265576,46.594615],[-118.265036,46.594919],[-118.264493,46.595221],[-118.263948,46.59552],[-118.263399,46.595813],[-118.262845,46.5961],[-118.262285,46.59638],[-118.261718,46.596649],[-118.261143,46.596909],[-118.260559,46.597156],[-118.259965,46.597389],[-118.259358,46.597606],[-118.258739,46.597808],[-118.258109,46.597996],[-118.257471,46.598174],[-118.256825,46.598341],[-118.256173,46.598501],[-118.255517,46.598655],[-118.254857,46.598805],[-118.254196,46.598953],[-118.253534,46.599101],[-118.252873,46.59925],[-118.252215,46.599402],[-118.251561,46.599559],[-118.250949,46.599702],[-118.250672,46.599685],[-118.250393,46.599671],[-118.250111,46.599661],[-118.249828,46.599653],[-118.249487,46.599647],[-118.249202,46.599643],[-118.248916,46.599639],[-118.248631,46.599636],[-118.248345,46.599632],[-118.248061,46.599627],[-118.247778,46.59962],[-118.247496,46.599611],[-118.247216,46.599598],[-118.246938,46.599582],[-118.24639,46.599535],[-118.245855,46.599467],[-118.245336,46.59937],[-118.244836,46.599242],[-118.244359,46.599076],[-118.243902,46.598878],[-118.243462,46.598653],[-118.243246,46.598533],[-118.243033,46.598408],[-118.242822,46.598279],[-118.242613,46.598148],[-118.242404,46.598015],[-118.242196,46.597881],[-118.241988,46.597746],[-118.241779,46.597612],[-118.241569,46.597478],[-118.241357,46.597347],[-118.241144,46.597218],[-118.240928,46.597092],[-118.240708,46.596971],[-118.240486,46.596855],[-118.240259,46.596744],[-118.2398,46.59653],[-118.239339,46.596317],[-118.238877,46.596105],[-118.238414,46.595895],[-118.23795,46.595685],[-118.237485,46.595477],[-118.237019,46.59527],[-118.236551,46.595063],[-118.236318,46.59496],[-118.236084,46.594857],[-118.235849,46.594755],[-118.235615,46.594652],[-118.235381,46.59455],[-118.235146,46.594448],[-118.234911,46.594345],[-118.234676,46.594243],[-118.234441,46.594142],[-118.234206,46.59404],[-118.233971,46.593938],[-118.233736,46.593836],[-118.233501,46.593735],[-118.233266,46.593633],[-118.23303,46.593531],[-118.232795,46.59343],[-118.23256,46.593328],[-118.232324,46.593227],[-118.232089,46.593125],[-118.231854,46.593024],[-118.231619,46.592922],[-118.231384,46.59282],[-118.231149,46.592718],[-118.230914,46.592616],[-118.230679,46.592514],[-118.230444,46.592412],[-118.230209,46.59231],[-118.229975,46.592208],[-118.22974,46.592105],[-118.229506,46.592003],[-118.229272,46.5919],[-118.229038,46.591797],[-118.227745,46.590803],[-118.22713,46.590271],[-118.226516,46.589735],[-118.2259,46.589205],[-118.225277,46.588693],[-118.224642,46.58821],[-118.223991,46.587766],[-118.223318,46.587373],[-118.222617,46.58705],[-118.221775,46.587122],[-118.220819,46.587465],[-118.219863,46.587694],[-118.21895,46.587622],[-118.218004,46.587487],[-118.217065,46.587291],[-118.216175,46.587021],[-118.215376,46.586666],[-118.214684,46.586233],[-118.214008,46.585788],[-118.213335,46.585341],[-118.212665,46.58489],[-118.211997,46.584436],[-118.211332,46.58398],[-118.21067,46.583521],[-118.21001,46.58306],[-118.209353,46.582597],[-118.208697,46.582131],[-118.208043,46.581664],[-118.207391,46.581194],[-118.206741,46.580723],[-118.206092,46.580251],[-118.205444,46.579777],[-118.204798,46.579302],[-118.204153,46.578825],[-118.203508,46.578348],[-118.202865,46.57787],[-118.202222,46.577391],[-118.201579,46.576912],[-118.200937,46.576432],[-118.200296,46.575952],[-118.199654,46.575472],[-118.199012,46.574991],[-118.19837,46.574511],[-118.197728,46.574031],[-118.197085,46.573552],[-118.196442,46.573073],[-118.195798,46.572595],[-118.195153,46.572117],[-118.194507,46.571641],[-118.19386,46.571166],[-118.193211,46.570692],[-118.192561,46.570219],[-118.191909,46.569748],[-118.191256,46.569279],[-118.190601,46.568811],[-118.189856,46.568409],[-118.189078,46.568036],[-118.188496,46.567531],[-118.187945,46.567006],[-118.187406,46.566474],[-118.186875,46.565937],[-118.18635,46.565395],[-118.18583,46.564851],[-118.18531,46.564306],[-118.184789,46.563762],[-118.184263,46.56322],[-118.183732,46.562681],[-118.183191,46.562148],[-118.182638,46.561621],[-118.18207,46.561104],[-118.181444,46.560615],[-118.180769,46.56015],[-118.180076,46.559697],[-118.179394,46.559239],[-118.178757,46.558763],[-118.178194,46.558253],[-118.177754,46.557666],[-118.177449,46.55697],[-118.17721,46.556236],[-118.176968,46.555539],[-118.176654,46.554954],[-118.176197,46.554554],[-118.175537,46.554451],[-118.174695,46.55466],[-118.173743,46.555024],[-118.172753,46.555381],[-118.171796,46.555569],[-118.170909,46.555507],[-118.170032,46.555333],[-118.169158,46.555087],[-118.168284,46.554799],[-118.167407,46.5545],[-118.166525,46.554221],[-118.165634,46.553992],[-118.164732,46.553767],[-118.163821,46.553524],[-118.162904,46.553298],[-118.161984,46.553125],[-118.161065,46.55304],[-118.160149,46.553076],[-118.159237,46.553178],[-118.158325,46.553303],[-118.157415,46.553449],[-118.156506,46.553612],[-118.155597,46.553789],[-118.154689,46.553978],[-118.153781,46.554176],[-118.152873,46.554379],[-118.151964,46.554585],[-118.151054,46.554791],[-118.150144,46.554993],[-118.149232,46.55519],[-118.148319,46.555378],[-118.147403,46.555554],[-118.146486,46.555715],[-118.145566,46.555859],[-118.144644,46.555982],[-118.143719,46.556082],[-118.14279,46.556155],[-118.141859,46.556204],[-118.140924,46.556239],[-118.139988,46.556261],[-118.139049,46.556272],[-118.138108,46.556273],[-118.137166,46.556263],[-118.136222,46.556245],[-118.135276,46.556219],[-118.13433,46.556187],[-118.133382,46.556148],[-118.132434,46.556105],[-118.131485,46.556058],[-118.130536,46.556007],[-118.129586,46.555955],[-118.128637,46.555902],[-118.127688,46.555848],[-118.126739,46.555795],[-118.125791,46.555745],[-118.124844,46.555696],[-118.123898,46.555652],[-118.122953,46.555612],[-118.122009,46.555578],[-118.121067,46.55555],[-118.120127,46.55553],[-118.11919,46.555519],[-118.118254,46.555516],[-118.117321,46.555524],[-118.11639,46.555544],[-118.115462,46.555576],[-118.114545,46.555658],[-118.113645,46.555822],[-118.112761,46.556052],[-118.111892,46.556333],[-118.111037,46.556648],[-118.110195,46.556982],[-118.109364,46.557319],[-118.108544,46.557643],[-118.107702,46.557959],[-118.106839,46.558275],[-118.105975,46.558601],[-118.105129,46.558942],[-118.104319,46.559306],[-118.103566,46.5597],[-118.102888,46.560131],[-118.102305,46.560606],[-118.101828,46.56113],[-118.101439,46.561696],[-118.10112,46.562296],[-118.100856,46.562923],[-118.100628,46.563569],[-118.100422,46.564227],[-118.10022,46.564888],[-118.100005,46.565544],[-118.099761,46.56619],[-118.099471,46.566815],[-118.099119,46.567414],[-118.098689,46.567979],[-118.098215,46.568557],[-118.097715,46.569158],[-118.097185,46.569766],[-118.096623,46.570365],[-118.096024,46.570941],[-118.095387,46.571476],[-118.094708,46.571956],[-118.093983,46.572363],[-118.09321,46.572684],[-118.092386,46.572901],[-118.091516,46.57302],[-118.090634,46.573115],[-118.089742,46.573195],[-118.088842,46.573259],[-118.087934,46.57331],[-118.087018,46.573348],[-118.086096,46.573373],[-118.085167,46.573388],[-118.084231,46.573392],[-118.08329,46.573387],[-118.082345,46.573374],[-118.081394,46.573354],[-118.080439,46.573327],[-118.079481,46.573295],[-118.07852,46.573258],[-118.077556,46.573218],[-118.07659,46.573175],[-118.075622,46.573131],[-118.074653,46.573086],[-118.073684,46.573041],[-118.072714,46.572997],[-118.071745,46.572955],[-118.070776,46.572916],[-118.069809,46.572882],[-118.068843,46.572852],[-118.06788,46.572828],[-118.066919,46.572811],[-118.065962,46.572802],[-118.065008,46.572801],[-118.064059,46.57281],[-118.063115,46.57283],[-118.062175,46.572861],[-118.061241,46.572905],[-118.060314,46.572962],[-118.059393,46.573034],[-118.05848,46.573125],[-118.057581,46.573262],[-118.056695,46.573445],[-118.055822,46.573669],[-118.054961,46.573929],[-118.05411,46.57422],[-118.053269,46.574536],[-118.052437,46.574873],[-118.051612,46.575225],[-118.050794,46.575587],[-118.049982,46.575955],[-118.049175,46.576323],[-118.048371,46.576686],[-118.04757,46.577039],[-118.04678,46.577389],[-118.046065,46.577816],[-118.045403,46.578301],[-118.044757,46.578797],[-118.044087,46.579259],[-118.043355,46.57964],[-118.042522,46.579892],[-118.041601,46.580023],[-118.040638,46.580096],[-118.039679,46.580179],[-118.038753,46.58031],[-118.03783,46.580446],[-118.036907,46.58058],[-118.035984,46.580713],[-118.03506,46.580846],[-118.034136,46.580978],[-118.033211,46.58111],[-118.032287,46.581242],[-118.031362,46.581373],[-118.030438,46.581505],[-118.029514,46.581636],[-118.028589,46.581768],[-118.027665,46.581901],[-118.026742,46.582034],[-118.025818,46.582169],[-118.024895,46.582304],[-118.023973,46.58244],[-118.023051,46.582578],[-118.022129,46.582717],[-118.021208,46.582858],[-118.020288,46.583001],[-118.019369,46.583145],[-118.018451,46.583292],[-118.017533,46.583441],[-118.016617,46.583592],[-118.015702,46.583746],[-118.014787,46.583902],[-118.013879,46.584084],[-118.012981,46.584311],[-118.012091,46.584568],[-118.011207,46.584842],[-118.010325,46.585118],[-118.009444,46.585383],[-118.00856,46.58562],[-118.007671,46.585817],[-118.006775,46.585959],[-118.005869,46.586031],[-118.004953,46.586044],[-118.00403,46.586025],[-118.003101,46.585976],[-118.002168,46.585902],[-118.001231,46.585805],[-118.000293,46.585688],[-117.999355,46.585555],[-117.998418,46.585407],[-117.997483,46.585249],[-117.996551,46.585084],[-117.995625,46.584914],[-117.994705,46.584742],[-117.993792,46.584572],[-117.992892,46.58438],[-117.99201,46.584123],[-117.991142,46.583823],[-117.990282,46.5835],[-117.989425,46.583174],[-117.988566,46.582868],[-117.9877,46.582602],[-117.986823,46.582397],[-117.985928,46.582274],[-117.985013,46.58225],[-117.984091,46.58226],[-117.983167,46.582282],[-117.982241,46.582313],[-117.981313,46.582355],[-117.980384,46.582406],[-117.979453,46.582465],[-117.97852,46.582532],[-117.977587,46.582607],[-117.976652,46.582688],[-117.975716,46.582774],[-117.974779,46.582866],[-117.973841,46.582963],[-117.972903,46.583063],[-117.971963,46.583167],[-117.971024,46.583273],[-117.970083,46.583381],[-117.969143,46.58349],[-117.968202,46.5836],[-117.967262,46.58371],[-117.966321,46.583819],[-117.96538,46.583927],[-117.96444,46.584033],[-117.9635,46.584136],[-117.962561,46.584236],[-117.961622,46.584332],[-117.960684,46.584423],[-117.959746,46.584509],[-117.95881,46.58459],[-117.957873,46.584676],[-117.956935,46.58477],[-117.955996,46.584869],[-117.955057,46.584974],[-117.954117,46.585082],[-117.953177,46.585193],[-117.952237,46.585305],[-117.951296,46.585416],[-117.950356,46.585526],[-117.949416,46.585634],[-117.948476,46.585737],[-117.947537,46.585835],[-117.946598,46.585927],[-117.945659,46.586011],[-117.944722,46.586086],[-117.943785,46.586151],[-117.942849,46.586204],[-117.941915,46.586244],[-117.940982,46.586271],[-117.94005,46.586282],[-117.939119,46.586276],[-117.938191,46.586252],[-117.937261,46.586213],[-117.936323,46.586162],[-117.93538,46.586101],[-117.934432,46.586029],[-117.93348,46.585947],[-117.932526,46.585855],[-117.93157,46.585753],[-117.930615,46.58564],[-117.929661,46.585517],[-117.928709,46.585384],[-117.927762,46.585241],[-117.926819,46.585088],[-117.925883,46.584925],[-117.924954,46.584752],[-117.924034,46.584569],[-117.923124,46.584377],[-117.922226,46.584174],[-117.921339,46.583963],[-117.920467,46.583741],[-117.91961,46.58351],[-117.918769,46.583269],[-117.917946,46.58302],[-117.917153,46.582729],[-117.916457,46.582245],[-117.915853,46.581605],[-117.915326,46.580877],[-117.91486,46.580129],[-117.914439,46.57943],[-117.914048,46.578849],[-117.913671,46.578454],[-117.913298,46.578318],[-117.91309,46.578623],[-117.913039,46.579304],[-117.913021,46.580179],[-117.912915,46.58107],[-117.912599,46.581796],[-117.911953,46.582184],[-117.911141,46.582391],[-117.91031,46.582581],[-117.90946,46.582756],[-117.908594,46.582918],[-117.907712,46.583067],[-117.906816,46.583204],[-117.905907,46.583332],[-117.904986,46.58345],[-117.904055,46.58356],[-117.903114,46.583664],[-117.902165,46.583762],[-117.90121,46.583856],[-117.900249,46.583947],[-117.899284,46.584036],[-117.898316,46.584124],[-117.897346,46.584212],[-117.896376,46.584302],[-117.895407,46.584396],[-117.894439,46.584493],[-117.893476,46.584595],[-117.892516,46.584704],[-117.891563,46.58482],[-117.890617,46.584945],[-117.889679,46.585081],[-117.888751,46.585227],[-117.887834,46.585386],[-117.886929,46.585558],[-117.886037,46.585745],[-117.885168,46.585967],[-117.884327,46.586236],[-117.88351,46.586548],[-117.882714,46.586895],[-117.881935,46.587269],[-117.88117,46.587665],[-117.880414,46.588076],[-117.879664,46.588494],[-117.878917,46.588913],[-117.878168,46.589326],[-117.877415,46.589726],[-117.876652,46.590112],[-117.875875,46.590502],[-117.875088,46.590895],[-117.874293,46.591291],[-117.873493,46.59169],[-117.872691,46.592092],[-117.87189,46.592495],[-117.871092,46.592899],[-117.8703,46.593303],[-117.869518,46.593709],[-117.868748,46.594113],[-117.867992,46.594517],[-117.867255,46.59492],[-117.866539,46.595321],[-117.865846,46.59572],[-117.865179,46.596116],[-117.864542,46.596509],[-117.863936,46.596898],[-117.864002,46.597199],[-117.865307,46.597412],[-117.865567,46.597948],[-117.865547,46.598558],[-117.865497,46.599181],[-117.865419,46.599815],[-117.865319,46.600457],[-117.865199,46.601106],[-117.865064,46.601762],[-117.864917,46.602421],[-117.864762,46.603082],[-117.864603,46.603744],[-117.864444,46.604405],[-117.864289,46.605063],[-117.864141,46.605717],[-117.864005,46.606365],[-117.863871,46.607008],[-117.863732,46.607651],[-117.863587,46.608294],[-117.863438,46.608936],[-117.863285,46.609578],[-117.86313,46.61022],[-117.862974,46.610861],[-117.862818,46.611503],[-117.862662,46.612144],[-117.862509,46.612786],[-117.862449,46.613472],[-117.862407,46.614168],[-117.862198,46.614789],[-117.861668,46.615262],[-117.860958,46.615648],[-117.860152,46.615987],[-117.859286,46.616298],[-117.858399,46.616602],[-117.857526,46.616917],[-117.856706,46.617263],[-117.855974,46.61766],[-117.855362,46.618125],[-117.854838,46.618643],[-117.85438,46.6192],[-117.853972,46.619787],[-117.853598,46.620396],[-117.853243,46.621015],[-117.85289,46.621637],[-117.852525,46.622251],[-117.852029,46.622863],[-117.851454,46.62281],[-117.851145,46.622785],[-117.850836,46.62276],[-117.850526,46.622738],[-117.850215,46.622716],[-117.849904,46.622695],[-117.849593,46.622676],[-117.849281,46.622656],[-117.848969,46.622638],[-117.848657,46.622619],[-117.848345,46.6226],[-117.848033,46.622582],[-117.847721,46.622563],[-117.84741,46.622543],[-117.847099,46.622523],[-117.846788,46.622502],[-117.846478,46.622479],[-117.846168,46.622456],[-117.845859,46.622431],[-117.845551,46.622404],[-117.845244,46.622376],[-117.844938,46.622345],[-117.844633,46.622312],[-117.844329,46.622277],[-117.844027,46.622239],[-117.843726,46.622198],[-117.843426,46.622155],[-117.843128,46.622108],[-117.842832,46.622058],[-117.842537,46.622004],[-117.842244,46.621947],[-117.841954,46.621886],[-117.841665,46.62182],[-117.84138,46.621743],[-117.841098,46.621657],[-117.84082,46.62156],[-117.840545,46.621455],[-117.840272,46.621342],[-117.840002,46.621222],[-117.839734,46.621095],[-117.839468,46.620964],[-117.839204,46.620829],[-117.838942,46.62069],[-117.83868,46.620549],[-117.83842,46.620407],[-117.83816,46.620264],[-117.837901,46.620122],[-117.837642,46.619981],[-117.837383,46.619842],[-117.837123,46.619707],[-117.836863,46.619576],[-117.836602,46.61945],[-117.83634,46.61933],[-117.836077,46.619217],[-117.835812,46.619112],[-117.835545,46.619016],[-117.835276,46.618929],[-117.835005,46.618853],[-117.834731,46.618789],[-117.834455,46.618737],[-117.834175,46.618699],[-117.833892,46.618675],[-117.833413,46.618665],[-117.833124,46.618667],[-117.832834,46.618675],[-117.832544,46.618688],[-117.832254,46.618705],[-117.831962,46.618727],[-117.83167,46.618754],[-117.831378,46.618784],[-117.831085,46.618819],[-117.830791,46.618857],[-117.830497,46.6189],[-117.830202,46.618945],[-117.829907,46.618994],[-117.829611,46.619046],[-117.829315,46.6191],[-117.829018,46.619158],[-117.828721,46.619218],[-117.828423,46.61928],[-117.828125,46.619345],[-117.827827,46.619411],[-117.827528,46.619479],[-117.827228,46.619549],[-117.826929,46.61962],[-117.826629,46.619693],[-117.826328,46.619767],[-117.826028,46.619841],[-117.825727,46.619916],[-117.825426,46.619992],[-117.825124,46.620068],[-117.824822,46.620144],[-117.82452,46.620219],[-117.824218,46.620295],[-117.823916,46.620371],[-117.823613,46.620445],[-117.82331,46.620519],[-117.823007,46.620592],[-117.822704,46.620664],[-117.8224,46.620734],[-117.822097,46.620803],[-117.821793,46.62087],[-117.821489,46.620935],[-117.821186,46.620999],[-117.820882,46.621059],[-117.820578,46.621118],[-117.820274,46.621174],[-117.81997,46.621227],[-117.819666,46.621276],[-117.819362,46.621323],[-117.819058,46.621367],[-117.818754,46.621406],[-117.81845,46.621442],[-117.818146,46.621475],[-117.817841,46.621506],[-117.817536,46.621536],[-117.817231,46.621563],[-117.816926,46.62159],[-117.81662,46.621614],[-117.816314,46.621638],[-117.816007,46.62166],[-117.8157,46.62168],[-117.815393,46.621699],[-117.815086,46.621717],[-117.814778,46.621734],[-117.81447,46.62175],[-117.814162,46.621764],[-117.813854,46.621778],[-117.813545,46.621791],[-117.813236,46.621802],[-117.812927,46.621813],[-117.812618,46.621823],[-117.812308,46.621833],[-117.811999,46.621841],[-117.811689,46.621849],[-117.811379,46.621856],[-117.811069,46.621863],[-117.810759,46.621869],[-117.810449,46.621875],[-117.810139,46.621881],[-117.809828,46.621886],[-117.809518,46.62189],[-117.809208,46.621895],[-117.808897,46.621899],[-117.808587,46.621904],[-117.808276,46.621908],[-117.807965,46.621912],[-117.807655,46.621916],[-117.807344,46.621921],[-117.807034,46.621925],[-117.806723,46.62193],[-117.806413,46.621935],[-117.806103,46.62194],[-117.805793,46.621945],[-117.805482,46.621951],[-117.805172,46.621958],[-117.804862,46.621965],[-117.804553,46.621972],[-117.804243,46.62198],[-117.803933,46.621989],[-117.803624,46.621998],[-117.803038,46.622019],[-117.799504,46.619777],[-117.796959,46.616232],[-117.792087,46.61469],[-117.792979,46.61684],[-117.792291,46.616962],[-117.790268,46.613409],[-117.789715,46.61325],[-117.787999,46.609974],[-117.786756,46.608423],[-117.786063,46.607086],[-117.784552,46.606054],[-117.78405,46.607258],[-117.785637,46.609916],[-117.786969,46.612851],[-117.786266,46.613277],[-117.78136,46.612798],[-117.77753,46.612428],[-117.774296,46.612957],[-117.775963,46.614048],[-117.783258,46.614862],[-117.789984,46.616601],[-117.792193,46.617319],[-117.793434,46.617349],[-117.79662,46.623788],[-117.796805,46.624432],[-117.795811,46.624552],[-117.786177,46.629459],[-117.773617,46.636616],[-117.77203,46.639729],[-117.767138,46.64909],[-117.762914,46.65164],[-117.760528,46.655274],[-117.761508,46.658653],[-117.758804,46.672131],[-117.751823,46.682158],[-117.745022,46.686357],[-117.734976,46.691195],[-117.722361,46.694475],[-117.700871,46.697036],[-117.683874,46.697715],[-117.674824,46.700307],[-117.660459,46.700166],[-117.649779,46.697186],[-117.630847,46.680508],[-117.62506,46.676164],[-117.61531,46.672465],[-117.60669,46.671327],[-117.598893,46.670869],[-117.594819,46.670764],[-117.580604,46.671977],[-117.561217,46.676829],[-117.546564,46.67671],[-117.533904,46.675712],[-117.518059,46.675785],[-117.506838,46.678123],[-117.500987,46.680163],[-117.497479,46.681563],[-117.496196,46.684404],[-117.49431,46.690453],[-117.492439,46.69127],[-117.482657,46.696759],[-117.479112,46.698326],[-117.475138,46.698441],[-117.459255,46.693148],[-117.457166,46.688258],[-117.450159,46.674467],[-117.447811,46.670589],[-117.444168,46.666897],[-117.437929,46.662306],[-117.431665,46.658156],[-117.431236,46.658633],[-117.429057,46.660926],[-117.426989,46.663102],[-117.427883,46.663401],[-117.428772,46.663709],[-117.429659,46.664019],[-117.430549,46.664325],[-117.431445,46.664619],[-117.43235,46.664895],[-117.433268,46.665146],[-117.434257,46.665296],[-117.435306,46.665359],[-117.436324,46.665443],[-117.437222,46.665658],[-117.437957,46.666063],[-117.438671,46.666518],[-117.439374,46.667001],[-117.44006,46.667511],[-117.440721,46.668044],[-117.441349,46.668599],[-117.441936,46.669173],[-117.442475,46.669765],[-117.442959,46.670371],[-117.443379,46.670989],[-117.443743,46.671617],[-117.444087,46.672252],[-117.444415,46.672894],[-117.444727,46.673541],[-117.445025,46.674194],[-117.445311,46.674851],[-117.445585,46.675513],[-117.44585,46.676178],[-117.446106,46.676847],[-117.446355,46.677518],[-117.446597,46.678191],[-117.446836,46.678866],[-117.447071,46.679542],[-117.447305,46.680219],[-117.447538,46.680895],[-117.447771,46.681571],[-117.448008,46.682246],[-117.448247,46.68292],[-117.448492,46.683591],[-117.448743,46.68426],[-117.449001,46.684925],[-117.449269,46.685587],[-117.449546,46.686244],[-117.449836,46.686897],[-117.450138,46.687545],[-117.450455,46.688186],[-117.450788,46.688821],[-117.451137,46.68945],[-117.451505,46.690071],[-117.451893,46.690684],[-117.452301,46.691288],[-117.452733,46.691883],[-117.45319,46.692472],[-117.453682,46.693059],[-117.454208,46.693645],[-117.454765,46.694228],[-117.455353,46.694806],[-117.455968,46.695378],[-117.45661,46.695942],[-117.457276,46.696496],[-117.457964,46.69704],[-117.458673,46.69757],[-117.459401,46.698087],[-117.460145,46.698587],[-117.460905,46.69907],[-117.461678,46.699534],[-117.462462,46.699977],[-117.463256,46.700398],[-117.464057,46.700795],[-117.464864,46.701166],[-117.465675,46.70151],[-117.466488,46.701826],[-117.467302,46.702111],[-117.468147,46.702339],[-117.469047,46.702496],[-117.469993,46.702587],[-117.470977,46.702619],[-117.47199,46.702599],[-117.473025,46.702534],[-117.474073,46.702431],[-117.475127,46.702296],[-117.476178,46.702136],[-117.477218,46.701958],[-117.478239,46.701768],[-117.479232,46.701574],[-117.48019,46.701382],[-117.481104,46.701176],[-117.481969,46.700885],[-117.482796,46.700522],[-117.483594,46.700106],[-117.484374,46.699656],[-117.485146,46.699191],[-117.485919,46.69873],[-117.486705,46.698292],[-117.48751,46.69789],[-117.488326,46.6975],[-117.489147,46.697113],[-117.489968,46.696726],[-117.490783,46.696335],[-117.491589,46.695935],[-117.49238,46.695523],[-117.49315,46.695095],[-117.493897,46.694647],[-117.494628,46.694185],[-117.495347,46.693712],[-117.496056,46.69323],[-117.496757,46.69274],[-117.497451,46.692245],[-117.498141,46.691746],[-117.498829,46.691246],[-117.499517,46.690745],[-117.500206,46.690247],[-117.500899,46.689752],[-117.501598,46.689263],[-117.502305,46.688782],[-117.503021,46.68831],[-117.503749,46.687849],[-117.50449,46.687401],[-117.505247,46.686969],[-117.506022,46.686553],[-117.506816,46.686156],[-117.507625,46.685765],[-117.508445,46.685371],[-117.509276,46.684977],[-117.510117,46.684585],[-117.510968,46.684196],[-117.511828,46.683814],[-117.512697,46.683439],[-117.513574,46.683075],[-117.51446,46.682724],[-117.515353,46.682388],[-117.516254,46.682068],[-117.517161,46.681767],[-117.518075,46.681488],[-117.518996,46.681232],[-117.519922,46.681001],[-117.520853,46.680798],[-117.521789,46.680625],[-117.52273,46.680485],[-117.523675,46.680378],[-117.524627,46.680304],[-117.525585,46.680259],[-117.52655,46.68024],[-117.52752,46.680247],[-117.528496,46.680276],[-117.529477,46.680324],[-117.530463,46.680389],[-117.531452,46.68047],[-117.532445,46.680563],[-117.533441,46.680667],[-117.53444,46.680778],[-117.535441,46.680894],[-117.536443,46.681014],[-117.537446,46.681134],[-117.538451,46.681252],[-117.539455,46.681366],[-117.540459,46.681473],[-117.541463,46.681571],[-117.542465,46.681658],[-117.543465,46.681731],[-117.544464,46.681788],[-117.545459,46.681827],[-117.546452,46.681844],[-117.547441,46.681838],[-117.548426,46.681806],[-117.549407,46.681748],[-117.550386,46.68168],[-117.551365,46.681604],[-117.552343,46.681521],[-117.55332,46.681431],[-117.554297,46.681334],[-117.555273,46.681232],[-117.556249,46.681124],[-117.557224,46.68101],[-117.558199,46.680892],[-117.559173,46.680768],[-117.560147,46.68064],[-117.561121,46.680508],[-117.562094,46.680372],[-117.563067,46.680233],[-117.56404,46.680091],[-117.565012,46.679946],[-117.565984,46.679798],[-117.566956,46.679648],[-117.567928,46.679496],[-117.5689,46.679343],[-117.569872,46.679189],[-117.570844,46.679034],[-117.571816,46.678878],[-117.572788,46.678723],[-117.57376,46.678567],[-117.574732,46.678412],[-117.575704,46.678258],[-117.576676,46.678105],[-117.577649,46.677953],[-117.578622,46.677803],[-117.579595,46.677655],[-117.580569,46.67751],[-117.581543,46.677368],[-117.582517,46.677228],[-117.583492,46.677093],[-117.584467,46.67696],[-117.585443,46.676832],[-117.586419,46.676709],[-117.587396,46.67659],[-117.588373,46.676476],[-117.589351,46.676368],[-117.59033,46.676266],[-117.591309,46.676169],[-117.592291,46.676078],[-117.593281,46.675987],[-117.594278,46.675896],[-117.595283,46.675807],[-117.596293,46.675721],[-117.597307,46.67564],[-117.598324,46.675565],[-117.599342,46.675497],[-117.600361,46.675438],[-117.601379,46.67539],[-117.602395,46.675353],[-117.603407,46.675329],[-117.604415,46.67532],[-117.605416,46.675326],[-117.60641,46.67535],[-117.607396,46.675392],[-117.608371,46.675455],[-117.609336,46.675539],[-117.610288,46.675646],[-117.611226,46.675777],[-117.61215,46.675933],[-117.613063,46.67612],[-117.613973,46.676339],[-117.614878,46.67659],[-117.615778,46.67687],[-117.616672,46.677177],[-117.617556,46.677509],[-117.618432,46.677864],[-117.619296,46.67824],[-117.620148,46.678636],[-117.620986,46.679049],[-117.621809,46.679477],[-117.622615,46.679918],[-117.623404,46.680371],[-117.624173,46.680833],[-117.624922,46.681302],[-117.625649,46.681777],[-117.626353,46.682255],[-117.627033,46.682734],[-117.62767,46.683227],[-117.628234,46.683762],[-117.628734,46.684333],[-117.629182,46.684935],[-117.629588,46.685562],[-117.629965,46.686207],[-117.630324,46.686863],[-117.630676,46.687525],[-117.631032,46.688186],[-117.631405,46.688839],[-117.631805,46.689479],[-117.632243,46.6901],[-117.632732,46.690694],[-117.633279,46.691257],[-117.633849,46.691814],[-117.634431,46.692371],[-117.635026,46.692926],[-117.635632,46.693478],[-117.636251,46.694025],[-117.636882,46.694567],[-117.637526,46.695101],[-117.638184,46.695627],[-117.638854,46.696142],[-117.639538,46.696646],[-117.640236,46.697138],[-117.640947,46.697615],[-117.641673,46.698076],[-117.642413,46.69852],[-117.643168,46.698946],[-117.643939,46.699352],[-117.64474,46.699736],[-117.645575,46.700098],[-117.646441,46.700437],[-117.647332,46.700754],[-117.648247,46.701048],[-117.649181,46.701319],[-117.65013,46.701567],[-117.651092,46.701791],[-117.652061,46.701993],[-117.653035,46.70217],[-117.65401,46.702324],[-117.654982,46.702454],[-117.655953,46.702569],[-117.656926,46.702681],[-117.657901,46.702789],[-117.658878,46.702895],[-117.659857,46.702997],[-117.660838,46.703095],[-117.661821,46.703191],[-117.662806,46.703283],[-117.663792,46.703372],[-117.664779,46.703458],[-117.665768,46.703541],[-117.666758,46.703621],[-117.667749,46.703697],[-117.668741,46.70377],[-117.669734,46.70384],[-117.670727,46.703907],[-117.671721,46.70397],[-117.672716,46.70403],[-117.67371,46.704088],[-117.674705,46.704142],[-117.6757,46.704193],[-117.676695,46.70424],[-117.67769,46.704285],[-117.678685,46.704326],[-117.679679,46.704365],[-117.680673,46.7044],[-117.681666,46.704432],[-117.682658,46.704461],[-117.683649,46.704486],[-117.68464,46.704509],[-117.685629,46.704529],[-117.686617,46.704545],[-117.687604,46.704558],[-117.688588,46.704562],[-117.68957,46.704529],[-117.69055,46.70446],[-117.691527,46.704361],[-117.692502,46.704238],[-117.693476,46.704095],[-117.69445,46.703939],[-117.695423,46.703774],[-117.696397,46.703607],[-117.697371,46.703443],[-117.698347,46.703287],[-117.699324,46.703144],[-117.700303,46.703021],[-117.701286,46.702922],[-117.702272,46.70284],[-117.703261,46.702771],[-117.704254,46.702712],[-117.705249,46.702661],[-117.706245,46.702615],[-117.707242,46.702573],[-117.708238,46.702531],[-117.709234,46.702487],[-117.710229,46.70244],[-117.711221,46.702386],[-117.712211,46.702323],[-117.713197,46.70225],[-117.714178,46.702162],[-117.715154,46.702059],[-117.716125,46.701937],[-117.717089,46.701795],[-117.718047,46.701634],[-117.719004,46.701465],[-117.71996,46.701288],[-117.720914,46.701103],[-117.721867,46.700911],[-117.722818,46.700712],[-117.723767,46.700506],[-117.724714,46.700293],[-117.725659,46.700075],[-117.726601,46.69985],[-117.727541,46.69962],[-117.728478,46.699384],[-117.729412,46.699143],[-117.730344,46.698897],[-117.731272,46.698647],[-117.732197,46.698392],[-117.733119,46.698133],[-117.734037,46.697871],[-117.734951,46.697605],[-117.735862,46.697335],[-117.736768,46.697063],[-117.737668,46.696784],[-117.738551,46.69648],[-117.739418,46.696153],[-117.740271,46.695807],[-117.741113,46.695444],[-117.741945,46.695068],[-117.742771,46.694683],[-117.743593,46.694293],[-117.744413,46.6939],[-117.745234,46.693509],[-117.746057,46.693124],[-117.746886,46.692746],[-117.747755,46.692394],[-117.748664,46.692062],[-117.749567,46.691724],[-117.750417,46.691353],[-117.751171,46.690924],[-117.751781,46.69041],[-117.752297,46.689839],[-117.752808,46.689264],[-117.753313,46.688685],[-117.753813,46.688102],[-117.754307,46.687515],[-117.754797,46.686925],[-117.755281,46.686332],[-117.755761,46.685735],[-117.756237,46.685136],[-117.756707,46.684533],[-117.757174,46.683929],[-117.757636,46.683321],[-117.758094,46.682712],[-117.758548,46.6821],[-117.758998,46.681487],[-117.759445,46.680872],[-117.759888,46.680255],[-117.760327,46.679638],[-117.760763,46.679019],[-117.761196,46.678399],[-117.761626,46.677778],[-117.762053,46.677157],[-117.762477,46.676535],[-117.762899,46.675913],[-117.763318,46.675291],[-117.763734,46.674669],[-117.764148,46.674048],[-117.76456,46.673427],[-117.764969,46.672806],[-117.765369,46.672182],[-117.765757,46.671553],[-117.766135,46.67092],[-117.766501,46.670284],[-117.766857,46.669645],[-117.767203,46.669002],[-117.767538,46.668357],[-117.767862,46.667709],[-117.768176,46.667059],[-117.768479,46.666406],[-117.768772,46.665752],[-117.769055,46.665097],[-117.769328,46.66444],[-117.76959,46.663782],[-117.769842,46.663123],[-117.770074,46.662461],[-117.770274,46.661793],[-117.770446,46.661121],[-117.770595,46.660444],[-117.770728,46.659764],[-117.77085,46.659082],[-117.770965,46.658399],[-117.771078,46.657716],[-117.771196,46.657034],[-117.771322,46.656353],[-117.771464,46.655676],[-117.771624,46.655002],[-117.77181,46.654333],[-117.772025,46.653671],[-117.772276,46.653014],[-117.772556,46.652363],[-117.77285,46.651711],[-117.773158,46.65106],[-117.773479,46.650411],[-117.773814,46.649763],[-117.774162,46.649117],[-117.774525,46.648475],[-117.774901,46.647836],[-117.775291,46.647202],[-117.775695,46.646573],[-117.776113,46.64595],[-117.776546,46.645333],[-117.776992,46.644723],[-117.777453,46.64412],[-117.777928,46.643526],[-117.778418,46.642941],[-117.778943,46.64237],[-117.779512,46.641818],[-117.780119,46.641281],[-117.780758,46.640758],[-117.781423,46.640246],[-117.782109,46.639745],[-117.78281,46.63925],[-117.78352,46.638762],[-117.784234,46.638277],[-117.784944,46.637793],[-117.785647,46.63731],[-117.786348,46.636828],[-117.787053,46.636348],[-117.787763,46.635872],[-117.788476,46.635398],[-117.789192,46.634926],[-117.789912,46.634456],[-117.790634,46.633987],[-117.791358,46.63352],[-117.792084,46.633055],[-117.792811,46.63259],[-117.793539,46.632126],[-117.794269,46.631663],[-117.794998,46.6312],[-117.795728,46.630736],[-117.796458,46.630273],[-117.797186,46.629809],[-117.797914,46.629345],[-117.79864,46.62888],[-117.800525,46.628039],[-117.801498,46.627928],[-117.802473,46.627822],[-117.803433,46.627682],[-117.804366,46.627435],[-117.805277,46.627044],[-117.806177,46.626709],[-117.807077,46.626642],[-117.807981,46.626826],[-117.808884,46.627047],[-117.809786,46.627298],[-117.810687,46.627574],[-117.811588,46.62787],[-117.812489,46.62818],[-117.81339,46.628499],[-117.814291,46.628823],[-117.815193,46.629145],[-117.816095,46.62946],[-117.816998,46.629765],[-117.817901,46.630052],[-117.818806,46.630317],[-117.819712,46.630554],[-117.82062,46.630759],[-117.821529,46.630926],[-117.82244,46.630918],[-117.823356,46.630688],[-117.82428,46.630348],[-117.825218,46.630011],[-117.826172,46.629791],[-117.827142,46.62972],[-117.828118,46.629678],[-117.829098,46.629655],[-117.830082,46.629648],[-117.831069,46.629651],[-117.832057,46.629663],[-117.833047,46.629677],[-117.834037,46.629691],[-117.835026,46.629701],[-117.836014,46.629702],[-117.837,46.629691],[-117.837983,46.629663],[-117.838962,46.629615],[-117.839936,46.629543],[-117.840911,46.629458],[-117.841891,46.629373],[-117.842876,46.629288],[-117.843864,46.6292],[-117.844853,46.629109],[-117.845842,46.629011],[-117.846829,46.628907],[-117.847814,46.628794],[-117.848793,46.628671],[-117.849767,46.628536],[-117.850733,46.628388],[-117.851691,46.628225],[-117.852637,46.628046],[-117.853572,46.627848],[-117.854494,46.627631],[-117.8554,46.627393],[-117.85629,46.627132],[-117.857173,46.626854],[-117.858059,46.626567],[-117.858947,46.62627],[-117.859835,46.625964],[-117.860723,46.625648],[-117.861608,46.625323],[-117.862489,46.624988],[-117.863364,46.624644],[-117.864233,46.624289],[-117.865092,46.623925],[-117.865941,46.623552],[-117.866779,46.623168],[-117.867603,46.622774],[-117.868412,46.62237],[-117.869205,46.621956],[-117.86998,46.621531],[-117.870736,46.621097],[-117.87147,46.620652],[-117.872182,46.620196],[-117.87287,46.619731],[-117.873532,46.619254],[-117.874167,46.618766],[-117.874772,46.618258],[-117.875347,46.617729],[-117.875895,46.617181],[-117.876417,46.616615],[-117.876915,46.616033],[-117.87739,46.615437],[-117.877843,46.614828],[-117.878277,46.614208],[-117.878693,46.613579],[-117.879092,46.612942],[-117.879476,46.612298],[-117.879846,46.61165],[-117.880205,46.610999],[-117.880553,46.610346],[-117.880893,46.609694],[-117.881225,46.609044],[-117.881552,46.608397],[-117.881875,46.607755],[-117.882194,46.60712],[-117.882452,46.606476],[-117.882623,46.605815],[-117.882727,46.605141],[-117.882785,46.604457],[-117.882817,46.603769],[-117.882845,46.603079],[-117.882887,46.602391],[-117.882966,46.601711],[-117.8831,46.601041],[-117.883311,46.600385],[-117.88357,46.59973],[-117.883845,46.599065],[-117.884141,46.598396],[-117.884464,46.59773],[-117.884818,46.597074],[-117.885208,46.596435],[-117.885639,46.595818],[-117.886115,46.595231],[-117.886643,46.594679],[-117.887227,46.59417],[-117.887885,46.593705],[-117.888623,46.593279],[-117.889426,46.592889],[-117.890282,46.59253],[-117.891175,46.592198],[-117.892092,46.591889],[-117.89302,46.591598],[-117.893944,46.591322],[-117.89485,46.591056],[-117.895758,46.590875],[-117.896756,46.590957],[-117.897762,46.591021],[-117.898726,46.590876],[-117.899697,46.590662],[-117.90067,46.590412],[-117.901641,46.590152],[-117.902603,46.58991],[-117.90355,46.589713],[-117.904476,46.58959],[-117.905376,46.589566],[-117.906219,46.58972],[-117.906973,46.590127],[-117.907683,46.590674],[-117.908399,46.591242],[-117.90917,46.591711],[-117.910044,46.591966],[-117.910978,46.592091],[-117.911927,46.592188],[-117.912887,46.59226],[-117.913859,46.592312],[-117.914839,46.592347],[-117.915826,46.592369],[-117.916819,46.592382],[-117.917817,46.592389],[-117.918816,46.592394],[-117.919816,46.592402],[-117.920815,46.592414],[-117.921812,46.592436],[-117.922804,46.592472],[-117.92379,46.592524],[-117.924769,46.592597],[-117.92574,46.592694],[-117.926705,46.592815],[-117.927668,46.592958],[-117.928627,46.593116],[-117.929584,46.593288],[-117.930539,46.593469],[-117.931493,46.593654],[-117.932446,46.59384],[-117.933399,46.594023],[-117.934354,46.594199],[-117.935309,46.594364],[-117.936266,46.594514],[-117.937226,46.594645],[-117.938188,46.594753],[-117.939155,46.594834],[-117.940125,46.594888],[-117.941101,46.594918],[-117.94208,46.594928],[-117.943063,46.594919],[-117.944048,46.594893],[-117.945034,46.594852],[-117.94602,46.594797],[-117.947007,46.59473],[-117.947992,46.594653],[-117.948975,46.594568],[-117.949956,46.594476],[-117.950932,46.59438],[-117.951905,46.59428],[-117.952875,46.594175],[-117.953844,46.594064],[-117.954813,46.593946],[-117.95578,46.593823],[-117.956747,46.593695],[-117.957713,46.593562],[-117.958678,46.593426],[-117.959643,46.593286],[-117.960608,46.593144],[-117.961572,46.593],[-117.962536,46.592854],[-117.9635,46.592707],[-117.964463,46.59256],[-117.965427,46.592412],[-117.96639,46.592266],[-117.967354,46.592121],[-117.968318,46.591978],[-117.969282,46.591837],[-117.970246,46.591699],[-117.971211,46.591565],[-117.972177,46.591435],[-117.973143,46.591309],[-117.974109,46.591189],[-117.975077,46.591075],[-117.976045,46.590967],[-117.977014,46.590866],[-117.977984,46.590772],[-117.978955,46.590687],[-117.979927,46.59061],[-117.9809,46.590543],[-117.981875,46.590485],[-117.982851,46.590437],[-117.983828,46.590397],[-117.984805,46.590366],[-117.985784,46.590343],[-117.986764,46.590327],[-117.987744,46.590318],[-117.988725,46.590315],[-117.989707,46.590318],[-117.990689,46.590327],[-117.991672,46.59034],[-117.992656,46.590357],[-117.99364,46.590378],[-117.994624,46.590403],[-117.995609,46.590429],[-117.996594,46.590459],[-117.99758,46.590489],[-117.998565,46.590521],[-117.999551,46.590554],[-118.000536,46.590586],[-118.001522,46.590619],[-118.002508,46.59065],[-118.003493,46.59068],[-118.004479,46.590708],[-118.005464,46.590733],[-118.006449,46.590756],[-118.007433,46.590775],[-118.008418,46.59079],[-118.009401,46.5908],[-118.010385,46.590805],[-118.011367,46.590805],[-118.012352,46.590802],[-118.013342,46.590797],[-118.014333,46.590784],[-118.015322,46.590757],[-118.016308,46.590709],[-118.017286,46.590637],[-118.018255,46.590533],[-118.01921,46.590391],[-118.020159,46.590225],[-118.021109,46.590056],[-118.022061,46.589884],[-118.023015,46.58971],[-118.023968,46.589532],[-118.024922,46.58935],[-118.025874,46.589163],[-118.026824,46.588972],[-118.027772,46.588775],[-118.028717,46.588571],[-118.029658,46.588361],[-118.030595,46.588144],[-118.031527,46.58792],[-118.032452,46.587687],[-118.033371,46.587445],[-118.034283,46.587195],[-118.035186,46.586934],[-118.036081,46.586663],[-118.036967,46.586382],[-118.037841,46.586087],[-118.038699,46.585771],[-118.039541,46.585433],[-118.04037,46.585076],[-118.041187,46.584703],[-118.041993,46.584316],[-118.042792,46.583918],[-118.043585,46.583512],[-118.044373,46.583099],[-118.045159,46.582683],[-118.045944,46.582266],[-118.04673,46.58185],[-118.04752,46.581438],[-118.048315,46.581032],[-118.049116,46.580635],[-118.049927,46.58025],[-118.050748,46.579879],[-118.051588,46.579524],[-118.052448,46.57919],[-118.053326,46.578879],[-118.054222,46.578594],[-118.055131,46.578339],[-118.056055,46.578118],[-118.056996,46.57793],[-118.057949,46.577766],[-118.058911,46.577616],[-118.059874,46.57747],[-118.060836,46.577319],[-118.061789,46.577151],[-118.062729,46.576954],[-118.063649,46.576684],[-118.064556,46.576373],[-118.065462,46.576071],[-118.066378,46.575832],[-118.067317,46.575708],[-118.068278,46.575701],[-118.069245,46.575727],[-118.070214,46.575776],[-118.071187,46.575846],[-118.072162,46.575933],[-118.073139,46.576031],[-118.074118,46.576138],[-118.075098,46.576248],[-118.07608,46.576359],[-118.077062,46.576465],[-118.078044,46.576564],[-118.079026,46.57665],[-118.080007,46.57672],[-118.080987,46.57677],[-118.081967,46.576795],[-118.082948,46.576804],[-118.083935,46.576805],[-118.084927,46.576799],[-118.085921,46.576785],[-118.086916,46.576761],[-118.087911,46.576727],[-118.088904,46.576683],[-118.089893,46.576626],[-118.090877,46.576558],[-118.091855,46.576476],[-118.092825,46.57638],[-118.093785,46.576269],[-118.094734,46.576142],[-118.09567,46.575997],[-118.096589,46.575772],[-118.097476,46.57545],[-118.098313,46.575051],[-118.099081,46.57459],[-118.099763,46.574086],[-118.100364,46.573553],[-118.100939,46.572994],[-118.101494,46.572413],[-118.102031,46.571812],[-118.102553,46.571193],[-118.103062,46.570561],[-118.10356,46.569918],[-118.10405,46.569266],[-118.104534,46.56861],[-118.105015,46.567951],[-118.105496,46.567293],[-118.105978,46.566639],[-118.106464,46.565992],[-118.106956,46.565354],[-118.107458,46.564729],[-118.107971,46.56412],[-118.108498,46.563529],[-118.109041,46.56296],[-118.109603,46.562415],[-118.110186,46.561897],[-118.110793,46.56141],[-118.111425,46.560957],[-118.112087,46.56054],[-118.112779,46.560162],[-118.113504,46.559826],[-118.114266,46.559535],[-118.115061,46.559289],[-118.115881,46.559078],[-118.116725,46.558899],[-118.117591,46.558751],[-118.118478,46.558632],[-118.119384,46.558541],[-118.120308,46.558474],[-118.121249,46.55843],[-118.122207,46.558408],[-118.123178,46.558405],[-118.124163,46.55842],[-118.12516,46.55845],[-118.126167,46.558494],[-118.127184,46.558549],[-118.128209,46.558614],[-118.129241,46.558687],[-118.130278,46.558766],[-118.13132,46.558849],[-118.132364,46.558934],[-118.133411,46.55902],[-118.134458,46.559103],[-118.135504,46.559183],[-118.136549,46.559258],[-118.13759,46.559325],[-118.138626,46.559382],[-118.139657,46.559429],[-118.140681,46.559462],[-118.141696,46.559479],[-118.142702,46.55948],[-118.143696,46.559462],[-118.144679,46.559423],[-118.145652,46.559358],[-118.146621,46.559263],[-118.147586,46.559142],[-118.148548,46.558999],[-118.149508,46.558838],[-118.150466,46.558662],[-118.151422,46.558477],[-118.152376,46.558285],[-118.15333,46.558091],[-118.154284,46.557898],[-118.155237,46.557712],[-118.156191,46.557535],[-118.157146,46.557372],[-118.158102,46.557226],[-118.15906,46.557102],[-118.16002,46.557004],[-118.160983,46.556935],[-118.161956,46.556902],[-118.162942,46.556905],[-118.163935,46.556943],[-118.16493,46.557012],[-118.165922,46.55711],[-118.166907,46.557236],[-118.167881,46.557387],[-118.168838,46.557562],[-118.169773,46.557757],[-118.170684,46.557973],[-118.171585,46.558236],[-118.172472,46.558551],[-118.173331,46.558913],[-118.174153,46.559318],[-118.174925,46.55976],[-118.175637,46.560234],[-118.176278,46.560737],[-118.176872,46.561264],[-118.177434,46.561811],[-118.177969,46.562375],[-118.178483,46.562952],[-118.178982,46.56354],[-118.179471,46.564135],[-118.179954,46.564734],[-118.180439,46.565333],[-118.18093,46.565928],[-118.181433,46.566518],[-118.181953,46.567097],[-118.182496,46.567664],[-118.183068,46.568214],[-118.183673,46.568744],[-118.184305,46.569259],[-118.184951,46.569766],[-118.18561,46.570266],[-118.18628,46.57076],[-118.18696,46.571248],[-118.187648,46.571731],[-118.188344,46.572211],[-118.189047,46.572686],[-118.189753,46.57316],[-118.190464,46.573631],[-118.191176,46.574101],[-118.19189,46.574571],[-118.192603,46.575041],[-118.193315,46.575512],[-118.194023,46.575985],[-118.194727,46.576461],[-118.195426,46.57694],[-118.196118,46.577422],[-118.196801,46.577909],[-118.197476,46.578402],[-118.198139,46.578901],[-118.19879,46.579407],[-118.199429,46.57992],[-118.200056,46.58044],[-118.200675,46.580964],[-118.201287,46.581493],[-118.201892,46.582026],[-118.20249,46.582562],[-118.203083,46.583102],[-118.20367,46.583645],[-118.204253,46.584191],[-118.204831,46.584739],[-118.205406,46.58529],[-118.205977,46.585842],[-118.206546,46.586395],[-118.207113,46.58695],[-118.207679,46.587506],[-118.208244,46.588062],[-118.208809,46.588618],[-118.209374,46.589174],[-118.209939,46.58973],[-118.210506,46.590285],[-118.211075,46.590838],[-118.211647,46.591391],[-118.212222,46.591941],[-118.214719,46.594582],[-118.216046,46.594963],[-118.216796,46.594264],[-118.217402,46.593214],[-118.218038,46.592301],[-118.218869,46.591992],[-118.219888,46.592244],[-118.220927,46.592552],[-118.221985,46.592908],[-118.223057,46.593308],[-118.224143,46.593744],[-118.225239,46.594214],[-118.226344,46.59471],[-118.227454,46.595228],[-118.228567,46.595763],[-118.229681,46.596309],[-118.230793,46.596861],[-118.231901,46.597414],[-118.233003,46.597962],[-118.234096,46.598501],[-118.235177,46.599024],[-118.236243,46.599529],[-118.237209,46.600139],[-118.238105,46.600822],[-118.23904,46.601437],[-118.240118,46.601847],[-118.241317,46.602125],[-118.242559,46.602387],[-118.243832,46.602622],[-118.245126,46.602818],[-118.24643,46.602963],[-118.247732,46.603043],[-118.249022,46.603049],[-118.250289,46.602966],[-118.251533,46.602808],[-118.252776,46.602626],[-118.25402,46.602424],[-118.255264,46.602204],[-118.256507,46.601968],[-118.25775,46.601717],[-118.258993,46.601454],[-118.260236,46.60118],[-118.261478,46.600898],[-118.262719,46.600608],[-118.26396,46.600314],[-118.2652,46.600016],[-118.266438,46.599717],[-118.267676,46.599419],[-118.268912,46.599124],[-118.270147,46.598832],[-118.271381,46.598547],[-118.272613,46.598271],[-118.273843,46.598004],[-118.275072,46.597749],[-118.276298,46.597508],[-118.277523,46.597283],[-118.278746,46.597075],[-118.279966,46.596887],[-118.281184,46.59672],[-118.282399,46.596576],[-118.28361,46.596498],[-118.284802,46.596677],[-118.285965,46.597077],[-118.287092,46.597624],[-118.288174,46.598245],[-118.289203,46.598868],[-118.290178,46.599446],[-118.291118,46.600051],[-118.292031,46.600684],[-118.292924,46.601338],[-118.293802,46.602007],[-118.294671,46.602683],[-118.295538,46.60336],[-118.29641,46.60403],[-118.297291,46.604687],[-118.298188,46.605323],[-118.299108,46.605931],[-118.300056,46.606505],[-118.301038,46.607037],[-118.302063,46.607518],[-118.303178,46.607893],[-118.30438,46.608163],[-118.305646,46.608351],[-118.306954,46.608484],[-118.308279,46.608588],[-118.309599,46.608687],[-118.31089,46.608806],[-118.312163,46.608963],[-118.313448,46.609144],[-118.31474,46.609336],[-118.316035,46.609524],[-118.317329,46.609693],[-118.318618,46.609829],[-118.319897,46.609917],[-118.321162,46.609942],[-118.32241,46.609891],[-118.323636,46.609749],[-118.324845,46.609542],[-118.326044,46.609286],[-118.327232,46.608988],[-118.328412,46.608655],[-118.329586,46.608293],[-118.330755,46.607908],[-118.331922,46.607508],[-118.333088,46.6071],[-118.334255,46.606689],[-118.335424,46.606283],[-118.336599,46.605887],[-118.337779,46.60551],[-118.338968,46.605157],[-118.340166,46.604836],[-118.34138,46.604541],[-118.342608,46.604266],[-118.343848,46.604008],[-118.345098,46.603764],[-118.346355,46.60353],[-118.347617,46.603302],[-118.34888,46.603078],[-118.350143,46.602854],[-118.351403,46.602627],[-118.352657,46.602393],[-118.353902,46.602149],[-118.355137,46.601892],[-118.356359,46.601618],[-118.357564,46.601324],[-118.358751,46.601006],[-118.359916,46.600662],[-118.361058,46.600288],[-118.362174,46.59988],[-118.363262,46.599437],[-118.364328,46.59896],[-118.365376,46.598456],[-118.366407,46.597926],[-118.367423,46.597372],[-118.368425,46.596797],[-118.369415,46.596204],[-118.370394,46.595596],[-118.371363,46.594974],[-118.372325,46.594342],[-118.37328,46.593702],[-118.37423,46.593056],[-118.375177,46.592408],[-118.376122,46.591759],[-118.377066,46.591112],[-118.378011,46.59047],[-118.378958,46.589836],[-118.37991,46.589211],[-118.380866,46.588598],[-118.38183,46.588001],[-118.382801,46.587421],[-118.383782,46.586861],[-118.384775,46.586324],[-118.38578,46.585812],[-118.386799,46.585328],[-118.387833,46.584874],[-118.388885,46.584452],[-118.389956,46.584067],[-118.391046,46.58372],[-118.392176,46.583454],[-118.393346,46.583276],[-118.394554,46.583178],[-118.395795,46.58315],[-118.397064,46.583183],[-118.398356,46.583266],[-118.399667,46.583391],[-118.400993,46.583549],[-118.402329,46.583729],[-118.40367,46.583923],[-118.405012,46.584121],[-118.406351,46.584313],[-118.407681,46.58449],[-118.408999,46.584643],[-118.410299,46.584762],[-118.411584,46.584839],[-118.412883,46.584886],[-118.414185,46.584936],[-118.415475,46.585021],[-118.416735,46.585172],[-118.417948,46.585424],[-118.419132,46.585746],[-118.420317,46.586082],[-118.421501,46.586431],[-118.422681,46.586793],[-118.423857,46.587168],[-118.425026,46.587555],[-118.426187,46.587955],[-118.427337,46.588367],[-118.428475,46.588791],[-118.429598,46.589227],[-118.430706,46.589674],[-118.431796,46.590133],[-118.432866,46.590603],[-118.433854,46.591137],[-118.434651,46.591831],[-118.435357,46.592604],[-118.43608,46.593363],[-118.436931,46.594017],[-118.437938,46.594546],[-118.438998,46.595041],[-118.4401,46.595505],[-118.441236,46.595938],[-118.442398,46.596339],[-118.443578,46.596708],[-118.444768,46.597046],[-118.445963,46.597368],[-118.447164,46.597696],[-118.44837,46.598025],[-118.449583,46.598353],[-118.450799,46.598677],[-118.45202,46.598994],[-118.453245,46.599303],[-118.454473,46.599598],[-118.455704,46.599879],[-118.456937,46.600141],[-118.458172,46.600383],[-118.459409,46.600601],[-118.460646,46.600793],[-118.461883,46.600955],[-118.46312,46.601085],[-118.464375,46.601151],[-118.465658,46.60113],[-118.466956,46.601034],[-118.468255,46.600871],[-118.469545,46.600652],[-118.470811,46.600386],[-118.472042,46.600082],[-118.473225,46.599752],[-118.47437,46.599384],[-118.475504,46.598949],[-118.476606,46.59845],[-118.477656,46.597894],[-118.478634,46.597285],[-118.479518,46.596629],[-118.480288,46.59593],[-118.48096,46.595188],[-118.481569,46.594402],[-118.482129,46.593581],[-118.482648,46.592732],[-118.483138,46.591865],[-118.483609,46.590987],[-118.484072,46.590107],[-118.484538,46.589233],[-118.485017,46.588374],[-118.48552,46.587536],[-118.486057,46.58673],[-118.48664,46.585963],[-118.487279,46.585243],[-118.487985,46.584579],[-118.488768,46.583978],[-118.489663,46.583478],[-118.49071,46.583121],[-118.491882,46.582881],[-118.493151,46.582729],[-118.494489,46.582637],[-118.495869,46.582576],[-118.497264,46.582518],[-118.498644,46.582433],[-118.499983,46.582294],[-118.501252,46.582072],[-118.50246,46.581776],[-118.503672,46.581476],[-118.504889,46.581173],[-118.50611,46.580869],[-118.507334,46.580562],[-118.508559,46.580251],[-118.509784,46.579937],[-118.511007,46.579617],[-118.512227,46.579293],[-118.513443,46.578963],[-118.514653,46.578627],[-118.515856,46.578283],[-118.51705,46.577933],[-118.518234,46.577574],[-118.519406,46.577207],[-118.520566,46.57683],[-118.521712,46.576444],[-118.522842,46.576047],[-118.523955,46.57564],[-118.525049,46.575221],[-118.526124,46.574789],[-118.527177,46.574345],[-118.528028,46.57376],[-118.528616,46.572987],[-118.52905,46.572103],[-118.529444,46.571185],[-118.529906,46.570308],[-118.530549,46.569551],[-118.531436,46.568955],[-118.532494,46.568469],[-118.533647,46.56804],[-118.534816,46.567616],[-118.535924,46.567144],[-118.536926,46.566592],[-118.537916,46.566026],[-118.538904,46.565454],[-118.539883,46.564872],[-118.540847,46.564278],[-118.541788,46.56367],[-118.542702,46.563046],[-118.543581,46.562402],[-118.544419,46.561736],[-118.545214,46.561048],[-118.545992,46.560348],[-118.546756,46.559639],[-118.547506,46.55892],[-118.548243,46.558193],[-118.548967,46.557459],[-118.549677,46.556717],[-118.550374,46.555969],[-118.551059,46.555215],[-118.551731,46.554456],[-118.55239,46.553693],[-118.553036,46.552926],[-118.55367,46.552155],[-118.554293,46.551382],[-118.554895,46.550604],[-118.555453,46.549809],[-118.555974,46.549001],[-118.556466,46.548181],[-118.556939,46.547355],[-118.5574,46.546524],[-118.557858,46.545693],[-118.558322,46.544864],[-118.558801,46.54404],[-118.559304,46.543225],[-118.559838,46.542423],[-118.560412,46.541634],[-118.560996,46.540824],[-118.561593,46.539993],[-118.562227,46.539175],[-118.562926,46.5384],[-118.563714,46.5377],[-118.564619,46.537106],[-118.565661,46.536643],[-118.56677,46.536244],[-118.567914,46.535877],[-118.56909,46.535537],[-118.570292,46.535221],[-118.571517,46.534924],[-118.57276,46.534644],[-118.574016,46.534375],[-118.575282,46.534115],[-118.576553,46.533859],[-118.577824,46.533602],[-118.579092,46.533343],[-118.580352,46.533075],[-118.581598,46.532796],[-118.582828,46.532501],[-118.584037,46.532187],[-118.58522,46.53185],[-118.586373,46.531485],[-118.587492,46.53109],[-118.588572,46.530659],[-118.589609,46.530189],[-118.590599,46.529677],[-118.591544,46.529125],[-118.592449,46.528537],[-118.593317,46.527915],[-118.594153,46.527264],[-118.594959,46.526586],[-118.59574,46.525886],[-118.596499,46.525166],[-118.597242,46.524429],[-118.59797,46.52368],[-118.598689,46.522922],[-118.599401,46.522158],[-118.600112,46.521391],[-118.600824,46.520625],[-118.601542,46.519863],[-118.602269,46.519109],[-118.60301,46.518366],[-118.603767,46.517637],[-118.604546,46.516926],[-118.605351,46.516237],[-118.606191,46.515565],[-118.607058,46.514908],[-118.607941,46.514259],[-118.60883,46.513614],[-118.609714,46.512967],[-118.610582,46.512313],[-118.611426,46.511646],[-118.612233,46.510963],[-118.612993,46.510257],[-118.613706,46.509526],[-118.614405,46.508785],[-118.615091,46.508034],[-118.615764,46.507275],[-118.616421,46.506507],[-118.617062,46.505732],[-118.617684,46.50495],[-118.618286,46.504162],[-118.618866,46.503367],[-118.619422,46.502567],[-118.619954,46.501761],[-118.620458,46.500951],[-118.620935,46.500137],[-118.621364,46.499312],[-118.621725,46.498467],[-118.622026,46.497607],[-118.622275,46.496734],[-118.622483,46.495852],[-118.622656,46.494965],[-118.622804,46.494076],[-118.622935,46.493189],[-118.623058,46.492307],[-118.623162,46.491424],[-118.623248,46.490538],[-118.623317,46.489649],[-118.623371,46.488758],[-118.623413,46.487865],[-118.623443,46.48697],[-118.623465,46.486074],[-118.623479,46.485177],[-118.623489,46.484279],[-118.623497,46.483381],[-118.623503,46.482484],[-118.62351,46.481586],[-118.623521,46.480689],[-118.623537,46.479794],[-118.623561,46.478899],[-118.623593,46.478007],[-118.623637,46.477116],[-118.623694,46.476228],[-118.623767,46.475343],[-118.623856,46.474461],[-118.623966,46.473582],[-118.624096,46.472706],[-118.62425,46.471835],[-118.624429,46.470969],[-118.624636,46.470107],[-118.624872,46.46925],[-118.625139,46.468398],[-118.62544,46.467552],[-118.625777,46.466712],[-118.626156,46.465878],[-118.626574,46.465048],[-118.627028,46.464224],[-118.627516,46.463403],[-118.628035,46.462587],[-118.628582,46.461775],[-118.629154,46.460966],[-118.629749,46.46016],[-118.630363,46.459357],[-118.630994,46.458557],[-118.63164,46.457759],[-118.632297,46.456964],[-118.632963,46.45617],[-118.633634,46.455377],[-118.634308,46.454586],[-118.634983,46.453796],[-118.635655,46.453006],[-118.636322,46.452216],[-118.636981,46.451427],[-118.637629,46.450637],[-118.638263,46.449847],[-118.638881,46.449055],[-118.639479,46.448263],[-118.640056,46.447469],[-118.640608,46.446673],[-118.641132,46.445875],[-118.641626,46.445075],[-118.642087,46.444272],[-118.642512,46.443467],[-118.642899,46.442658],[-118.643244,46.441845],[-118.643545,46.441029],[-118.643798,46.440208],[-118.643996,46.439383],[-118.644086,46.43855],[-118.644067,46.437708],[-118.643951,46.43686],[-118.643746,46.436005],[-118.643464,46.435145],[-118.643115,46.434281],[-118.642709,46.433412],[-118.642257,46.432541],[-118.641769,46.431668],[-118.641255,46.430793],[-118.640726,46.429919],[-118.640193,46.429044],[-118.639665,46.428171],[-118.639153,46.427301],[-118.638667,46.426433],[-118.638219,46.425569],[-118.637817,46.42471],[-118.637473,46.423856],[-118.637197,46.423009],[-118.636999,46.422169],[-118.636889,46.421337],[-118.636891,46.420516],[-118.637113,46.419719],[-118.637552,46.418946],[-118.638167,46.418192],[-118.638918,46.417454],[-118.639766,46.416727],[-118.640671,46.416006],[-118.641594,46.415288],[-118.642495,46.414566],[-118.643544,46.413488],[-118.644559,46.413028],[-118.645592,46.41258],[-118.646641,46.412141],[-118.647702,46.411709],[-118.64877,46.411281],[-118.649842,46.410856],[-118.650914,46.410431],[-118.651982,46.410003],[-118.653043,46.409571],[-118.654092,46.409132],[-118.655126,46.408684],[-118.656142,46.408225],[-118.657135,46.407752],[-118.658101,46.407262],[-118.659037,46.406755],[-118.65994,46.406227],[-118.660804,46.405676],[-118.661627,46.405101],[-118.662375,46.404479],[-118.663022,46.403795],[-118.663584,46.40306],[-118.664078,46.402284],[-118.664523,46.401478],[-118.664935,46.400652],[-118.665331,46.399816],[-118.665729,46.398982],[-118.666145,46.39816],[-118.666598,46.39736],[-118.667103,46.396592],[-118.667679,46.395869],[-118.668342,46.395199],[-118.66911,46.394593],[-118.669968,46.394043],[-118.670878,46.393525],[-118.671835,46.393037],[-118.672835,46.392573],[-118.67387,46.392132],[-118.674936,46.39171],[-118.676027,46.391304],[-118.677137,46.390909],[-118.678262,46.390523],[-118.679394,46.390142],[-118.68053,46.389764],[-118.681663,46.389383],[-118.682788,46.388998],[-118.683898,46.388605],[-118.68499,46.3882],[-118.686057,46.38778],[-118.687093,46.387342],[-118.688093,46.386882],[-118.689052,46.386397],[-118.689964,46.385883],[-118.690823,46.385338],[-118.691624,46.384757],[-118.692365,46.38414],[-118.69306,46.383494],[-118.693712,46.382822],[-118.694324,46.382126],[-118.6949,46.381409],[-118.695444,46.380671],[-118.695959,46.379916],[-118.696449,46.379146],[-118.696917,46.378362],[-118.697366,46.377568],[-118.697801,46.376764],[-118.698225,46.375954],[-118.69864,46.375139],[-118.699051,46.374323],[-118.699462,46.373505],[-118.699875,46.37269],[-118.700294,46.37188],[-118.700723,46.371075],[-118.701165,46.370279],[-118.701624,46.369494],[-118.702103,46.368721],[-118.702606,46.367964],[-118.703136,46.367224],[-118.703697,46.366503],[-118.704312,46.36581],[-118.705178,46.365221],[-118.706266,46.364757],[-118.707474,46.364421],[-118.708705,46.364215],[-118.709868,46.36414],[-118.711026,46.364184],[-118.712203,46.364321],[-118.713393,46.364526],[-118.714588,46.364771],[-118.715781,46.365029],[-118.716966,46.365276],[-118.718138,46.365495],[-118.719305,46.365739],[-118.720469,46.36601],[-118.721632,46.366295],[-118.722793,46.366584],[-118.723953,46.366864],[-118.725114,46.367125],[-118.726275,46.367354],[-118.727438,46.367541],[-118.728603,46.367674],[-118.729772,46.367742],[-118.730945,46.367725],[-118.732125,46.367627],[-118.733307,46.367463],[-118.734491,46.367249],[-118.735674,46.367002],[-118.736853,46.366737],[-118.738027,46.366468],[-118.739194,46.366214],[-118.740381,46.36599],[-118.741633,46.365771],[-118.742787,46.365459],[-118.743667,46.364949],[-118.744327,46.364289],[-118.744945,46.363596],[-118.745525,46.362874],[-118.746074,46.362128],[-118.746598,46.361365],[-118.747103,46.360589],[-118.747595,46.359805],[-118.748081,46.359019],[-118.748565,46.358236],[-118.749055,46.357461],[-118.749554,46.356698],[-118.750057,46.355937],[-118.750561,46.355176],[-118.751067,46.354415],[-118.751573,46.353654],[-118.75208,46.352892],[-118.752587,46.352131],[-118.753093,46.351369],[-118.753598,46.350607],[-118.754102,46.349844],[-118.754604,46.349081],[-118.755104,46.348318],[-118.755601,46.347553],[-118.756095,46.346788],[-118.756585,46.346023],[-118.757072,46.345256],[-118.757554,46.344489],[-118.758031,46.34372],[-118.758504,46.342951],[-118.75897,46.34218],[-118.75943,46.341408],[-118.759884,46.340635],[-118.760331,46.339861],[-118.760771,46.339085],[-118.761202,46.338308],[-118.761543,46.337506],[-118.761705,46.336657],[-118.761774,46.335788],[-118.761837,46.334924],[-118.761984,46.334095],[-118.762303,46.333326],[-118.762883,46.332652],[-118.763724,46.332079],[-118.76472,46.331566],[-118.765763,46.331069],[-118.766745,46.330543],[-118.767643,46.329979],[-118.768561,46.329421],[-118.769495,46.32887],[-118.770436,46.32832],[-118.771376,46.327769],[-118.772309,46.327215],[-118.773226,46.326654],[-118.774119,46.326083],[-118.77498,46.325499],[-118.775802,46.3249],[-118.776576,46.324281],[-118.777296,46.32364],[-118.777916,46.322959],[-118.77836,46.322205],[-118.778671,46.321395],[-118.778893,46.320551],[-118.779073,46.319691],[-118.779258,46.318837],[-118.779494,46.318007],[-118.779838,46.317162],[-118.780245,46.316293],[-118.780631,46.315423],[-118.780913,46.31458],[-118.781007,46.313786],[-118.780831,46.313069],[-118.780261,46.312469],[-118.779328,46.311979],[-118.778192,46.311542],[-118.77701,46.311103],[-118.775942,46.310606],[-118.775126,46.310002],[-118.7744,46.309315],[-118.773716,46.308578],[-118.773113,46.307805],[-118.772624,46.307015],[-118.772287,46.306222],[-118.77214,46.305443],[-118.772275,46.304663],[-118.772646,46.303874],[-118.773154,46.303078],[-118.773697,46.302279],[-118.774176,46.301479],[-118.774534,46.300675],[-118.774852,46.299855],[-118.775147,46.299024],[-118.775432,46.298187],[-118.775717,46.297352],[-118.776015,46.296526],[-118.776338,46.295713],[-118.776697,46.294921],[-118.777104,46.294156],[-118.777571,46.293425],[-118.778208,46.29278],[-118.779251,46.292346],[-118.780485,46.292047],[-118.78167,46.291795],[-118.782856,46.291586],[-118.784074,46.291478],[-118.785272,46.291522],[-118.786446,46.29167],[-118.787615,46.29186],[-118.788781,46.292079],[-118.789946,46.292316],[-118.791112,46.292557],[-118.79228,46.29279],[-118.793452,46.293004],[-118.794629,46.293185],[-118.79582,46.293304],[-118.797027,46.293361],[-118.798239,46.293385],[-118.799511,46.29338],[-118.801175,46.29322],[-118.802431,46.293165],[-118.802409,46.293503],[-118.801861,46.29399],[-118.801106,46.294527],[-118.800202,46.295106],[-118.799205,46.295718],[-118.798171,46.296355],[-118.797157,46.297006],[-118.796218,46.297664],[-118.795412,46.29832],[-118.794681,46.299144],[-118.79402,46.300116],[-118.793732,46.301112],[-118.794288,46.300685],[-118.795252,46.299787],[-118.796237,46.299147],[-118.797227,46.29868],[-118.798257,46.298244],[-118.799313,46.297829],[-118.800383,46.297425],[-118.801455,46.297023],[-118.802515,46.296611],[-118.80355,46.29618],[-118.804547,46.295721],[-118.805399,46.295143],[-118.805998,46.294361],[-118.806752,46.293729],[-118.807835,46.293388],[-118.808947,46.293071],[-118.81008,46.29277],[-118.81123,46.292483],[-118.812394,46.292206],[-118.813569,46.291939],[-118.814753,46.291679],[-118.815942,46.291424],[-118.817134,46.291172],[-118.818327,46.29092],[-118.819516,46.290667],[-118.820699,46.29041],[-118.821874,46.290148],[-118.823038,46.289878],[-118.824187,46.289598],[-118.825319,46.289305],[-118.826431,46.288999],[-118.827521,46.288676],[-118.828584,46.288335],[-118.82962,46.287973],[-118.830624,46.287589],[-118.831593,46.287179],[-118.832461,46.2867],[-118.83309,46.286061],[-118.833534,46.285295],[-118.833856,46.284444],[-118.834122,46.283549],[-118.834395,46.282651],[-118.834738,46.28179],[-118.835216,46.281008],[-118.835885,46.280339],[-118.836692,46.279747],[-118.837594,46.279204],[-118.838564,46.278697],[-118.839576,46.278211],[-118.840605,46.277733],[-118.841624,46.277248],[-118.842606,46.276741],[-118.843526,46.2762],[-118.844358,46.275609],[-118.845075,46.274951],[-118.8457,46.274238],[-118.846267,46.273491],[-118.846809,46.272729],[-118.847359,46.271972],[-118.847945,46.271238],[-118.848527,46.270496],[-118.849092,46.269739],[-118.849643,46.268971],[-118.850185,46.268196],[-118.850722,46.267416],[-118.851259,46.266636],[-118.8518,46.26586],[-118.852349,46.26509],[-118.85291,46.264332],[-118.853487,46.263587],[-118.854086,46.262862],[-118.854709,46.262158],[-118.855362,46.261479],[-118.856049,46.26083],[-118.856774,46.260214],[-118.857543,46.259637],[-118.858453,46.25919],[-118.859523,46.258891],[-118.860707,46.258694],[-118.861963,46.258556],[-118.863247,46.258435],[-118.864514,46.258286],[-118.865721,46.258065],[-118.866828,46.257733],[-118.86788,46.257333],[-118.868912,46.256901],[-118.869928,46.256442],[-118.870932,46.255964],[-118.871927,46.255472],[-118.872917,46.254973],[-118.873906,46.254472],[-118.874896,46.253976],[-118.875892,46.25349],[-118.876897,46.253022],[-118.877915,46.252578],[-118.87895,46.252162],[-118.880005,46.251782],[-118.881083,46.251444],[-118.882194,46.251166],[-118.88334,46.250955],[-118.884515,46.250798],[-118.885712,46.250682],[-118.886924,46.250594],[-118.888146,46.250522],[-118.889371,46.250452],[-118.890592,46.250371],[-118.891803,46.250267],[-118.892997,46.250126],[-118.89417,46.249938],[-118.895328,46.24971],[-118.896476,46.249452],[-118.897617,46.249174],[-118.898755,46.248888],[-118.899894,46.248602],[-118.901035,46.248327],[-118.902184,46.248074],[-118.903344,46.247851],[-118.90452,46.247678],[-118.905714,46.247556],[-118.906918,46.247463],[-118.908123,46.247376],[-118.909323,46.247273],[-118.910509,46.24713],[-118.911673,46.246925],[-118.912814,46.246655],[-118.913943,46.246351],[-118.915071,46.246043],[-118.91621,46.245763],[-118.917371,46.245542],[-118.918547,46.245363],[-118.919725,46.245187],[-118.920905,46.245016],[-118.922086,46.244849],[-118.923268,46.244685],[-118.924451,46.244524],[-118.925635,46.244366],[-118.926821,46.244209],[-118.928007,46.244055],[-118.929193,46.243902],[-118.93038,46.243751],[-118.931567,46.2436],[-118.932755,46.24345],[-118.933942,46.2433],[-118.93513,46.243149],[-118.936317,46.242998],[-118.937504,46.242847],[-118.938691,46.242693],[-118.939876,46.242538],[-118.941062,46.242382],[-118.942246,46.242222],[-118.943428,46.242042],[-118.944608,46.24184],[-118.945788,46.241629],[-118.946967,46.241423],[-118.948148,46.241235],[-118.94933,46.241078],[-118.950516,46.240965],[-118.951705,46.240911],[-118.952899,46.240922],[-118.954096,46.24099],[-118.955295,46.241099],[-118.956496,46.241233],[-118.957697,46.241377],[-118.958899,46.241516],[-118.960101,46.241635],[-118.961301,46.241719],[-118.962499,46.241753],[-118.963699,46.241737],[-118.964907,46.2417],[-118.96612,46.241638],[-118.967331,46.241551],[-118.968538,46.241434],[-118.969734,46.241285],[-118.970915,46.241101],[-118.972077,46.24088],[-118.973217,46.240622],[-118.974352,46.240351],[-118.975486,46.240073],[-118.97662,46.23979],[-118.977752,46.2395],[-118.978882,46.239205],[-118.980011,46.238903],[-118.981137,46.238595],[-118.98226,46.238281],[-118.98338,46.23796],[-118.984496,46.237633],[-118.985608,46.2373],[-118.986716,46.236961],[-118.987819,46.236615],[-118.988917,46.236263],[-118.99001,46.235904],[-118.991096,46.235539],[-118.992177,46.235167],[-118.99325,46.234789],[-118.994317,46.234404],[-118.995376,46.23401],[-118.996427,46.233603],[-118.99747,46.233181],[-118.998504,46.232746],[-118.999531,46.232299],[-119.000549,46.231842],[-119.001559,46.231374],[-119.002561,46.230898],[-119.003555,46.230414],[-119.00454,46.229922],[-119.005517,46.229425],[-119.006486,46.228924],[-119.007447,46.228418],[-119.008399,46.22791],[-119.009343,46.2274],[-119.010271,46.226885],[-119.010843,46.226154],[-119.011283,46.225339],[-119.012057,46.224717],[-119.012958,46.224172],[-119.0139,46.223652],[-119.014869,46.223148],[-119.015848,46.222648],[-119.016823,46.222145],[-119.017779,46.221627],[-119.018701,46.221086],[-119.019573,46.220511],[-119.020416,46.219916],[-119.021245,46.219311],[-119.022063,46.218696],[-119.022869,46.218074],[-119.023666,46.217444],[-119.024454,46.216809],[-119.025234,46.216169],[-119.026008,46.215524],[-119.026777,46.214877],[-119.027542,46.214228],[-119.028303,46.213579],[-119.029064,46.21293],[-119.029832,46.21228],[-119.030602,46.211627],[-119.031362,46.210967],[-119.0321,46.210298],[-119.032805,46.209616],[-119.033466,46.208919],[-119.03407,46.208203],[-119.034605,46.207465],[-119.03506,46.206698],[-119.035452,46.205908],[-119.035799,46.205103],[-119.036119,46.204288],[-119.036429,46.203471],[-119.036748,46.202658],[-119.037084,46.201853],[-119.037364,46.201035],[-119.03765,46.20022],[-119.038058,46.19944],[-119.039232,46.198076],[-119.040179,46.198647],[-119.041119,46.199226],[-119.042053,46.19981],[-119.042985,46.200397],[-119.043915,46.200987],[-119.044846,46.201575],[-119.045778,46.202162],[-119.046715,46.202744],[-119.047657,46.20332],[-119.048606,46.203887],[-119.049565,46.204445],[-119.050535,46.20499],[-119.051517,46.205521],[-119.052514,46.206036],[-119.053538,46.206521],[-119.054632,46.206927],[-119.055782,46.207271],[-119.056965,46.207578],[-119.058159,46.207873],[-119.059344,46.208182],[-119.060496,46.20853],[-119.061646,46.208898],[-119.062823,46.209258],[-119.064014,46.209616],[-119.065206,46.209976],[-119.066387,46.210342],[-119.067545,46.21072],[-119.068667,46.211114],[-119.06974,46.211529],[-119.070753,46.211969],[-119.071691,46.212439],[-119.071922,46.213314],[-119.071636,46.214362],[-119.072055,46.214634],[-119.073123,46.214011],[-119.074377,46.213509],[-119.075545,46.213712],[-119.076706,46.213966],[-119.077868,46.214235],[-119.079031,46.214517],[-119.080193,46.21481],[-119.081357,46.215113],[-119.082521,46.215426],[-119.083686,46.215746],[-119.084852,46.216073],[-119.086018,46.216405],[-119.087185,46.216742],[-119.088353,46.217081],[-119.089522,46.217422],[-119.090692,46.217763],[-119.091863,46.218104],[-119.093035,46.218442],[-119.094208,46.218777],[-119.095383,46.219108],[-119.096558,46.219433],[-119.097735,46.21975],[-119.098913,46.22006],[-119.100092,46.22036],[-119.101273,46.220648],[-119.10248,46.220872],[-119.103717,46.221024],[-119.104968,46.221144],[-119.106215,46.221273],[-119.10744,46.221452],[-119.108628,46.221716],[-119.109799,46.22202],[-119.110963,46.222338],[-119.112122,46.22267],[-119.113276,46.223011],[-119.114427,46.22336],[-119.115575,46.223715],[-119.116722,46.224072],[-119.11787,46.224429],[-119.119018,46.224784],[-119.120168,46.225134],[-119.121322,46.225477],[-119.122479,46.22581],[-119.123643,46.22613],[-119.124812,46.226435],[-119.125989,46.226723],[-119.127184,46.22697],[-119.128405,46.227156],[-119.129645,46.227298],[-119.130895,46.227416],[-119.132146,46.22753],[-119.133391,46.22766],[-119.134621,46.227825],[-119.135828,46.228044],[-119.137003,46.22834],[-119.138154,46.228697],[-119.139292,46.229083],[-119.14043,46.229468],[-119.141579,46.229822],[-119.142751,46.230114],[-119.143957,46.230318],[-119.145182,46.230472],[-119.146417,46.230596],[-119.147661,46.230697],[-119.148912,46.23078],[-119.150167,46.230851],[-119.151424,46.230916],[-119.152682,46.23098],[-119.153937,46.23105],[-119.155189,46.231132],[-119.156435,46.231231],[-119.157672,46.231353],[-119.158892,46.231522],[-119.160066,46.23182],[-119.161218,46.232182],[-119.162381,46.23252],[-119.163584,46.232761],[-119.164802,46.232967],[-119.166026,46.233164],[-119.167255,46.233351],[-119.168487,46.23353],[-119.169723,46.233704],[-119.170961,46.233873],[-119.172201,46.23404],[-119.173441,46.234205],[-119.17468,46.23437],[-119.175919,46.234537],[-119.177156,46.234707],[-119.17839,46.234882],[-119.17962,46.235063],[-119.180846,46.235252],[-119.182066,46.23545],[-119.18328,46.23566],[-119.184487,46.235882],[-119.185686,46.236117],[-119.186876,46.236369],[-119.188057,46.236637],[-119.189227,46.236924],[-119.190386,46.237232],[-119.191531,46.237562],[-119.192664,46.237915],[-119.193786,46.238289],[-119.194897,46.238681],[-119.195999,46.239089],[-119.197092,46.239513],[-119.198178,46.239949],[-119.199257,46.240397],[-119.200332,46.240853],[-119.201401,46.241317],[-119.202468,46.241787],[-119.203532,46.24226],[-119.204595,46.242736],[-119.205657,46.243211],[-119.20672,46.243684],[-119.207785,46.244153],[-119.208853,46.244617],[-119.209925,46.245073],[-119.211001,46.24552],[-119.212095,46.245953],[-119.213205,46.246377],[-119.21432,46.246798],[-119.21543,46.247224],[-119.216526,46.247663],[-119.217597,46.248121],[-119.218632,46.248606],[-119.219622,46.249125],[-119.220556,46.249686],[-119.221432,46.25029],[-119.222259,46.250931],[-119.223046,46.2516],[-119.223803,46.252293],[-119.224538,46.253002],[-119.22526,46.253722],[-119.225977,46.254447],[-119.226699,46.255169],[-119.227434,46.255883],[-119.228191,46.256582],[-119.228979,46.25726],[-119.229796,46.257919],[-119.230618,46.258579],[-119.231443,46.259238],[-119.232275,46.259896],[-119.233115,46.260549],[-119.233966,46.261194],[-119.234829,46.26183],[-119.235707,46.262454],[-119.236603,46.263063],[-119.237517,46.263655],[-119.238453,46.264228],[-119.239413,46.264778],[-119.240398,46.265307],[-119.241405,46.265818],[-119.242432,46.266312],[-119.243477,46.266792],[-119.244537,46.267258],[-119.24561,46.267714],[-119.246693,46.26816],[-119.247783,46.268599],[-119.248878,46.269033],[-119.249976,46.269462],[-119.251074,46.26989],[-119.252169,46.270317],[-119.25326,46.270745],[-119.254401,46.271117],[-119.255596,46.271431],[-119.256794,46.271734],[-119.257949,46.272075],[-119.259013,46.272501],[-119.260007,46.273033],[-119.261031,46.273625],[-119.262004,46.274272],[-119.26284,46.27497],[-119.263451,46.275715],[-119.263754,46.276503],[-119.263889,46.277323],[-119.263966,46.278167],[-119.263987,46.27903],[-119.263954,46.279907],[-119.263872,46.280794],[-119.263741,46.281686],[-119.263565,46.282578],[-119.263346,46.283465],[-119.263087,46.284343],[-119.262791,46.285206],[-119.262459,46.286051],[-119.262095,46.286874],[-119.26169,46.287687],[-119.261248,46.288492],[-119.260773,46.289291],[-119.26027,46.290085],[-119.259744,46.290874],[-119.259197,46.291659],[-119.258636,46.292442],[-119.258064,46.293223],[-119.257486,46.294002],[-119.256907,46.294782],[-119.25633,46.295563],[-119.25576,46.296345],[-119.255202,46.297131],[-119.25466,46.297919],[-119.254139,46.298713],[-119.253643,46.299512],[-119.253176,46.300317],[-119.252742,46.301129],[-119.252325,46.301949],[-119.251915,46.302776],[-119.251519,46.303609],[-119.251138,46.304447],[-119.250777,46.305291],[-119.250441,46.306139],[-119.250132,46.30699],[-119.249854,46.307845],[-119.249611,46.308702],[-119.249408,46.30956],[-119.249247,46.31042],[-119.249133,46.31128],[-119.249069,46.312141],[-119.249032,46.313002],[-119.24901,46.313865],[-119.249001,46.31473],[-119.249007,46.315596],[-119.249026,46.316463],[-119.249057,46.317332],[-119.249101,46.318202],[-119.249157,46.319072],[-119.249224,46.319943],[-119.249302,46.320814],[-119.24939,46.321686],[-119.249488,46.322557],[-119.249596,46.323429],[-119.249713,46.3243],[-119.249839,46.32517],[-119.249972,46.32604],[-119.250114,46.326909],[-119.250263,46.327777],[-119.250418,46.328643],[-119.25058,46.329509],[-119.250747,46.330372],[-119.25092,46.331234],[-119.251098,46.332094],[-119.251283,46.332952],[-119.251481,46.333809],[-119.251689,46.334665],[-119.251908,46.33552],[-119.252136,46.336373],[-119.252373,46.337226],[-119.252618,46.338079],[-119.252871,46.33893],[-119.253129,46.339781],[-119.253394,46.340632],[-119.253663,46.341481],[-119.253936,46.342331],[-119.254213,46.34318],[-119.254492,46.344029],[-119.254773,46.344878],[-119.255055,46.345727],[-119.255337,46.346576],[-119.255619,46.347424],[-119.255899,46.348273],[-119.256178,46.349123],[-119.256453,46.349972],[-119.256725,46.350822],[-119.256992,46.351673],[-119.257255,46.352524],[-119.257511,46.353375],[-119.257761,46.354228],[-119.258003,46.355081],[-119.258237,46.355935],[-119.258461,46.35679],[-119.258676,46.357645],[-119.25888,46.358503],[-119.259073,46.359361],[-119.259256,46.36022],[-119.259429,46.361081],[-119.259594,46.361942],[-119.25975,46.362805],[-119.2599,46.363668],[-119.260043,46.364532],[-119.260181,46.365396],[-119.260315,46.366261],[-119.260445,46.367127],[-119.260571,46.367992],[-119.260696,46.368858],[-119.26082,46.369724],[-119.260943,46.37059],[-119.261066,46.371456],[-119.261191,46.372322],[-119.261317,46.373188],[-119.261447,46.374053],[-119.26158,46.374918],[-119.261718,46.375782],[-119.26187,46.376646],[-119.262041,46.37751],[-119.262228,46.378375],[-119.262424,46.379239],[-119.262624,46.380104],[-119.262824,46.380969],[-119.263017,46.381834],[-119.263198,46.382698],[-119.263361,46.383563],[-119.263503,46.384427],[-119.263616,46.385292],[-119.263696,46.386156],[-119.263737,46.38702],[-119.263735,46.387884],[-119.263685,46.388747],[-119.263612,46.38961],[-119.263526,46.390473],[-119.263428,46.391336],[-119.263318,46.392199],[-119.263197,46.393061],[-119.263065,46.393923],[-119.262925,46.394786],[-119.262776,46.395648],[-119.26262,46.39651],[-119.262457,46.397372],[-119.262287,46.398234],[-119.262113,46.399096],[-119.261934,46.399958],[-119.261752,46.40082],[-119.261566,46.401682],[-119.261379,46.402544],[-119.261191,46.403406],[-119.261003,46.404269],[-119.260815,46.405131],[-119.260628,46.405993],[-119.260444,46.406856],[-119.260262,46.407719],[-119.260084,46.408582],[-119.259911,46.409445],[-119.259743,46.410309],[-119.259582,46.411173],[-119.259428,46.412037],[-119.259281,46.412901],[-119.259143,46.413765],[-119.259015,46.41463],[-119.258895,46.415496],[-119.258773,46.416362],[-119.258649,46.41723],[-119.258523,46.418099],[-119.258395,46.418968],[-119.258265,46.419839],[-119.258134,46.420711],[-119.258001,46.421583],[-119.257868,46.422456],[-119.257735,46.423329],[-119.257602,46.424203],[-119.257469,46.425077],[-119.257337,46.425952],[-119.257206,46.426827],[-119.257076,46.427701],[-119.256948,46.428576],[-119.256821,46.429451],[-119.256697,46.430326],[-119.256576,46.4312],[-119.256457,46.432074],[-119.256342,46.432947],[-119.256231,46.43382],[-119.256123,46.434692],[-119.25602,46.435564],[-119.255921,46.436435],[-119.255827,46.437304],[-119.255738,46.438173],[-119.255655,46.439041],[-119.255578,46.439908],[-119.255507,46.440773],[-119.255443,46.441637],[-119.255386,46.442499],[-119.255336,46.44336],[-119.255293,46.44422],[-119.255258,46.445077],[-119.255232,46.445933],[-119.255214,46.446787],[-119.255205,46.447639],[-119.255205,46.448489],[-119.255214,46.449336],[-119.255234,46.450182],[-119.255436,46.450993],[-119.256085,46.451722],[-119.257022,46.452395],[-119.258076,46.453043],[-119.259076,46.453696],[-119.25985,46.454385],[-119.260229,46.455138],[-119.260318,46.455952],[-119.260298,46.456799],[-119.260179,46.457669],[-119.259973,46.458554],[-119.259693,46.459443],[-119.259351,46.460327],[-119.258958,46.461196],[-119.258527,46.462041],[-119.25807,46.462851],[-119.257539,46.463599],[-119.256564,46.464173],[-119.255354,46.464653],[-119.254242,46.46516],[-119.253559,46.465817],[-119.253282,46.466622],[-119.253033,46.467446],[-119.25281,46.468288],[-119.252613,46.469144],[-119.252445,46.470012],[-119.252305,46.47089],[-119.252195,46.471774],[-119.252117,46.472663],[-119.252071,46.473555],[-119.252059,46.474446],[-119.252082,46.475335],[-119.252141,46.476219],[-119.252237,46.477095],[-119.252371,46.477961],[-119.252541,46.478817],[-119.252723,46.479672],[-119.252913,46.480525],[-119.253111,46.481379],[-119.253317,46.482232],[-119.25353,46.483085],[-119.25375,46.483937],[-119.253977,46.484789],[-119.25421,46.485641],[-119.25445,46.486493],[-119.254695,46.487344],[-119.254945,46.488195],[-119.255201,46.489045],[-119.255462,46.489896],[-119.255727,46.490746],[-119.255996,46.491596],[-119.256269,46.492446],[-119.256546,46.493295],[-119.256826,46.494144],[-119.25711,46.494993],[-119.257395,46.495842],[-119.257683,46.496691],[-119.257974,46.49754],[-119.258265,46.498388],[-119.258559,46.499237],[-119.258853,46.500085],[-119.259148,46.500933],[-119.259444,46.501781],[-119.25974,46.502629],[-119.260035,46.503477],[-119.26033,46.504325],[-119.260625,46.505172],[-119.260918,46.50602],[-119.26121,46.506868],[-119.2615,46.507715],[-119.261788,46.508563],[-119.262074,46.509411],[-119.262357,46.510258],[-119.262638,46.511106],[-119.262916,46.511954],[-119.263201,46.5128],[-119.263495,46.513645],[-119.263796,46.514489],[-119.264103,46.515332],[-119.264415,46.516174],[-119.264731,46.517015],[-119.26505,46.517856],[-119.265371,46.518697],[-119.265692,46.519537],[-119.266014,46.520378],[-119.266334,46.521218],[-119.266652,46.522059],[-119.2671,46.523262],[-119.267604,46.523571],[-119.26812,46.523874],[-119.268643,46.524172],[-119.269172,46.524468],[-119.269703,46.524762],[-119.270233,46.525056],[-119.27076,46.525353],[-119.271281,46.525653],[-119.271793,46.525958],[-119.272292,46.52627],[-119.272777,46.52659],[-119.273243,46.52692],[-119.273689,46.527262],[-119.274112,46.527616],[-119.274513,46.527989],[-119.27492,46.528391],[-119.275333,46.52882],[-119.275751,46.529273],[-119.276173,46.529747],[-119.276596,46.530236],[-119.277019,46.530739],[-119.27744,46.53125],[-119.277858,46.531767],[-119.278271,46.532286],[-119.278678,46.532803],[-119.279076,46.533314],[-119.279464,46.533816],[-119.27984,46.534305],[-119.280203,46.534777],[-119.280551,46.535228],[-119.280883,46.535656],[-119.281196,46.536056],[-119.281489,46.536424],[-119.28176,46.536758],[-119.282009,46.537052],[-119.282232,46.537304],[-119.282576,46.537566],[-119.282459,46.537075],[-119.282167,46.536614],[-119.281816,46.536074],[-119.281423,46.535472],[-119.281004,46.534826],[-119.280575,46.534154],[-119.280152,46.533474],[-119.27975,46.532805],[-119.279387,46.532164],[-119.279077,46.531569],[-119.278836,46.531038],[-119.278682,46.53059],[-119.278629,46.530241],[-119.278695,46.530012],[-119.27921,46.529944],[-119.279559,46.529997],[-119.279935,46.530071],[-119.280337,46.530165],[-119.280762,46.530279],[-119.281211,46.530411],[-119.281681,46.53056],[-119.282172,46.530727],[-119.282682,46.530909],[-119.28321,46.531106],[-119.283755,46.531318],[-119.284315,46.531543],[-119.28489,46.53178],[-119.285478,46.532029],[-119.286078,46.532289],[-119.286689,46.532559],[-119.287309,46.532838],[-119.287938,46.533126],[-119.288574,46.533421],[-119.289215,46.533722],[-119.289862,46.53403],[-119.290511,46.534342],[-119.291163,46.534659],[-119.291817,46.534979],[-119.292469,46.535301],[-119.293121,46.535625],[-119.29377,46.53595],[-119.294415,46.536274],[-119.295055,46.536598],[-119.295688,46.53692],[-119.296315,46.537239],[-119.296932,46.537555],[-119.29754,46.537867],[-119.298136,46.538174],[-119.29872,46.538474],[-119.299291,46.538768],[-119.299846,46.539054],[-119.300386,46.539333],[-119.300891,46.53963],[-119.301359,46.539956],[-119.301795,46.540307],[-119.302205,46.540678],[-119.302594,46.541063],[-119.302969,46.541459],[-119.303336,46.541859],[-119.3037,46.542261],[-119.304068,46.542657],[-119.304444,46.543044],[-119.304825,46.543427],[-119.305205,46.543811],[-119.305584,46.544195],[-119.305962,46.544579],[-119.306338,46.544964],[-119.306714,46.545349],[-119.30709,46.545735],[-119.307464,46.546121],[-119.307838,46.546508],[-119.308211,46.546894],[-119.308583,46.547281],[-119.308955,46.547669],[-119.309327,46.548056],[-119.309698,46.548444],[-119.310068,46.548832],[-119.310439,46.54922],[-119.310808,46.549608],[-119.311178,46.549997],[-119.311548,46.550385],[-119.311917,46.550774],[-119.312287,46.551162],[-119.312656,46.551551],[-119.313025,46.55194],[-119.313395,46.552328],[-119.313764,46.552717],[-119.314134,46.553105],[-119.314504,46.553493],[-119.314874,46.553881],[-119.315245,46.554269],[-119.315613,46.554659],[-119.315974,46.555054],[-119.316327,46.555453],[-119.316674,46.555857],[-119.317017,46.556264],[-119.317355,46.556674],[-119.31769,46.557086],[-119.318023,46.5575],[-119.318354,46.557914],[-119.318686,46.558329],[-119.319018,46.558742],[-119.319352,46.559155],[-119.319689,46.559566],[-119.32003,46.559974],[-119.320375,46.560379],[-119.320726,46.560779],[-119.321084,46.561176],[-119.321449,46.561567],[-119.321823,46.561952],[-119.322207,46.562331],[-119.322601,46.562702],[-119.323007,46.563065],[-119.323425,46.56342],[-119.323857,46.563765],[-119.324303,46.564101],[-119.324765,46.564426],[-119.325243,46.56474],[-119.325732,46.565046],[-119.32623,46.565346],[-119.326735,46.565641],[-119.327249,46.56593],[-119.327769,46.566214],[-119.328297,46.566493],[-119.328831,46.566768],[-119.329371,46.567038],[-119.329917,46.567304],[-119.330468,46.567567],[-119.331025,46.567826],[-119.331586,46.568082],[-119.332151,46.568334],[-119.332721,46.568585],[-119.333294,46.568832],[-119.33387,46.569078],[-119.334449,46.569321],[-119.335031,46.569563],[-119.335614,46.569804],[-119.3362,46.570043],[-119.336786,46.570282],[-119.337374,46.57052],[-119.337962,46.570758],[-119.338551,46.570996],[-119.339139,46.571234],[-119.339727,46.571473],[-119.340314,46.571712],[-119.340899,46.571952],[-119.341483,46.572194],[-119.342065,46.572438],[-119.342645,46.572683],[-119.343222,46.57293],[-119.343795,46.57318],[-119.344365,46.573432],[-119.344932,46.573688],[-119.345494,46.573946],[-119.346051,46.574208],[-119.346604,46.574474],[-119.347156,46.57474],[-119.347708,46.575007],[-119.348261,46.575273],[-119.348814,46.57554],[-119.349367,46.575806],[-119.34992,46.576073],[-119.350473,46.576341],[-119.351025,46.576609],[-119.351577,46.576877],[-119.352128,46.577146],[-119.352678,46.577417],[-119.353228,46.577687],[-119.353776,46.577959],[-119.354323,46.578233],[-119.354869,46.578507],[-119.355413,46.578782],[-119.355955,46.579059],[-119.356495,46.579338],[-119.357034,46.579618],[-119.35757,46.5799],[-119.358104,46.580183],[-119.358635,46.580469],[-119.359164,46.580756],[-119.35969,46.581046],[-119.360213,46.581338],[-119.360733,46.581632],[-119.361249,46.581929],[-119.361763,46.582228],[-119.362272,46.582529],[-119.362779,46.582834],[-119.363281,46.583141],[-119.363779,46.583451],[-119.364274,46.583765],[-119.364765,46.584081],[-119.365253,46.5844],[-119.365737,46.584722],[-119.366218,46.585047],[-119.366696,46.585374],[-119.367171,46.585703],[-119.367644,46.586034],[-119.368113,46.586368],[-119.36858,46.586704],[-119.369045,46.587041],[-119.369507,46.58738],[-119.369966,46.587721],[-119.370424,46.588064],[-119.37088,46.588408],[-119.371334,46.588753],[-119.371786,46.589099],[-119.372236,46.589446],[-119.372685,46.589795],[-119.373132,46.590144],[-119.373579,46.590493],[-119.374024,46.590844],[-119.374468,46.591194],[-119.374911,46.591545],[-119.375353,46.591897],[-119.375794,46.592248],[-119.376235,46.592599],[-119.376676,46.59295],[-119.377119,46.593301],[-119.377565,46.593651],[-119.378013,46.594],[-119.378463,46.594348],[-119.378915,46.594696],[-119.379369,46.595044],[-119.379824,46.595391],[-119.38028,46.595738],[-119.380738,46.596084],[-119.381197,46.596431],[-119.381656,46.596777],[-119.382115,46.597124],[-119.382575,46.59747],[-119.383034,46.597817],[-119.383494,46.598164],[-119.383953,46.598511],[-119.384411,46.598859],[-119.384868,46.599207],[-119.385324,46.599555],[-119.385779,46.599905],[-119.386232,46.600255],[-119.386684,46.600605],[-119.387133,46.600957],[-119.38758,46.601309],[-119.388025,46.601663],[-119.388467,46.602017],[-119.388906,46.602373],[-119.389342,46.60273],[-119.389775,46.603088],[-119.390204,46.603448],[-119.390629,46.603809],[-119.391051,46.604171],[-119.391468,46.604536],[-119.39188,46.604901],[-119.392289,46.605269],[-119.392692,46.605638],[-119.39309,46.60601],[-119.393483,46.606383],[-119.39387,46.606758],[-119.394251,46.607136],[-119.394627,46.607515],[-119.394996,46.607897],[-119.395359,46.608282],[-119.395716,46.608668],[-119.396065,46.609058],[-119.396407,46.609449],[-119.396743,46.609844],[-119.39707,46.610242],[-119.397391,46.610643],[-119.397705,46.611049],[-119.398012,46.611458],[-119.398312,46.61187],[-119.398606,46.612286],[-119.398892,46.612705],[-119.399173,46.613127],[-119.399447,46.613551],[-119.399714,46.613979],[-119.399975,46.61441],[-119.400231,46.614842],[-119.40048,46.615278],[-119.400723,46.615715],[-119.40096,46.616155],[-119.401191,46.616597],[-119.401416,46.617041],[-119.401636,46.617486],[-119.401851,46.617933],[-119.40206,46.618382],[-119.402263,46.618832],[-119.402461,46.619283],[-119.402654,46.619736],[-119.402842,46.620189],[-119.403025,46.620643],[-119.403203,46.621098],[-119.403376,46.621553],[-119.403544,46.622009],[-119.403708,46.622466],[-119.403867,46.622922],[-119.404021,46.623379],[-119.404171,46.623835],[-119.404317,46.624291],[-119.404458,46.624747],[-119.404596,46.625203],[-119.404729,46.625658],[-119.404858,46.626112],[-119.404983,46.626565],[-119.405105,46.627018],[-119.405216,46.627471],[-119.405312,46.627926],[-119.405393,46.628383],[-119.40546,46.628841],[-119.405515,46.629302],[-119.405558,46.629763],[-119.40559,46.630226],[-119.405612,46.630691],[-119.405625,46.631156],[-119.405629,46.631623],[-119.405626,46.63209],[-119.405617,46.632559],[-119.405602,46.633028],[-119.405582,46.633497],[-119.405559,46.633967],[-119.405532,46.634438],[-119.405503,46.634908],[-119.405473,46.635379],[-119.405443,46.63585],[-119.405414,46.63632],[-119.405385,46.63679],[-119.40536,46.63726],[-119.405337,46.63773],[-119.405319,46.638199],[-119.405305,46.638667],[-119.405297,46.639134],[-119.405297,46.639601],[-119.405303,46.640066],[-119.405319,46.64053],[-119.405344,46.640993],[-119.405379,46.641455],[-119.405425,46.641915],[-119.405483,46.642373],[-119.405555,46.642829],[-119.40564,46.643284],[-119.40574,46.643737],[-119.405855,46.644188],[-119.405983,46.644641],[-119.406125,46.645094],[-119.40628,46.645547],[-119.406447,46.646001],[-119.406626,46.646454],[-119.406817,46.646906],[-119.40702,46.647357],[-119.407234,46.647807],[-119.407459,46.648255],[-119.407694,46.648701],[-119.40794,46.649145],[-119.408196,46.649586],[-119.408461,46.650023],[-119.408735,46.650458],[-119.409019,46.650888],[-119.409311,46.651314],[-119.409611,46.651736],[-119.409919,46.652153],[-119.410235,46.652565],[-119.410558,46.652972],[-119.410888,46.653372],[-119.411225,46.653767],[-119.411568,46.654155],[-119.411917,46.654536],[-119.412293,46.654904],[-119.412711,46.655253],[-119.413167,46.655586],[-119.413656,46.655903],[-119.414174,46.656205],[-119.414717,46.656494],[-119.415281,46.656771],[-119.415862,46.657036],[-119.416455,46.65729],[-119.417056,46.657536],[-119.417661,46.657774],[-119.418266,46.658004],[-119.418866,46.658229],[-119.419458,46.658449],[-119.420053,46.65866],[-119.420656,46.658861],[-119.421267,46.659052],[-119.421884,46.659236],[-119.422507,46.659412],[-119.423135,46.659582],[-119.423767,46.659748],[-119.424402,46.65991],[-119.425039,46.660069],[-119.425678,46.660227],[-119.426316,46.660385],[-119.426955,46.660543],[-119.427592,46.660704],[-119.428227,46.660867],[-119.428858,46.661035],[-119.429486,46.661208],[-119.430109,46.661387],[-119.430726,46.661574],[-119.431337,46.661769],[-119.431941,46.661973],[-119.43254,46.662184],[-119.433136,46.662401],[-119.433727,46.662624],[-119.434314,46.662853],[-119.434898,46.663086],[-119.435479,46.663324],[-119.436056,46.663566],[-119.436631,46.663812],[-119.437203,46.664061],[-119.437772,46.664312],[-119.438339,46.664565],[-119.438904,46.664821],[-119.439467,46.665077],[-119.440029,46.665334],[-119.440598,46.665591],[-119.441183,46.665844],[-119.441781,46.666096],[-119.442391,46.666346],[-119.443009,46.666595],[-119.443635,46.666843],[-119.444266,46.667091],[-119.444901,46.667339],[-119.445536,46.667587],[-119.446171,46.667836],[-119.446802,46.668086],[-119.447429,46.668338],[-119.448048,46.668592],[-119.448659,46.668849],[-119.449258,46.669108],[-119.449844,46.66937],[-119.450415,46.669636],[-119.450969,46.669906],[-119.451504,46.670181],[-119.452017,46.67046],[-119.452507,46.670745],[-119.452972,46.671035],[-119.453409,46.671332],[-119.453817,46.671635],[-119.454193,46.671944],[-119.454536,46.672261],[-119.454841,46.672587],[-119.455035,46.672938],[-119.455101,46.673318],[-119.455056,46.673725],[-119.454916,46.674153],[-119.454698,46.674599],[-119.454418,46.67506],[-119.454092,46.675532],[-119.453736,46.67601],[-119.453368,46.676491],[-119.453003,46.676972],[-119.452658,46.677448],[-119.452349,46.677916],[-119.451978,46.678552],[-119.451555,46.678935],[-119.451065,46.679347],[-119.450447,46.679657],[-119.449698,46.679896],[-119.448876,46.680098],[-119.448039,46.68029],[-119.447246,46.680496],[-119.446554,46.680742],[-119.44602,46.681053],[-119.445703,46.681456],[-119.445544,46.681928],[-119.445401,46.682411],[-119.44527,46.682905],[-119.445152,46.683409],[-119.445047,46.683921],[-119.444954,46.68444],[-119.444874,46.684967],[-119.444807,46.6855],[-119.444751,46.686038],[-119.444708,46.686581],[-119.444676,46.687128],[-119.444656,46.687677],[-119.444648,46.688228],[-119.444651,46.688781],[-119.444665,46.689334],[-119.44469,46.689886],[-119.444726,46.690438],[-119.444773,46.690987],[-119.44483,46.691533],[-119.444898,46.692076],[-119.444976,46.692614],[-119.445064,46.693147],[-119.445162,46.693673],[-119.44527,46.694193],[-119.445387,46.694705],[-119.445528,46.695209],[-119.44573,46.695707],[-119.44599,46.696199],[-119.446301,46.696685],[-119.446659,46.697162],[-119.447057,46.697632],[-119.447489,46.698092],[-119.447949,46.698543],[-119.44843,46.698983],[-119.448927,46.699413],[-119.449435,46.69983],[-119.449946,46.700235],[-119.450455,46.700627],[-119.45099,46.700995],[-119.451568,46.701336],[-119.452182,46.701654],[-119.452823,46.701956],[-119.453483,46.702246],[-119.454153,46.70253],[-119.454825,46.702813],[-119.45549,46.7031],[-119.45614,46.703397],[-119.456768,46.703708],[-119.457363,46.70404],[-119.457919,46.704396],[-119.458428,46.704783],[-119.458897,46.705194],[-119.459334,46.705626],[-119.459744,46.706075],[-119.460133,46.706537],[-119.460506,46.707009],[-119.46087,46.707487],[-119.461229,46.707969],[-119.46159,46.708449],[-119.461958,46.708925],[-119.462339,46.709393],[-119.462739,46.709849],[-119.463162,46.71029],[-119.463616,46.710712],[-119.464105,46.711112],[-119.464634,46.711488],[-119.465176,46.711858],[-119.465724,46.712228],[-119.466279,46.712597],[-119.466839,46.712964],[-119.467405,46.71333],[-119.467977,46.713695],[-119.468554,46.714057],[-119.469137,46.714416],[-119.469725,46.714772],[-119.470318,46.715125],[-119.470916,46.715474],[-119.471519,46.715819],[-119.472126,46.716159],[-119.472739,46.716495],[-119.473356,46.716825],[-119.473977,46.71715],[-119.474603,46.717469],[-119.475232,46.717781],[-119.475866,46.718087],[-119.476504,46.718386],[-119.477145,46.718677],[-119.477791,46.71896],[-119.478439,46.719236],[-119.479091,46.719502],[-119.479747,46.71976],[-119.480405,46.720008],[-119.481072,46.72024],[-119.481769,46.720422],[-119.482498,46.720554],[-119.483253,46.720645],[-119.484028,46.720703],[-119.484819,46.720736],[-119.48562,46.720752],[-119.486427,46.720759],[-119.487234,46.720765],[-119.488037,46.720779],[-119.488829,46.720808],[-119.489607,46.72086],[-119.490365,46.720944],[-119.491097,46.721067],[-119.491799,46.721238],[-119.492467,46.721463],[-119.493101,46.721737],[-119.493709,46.722053],[-119.494294,46.722402],[-119.494863,46.722777],[-119.49542,46.723168],[-119.495973,46.723569],[-119.496525,46.723971],[-119.497082,46.724366],[-119.49765,46.724747],[-119.498235,46.725104],[-119.498841,46.72543],[-119.499474,46.725716],[-119.50014,46.725956],[-119.500837,46.726152],[-119.501548,46.726346],[-119.502269,46.72654],[-119.503,46.726733],[-119.50374,46.726925],[-119.504487,46.727114],[-119.505241,46.727301],[-119.506001,46.727483],[-119.506767,46.727661],[-119.507536,46.727833],[-119.508309,46.727998],[-119.509085,46.728157],[-119.509862,46.728307],[-119.51064,46.728449],[-119.511417,46.72858],[-119.512194,46.728702],[-119.512968,46.728812],[-119.51374,46.728909],[-119.514508,46.728994],[-119.515271,46.729065],[-119.516029,46.729122],[-119.516781,46.729162],[-119.517525,46.729187],[-119.518262,46.729195],[-119.518989,46.729184],[-119.519706,46.729155],[-119.520413,46.729106],[-119.521121,46.729023],[-119.521837,46.728897],[-119.522558,46.728733],[-119.523281,46.728532],[-119.524002,46.728298],[-119.524718,46.728035],[-119.525427,46.727744],[-119.526125,46.727429],[-119.52681,46.727093],[-119.527477,46.726739],[-119.528124,46.726371],[-119.528749,46.72599],[-119.529347,46.7256],[-119.529916,46.725204],[-119.530453,46.724806],[-119.530954,46.724407],[-119.531417,46.724012],[-119.531838,46.723622],[-119.532174,46.723226],[-119.53231,46.722777],[-119.532279,46.72228],[-119.532124,46.721746],[-119.531893,46.721188],[-119.531629,46.720614],[-119.531378,46.720038],[-119.531186,46.719468],[-119.531098,46.718917],[-119.531158,46.718396],[-119.531347,46.717899],[-119.531557,46.717399],[-119.531783,46.716898],[-119.532025,46.716396],[-119.532283,46.715894],[-119.532557,46.715393],[-119.532847,46.714893],[-119.533152,46.714395],[-119.533473,46.713901],[-119.533809,46.713411],[-119.53416,46.712926],[-119.534526,46.712448],[-119.534907,46.711976],[-119.535302,46.711511],[-119.535712,46.711055],[-119.536136,46.710609],[-119.536574,46.710173],[-119.537025,46.709748],[-119.53749,46.709335],[-119.537967,46.708927],[-119.538453,46.708524],[-119.538949,46.708126],[-119.539454,46.707733],[-119.539968,46.707344],[-119.54049,46.706958],[-119.541019,46.706576],[-119.541555,46.706198],[-119.542098,46.705823],[-119.542646,46.70545],[-119.543199,46.70508],[-119.543758,46.704713],[-119.54432,46.704347],[-119.544886,46.703984],[-119.545456,46.703622],[-119.546027,46.703261],[-119.546601,46.702901],[-119.547177,46.702542],[-119.547753,46.702183],[-119.548329,46.701825],[-119.548906,46.701467],[-119.549481,46.701108],[-119.550056,46.700749],[-119.550628,46.700389],[-119.551198,46.700028],[-119.551766,46.699665],[-119.552329,46.699301],[-119.552889,46.698936],[-119.553445,46.698568],[-119.554003,46.698202],[-119.554574,46.697843],[-119.555154,46.697489],[-119.55574,46.697139],[-119.556331,46.696791],[-119.556922,46.696444],[-119.557511,46.696096],[-119.558095,46.695746],[-119.558673,46.695392],[-119.55924,46.695033],[-119.559795,46.694666],[-119.560334,46.694292],[-119.560855,46.693907],[-119.561355,46.693511],[-119.56183,46.693102],[-119.562274,46.692677],[-119.562686,46.692235],[-119.563071,46.691779],[-119.563435,46.691311],[-119.563782,46.690836],[-119.564119,46.690354],[-119.564449,46.689869],[-119.564779,46.689383],[-119.565113,46.688899],[-119.565456,46.688419],[-119.565815,46.687946],[-119.566193,46.687483],[-119.566596,46.687032],[-119.567029,46.686596],[-119.567491,46.686174],[-119.567956,46.685754],[-119.568423,46.685334],[-119.568891,46.684914],[-119.56936,46.684494],[-119.56983,46.684075],[-119.570301,46.683656],[-119.570774,46.683237],[-119.571247,46.682819],[-119.571722,46.682401],[-119.572198,46.681984],[-119.572676,46.681567],[-119.573154,46.681151],[-119.573634,46.680735],[-119.574116,46.68032],[-119.574598,46.679906],[-119.575083,46.679492],[-119.575568,46.679079],[-119.576055,46.678667],[-119.576543,46.678255],[-119.577033,46.677844],[-119.577524,46.677434],[-119.578017,46.677025],[-119.578511,46.676617],[-119.579007,46.67621],[-119.579505,46.675804],[-119.580004,46.675399],[-119.580504,46.674995],[-119.581007,46.674592],[-119.581511,46.67419],[-119.582016,46.673789],[-119.582523,46.67339],[-119.583032,46.672991],[-119.583543,46.672594],[-119.584056,46.672199],[-119.58457,46.671804],[-119.585086,46.671411],[-119.585604,46.671019],[-119.586124,46.670629],[-119.586646,46.67024],[-119.587169,46.669853],[-119.587695,46.669467],[-119.588222,46.669083],[-119.588752,46.6687],[-119.589284,46.66832],[-119.589822,46.667943],[-119.590365,46.667569],[-119.590913,46.667198],[-119.591466,46.66683],[-119.592023,46.666465],[-119.592585,46.666103],[-119.593151,46.665744],[-119.593722,46.665387],[-119.594296,46.665033],[-119.594874,46.664682],[-119.595455,46.664333],[-119.59604,46.663987],[-119.596628,46.663642],[-119.597219,46.6633],[-119.597812,46.66296],[-119.598409,46.662622],[-119.599007,46.662286],[-119.599608,46.661952],[-119.600211,46.661619],[-119.600816,46.661289],[-119.601422,46.66096],[-119.60203,46.660632],[-119.602639,46.660306],[-119.603249,46.659981],[-119.603861,46.659657],[-119.604472,46.659334],[-119.605085,46.659013],[-119.605697,46.658693],[-119.60631,46.658373],[-119.606924,46.658053],[-119.607538,46.657733],[-119.608153,46.657414],[-119.608769,46.657094],[-119.609385,46.656774],[-119.610003,46.656455],[-119.610622,46.656137],[-119.611242,46.655819],[-119.611864,46.655503],[-119.612487,46.655187],[-119.613111,46.654873],[-119.613736,46.65456],[-119.614364,46.654248],[-119.614993,46.653938],[-119.615623,46.65363],[-119.616256,46.653324],[-119.61689,46.65302],[-119.617526,46.652719],[-119.618164,46.65242],[-119.618805,46.652123],[-119.619447,46.651829],[-119.620092,46.651539],[-119.620739,46.651251],[-119.621389,46.650967],[-119.622041,46.650686],[-119.622695,46.650408],[-119.623352,46.650134],[-119.624012,46.649864],[-119.624675,46.649599],[-119.62534,46.649337],[-119.626009,46.64908],[-119.62668,46.648827],[-119.627354,46.648578],[-119.628033,46.648334],[-119.628716,46.648093],[-119.629403,46.647856],[-119.630094,46.647623],[-119.63079,46.647393],[-119.631489,46.647167],[-119.632191,46.646945],[-119.632897,46.646726],[-119.633606,46.646512],[-119.634318,46.646301],[-119.635033,46.646095],[-119.635751,46.645892],[-119.636471,46.645693],[-119.637194,46.645499],[-119.637919,46.645308],[-119.638646,46.645122],[-119.639375,46.644939],[-119.640105,46.644761],[-119.640837,46.644587],[-119.641571,46.644418],[-119.642305,46.644253],[-119.643041,46.644092],[-119.643778,46.643936],[-119.644515,46.643784],[-119.645253,46.643636],[-119.645992,46.643493],[-119.64673,46.643355],[-119.647469,46.643221],[-119.648207,46.643092],[-119.64895,46.64297],[-119.649701,46.642857],[-119.650459,46.642754],[-119.651225,46.64266],[-119.651996,46.642576],[-119.652771,46.642502],[-119.65355,46.642438],[-119.654331,46.642384],[-119.655115,46.642341],[-119.655898,46.642308],[-119.656681,46.642286],[-119.657463,46.642275],[-119.658242,46.642274],[-119.659017,46.642285],[-119.659789,46.642307],[-119.660554,46.64234],[-119.661313,46.642385],[-119.662065,46.642441],[-119.662808,46.64251],[-119.663539,46.642605],[-119.664257,46.642747],[-119.664962,46.642927],[-119.665658,46.643141],[-119.666346,46.643381],[-119.667028,46.643642],[-119.667706,46.643917],[-119.668382,46.6442],[-119.669058,46.644486],[-119.669736,46.644766],[-119.670418,46.645036],[-119.671106,46.645289],[-119.671803,46.645518],[-119.672509,46.645728],[-119.673224,46.645924],[-119.673944,46.646112],[-119.674666,46.646297],[-119.675387,46.646483],[-119.676105,46.646675],[-119.676819,46.646877],[-119.67753,46.647087],[-119.678238,46.647303],[-119.678946,46.647523],[-119.679653,46.647744],[-119.680361,46.647963],[-119.68107,46.648177],[-119.681782,46.648384],[-119.682498,46.648582],[-119.683217,46.648767],[-119.683942,46.648938],[-119.684673,46.649092],[-119.685411,46.649225],[-119.686157,46.649337],[-119.686907,46.649441],[-119.687659,46.649542],[-119.688415,46.649638],[-119.689173,46.649731],[-119.689933,46.64982],[-119.690695,46.649904],[-119.691459,46.649984],[-119.692225,46.65006],[-119.692992,46.650132],[-119.693761,46.650199],[-119.69453,46.650261],[-119.6953,46.650319],[-119.696071,46.650372],[-119.696843,46.65042],[-119.697614,46.650463],[-119.698385,46.650501],[-119.699156,46.650534],[-119.699927,46.650561],[-119.700697,46.650583],[-119.701466,46.650599],[-119.702234,46.65061],[-119.703001,46.650615],[-119.703766,46.650614],[-119.704531,46.650605],[-119.705295,46.650585],[-119.706059,46.650555],[-119.706823,46.650516],[-119.707586,46.650468],[-119.70835,46.650412],[-119.709113,46.650349],[-119.709876,46.65028],[-119.710639,46.650206],[-119.711403,46.650127],[-119.712166,46.650044],[-119.712929,46.649959],[-119.713692,46.649871],[-119.714454,46.649782],[-119.715217,46.649692],[-119.71598,46.649603],[-119.716743,46.649514],[-119.717506,46.649428],[-119.718269,46.649344],[-119.719032,46.649263],[-119.719795,46.649187],[-119.72058,46.649113],[-119.72094,46.648974],[-119.721299,46.648833],[-119.721658,46.648692],[-119.722016,46.648549],[-119.722374,46.648406],[-119.722732,46.648262],[-119.723089,46.648117],[-119.723446,46.647971],[-119.723802,46.647824],[-119.724158,46.647676],[-119.724514,46.647528],[-119.724869,46.647379],[-119.725224,46.64723],[-119.725579,46.64708],[-119.725934,46.646929],[-119.726288,46.646778],[-119.726643,46.646627],[-119.726997,46.646475],[-119.72735,46.646322],[-119.727704,46.646169],[-119.728058,46.646016],[-119.728411,46.645863],[-119.728764,46.64571],[-119.729118,46.645556],[-119.729471,46.645402],[-119.729824,46.645248],[-119.730177,46.645094],[-119.73053,46.64494],[-119.730883,46.644786],[-119.731236,46.644632],[-119.731589,46.644478],[-119.731942,46.644324],[-119.732296,46.644171],[-119.732649,46.644017],[-119.733003,46.643864],[-119.733356,46.643711],[-119.73371,46.643558],[-119.734064,46.643406],[-119.734418,46.643254],[-119.734772,46.643103],[-119.735126,46.642952],[-119.735481,46.642802],[-119.735836,46.642652],[-119.736191,46.642503],[-119.736547,46.642354],[-119.736903,46.642206],[-119.737259,46.642059],[-119.737615,46.641912],[-119.737972,46.641767],[-119.738329,46.641622],[-119.738687,46.641478],[-119.739045,46.641335],[-119.739403,46.641193],[-119.739762,46.641052],[-119.740122,46.640911],[-119.740481,46.640772],[-119.740842,46.640634],[-119.741203,46.640498],[-119.741564,46.640362],[-119.741926,46.640228],[-119.742288,46.640095],[-119.742652,46.639963],[-119.743015,46.639832],[-119.74338,46.639703],[-119.743745,46.639576],[-119.74411,46.639449],[-119.744477,46.639325],[-119.744844,46.639202],[-119.745211,46.63908],[-119.74558,46.63896],[-119.745949,46.638842],[-119.746319,46.638725],[-119.74669,46.63861],[-119.747061,46.638497],[-119.747434,46.638386],[-119.747807,46.638276],[-119.748181,46.638169],[-119.748556,46.638063],[-119.748932,46.63796],[-119.749308,46.637858],[-119.749686,46.637758],[-119.750065,46.637661],[-119.750444,46.637565],[-119.750825,46.637473],[-119.751208,46.637385],[-119.751593,46.637301],[-119.75198,46.637222],[-119.752369,46.637148],[-119.75276,46.637078],[-119.753152,46.637012],[-119.753547,46.63695],[-119.753943,46.636892],[-119.754341,46.636837],[-119.75474,46.636787],[-119.755141,46.636739],[-119.755544,46.636695],[-119.755948,46.636655],[-119.756353,46.636617],[-119.756759,46.636582],[-119.757167,46.63655],[-119.757576,46.636521],[-119.757987,46.636494],[-119.758398,46.63647],[-119.75881,46.636447],[-119.759223,46.636427],[-119.759638,46.636409],[-119.760053,46.636393],[-119.760469,46.636379],[-119.760885,46.636366],[-119.761302,46.636354],[-119.76172,46.636344],[-119.762139,46.636335],[-119.762558,46.636327],[-119.762977,46.636321],[-119.763397,46.636314],[-119.763817,46.636309],[-119.764237,46.636304],[-119.764658,46.636299],[-119.765078,46.636295],[-119.765499,46.63629],[-119.76592,46.636286],[-119.766341,46.636281],[-119.766761,46.636276],[-119.767182,46.636271],[-119.767602,46.636265],[-119.768022,46.636259],[-119.768442,46.636251],[-119.768861,46.636243],[-119.76928,46.636233],[-119.769699,46.636223],[-119.770117,46.636211],[-119.770534,46.636197],[-119.770951,46.636182],[-119.771367,46.636165],[-119.771782,46.636146],[-119.772196,46.636125],[-119.772609,46.636101],[-119.773022,46.636076],[-119.773433,46.636048],[-119.773843,46.636017],[-119.774253,46.635984],[-119.774662,46.635949],[-119.775071,46.635911],[-119.775479,46.635872],[-119.775888,46.635831],[-119.776295,46.635787],[-119.776703,46.635742],[-119.77711,46.635695],[-119.777517,46.635647],[-119.777923,46.635597],[-119.778329,46.635546],[-119.778735,46.635493],[-119.779141,46.635439],[-119.779546,46.635385],[-119.779951,46.635329],[-119.780355,46.635272],[-119.780759,46.635214],[-119.781163,46.635156],[-119.781567,46.635097],[-119.78197,46.635037],[-119.782373,46.634978],[-119.782777,46.634919],[-119.783181,46.634861],[-119.783584,46.634802],[-119.783988,46.634743],[-119.784392,46.634685],[-119.784796,46.634626],[-119.7852,46.634568],[-119.785604,46.634509],[-119.786008,46.634451],[-119.786412,46.634393],[-119.786816,46.634335],[-119.78722,46.634276],[-119.787624,46.634218],[-119.788028,46.63416],[-119.788433,46.634102],[-119.788837,46.634044],[-119.789241,46.633986],[-119.789645,46.633928],[-119.79005,46.633869],[-119.790454,46.633811],[-119.790858,46.633753],[-119.791262,46.633695],[-119.791666,46.633637],[-119.792071,46.633578],[-119.792475,46.63352],[-119.792879,46.633461],[-119.793283,46.633403],[-119.793687,46.633344],[-119.794091,46.633285],[-119.794495,46.633226],[-119.794899,46.633167],[-119.795303,46.633108],[-119.795707,46.633049],[-119.796111,46.63299],[-119.796515,46.63293],[-119.796918,46.632871],[-119.797322,46.632811],[-119.797726,46.632751],[-119.798129,46.632691],[-119.798533,46.63263],[-119.798936,46.63257],[-119.799339,46.632509],[-119.799742,46.632448],[-119.800145,46.632387],[-119.800548,46.632326],[-119.800951,46.632264],[-119.801354,46.632202],[-119.801757,46.63214],[-119.802159,46.632078],[-119.802562,46.632015],[-119.802964,46.631953],[-119.803366,46.63189],[-119.803768,46.631826],[-119.80417,46.631763],[-119.804572,46.631699],[-119.804974,46.631634],[-119.805375,46.63157],[-119.805777,46.631505],[-119.806178,46.63144],[-119.806579,46.631374],[-119.80698,46.631309],[-119.807381,46.631242],[-119.807781,46.631176],[-119.808182,46.631109],[-119.808582,46.631042],[-119.808982,46.630974],[-119.809382,46.630906],[-119.809782,46.630837],[-119.810181,46.630769],[-119.810581,46.630699],[-119.81098,46.63063],[-119.811379,46.63056],[-119.811778,46.630489],[-119.812176,46.630418],[-119.812574,46.630347],[-119.812973,46.630275],[-119.81337,46.630202],[-119.813765,46.630123],[-119.814157,46.630034],[-119.814545,46.629938],[-119.81493,46.629834],[-119.815313,46.629725],[-119.815693,46.62961],[-119.816072,46.629491],[-119.816449,46.629368],[-119.816825,46.629242],[-119.8172,46.629115],[-119.817575,46.628987],[-119.817949,46.62886],[-119.818323,46.628732],[-119.818698,46.628607],[-119.819074,46.628485],[-119.819451,46.628365],[-119.819829,46.628251],[-119.820209,46.628141],[-119.820591,46.628038],[-119.820976,46.627941],[-119.821363,46.627853],[-119.821754,46.627773],[-119.822147,46.627703],[-119.822545,46.627643],[-119.822945,46.62759],[-119.823347,46.62754],[-119.82375,46.627494],[-119.824154,46.627451],[-119.82456,46.627411],[-119.824967,46.627375],[-119.825375,46.627342],[-119.825784,46.627312],[-119.826195,46.627284],[-119.826606,46.62726],[-119.827018,46.627238],[-119.827431,46.627218],[-119.827844,46.627201],[-119.828258,46.627185],[-119.828673,46.627172],[-119.829088,46.627161],[-119.829503,46.627152],[-119.829919,46.627144],[-119.830335,46.627138],[-119.830751,46.627133],[-119.831167,46.62713],[-119.831583,46.627127],[-119.831999,46.627126],[-119.832414,46.627126],[-119.83283,46.627126],[-119.833245,46.627127],[-119.833659,46.627129],[-119.834074,46.627131],[-119.834487,46.627133],[-119.8349,46.627135],[-119.835312,46.627138],[-119.835724,46.62714],[-119.836137,46.627142],[-119.836549,46.627144],[-119.836962,46.627145],[-119.837375,46.627147],[-119.837788,46.627149],[-119.838201,46.62715],[-119.838614,46.627152],[-119.839027,46.627153],[-119.839441,46.627155],[-119.839855,46.627156],[-119.840268,46.627158],[-119.840682,46.627159],[-119.841096,46.627161],[-119.84151,46.627163],[-119.841924,46.627165],[-119.842338,46.627167],[-119.842752,46.627169],[-119.843166,46.627172],[-119.84358,46.627175],[-119.843994,46.627178],[-119.844408,46.627181],[-119.844822,46.627185],[-119.845237,46.627189],[-119.845651,46.627193],[-119.846065,46.627197],[-119.846479,46.627202],[-119.846893,46.627207],[-119.847307,46.627213],[-119.847721,46.627219],[-119.848134,46.627226],[-119.848548,46.627233],[-119.848962,46.627241],[-119.849375,46.627249],[-119.849789,46.627257],[-119.850202,46.627266],[-119.850616,46.627276],[-119.851029,46.627287],[-119.851442,46.627298],[-119.851854,46.627309],[-119.852267,46.627322],[-119.85268,46.627335],[-119.853092,46.627348],[-119.853504,46.627363],[-119.853916,46.627378],[-119.854328,46.627394],[-119.854739,46.62741],[-119.855151,46.627428],[-119.855562,46.627446],[-119.855973,46.627466],[-119.856383,46.627486],[-119.856794,46.627507],[-119.857204,46.627529],[-119.857614,46.627551],[-119.858023,46.627575],[-119.858433,46.6276],[-119.858842,46.627626],[-119.859251,46.627653],[-119.859659,46.627681],[-119.860067,46.627709],[-119.860475,46.627739],[-119.860882,46.627771],[-119.86129,46.627803],[-119.861696,46.627836],[-119.862103,46.627871],[-119.862508,46.627908],[-119.862913,46.627951],[-119.863316,46.627999],[-119.863718,46.628052],[-119.864118,46.62811],[-119.864518,46.628172],[-119.864916,46.628239],[-119.865314,46.62831],[-119.86571,46.628384],[-119.866106,46.628462],[-119.866501,46.628544],[-119.866895,46.628628],[-119.867288,46.628715],[-119.867681,46.628804],[-119.868074,46.628896],[-119.868465,46.628989],[-119.868857,46.629084],[-119.869248,46.629181],[-119.869639,46.629279],[-119.870029,46.629377],[-119.87042,46.629476],[-119.87081,46.629576],[-119.8712,46.629676],[-119.871591,46.629775],[-119.871981,46.629874],[-119.872371,46.629973],[-119.872762,46.63007],[-119.873153,46.630166],[-119.873545,46.630261],[-119.873936,46.630354],[-119.874329,46.630445],[-119.874721,46.630534],[-119.875115,46.63062],[-119.875508,46.630705],[-119.875901,46.630793],[-119.876293,46.630883],[-119.876684,46.630974],[-119.877075,46.631066],[-119.877465,46.631159],[-119.877856,46.631252],[-119.878246,46.631345],[-119.878637,46.631438],[-119.879028,46.63153],[-119.87942,46.63162],[-119.879812,46.631709],[-119.880204,46.631795],[-119.880598,46.631879],[-119.880993,46.631961],[-119.881389,46.632039],[-119.881786,46.632113],[-119.882185,46.632183],[-119.882586,46.632249],[-119.88299,46.632308],[-119.883397,46.632362],[-119.883806,46.632411],[-119.884218,46.632456],[-119.884631,46.632496],[-119.885046,46.632534],[-119.885462,46.63257],[-119.885879,46.632604],[-119.886296,46.632636],[-119.886713,46.632669],[-119.88713,46.632701],[-119.887546,46.632735],[-119.887961,46.632769],[-119.888375,46.632806],[-119.888787,46.632846],[-119.889197,46.632889],[-119.889604,46.632936],[-119.890008,46.632988],[-119.89041,46.633045],[-119.890807,46.633108],[-119.891201,46.633178],[-119.891591,46.633254],[-119.891976,46.633339],[-119.892356,46.633433],[-119.89273,46.633535],[-119.893102,46.633645],[-119.893476,46.633759],[-119.893851,46.633878],[-119.894226,46.634],[-119.894601,46.634127],[-119.894976,46.634259],[-119.895349,46.634394],[-119.895721,46.634534],[-119.896091,46.634678],[-119.896458,46.634826],[-119.896822,46.634979],[-119.897182,46.635136],[-119.897537,46.635297],[-119.897888,46.635462],[-119.898234,46.635631],[-119.898573,46.635805],[-119.898906,46.635982],[-119.899232,46.636164],[-119.899551,46.63635],[-119.899861,46.63654],[-119.900163,46.636735],[-119.900456,46.636933],[-119.900739,46.637136],[-119.901012,46.637343],[-119.901274,46.637553],[-119.901525,46.637768],[-119.901765,46.637988],[-119.901998,46.638211],[-119.902224,46.638439],[-119.902442,46.638671],[-119.902654,46.638906],[-119.90286,46.639146],[-119.90306,46.639388],[-119.903254,46.639634],[-119.903443,46.639883],[-119.903627,46.640135],[-119.903806,46.640389],[-119.903981,46.640646],[-119.904152,46.640905],[-119.90432,46.641167],[-119.904484,46.64143],[-119.904645,46.641694],[-119.904804,46.641961],[-119.904961,46.642228],[-119.905116,46.642497],[-119.905269,46.642766],[-119.905421,46.643037],[-119.905572,46.643307],[-119.905722,46.643578],[-119.905872,46.64385],[-119.906023,46.644121],[-119.906173,46.644392],[-119.906325,46.644662],[-119.906478,46.644932],[-119.906632,46.645201],[-119.906788,46.645469],[-119.906946,46.645735],[-119.907107,46.646],[-119.907271,46.646264],[-119.907451,46.646546],[-119.907858,46.646352],[-119.908649,46.646025],[-119.909649,46.645145],[-119.91037,46.644511],[-119.912474,46.64343],[-119.914636,46.642319],[-119.914057,46.642077],[-119.913849,46.641942],[-119.913642,46.641805],[-119.913436,46.641668],[-119.91323,46.64153],[-119.913026,46.641391],[-119.912822,46.641251],[-119.912618,46.64111],[-119.912416,46.640969],[-119.912213,46.640827],[-119.912012,46.640684],[-119.911811,46.640541],[-119.91161,46.640397],[-119.91141,46.640253],[-119.91121,46.640108],[-119.911011,46.639962],[-119.910811,46.639817],[-119.910613,46.639671],[-119.910414,46.639524],[-119.910216,46.639377],[-119.910018,46.63923],[-119.90982,46.639083],[-119.909622,46.638936],[-119.909424,46.638789],[-119.909226,46.638641],[-119.909029,46.638494],[-119.908831,46.638346],[-119.908633,46.638199],[-119.908436,46.638051],[-119.908238,46.637904],[-119.90804,46.637757],[-119.907841,46.63761],[-119.907643,46.637464],[-119.907444,46.637317],[-119.907245,46.637172],[-119.907046,46.637026],[-119.906846,46.636881],[-119.906646,46.636736],[-119.906446,46.636592],[-119.906245,46.636449],[-119.906044,46.636306],[-119.905842,46.636163],[-119.905639,46.636022],[-119.905436,46.635881],[-119.905232,46.63574],[-119.905028,46.635601],[-119.904823,46.635462],[-119.904617,46.635325],[-119.904411,46.635188],[-119.904203,46.635052],[-119.903995,46.634917],[-119.903786,46.634784],[-119.903576,46.634651],[-119.903365,46.63452],[-119.903154,46.634389],[-119.902941,46.63426],[-119.902727,46.634132],[-119.902512,46.634006],[-119.902296,46.63388],[-119.902079,46.633757],[-119.90186,46.633634],[-119.901641,46.633513],[-119.90142,46.633394],[-119.901198,46.633276],[-119.900974,46.633159],[-119.900749,46.633045],[-119.900523,46.632932],[-119.900296,46.63282],[-119.900067,46.632711],[-119.899836,46.632603],[-119.899604,46.632497],[-119.89937,46.632393],[-119.899135,46.632291],[-119.898899,46.632191],[-119.89866,46.632092],[-119.89842,46.631996],[-119.898178,46.631902],[-119.897934,46.631811],[-119.897689,46.631721],[-119.897441,46.631634],[-119.897192,46.631549],[-119.896941,46.631466],[-119.896689,46.631385],[-119.896435,46.631306],[-119.896179,46.631229],[-119.895922,46.631154],[-119.895663,46.63108],[-119.895403,46.631009],[-119.895141,46.630939],[-119.894878,46.63087],[-119.894614,46.630804],[-119.894349,46.630739],[-119.894082,46.630675],[-119.893814,46.630613],[-119.893545,46.630552],[-119.893275,46.630493],[-119.893003,46.630435],[-119.892731,46.630379],[-119.892457,46.630323],[-119.892183,46.630269],[-119.891908,46.630216],[-119.891632,46.630163],[-119.891355,46.630112],[-119.891077,46.630062],[-119.890798,46.630013],[-119.890519,46.629964],[-119.890239,46.629917],[-119.889958,46.62987],[-119.889677,46.629824],[-119.889395,46.629779],[-119.889113,46.629734],[-119.88883,46.629689],[-119.888547,46.629646],[-119.888264,46.629602],[-119.88798,46.629559],[-119.887695,46.629517],[-119.887411,46.629475],[-119.887126,46.629433],[-119.886841,46.629391],[-119.886556,46.629349],[-119.886271,46.629308],[-119.885985,46.629266],[-119.8857,46.629225],[-119.885415,46.629183],[-119.885129,46.629142],[-119.884844,46.6291],[-119.884559,46.629058],[-119.884274,46.629016],[-119.883989,46.628974],[-119.883705,46.628931],[-119.883421,46.628888],[-119.883137,46.628844],[-119.882853,46.6288],[-119.88257,46.628755],[-119.882288,46.62871],[-119.882005,46.628664],[-119.881724,46.628617],[-119.881443,46.62857],[-119.881162,46.628521],[-119.880883,46.628472],[-119.880604,46.628422],[-119.880325,46.628372],[-119.880048,46.62832],[-119.879771,46.628267],[-119.879495,46.628213],[-119.87922,46.628157],[-119.878946,46.628101],[-119.878673,46.628043],[-119.878401,46.627984],[-119.878131,46.627921],[-119.877862,46.627855],[-119.877594,46.627788],[-119.877327,46.627717],[-119.877062,46.627645],[-119.876797,46.627571],[-119.876533,46.627496],[-119.87627,46.627419],[-119.876007,46.627342],[-119.875744,46.627264],[-119.875482,46.627186],[-119.875219,46.627108],[-119.874957,46.62703],[-119.874694,46.626952],[-119.87443,46.626876],[-119.874115,46.626786],[-119.873541,46.626638],[-119.873258,46.626566],[-119.872975,46.626492],[-119.872693,46.626417],[-119.872411,46.62634],[-119.872129,46.626262],[-119.871847,46.626184],[-119.871566,46.626106],[-119.871284,46.626028],[-119.871002,46.625951],[-119.87072,46.625876],[-119.870437,46.625802],[-119.870153,46.625731],[-119.869868,46.625662],[-119.869583,46.625596],[-119.869296,46.625534],[-119.869008,46.625475],[-119.868719,46.625421],[-119.868428,46.625371],[-119.868135,46.625326],[-119.86784,46.625287],[-119.867544,46.625252],[-119.867248,46.625218],[-119.866952,46.625184],[-119.866655,46.625151],[-119.866359,46.625118],[-119.866062,46.625086],[-119.865765,46.625054],[-119.865468,46.625023],[-119.865171,46.624992],[-119.864873,46.624961],[-119.864576,46.624931],[-119.864278,46.624901],[-119.86398,46.624871],[-119.863682,46.624842],[-119.863384,46.624814],[-119.863086,46.624785],[-119.862787,46.624757],[-119.862489,46.62473],[-119.86219,46.624702],[-119.861891,46.624676],[-119.861593,46.624649],[-119.861294,46.624623],[-119.860995,46.624597],[-119.860695,46.624571],[-119.860396,46.624545],[-119.860097,46.62452],[-119.859797,46.624495],[-119.859498,46.624471],[-119.859198,46.624446],[-119.858899,46.624422],[-119.858599,46.624398],[-119.858299,46.624375],[-119.857999,46.624351],[-119.857699,46.624328],[-119.857399,46.624305],[-119.857099,46.624282],[-119.856799,46.62426],[-119.856499,46.624237],[-119.856199,46.624215],[-119.855899,46.624193],[-119.855599,46.624171],[-119.855298,46.624149],[-119.854998,46.624127],[-119.854698,46.624106],[-119.854397,46.624084],[-119.854097,46.624063],[-119.853796,46.624041],[-119.853496,46.62402],[-119.853196,46.623999],[-119.852895,46.623978],[-119.852595,46.623957],[-119.852294,46.623936],[-119.851994,46.623915],[-119.851694,46.623894],[-119.851393,46.623873],[-119.851093,46.623853],[-119.850793,46.623832],[-119.850492,46.623811],[-119.850192,46.62379],[-119.849892,46.623769],[-119.849592,46.623748],[-119.849291,46.623728],[-119.848991,46.623707],[-119.848691,46.623686],[-119.848391,46.623665],[-119.848091,46.623643],[-119.847791,46.623622],[-119.847492,46.623601],[-119.847192,46.623579],[-119.846892,46.623557],[-119.846592,46.623535],[-119.846292,46.623511],[-119.845991,46.623487],[-119.845691,46.623462],[-119.84539,46.623437],[-119.84509,46.623412],[-119.844789,46.623386],[-119.844488,46.623359],[-119.844187,46.623333],[-119.843886,46.623306],[-119.843585,46.623279],[-119.843283,46.623253],[-119.842982,46.623226],[-119.842681,46.623199],[-119.842379,46.623173],[-119.842078,46.623147],[-119.841777,46.623121],[-119.841475,46.623096],[-119.841174,46.623071],[-119.840873,46.623047],[-119.840571,46.623023],[-119.84027,46.623],[-119.839969,46.622978],[-119.839667,46.622956],[-119.839366,46.622936],[-119.839065,46.622916],[-119.838764,46.622898],[-119.838463,46.62288],[-119.838162,46.622864],[-119.837862,46.622849],[-119.837561,46.622835],[-119.837261,46.622823],[-119.83696,46.622812],[-119.83666,46.622803],[-119.83636,46.622795],[-119.83606,46.622789],[-119.835761,46.622785],[-119.835461,46.622783],[-119.835162,46.622782],[-119.834863,46.622783],[-119.834564,46.622787],[-119.834265,46.622792],[-119.833967,46.6228],[-119.833669,46.62281],[-119.833371,46.622822],[-119.833073,46.622836],[-119.832775,46.622852],[-119.832478,46.62287],[-119.83218,46.622889],[-119.831882,46.62291],[-119.831584,46.622932],[-119.831286,46.622956],[-119.830989,46.622982],[-119.830691,46.623009],[-119.830393,46.623037],[-119.830096,46.623067],[-119.829798,46.623098],[-119.829501,46.62313],[-119.829204,46.623164],[-119.828906,46.623199],[-119.828609,46.623235],[-119.828312,46.623273],[-119.828015,46.623311],[-119.827718,46.623351],[-119.827422,46.623392],[-119.827125,46.623433],[-119.826829,46.623476],[-119.826532,46.62352],[-119.826236,46.623564],[-119.82594,46.62361],[-119.825645,46.623656],[-119.825349,46.623704],[-119.825054,46.623751],[-119.824758,46.6238],[-119.824463,46.62385],[-119.824168,46.6239],[-119.823874,46.62395],[-119.823579,46.624002],[-119.823285,46.624053],[-119.822991,46.624106],[-119.822698,46.624159],[-119.822404,46.624212],[-119.822111,46.624266],[-119.821818,46.62432],[-119.821526,46.624374],[-119.821233,46.624429],[-119.820941,46.624484],[-119.82065,46.624539],[-119.820358,46.624595],[-119.820067,46.62465],[-119.819776,46.624706],[-119.819486,46.624762],[-119.819196,46.624818],[-119.818906,46.624874],[-119.818617,46.62493],[-119.818328,46.624988],[-119.818039,46.625048],[-119.817751,46.625108],[-119.817463,46.625169],[-119.817176,46.625231],[-119.816889,46.625294],[-119.816602,46.625357],[-119.816315,46.625422],[-119.816029,46.625487],[-119.815743,46.625553],[-119.815457,46.62562],[-119.815172,46.625688],[-119.814887,46.625756],[-119.814602,46.625825],[-119.814317,46.625894],[-119.814032,46.625964],[-119.813748,46.626034],[-119.813464,46.626105],[-119.81318,46.626176],[-119.812896,46.626248],[-119.812612,46.62632],[-119.812328,46.626392],[-119.812045,46.626464],[-119.811761,46.626537],[-119.811478,46.62661],[-119.811195,46.626683],[-119.810911,46.626756],[-119.810628,46.626829],[-119.810345,46.626903],[-119.810062,46.626976],[-119.809778,46.627049],[-119.809495,46.627123],[-119.809212,46.627196],[-119.808929,46.627269],[-119.808645,46.627342],[-119.808362,46.627414],[-119.808078,46.627486],[-119.807795,46.627559],[-119.807511,46.62763],[-119.807227,46.627702],[-119.806943,46.627773],[-119.806659,46.627843],[-119.806375,46.627913],[-119.806091,46.627983],[-119.805806,46.628052],[-119.805521,46.62812],[-119.805236,46.628188],[-119.804951,46.628255],[-119.804665,46.628321],[-119.804379,46.628387],[-119.804093,46.628452],[-119.803807,46.628516],[-119.80352,46.628579],[-119.803233,46.628641],[-119.802946,46.628703],[-119.802659,46.628763],[-119.802371,46.628823],[-119.802082,46.628881],[-119.801794,46.628938],[-119.801505,46.628995],[-119.801215,46.62905],[-119.800925,46.629104],[-119.800635,46.629156],[-119.800344,46.629208],[-119.800053,46.629258],[-119.799761,46.629307],[-119.799469,46.629354],[-119.799176,46.6294],[-119.798883,46.629445],[-119.79859,46.629489],[-119.798296,46.629532],[-119.798002,46.629573],[-119.797708,46.629613],[-119.797413,46.629653],[-119.797117,46.629691],[-119.796822,46.629728],[-119.796526,46.629765],[-119.79623,46.6298],[-119.795933,46.629835],[-119.795637,46.629868],[-119.79534,46.629901],[-119.795042,46.629933],[-119.794745,46.629964],[-119.794447,46.629995],[-119.794149,46.630024],[-119.793851,46.630053],[-119.793552,46.630082],[-119.793253,46.63011],[-119.792955,46.630137],[-119.792655,46.630164],[-119.792356,46.63019],[-119.792057,46.630215],[-119.791757,46.630241],[-119.791457,46.630265],[-119.791157,46.63029],[-119.790857,46.630314],[-119.790557,46.630338],[-119.790257,46.630361],[-119.789957,46.630384],[-119.789656,46.630407],[-119.789356,46.63043],[-119.789055,46.630452],[-119.788755,46.630475],[-119.788454,46.630497],[-119.788153,46.630519],[-119.787853,46.630541],[-119.787552,46.630563],[-119.787251,46.630586],[-119.78695,46.630608],[-119.78665,46.63063],[-119.786349,46.630653],[-119.786048,46.630675],[-119.785748,46.630698],[-119.785447,46.630721],[-119.785147,46.630744],[-119.784846,46.630768],[-119.784546,46.630791],[-119.784246,46.630815],[-119.783946,46.63084],[-119.783646,46.630865],[-119.783346,46.63089],[-119.783046,46.630916],[-119.782746,46.630942],[-119.782447,46.630969],[-119.782148,46.630996],[-119.781849,46.631024],[-119.78155,46.631053],[-119.781251,46.631082],[-119.780952,46.631112],[-119.780654,46.631142],[-119.780356,46.631174],[-119.780058,46.631206],[-119.779761,46.631239],[-119.779463,46.631273],[-119.779166,46.631307],[-119.77887,46.631343],[-119.778573,46.63138],[-119.778277,46.631417],[-119.777981,46.631456],[-119.777685,46.631495],[-119.77739,46.631535],[-119.777095,46.631576],[-119.7768,46.631618],[-119.776505,46.631661],[-119.77621,46.631704],[-119.775916,46.631749],[-119.775622,46.631793],[-119.775328,46.631839],[-119.775034,46.631885],[-119.774741,46.631932],[-119.774447,46.631979],[-119.774154,46.632027],[-119.773861,46.632076],[-119.773568,46.632125],[-119.773275,46.632174],[-119.772982,46.632224],[-119.772689,46.632275],[-119.772397,46.632325],[-119.772104,46.632376],[-119.771812,46.632428],[-119.771519,46.632479],[-119.771227,46.632531],[-119.770935,46.632583],[-119.770643,46.632636],[-119.770351,46.632688],[-119.770059,46.632741],[-119.769767,46.632794],[-119.769475,46.632847],[-119.769183,46.632899],[-119.768891,46.632952],[-119.768599,46.633005],[-119.768307,46.633058],[-119.768015,46.633111],[-119.767723,46.633164],[-119.767431,46.633216],[-119.767139,46.633269],[-119.766847,46.633321],[-119.766555,46.633373],[-119.766262,46.633425],[-119.76597,46.633477],[-119.765678,46.633528],[-119.765385,46.633579],[-119.765092,46.63363],[-119.7648,46.63368],[-119.764507,46.63373],[-119.764214,46.633779],[-119.763921,46.633828],[-119.763628,46.633876],[-119.763335,46.633924],[-119.763041,46.633971],[-119.762747,46.634018],[-119.762454,46.634064],[-119.76216,46.634109],[-119.761866,46.634154],[-119.761571,46.634198],[-119.761277,46.634242],[-119.760982,46.634284],[-119.760687,46.634326],[-119.760392,46.634367],[-119.760096,46.634407],[-119.759801,46.634446],[-119.759505,46.634484],[-119.759208,46.634521],[-119.758911,46.634557],[-119.758613,46.63459],[-119.758315,46.634622],[-119.758016,46.634653],[-119.757716,46.634683],[-119.757415,46.63471],[-119.757114,46.634737],[-119.756813,46.634763],[-119.756511,46.634787],[-119.756208,46.63481],[-119.755905,46.634832],[-119.755602,46.634853],[-119.755298,46.634874],[-119.754994,46.634893],[-119.75469,46.634912],[-119.754385,46.63493],[-119.75408,46.634948],[-119.753775,46.634965],[-119.75347,46.634981],[-119.753165,46.634997],[-119.752859,46.635013],[-119.752554,46.635028],[-119.752248,46.635043],[-119.751942,46.635058],[-119.751637,46.635073],[-119.751331,46.635088],[-119.751026,46.635103],[-119.750721,46.635118],[-119.750416,46.635134],[-119.750111,46.635149],[-119.749807,46.635165],[-119.749502,46.635181],[-119.749198,46.635198],[-119.748895,46.635215],[-119.748591,46.635233],[-119.748288,46.635252],[-119.747986,46.635271],[-119.747684,46.635291],[-119.747383,46.635312],[-119.747082,46.635333],[-119.746781,46.635356],[-119.746482,46.63538],[-119.746183,46.635405],[-119.745884,46.635431],[-119.745587,46.635458],[-119.74529,46.635487],[-119.744993,46.635517],[-119.744698,46.635549],[-119.744404,46.635582],[-119.74411,46.635616],[-119.743817,46.635653],[-119.743526,46.635691],[-119.743235,46.635731],[-119.742945,46.635772],[-119.742657,46.635816],[-119.742369,46.635862],[-119.742082,46.635909],[-119.741797,46.635959],[-119.741513,46.636011],[-119.74123,46.636065],[-119.740948,46.636122],[-119.740668,46.636181],[-119.740389,46.636243],[-119.740114,46.636311],[-119.739843,46.636386],[-119.739575,46.636467],[-119.739311,46.636554],[-119.739049,46.636646],[-119.738791,46.636743],[-119.738536,46.636845],[-119.738283,46.636952],[-119.738033,46.637064],[-119.737785,46.637179],[-119.737539,46.637298],[-119.737295,46.63742],[-119.737053,46.637546],[-119.736813,46.637675],[-119.736574,46.637806],[-119.736337,46.637939],[-119.7361,46.638075],[-119.735865,46.638212],[-119.735631,46.638351],[-119.735397,46.638491],[-119.735164,46.638632],[-119.734931,46.638774],[-119.734699,46.638916],[-119.734466,46.639058],[-119.734233,46.639199],[-119.734,46.63934],[-119.733767,46.639481],[-119.733533,46.63962],[-119.733298,46.639758],[-119.733062,46.639894],[-119.732825,46.640028],[-119.732586,46.64016],[-119.732346,46.640289],[-119.732105,46.640416],[-119.731862,46.640539],[-119.730149,46.641148],[-119.728891,46.641603],[-119.727633,46.642058],[-119.726374,46.642511],[-119.725111,46.642959],[-119.723842,46.643398],[-119.722566,46.643826],[-119.72128,46.644243],[-119.719995,46.64469],[-119.71871,46.645165],[-119.717424,46.645649],[-119.716133,46.646125],[-119.714836,46.646574],[-119.713528,46.646978],[-119.712209,46.64732],[-119.710874,46.64758],[-119.709522,46.647742],[-119.708152,46.647806],[-119.706772,46.647811],[-119.705383,46.647767],[-119.703985,46.64768],[-119.702581,46.647557],[-119.701171,46.647404],[-119.699757,46.64723],[-119.698339,46.64704],[-119.696919,46.646841],[-119.695498,46.646641],[-119.694077,46.646446],[-119.692658,46.646263],[-119.691241,46.646099],[-119.689828,46.645961],[-119.688402,46.645899],[-119.686949,46.645945],[-119.68552,46.645937],[-119.684169,46.645709],[-119.682868,46.645341],[-119.681574,46.644954],[-119.680288,46.644548],[-119.679007,46.644127],[-119.677732,46.643695],[-119.676459,46.643253],[-119.675189,46.642805],[-119.67392,46.642353],[-119.67265,46.641901],[-119.671379,46.641452],[-119.670106,46.641007],[-119.668828,46.640571],[-119.667546,46.640146],[-119.666257,46.639735],[-119.664961,46.639341],[-119.663656,46.638967],[-119.662332,46.638627],[-119.660966,46.638355],[-119.659568,46.638144],[-119.658152,46.637985],[-119.65673,46.637867],[-119.655314,46.637781],[-119.653905,46.637738],[-119.65248,46.637799],[-119.651062,46.637955],[-119.649677,46.638195],[-119.648318,46.638475],[-119.646956,46.638755],[-119.645592,46.639035],[-119.644226,46.639316],[-119.642859,46.639598],[-119.64149,46.639881],[-119.640122,46.640165],[-119.638754,46.640452],[-119.637386,46.64074],[-119.63602,46.641032],[-119.634656,46.641326],[-119.633294,46.641623],[-119.631935,46.641924],[-119.63058,46.642228],[-119.629228,46.642537],[-119.627881,46.64285],[-119.626539,46.643168],[-119.625203,46.643491],[-119.623872,46.64382],[-119.622549,46.644154],[-119.621233,46.644495],[-119.619924,46.644842],[-119.618623,46.645195],[-119.617462,46.645676],[-119.61671,46.646542],[-119.615954,46.647426],[-119.614846,46.648016],[-119.613655,46.648536],[-119.612435,46.649033],[-119.611194,46.649514],[-119.609937,46.649982],[-119.608672,46.650444],[-119.607405,46.650904],[-119.606143,46.651369],[-119.604892,46.651843],[-119.603658,46.652332],[-119.60245,46.652842],[-119.601272,46.653377],[-119.600142,46.65395],[-119.59914,46.654627],[-119.598237,46.655386],[-119.597375,46.656181],[-119.596498,46.656966],[-119.595546,46.657696],[-119.594499,46.658354],[-119.593409,46.658982],[-119.59229,46.65959],[-119.591154,46.660186],[-119.590012,46.660779],[-119.588877,46.661375],[-119.587759,46.661983],[-119.586671,46.66261],[-119.585625,46.663265],[-119.584631,46.663956],[-119.583681,46.664676],[-119.582752,46.665411],[-119.581841,46.666157],[-119.580946,46.666915],[-119.580066,46.667682],[-119.579197,46.668457],[-119.578339,46.669238],[-119.577488,46.670025],[-119.576643,46.670815],[-119.575801,46.671607],[-119.574961,46.672401],[-119.574121,46.673193],[-119.573278,46.673983],[-119.57243,46.67477],[-119.571578,46.675553],[-119.570765,46.676354],[-119.56998,46.677171],[-119.569186,46.677983],[-119.568348,46.678772],[-119.567496,46.679555],[-119.566651,46.680344],[-119.56581,46.681135],[-119.564974,46.68193],[-119.564138,46.682725],[-119.563303,46.683521],[-119.562466,46.684316],[-119.561626,46.685109],[-119.56078,46.685899],[-119.559929,46.686685],[-119.559069,46.687465],[-119.558199,46.688239],[-119.557317,46.689005],[-119.556423,46.689763],[-119.555513,46.690511],[-119.554587,46.691248],[-119.553643,46.691973],[-119.552679,46.692685],[-119.551672,46.693372],[-119.550619,46.694033],[-119.549526,46.694671],[-119.548401,46.695291],[-119.547253,46.695897],[-119.546088,46.696493],[-119.544916,46.697082],[-119.543742,46.69767],[-119.542576,46.69826],[-119.541424,46.698856],[-119.540294,46.699463],[-119.539195,46.700084],[-119.538133,46.700724],[-119.537117,46.701386],[-119.536154,46.702076],[-119.535252,46.702796],[-119.53442,46.703553],[-119.533681,46.704354],[-119.533033,46.705199],[-119.53246,46.706081],[-119.531951,46.706993],[-119.53149,46.707929],[-119.531066,46.708882],[-119.530664,46.709846],[-119.530271,46.710815],[-119.529873,46.711782],[-119.529458,46.712741],[-119.52901,46.713685],[-119.528518,46.714608],[-119.527968,46.715504],[-119.527344,46.716366],[-119.526568,46.717224],[-119.525627,46.718054],[-119.524558,46.718797],[-119.523401,46.719396],[-119.522192,46.719795],[-119.520928,46.719948],[-119.519569,46.719894],[-119.518145,46.719695],[-119.51669,46.719416],[-119.515235,46.719119],[-119.513814,46.71887],[-119.512416,46.718677],[-119.511007,46.718496],[-119.509593,46.71832],[-119.50818,46.718139],[-119.506774,46.717946],[-119.505381,46.717731],[-119.504007,46.717487],[-119.502659,46.717206],[-119.501342,46.716878],[-119.500082,46.716468],[-119.498895,46.715947],[-119.497757,46.715353],[-119.496642,46.714723],[-119.495523,46.714094],[-119.494373,46.713505],[-119.493177,46.712973],[-119.491949,46.712466],[-119.490701,46.711976],[-119.489439,46.711495],[-119.488174,46.711017],[-119.486914,46.710538],[-119.485667,46.710049],[-119.484442,46.709546],[-119.483248,46.709022],[-119.482094,46.70847],[-119.480988,46.707885],[-119.479942,46.70726],[-119.479038,46.70654],[-119.478277,46.705726],[-119.477608,46.704851],[-119.476978,46.703946],[-119.476335,46.703046],[-119.475628,46.702182],[-119.474806,46.701386],[-119.473916,46.700627],[-119.473003,46.699878],[-119.472068,46.699139],[-119.471113,46.698411],[-119.470141,46.697693],[-119.469152,46.696985],[-119.468151,46.696287],[-119.467137,46.695599],[-119.466114,46.69492],[-119.465075,46.694258],[-119.463927,46.693676],[-119.4627,46.693153],[-119.461472,46.692634],[-119.460319,46.692067],[-119.459314,46.691397],[-119.458326,46.690655],[-119.457285,46.689883],[-119.456246,46.689085],[-119.455265,46.688266],[-119.454395,46.687431],[-119.453692,46.686585],[-119.45321,46.685732],[-119.453004,46.684877],[-119.453076,46.683978],[-119.453362,46.683002],[-119.453825,46.681981],[-119.45443,46.680946],[-119.455138,46.679928],[-119.455914,46.678959],[-119.456721,46.678068],[-119.457522,46.677288],[-119.458281,46.676649],[-119.459019,46.67631],[-119.460112,46.67718],[-119.461203,46.678486],[-119.461754,46.679054],[-119.461683,46.678559],[-119.461453,46.677801],[-119.461095,46.676856],[-119.460634,46.675793],[-119.460097,46.67468],[-119.459511,46.673584],[-119.4589,46.672575],[-119.458275,46.671691],[-119.457575,46.670836],[-119.456798,46.670003],[-119.455948,46.669202],[-119.455031,46.668441],[-119.454051,46.667732],[-119.453015,46.667076],[-119.451934,46.666455],[-119.450815,46.66586],[-119.449667,46.665286],[-119.448497,46.664726],[-119.447313,46.664176],[-119.446123,46.663629],[-119.444936,46.663081],[-119.443759,46.662524],[-119.442599,46.661955],[-119.441475,46.661352],[-119.4404,46.66069],[-119.439337,46.660016],[-119.438247,46.659378],[-119.43709,46.65883],[-119.435828,46.658415],[-119.434473,46.658093],[-119.433052,46.657832],[-119.431583,46.657616],[-119.430086,46.657429],[-119.42858,46.657255],[-119.427084,46.657078],[-119.425616,46.656883],[-119.424197,46.656654],[-119.422844,46.656374],[-119.421577,46.656028],[-119.420416,46.655601],[-119.419378,46.655076],[-119.418469,46.654448],[-119.417641,46.653748],[-119.416883,46.652985],[-119.41619,46.652167],[-119.415557,46.651301],[-119.414976,46.650395],[-119.414443,46.649455],[-119.41395,46.648489],[-119.413494,46.647504],[-119.413067,46.646508],[-119.412664,46.645506],[-119.412279,46.644508],[-119.411906,46.64352],[-119.411538,46.64255],[-119.411172,46.641603],[-119.41089,46.640663],[-119.41079,46.6397],[-119.410817,46.638719],[-119.410917,46.637729],[-119.411035,46.636734],[-119.411117,46.635743],[-119.41111,46.63476],[-119.411019,46.633734],[-119.41088,46.632658],[-119.410714,46.631561],[-119.410544,46.630466],[-119.410394,46.629402],[-119.410285,46.628395],[-119.410241,46.62747],[-119.410283,46.626655],[-119.410436,46.625975],[-119.41153,46.626376],[-119.413165,46.6275],[-119.413638,46.627556],[-119.413311,46.626813],[-119.412959,46.626025],[-119.412582,46.625196],[-119.41218,46.624333],[-119.411755,46.623438],[-119.411305,46.622517],[-119.410833,46.621574],[-119.410337,46.620614],[-119.409819,46.619643],[-119.40928,46.618664],[-119.408718,46.617683],[-119.408136,46.616703],[-119.407533,46.61573],[-119.40691,46.614769],[-119.406268,46.613824],[-119.405605,46.6129],[-119.404924,46.612002],[-119.404225,46.611134],[-119.403506,46.610301],[-119.402735,46.609499],[-119.401904,46.608724],[-119.401021,46.607972],[-119.400093,46.60724],[-119.399127,46.606525],[-119.398131,46.605822],[-119.397111,46.60513],[-119.396076,46.604445],[-119.395032,46.603762],[-119.393987,46.60308],[-119.392948,46.602394],[-119.391923,46.601701],[-119.390918,46.600998],[-119.389941,46.600282],[-119.388998,46.599548],[-119.387975,46.598746],[-119.386844,46.597868],[-119.385651,46.596943],[-119.384443,46.595999],[-119.383267,46.595063],[-119.382169,46.594163],[-119.381198,46.593327],[-119.380398,46.592583],[-119.379818,46.591959],[-119.379504,46.591482],[-119.379507,46.591182],[-119.380052,46.591175],[-119.381139,46.591456],[-119.382619,46.591946],[-119.384343,46.592567],[-119.386163,46.59324],[-119.387931,46.593888],[-119.389499,46.59443],[-119.390718,46.594789],[-119.391439,46.594886],[-119.391533,46.594633],[-119.391057,46.594049],[-119.390156,46.593234],[-119.388975,46.592288],[-119.387659,46.591315],[-119.386354,46.590413],[-119.385202,46.589683],[-119.384137,46.589041],[-119.383067,46.588401],[-119.381994,46.587764],[-119.380917,46.587129],[-119.379836,46.586496],[-119.378751,46.585866],[-119.377663,46.585238],[-119.37657,46.584613],[-119.375474,46.583991],[-119.374375,46.58337],[-119.373272,46.582753],[-119.372166,46.582138],[-119.371057,46.581525],[-119.369944,46.580916],[-119.368829,46.580309],[-119.36771,46.579704],[-119.366589,46.579103],[-119.365464,46.578504],[-119.364337,46.577908],[-119.363207,46.577314],[-119.362075,46.576724],[-119.36094,46.576137],[-119.359802,46.575552],[-119.358662,46.57497],[-119.357517,46.574394],[-119.356359,46.573828],[-119.355187,46.573272],[-119.354005,46.572725],[-119.352814,46.572187],[-119.351614,46.571654],[-119.350407,46.571128],[-119.349195,46.570606],[-119.347979,46.570088],[-119.34676,46.569571],[-119.34554,46.569056],[-119.344321,46.568542],[-119.343104,46.568026],[-119.34189,46.567508],[-119.34068,46.566987],[-119.339477,46.566462],[-119.338281,46.565932],[-119.337094,46.565395],[-119.335918,46.56485],[-119.334754,46.564297],[-119.333602,46.563734],[-119.332466,46.56316],[-119.331345,46.562574],[-119.330243,46.561975],[-119.329159,46.561362],[-119.328096,46.560734],[-119.327061,46.560083],[-119.326063,46.559404],[-119.325099,46.558697],[-119.324168,46.557966],[-119.323265,46.557213],[-119.322389,46.556441],[-119.321537,46.555652],[-119.320705,46.554848],[-119.319892,46.554033],[-119.319093,46.553209],[-119.318308,46.552379],[-119.317532,46.551544],[-119.316764,46.550708],[-119.316,46.549873],[-119.315238,46.549042],[-119.314475,46.548217],[-119.313748,46.547379],[-119.313121,46.546489],[-119.312568,46.545564],[-119.312055,46.544619],[-119.311553,46.543673],[-119.311031,46.542741],[-119.310457,46.54184],[-119.3098,46.540988],[-119.30903,46.5402],[-119.308118,46.539493],[-119.307124,46.538831],[-119.306088,46.538194],[-119.305013,46.53758],[-119.303904,46.536985],[-119.302765,46.536408],[-119.301601,46.535846],[-119.300416,46.535296],[-119.299214,46.534757],[-119.297999,46.534225],[-119.296776,46.533699],[-119.29555,46.533175],[-119.294324,46.532653],[-119.293103,46.532128],[-119.291892,46.531599],[-119.290694,46.531064],[-119.289513,46.53052],[-119.288318,46.529994],[-119.287102,46.529492],[-119.285874,46.529002],[-119.284643,46.528515],[-119.283419,46.52802],[-119.282305,46.526592],[-119.281632,46.525758],[-119.280952,46.524926],[-119.280267,46.524096],[-119.279582,46.523265],[-119.278902,46.522434],[-119.27823,46.5216],[-119.277571,46.520763],[-119.276928,46.519921],[-119.276307,46.519073],[-119.275711,46.518219],[-119.275144,46.517358],[-119.274611,46.516487],[-119.274113,46.515606],[-119.273641,46.514715],[-119.273194,46.513815],[-119.272773,46.512907],[-119.272377,46.511991],[-119.272006,46.51107],[-119.271661,46.510143],[-119.271342,46.509211],[-119.271047,46.508277],[-119.270779,46.50734],[-119.270536,46.506401],[-119.270319,46.505462],[-119.270127,46.504524],[-119.269965,46.503584],[-119.269831,46.502641],[-119.269722,46.501695],[-119.269634,46.500747],[-119.269564,46.499798],[-119.269509,46.498847],[-119.269466,46.497895],[-119.26943,46.496941],[-119.269399,46.495988],[-119.269369,46.495034],[-119.269337,46.494079],[-119.269299,46.493126],[-119.269253,46.492173],[-119.269195,46.49122],[-119.269121,46.49027],[-119.269028,46.48932],[-119.268914,46.488373],[-119.268773,46.487427],[-119.268608,46.486483],[-119.26842,46.485539],[-119.268213,46.484596],[-119.26799,46.483653],[-119.267752,46.48271],[-119.267503,46.481768],[-119.267245,46.480826],[-119.266981,46.479884],[-119.266714,46.478943],[-119.266446,46.478002],[-119.26618,46.477062],[-119.265919,46.476121],[-119.265665,46.475181],[-119.265422,46.474241],[-119.265191,46.473301],[-119.264975,46.472362],[-119.264778,46.471422],[-119.264601,46.470483],[-119.264448,46.469543],[-119.264321,46.468604],[-119.264222,46.467665],[-119.264155,46.466725],[-119.264123,46.465786],[-119.264136,46.464847],[-119.264201,46.463908],[-119.264314,46.46297],[-119.26447,46.462032],[-119.264664,46.461094],[-119.26489,46.460157],[-119.265144,46.45922],[-119.265421,46.458283],[-119.265716,46.457346],[-119.266024,46.45641],[-119.266341,46.455473],[-119.26666,46.454537],[-119.266978,46.4536],[-119.267289,46.452664],[-119.267589,46.451727],[-119.267873,46.450791],[-119.268135,46.449854],[-119.268386,46.448918],[-119.268675,46.447984],[-119.268991,46.447051],[-119.269319,46.446118],[-119.269643,46.445186],[-119.269948,46.444252],[-119.270218,46.443318],[-119.270438,46.442381],[-119.270593,46.441441],[-119.270667,46.440497],[-119.270665,46.439551],[-119.270645,46.438603],[-119.27061,46.437655],[-119.270562,46.436706],[-119.270503,46.435757],[-119.270432,46.434807],[-119.270351,46.433857],[-119.270262,46.432906],[-119.270164,46.431956],[-119.270059,46.431004],[-119.269948,46.430053],[-119.269833,46.429101],[-119.269713,46.428149],[-119.269591,46.427197],[-119.269466,46.426245],[-119.26934,46.425293],[-119.269215,46.424341],[-119.269091,46.423389],[-119.268968,46.422437],[-119.268849,46.421485],[-119.268734,46.420533],[-119.268624,46.419582],[-119.26852,46.41863],[-119.268423,46.417679],[-119.268334,46.416729],[-119.268255,46.415779],[-119.268185,46.414829],[-119.268127,46.413879],[-119.268081,46.412931],[-119.268048,46.411982],[-119.268029,46.411034],[-119.268025,46.410087],[-119.268037,46.409141],[-119.268067,46.408195],[-119.268115,46.40725],[-119.268193,46.406307],[-119.268307,46.405364],[-119.268454,46.404423],[-119.268631,46.403483],[-119.268835,46.402544],[-119.269063,46.401606],[-119.269313,46.400669],[-119.26958,46.399732],[-119.269863,46.398796],[-119.270158,46.397861],[-119.270462,46.396926],[-119.270772,46.395991],[-119.271086,46.395057],[-119.271399,46.394123],[-119.27171,46.393189],[-119.272015,46.392254],[-119.272312,46.39132],[-119.272596,46.390385],[-119.272866,46.38945],[-119.273119,46.388514],[-119.27335,46.387577],[-119.273559,46.38664],[-119.27374,46.385703],[-119.273892,46.384764],[-119.274,46.383823],[-119.274027,46.38288],[-119.273982,46.381933],[-119.273875,46.380984],[-119.273717,46.380035],[-119.273519,46.379085],[-119.273292,46.378136],[-119.273048,46.377189],[-119.272796,46.376245],[-119.272549,46.375303],[-119.272312,46.374366],[-119.272066,46.373431],[-119.271805,46.372498],[-119.271532,46.371565],[-119.271248,46.370635],[-119.270957,46.369705],[-119.270659,46.368775],[-119.270357,46.367846],[-119.270053,46.366918],[-119.269749,46.365989],[-119.269446,46.36506],[-119.269146,46.364131],[-119.268852,46.363201],[-119.268566,46.36227],[-119.268289,46.361338],[-119.268023,46.360404],[-119.267771,46.359469],[-119.267533,46.358533],[-119.2673,46.357595],[-119.26707,46.356657],[-119.266843,46.355719],[-119.266619,46.35478],[-119.266397,46.353841],[-119.266179,46.352902],[-119.265962,46.351962],[-119.265749,46.351022],[-119.265537,46.350082],[-119.265328,46.349141],[-119.265122,46.3482],[-119.264917,46.347259],[-119.264715,46.346318],[-119.264515,46.345376],[-119.264317,46.344434],[-119.26412,46.343492],[-119.263926,46.34255],[-119.263733,46.341608],[-119.263542,46.340665],[-119.263353,46.339723],[-119.263165,46.33878],[-119.262978,46.337837],[-119.262793,46.336894],[-119.262609,46.335951],[-119.262427,46.335008],[-119.262244,46.334065],[-119.26206,46.333121],[-119.261877,46.332176],[-119.261695,46.331231],[-119.261514,46.330285],[-119.261335,46.329339],[-119.26116,46.328392],[-119.260987,46.327446],[-119.26082,46.326499],[-119.260657,46.325552],[-119.2605,46.324605],[-119.260349,46.323658],[-119.260205,46.322712],[-119.260068,46.321765],[-119.25994,46.320819],[-119.259822,46.319873],[-119.259712,46.318928],[-119.259614,46.317984],[-119.259526,46.317039],[-119.259559,46.316098],[-119.259808,46.315161],[-119.26017,46.314229],[-119.26054,46.313302],[-119.260867,46.312378],[-119.261195,46.311454],[-119.261526,46.31053],[-119.261858,46.309607],[-119.262193,46.308684],[-119.26253,46.307762],[-119.262869,46.306839],[-119.263211,46.305918],[-119.263555,46.304996],[-119.263902,46.304075],[-119.264251,46.303155],[-119.264603,46.302235],[-119.264958,46.301315],[-119.265315,46.300397],[-119.265676,46.299478],[-119.266055,46.298562],[-119.266456,46.297648],[-119.266874,46.296735],[-119.267303,46.295823],[-119.267739,46.294912],[-119.268178,46.294002],[-119.268613,46.293092],[-119.26904,46.292181],[-119.269455,46.291269],[-119.269852,46.290356],[-119.270226,46.289442],[-119.270573,46.288525],[-119.270888,46.287607],[-119.271166,46.286685],[-119.271402,46.28576],[-119.271581,46.284829],[-119.271679,46.283884],[-119.271701,46.28293],[-119.271655,46.28197],[-119.27155,46.281008],[-119.271393,46.280047],[-119.271192,46.279091],[-119.270956,46.278144],[-119.270691,46.277209],[-119.270407,46.276282],[-119.270099,46.275316],[-119.269734,46.274335],[-119.269278,46.273378],[-119.268697,46.272487],[-119.267957,46.2717],[-119.267022,46.271058],[-119.265953,46.270522],[-119.264853,46.270006],[-119.263725,46.269509],[-119.262572,46.269028],[-119.261397,46.268562],[-119.260201,46.268109],[-119.258987,46.267668],[-119.257758,46.267236],[-119.256517,46.266813],[-119.255265,46.266396],[-119.254005,46.265984],[-119.25274,46.265575],[-119.251472,46.265168],[-119.250204,46.26476],[-119.248937,46.26435],[-119.247676,46.263937],[-119.246421,46.263518],[-119.245176,46.263092],[-119.243943,46.262657],[-119.242725,46.262212],[-119.241497,46.261744],[-119.240206,46.261127],[-119.239722,46.260441],[-119.240484,46.259663],[-119.241664,46.258994],[-119.243071,46.258727],[-119.244272,46.258371],[-119.244765,46.257561],[-119.245,46.256595],[-119.245209,46.255601],[-119.245672,46.25469],[-119.246125,46.253809],[-119.245829,46.252841],[-119.24475,46.252276],[-119.243443,46.251802],[-119.242071,46.25136],[-119.240772,46.250918],[-119.239683,46.25044],[-119.239007,46.249859],[-119.239715,46.248825],[-119.240845,46.248388],[-119.241806,46.248849],[-119.242825,46.249622],[-119.243926,46.25036],[-119.245193,46.250837],[-119.24675,46.251297],[-119.248347,46.251696],[-119.249701,46.251945],[-119.250532,46.251958],[-119.250339,46.251507],[-119.249163,46.250576],[-119.247908,46.249595],[-119.247491,46.249001],[-119.24858,46.249102],[-119.250462,46.249563],[-119.252006,46.249869],[-119.252244,46.249582],[-119.251777,46.248992],[-119.250959,46.24825],[-119.249939,46.24741],[-119.248865,46.246524],[-119.247887,46.245644],[-119.247142,46.244801],[-119.2466,46.243835],[-119.246147,46.242799],[-119.245679,46.241808],[-119.245093,46.240976],[-119.244286,46.240419],[-119.24321,46.240191],[-119.241954,46.240194],[-119.240572,46.240361],[-119.239117,46.240621],[-119.237645,46.240909],[-119.236208,46.241157],[-119.235119,46.241056],[-119.234172,46.240329],[-119.233127,46.239695],[-119.231856,46.239415],[-119.230531,46.239223],[-119.229186,46.239066],[-119.227825,46.238934],[-119.226454,46.238818],[-119.225076,46.23871],[-119.223697,46.238601],[-119.222321,46.238483],[-119.220953,46.238347],[-119.219597,46.238184],[-119.218259,46.237987],[-119.216942,46.237745],[-119.215651,46.237449],[-119.214384,46.2371],[-119.213136,46.23671],[-119.211902,46.236289],[-119.210676,46.23585],[-119.209452,46.235403],[-119.208225,46.234961],[-119.206991,46.234534],[-119.205743,46.234135],[-119.204475,46.233774],[-119.203187,46.233457],[-119.201882,46.23317],[-119.200565,46.232907],[-119.199239,46.232661],[-119.197907,46.232427],[-119.196572,46.232199],[-119.195237,46.23197],[-119.193905,46.231735],[-119.192579,46.231487],[-119.191262,46.23122],[-119.189958,46.230929],[-119.188665,46.230614],[-119.18738,46.230283],[-119.186102,46.229938],[-119.184828,46.229584],[-119.183558,46.229221],[-119.18229,46.228854],[-119.181023,46.228484],[-119.179757,46.228115],[-119.178488,46.227749],[-119.177218,46.227389],[-119.175943,46.227038],[-119.174663,46.226698],[-119.173376,46.226372],[-119.172081,46.226063],[-119.170778,46.225771],[-119.16947,46.225482],[-119.168155,46.225198],[-119.166836,46.22492],[-119.165513,46.22465],[-119.164185,46.224389],[-119.162854,46.224139],[-119.16152,46.223901],[-119.160183,46.223678],[-119.158843,46.223469],[-119.157502,46.223278],[-119.156159,46.223106],[-119.154815,46.222954],[-119.153468,46.222832],[-119.152099,46.222822],[-119.150712,46.222908],[-119.149316,46.22305],[-119.14792,46.223206],[-119.146534,46.223336],[-119.145166,46.223398],[-119.143827,46.223352],[-119.142525,46.223161],[-119.141243,46.222892],[-119.139973,46.222581],[-119.138714,46.222232],[-119.137463,46.221852],[-119.13622,46.221446],[-119.134983,46.22102],[-119.133749,46.220579],[-119.132518,46.220129],[-119.131288,46.219676],[-119.130057,46.219225],[-119.128824,46.218782],[-119.127586,46.218353],[-119.126344,46.217942],[-119.125097,46.217534],[-119.123851,46.217101],[-119.122605,46.216649],[-119.121359,46.216187],[-119.120113,46.215724],[-119.118866,46.215266],[-119.117619,46.214822],[-119.116371,46.214399],[-119.115123,46.214006],[-119.113873,46.21365],[-119.112621,46.213341],[-119.111368,46.213084],[-119.110112,46.212915],[-119.108833,46.213169],[-119.10754,46.213735],[-119.106253,46.21434],[-119.10499,46.214711],[-119.103768,46.214612],[-119.102567,46.214312],[-119.101375,46.213936],[-119.100191,46.213497],[-119.099013,46.213008],[-119.097838,46.212481],[-119.096664,46.21193],[-119.09549,46.211367],[-119.094313,46.210806],[-119.093132,46.210259],[-119.091943,46.209738],[-119.090745,46.209258],[-119.089538,46.208807],[-119.088324,46.208364],[-119.087104,46.207929],[-119.085879,46.2075],[-119.084651,46.207074],[-119.083421,46.20665],[-119.082191,46.206227],[-119.080963,46.205803],[-119.079736,46.205376],[-119.078514,46.204945],[-119.077297,46.204507],[-119.076087,46.204062],[-119.074884,46.203607],[-119.073692,46.203141],[-119.07252,46.202652],[-119.071387,46.202118],[-119.070281,46.201552],[-119.069189,46.200972],[-119.068097,46.200391],[-119.066992,46.199826],[-119.065859,46.199292],[-119.064685,46.198803],[-119.063472,46.198355],[-119.062231,46.197934],[-119.060976,46.197529],[-119.059721,46.197127],[-119.058477,46.196716],[-119.057259,46.196284],[-119.056079,46.195819],[-119.054952,46.195302],[-119.053934,46.194614],[-119.053097,46.193805],[-119.052508,46.193],[-119.053373,46.192067],[-119.052235,46.190291],[-119.050123,46.188747],[-119.040662,46.187775],[-119.037352,46.186744],[-119.021122,46.176192],[-119.017157,46.172358],[-119.015075,46.169008],[-119.015482,46.168593],[-119.025797,46.173216],[-119.027285,46.172887],[-119.027119,46.171407],[-119.017468,46.167221],[-119.015246,46.165736],[-119.004588,46.15274],[-119.001782,46.147377],[-119.002301,46.146006],[-119.005429,46.142926],[-119.005558,46.139823],[-119.004207,46.135335],[-119.001841,46.132082],[-118.995577,46.127255],[-118.985408,46.122667],[-118.978248,46.120709],[-118.97511,46.118146],[-118.969304,46.110733],[-118.966163,46.103451],[-118.971501,46.102573],[-118.967693,46.095494],[-118.956247,46.085179],[-118.953381,46.080065],[-118.952741,46.076877],[-118.950576,46.065092],[-118.95096,46.059535],[-118.955591,46.047026],[-118.955436,46.036433],[-118.95748,46.032864],[-118.966351,46.026665],[-118.980634,46.016169],[-118.992007,46.007826],[-118.995706,46.004852],[-118.998515,45.999534],[-118.999039,45.99872],[-119.003871,45.992883],[-119.02043,45.98009],[-119.032767,45.970556],[-119.039715,45.968035],[-119.060623,45.965181],[-119.071062,45.961951],[-119.091376,45.951073],[-119.098856,45.947956],[-119.116906,45.943006],[-119.13456,45.939483],[-119.164093,45.934544],[-119.178773,45.933673],[-119.202433,45.935228],[-119.213658,45.93671],[-119.242083,45.945883],[-119.2517,45.948211],[-119.270048,45.947294],[-119.28479,45.9461],[-119.298448,45.944181],[-119.298717,45.943728],[-119.298123,45.941088],[-119.298545,45.940579],[-119.30438,45.939312],[-119.310076,45.939102],[-119.315887,45.940313],[-119.318712,45.940028],[-119.324218,45.936662],[-119.331685,45.934383],[-119.335529,45.933851],[-119.338889,45.932732],[-119.342605,45.93214],[-119.347055,45.932487],[-119.354023,45.933505],[-119.363729,45.931652],[-119.37598,45.927969],[-119.38991,45.924164],[-119.400251,45.923401],[-119.41177,45.921922],[-119.417663,45.922804],[-119.426694,45.922713],[-119.439571,45.922055],[-119.449524,45.920596],[-119.478904,45.914139],[-119.490744,45.9112],[-119.498208,45.910745],[-119.511964,45.912606],[-119.518413,45.913056],[-119.523063,45.912542],[-119.527472,45.913015],[-119.531441,45.91395],[-119.536554,45.915853],[-119.541012,45.918657],[-119.559197,45.924691],[-119.567698,45.928212],[-119.570327,45.929635],[-119.570782,45.930407],[-119.569641,45.930556],[-119.561777,45.92776],[-119.557644,45.926698],[-119.547678,45.926345],[-119.546026,45.925649],[-119.542232,45.92193],[-119.541407,45.921658],[-119.54101,45.922032],[-119.542692,45.925999],[-119.543309,45.928096],[-119.542862,45.928963],[-119.541695,45.929274],[-119.539331,45.92617],[-119.532249,45.921474],[-119.530057,45.921057],[-119.527845,45.921343],[-119.527156,45.921876],[-119.528224,45.92363],[-119.537017,45.929303],[-119.537732,45.930121],[-119.536165,45.930184],[-119.527564,45.928467],[-119.532318,45.931147],[-119.534473,45.931789],[-119.537509,45.932018],[-119.546136,45.930528],[-119.549083,45.930815],[-119.55226,45.933927],[-119.55376,45.934135],[-119.559593,45.933619],[-119.561649,45.934193],[-119.561671,45.934881],[-119.553631,45.937347],[-119.553789,45.938075],[-119.555164,45.938819],[-119.556918,45.939086],[-119.562741,45.937202],[-119.57469,45.937171],[-119.585359,45.934696],[-119.600966,45.931788],[-119.625157,45.923461],[-119.642817,45.916519],[-119.662499,45.907005],[-119.679204,45.90102],[-119.682925,45.898617],[-119.69177,45.888874],[-119.696335,45.885399],[-119.707661,45.881301],[-119.737478,45.862236],[-119.756786,45.852459],[-119.760198,45.851528],[-119.7655,45.852198],[-119.775063,45.855306],[-119.775386,45.856396],[-119.771988,45.860312],[-119.772637,45.860953],[-119.774193,45.860798],[-119.777766,45.859283],[-119.779855,45.859158],[-119.793465,45.862363],[-119.801203,45.863649],[-119.815071,45.865558],[-119.829559,45.865284],[-119.831357,45.868297],[-119.836573,45.868339],[-119.845241,45.86679],[-119.850671,45.863934],[-119.858628,45.856329],[-119.864927,45.846755],[-119.868152,45.843722],[-119.869877,45.842658],[-119.876562,45.839965],[-119.883897,45.838364],[-119.900566,45.836198],[-119.921227,45.833455],[-119.929775,45.834741],[-119.939428,45.833651],[-119.954859,45.83049],[-119.958583,45.829386],[-119.960894,45.829647],[-119.970061,45.828709],[-119.976801,45.82702],[-119.991505,45.821647],[-120.012926,45.814116],[-120.023166,45.81071],[-120.052955,45.8004],[-120.06764,45.793459],[-120.074242,45.791173],[-120.08414,45.788878],[-120.101562,45.786367],[-120.111436,45.78368],[-120.12626,45.782728],[-120.143313,45.77952],[-120.149228,45.778425],[-120.151778,45.777512],[-120.158548,45.773625],[-120.162267,45.772353],[-120.169827,45.769242],[-120.178789,45.764909],[-120.186602,45.760113],[-120.186709,45.759528],[-120.184911,45.757464],[-120.185024,45.756943],[-120.194251,45.749872],[-120.198673,45.747631],[-120.205915,45.741923],[-120.219573,45.731393],[-120.221591,45.730333],[-120.22645,45.729186],[-120.234097,45.727773],[-120.25176,45.725844],[-120.267427,45.724806],[-120.269618,45.7249],[-120.276511,45.726023],[-120.279553,45.725846],[-120.311081,45.718077],[-120.333439,45.713414],[-120.348537,45.711951],[-120.354509,45.710574],[-120.36272,45.70951],[-120.374856,45.709488],[-120.377378,45.709063],[-120.384525,45.706851],[-120.38841,45.70615],[-120.406448,45.7051],[-120.440787,45.703227],[-120.465529,45.701873],[-120.472617,45.700605],[-120.477551,45.701024],[-120.486004,45.702766],[-120.494886,45.704907],[-120.502259,45.705536],[-120.504581,45.706484],[-120.512734,45.71332],[-120.527779,45.726176],[-120.534518,45.73333],[-120.539638,45.736362],[-120.546911,45.739446],[-120.558989,45.743218],[-120.571786,45.746771],[-120.581154,45.748881],[-120.592999,45.750634],[-120.604846,45.751305],[-120.61693,45.75121],[-120.630535,45.749972],[-120.642423,45.747289],[-120.651577,45.744012],[-120.665397,45.738236],[-120.675924,45.732563],[-120.685564,45.726815],[-120.692313,45.723611],[-120.69868,45.721763],[-120.698631,45.721039],[-120.696099,45.719097],[-120.696296,45.718739],[-120.703166,45.716666],[-120.709589,45.713686],[-120.716401,45.712148],[-120.724442,45.709808],[-120.7351,45.705865],[-120.744086,45.704136],[-120.761205,45.698899],[-120.767763,45.698024],[-120.773706,45.695205],[-120.78246,45.691845],[-120.788019,45.690204],[-120.799379,45.688491],[-120.823462,45.682122],[-120.828251,45.68094],[-120.831383,45.680383],[-120.834863,45.67946],[-120.837446,45.679124],[-120.841156,45.680005],[-120.843082,45.68014],[-120.84996,45.677674],[-120.856222,45.676803],[-120.858054,45.67613],[-120.860708,45.674506],[-120.863815,45.671079],[-120.864237,45.669128],[-120.865304,45.667734],[-120.867024,45.666594],[-120.868675,45.666305],[-120.874301,45.668479],[-120.876153,45.668539],[-120.877946,45.667669],[-120.882382,45.664362],[-120.884464,45.663555],[-120.886799,45.663475],[-120.891269,45.664099],[-120.893397,45.663895],[-120.896129,45.662902],[-120.90425,45.658377],[-120.907796,45.657305],[-120.91756,45.65648],[-120.923708,45.656483],[-120.927046,45.656763],[-120.933604,45.659152],[-120.940841,45.661023],[-120.945863,45.66149],[-120.949177,45.661156],[-120.960642,45.658275],[-120.979696,45.653232],[-120.982075,45.652864],[-120.984518,45.6529],[-120.988697,45.653445],[-121.003875,45.658868],[-121.007225,45.659335],[-121.008401,45.659255],[-121.014023,45.658225],[-121.019219,45.658789],[-121.033405,45.66169],[-121.038057,45.662047],[-121.042016,45.661959],[-121.046753,45.661324],[-121.055625,45.658488],[-121.058292,45.657824],[-121.060482,45.657595],[-121.065173,45.657747],[-121.067956,45.657501],[-121.08147,45.654442],[-121.086189,45.65334],[-121.088819,45.652385],[-121.090849,45.651129],[-121.094188,45.64822],[-121.10437,45.639282],[-121.106504,45.63607],[-121.107524,45.635008],[-121.116877,45.629386],[-121.125275,45.623572],[-121.13423,45.618879],[-121.142763,45.612868],[-121.147968,45.609886],[-121.149553,45.60924],[-121.151897,45.608927],[-121.157302,45.609153],[-121.160124,45.60914],[-121.17464,45.607608],[-121.177628,45.607655],[-121.180994,45.608309],[-121.184817,45.609708],[-121.189364,45.611979],[-121.191529,45.613358],[-121.193464,45.615137],[-121.19473,45.617192],[-121.195132,45.619337],[-121.194663,45.621686],[-121.191844,45.628913],[-121.191992,45.630955],[-121.192711,45.632804],[-121.195095,45.636814],[-121.195699,45.638585],[-121.195146,45.644444],[-121.195304,45.646051],[-121.195874,45.647832],[-121.199398,45.656179],[-121.199828,45.658827],[-121.200851,45.660101],[-121.205406,45.663904],[-121.208619,45.668111],[-121.210224,45.669824],[-121.211968,45.67099],[-121.214822,45.67228],[-121.22067,45.674076],[-121.227489,45.675186],[-121.235354,45.676788],[-121.245274,45.679251],[-121.251544,45.681923],[-121.260772,45.683758],[-121.265748,45.685308],[-121.267405,45.685624],[-121.273362,45.686118],[-121.274698,45.68648],[-121.280044,45.688718],[-121.281334,45.68875],[-121.285064,45.687842],[-121.286556,45.688038],[-121.289407,45.689672],[-121.290978,45.691583],[-121.291075,45.692204],[-121.290585,45.693735],[-121.290631,45.694336],[-121.292111,45.696075],[-121.29275,45.696189],[-121.295119,45.694984],[-121.295768,45.695012],[-121.296032,45.695524],[-121.295792,45.697247],[-121.296272,45.69774],[-121.304295,45.700613],[-121.3127,45.703254],[-121.317481,45.704546],[-121.318921,45.70471],[-121.322714,45.704625],[-121.324224,45.70491],[-121.329625,45.706419],[-121.330721,45.706365],[-121.333754,45.705467],[-121.335115,45.705465],[-121.336049,45.705925],[-121.337717,45.708012],[-121.338598,45.708552],[-121.341537,45.70959],[-121.343389,45.709934],[-121.345115,45.709956],[-121.348882,45.709396],[-121.354525,45.708142],[-121.35881,45.706774],[-121.360779,45.706313],[-121.362011,45.706204],[-121.363889,45.706334],[-121.368672,45.707153],[-121.370204,45.707181],[-121.373449,45.706985],[-121.376218,45.706518],[-121.37938,45.705625],[-121.381657,45.704831],[-121.38194,45.704559],[-121.382363,45.703348],[-121.383117,45.702736],[-121.384025,45.702269],[-121.385862,45.702025],[-121.387423,45.701089],[-121.390294,45.700078],[-121.392413,45.698591],[-121.395227,45.697396],[-121.396472,45.697003],[-121.399182,45.697149],[-121.404966,45.697977],[-121.415074,45.698712],[-121.425114,45.698779],[-121.427852,45.699391],[-121.43176,45.701411],[-121.433532,45.702102],[-121.435019,45.702413],[-121.437996,45.702046],[-121.449128,45.704351],[-121.45182,45.70451],[-121.454678,45.70407],[-121.456889,45.70423],[-121.459305,45.704875],[-121.467541,45.707919],[-121.472788,45.710429],[-121.479886,45.714365],[-121.478445,45.714598],[-121.476377,45.71433],[-121.47565,45.71395],[-121.474203,45.712522],[-121.473844,45.712525],[-121.473104,45.713223],[-121.473205,45.713601],[-121.476318,45.7155],[-121.479089,45.717089],[-121.48275,45.719392],[-121.487943,45.721449],[-121.495413,45.722782],[-121.497729,45.723859],[-121.498588,45.724705],[-121.501353,45.725218],[-121.513239,45.727007],[-121.518942,45.72733],[-121.521754,45.728178],[-121.525677,45.728822],[-121.529427,45.728897],[-121.535553,45.728543],[-121.542292,45.72776],[-121.548718,45.726478],[-121.556784,45.723245],[-121.55973,45.722408],[-121.565757,45.722256],[-121.580863,45.720279],[-121.585284,45.719543],[-121.586445,45.719824],[-121.590582,45.720153],[-121.595166,45.720023],[-121.59761,45.719153],[-121.59897,45.719146],[-121.602737,45.720174],[-121.604296,45.720172],[-121.609174,45.71738],[-121.613258,45.71695],[-121.614754,45.716685],[-121.616647,45.715291],[-121.617245,45.713665],[-121.620102,45.713317],[-121.621874,45.711354],[-121.624363,45.710193],[-121.628981,45.709792],[-121.638967,45.709597],[-121.652401,45.711177],[-121.655251,45.710917],[-121.663841,45.708317],[-121.666436,45.708217],[-121.668347,45.708625],[-121.671628,45.70973],[-121.673878,45.709886],[-121.675578,45.709686],[-121.676361,45.709586],[-121.678497,45.708706],[-121.683845,45.705656],[-121.685741,45.704643],[-121.688852,45.704173],[-121.691226,45.703253],[-121.691936,45.702772],[-121.695293,45.701512],[-121.700076,45.699863],[-121.700827,45.699978],[-121.704186,45.698957],[-121.706851,45.697463],[-121.708602,45.698695],[-121.715887,45.69836],[-121.718506,45.69833],[-121.723043,45.699021],[-121.725462,45.698887],[-121.731269,45.697829],[-121.732913,45.697199],[-121.735842,45.69723],[-121.737985,45.697074],[-121.739363,45.697415],[-121.741239,45.698703],[-121.741939,45.700347],[-121.744161,45.70157],[-121.74584,45.701948],[-121.75071,45.701913],[-121.754596,45.701611],[-121.757034,45.701921],[-121.759547,45.702799],[-121.764047,45.70602],[-121.767915,45.707692],[-121.770424,45.708107],[-121.774615,45.708297],[-121.776662,45.708595],[-121.778951,45.707794],[-121.780224,45.708007],[-121.781727,45.707825],[-121.78298,45.708653],[-121.785426,45.709498],[-121.789504,45.710909],[-121.790108,45.712203],[-121.791502,45.713352],[-121.788841,45.712999],[-121.788547,45.714027],[-121.792055,45.715251],[-121.792532,45.715387],[-121.794957,45.715958],[-121.796811,45.715934],[-121.799668,45.715427],[-121.797814,45.714281],[-121.79957,45.714449],[-121.800913,45.714214],[-121.802406,45.714491],[-121.807478,45.71557],[-121.812374,45.716184],[-121.813837,45.716091],[-121.819311,45.713752],[-121.830637,45.711427],[-121.841184,45.706427],[-121.852038,45.703682],[-121.864939,45.699195],[-121.869762,45.699198],[-121.874261,45.697548],[-121.87797,45.693297],[-121.883538,45.690525],[-121.887159,45.689467],[-121.890497,45.687507],[-121.896622,45.683697],[-121.898514,45.680744],[-121.90106,45.679705],[-121.904443,45.677428],[-121.907203,45.677303],[-121.908446,45.675855],[-121.908707,45.673559],[-121.908162,45.671442],[-121.907298,45.669872],[-121.903836,45.666462],[-121.902963,45.665095],[-121.902498,45.664182],[-121.904416,45.661396],[-121.908559,45.656664],[-121.911993,45.654009],[-121.913067,45.653495],[-121.914641,45.653145],[-121.917089,45.652982],[-121.917974,45.652752],[-121.920549,45.651538],[-121.92333,45.649949],[-121.929391,45.647353],[-121.930665,45.64725],[-121.932605,45.647506],[-121.939068,45.650217],[-121.940922,45.650469],[-121.943288,45.650306],[-121.945865,45.64969],[-121.948525,45.648024],[-121.956907,45.644582],[-121.958369,45.643524],[-121.959781,45.641756],[-121.960495,45.639458],[-121.963327,45.635664],[-121.967393,45.632148],[-121.971238,45.629795],[-121.97766,45.62769],[-121.982281,45.626729],[-121.986903,45.626747],[-121.990005,45.627201],[-121.993921,45.627481],[-121.993898,45.627861],[-121.992139,45.628832],[-121.988309,45.629697],[-121.98486,45.631061],[-121.98456,45.631399],[-121.984798,45.63252],[-121.98516,45.632874],[-121.98553,45.63256],[-121.989441,45.630334],[-121.994352,45.628935],[-121.997596,45.627573],[-122.000601,45.626164],[-122.003118,45.626169],[-122.009636,45.626429],[-122.013516,45.626431],[-122.016603,45.626064],[-122.018246,45.625542],[-122.020642,45.623381],[-122.020903,45.622616],[-122.019758,45.62003],[-122.020202,45.619277],[-122.026145,45.616628],[-122.030274,45.61435],[-122.032695,45.614761],[-122.039396,45.614827],[-122.040717,45.614529],[-122.042127,45.613348],[-122.051962,45.608636],[-122.061125,45.606507],[-122.064216,45.604285],[-122.071124,45.602604],[-122.073274,45.601535],[-122.082006,45.600675],[-122.092356,45.600015],[-122.099585,45.600336],[-122.10682,45.59982],[-122.110605,45.599478],[-122.117324,45.596841],[-122.122292,45.595102],[-122.12457,45.595154],[-122.128738,45.592419],[-122.133165,45.59081],[-122.135654,45.590376],[-122.138818,45.590564],[-122.144346,45.589798],[-122.147318,45.588721],[-122.150524,45.588023],[-122.170005,45.582378],[-122.181619,45.578814],[-122.183304,45.578161],[-122.189057,45.574732],[-122.191174,45.574487],[-122.192038,45.574179],[-122.198592,45.56796],[-122.199794,45.56698],[-122.201191,45.566317],[-122.205808,45.565654],[-122.20777,45.565006],[-122.210224,45.563057],[-122.211729,45.562294],[-122.21721,45.561109],[-122.227688,45.558912],[-122.232928,45.558511],[-122.242989,45.557842],[-122.250022,45.558357],[-122.253869,45.558214],[-122.260182,45.557867],[-122.261717,45.557529],[-122.265817,45.555823],[-122.268083,45.555353],[-122.273116,45.555713],[-122.285487,45.55838],[-122.290433,45.558952],[-122.296498,45.559227],[-122.30661,45.558553],[-122.31473,45.558949],[-122.324699,45.559411],[-122.32811,45.560061],[-122.333974,45.562498],[-122.339524,45.565599],[-122.346098,45.570307],[-122.347164,45.571567],[-122.352444,45.574452],[-122.358019,45.575878],[-122.368811,45.577212],[-122.38365,45.577886],[-122.388674,45.577594],[-122.396454,45.57722],[-122.401679,45.576621],[-122.403261,45.575868],[-122.402553,45.575008],[-122.399955,45.573179],[-122.40018,45.573012],[-122.401204,45.572395],[-122.408271,45.5713],[-122.417294,45.570244],[-122.423607,45.569873],[-122.430561,45.570262],[-122.436118,45.571127],[-122.439816,45.572445],[-122.447252,45.577049],[-122.450242,45.578166],[-122.463496,45.580972],[-122.472108,45.582968],[-122.478323,45.583333],[-122.496729,45.586194],[-122.505342,45.58718],[-122.52015,45.590989],[-122.521876,45.59129],[-122.528805,45.592615],[-122.532928,45.593654],[-122.54094,45.595435],[-122.549187,45.598085],[-122.554756,45.599505],[-122.568015,45.602678],[-122.594839,45.607584],[-122.604957,45.609901],[-122.611539,45.611985],[-122.613107,45.61221],[-122.617833,45.611665],[-122.622678,45.612972],[-122.625605,45.612896],[-122.632141,45.611807],[-122.635734,45.611601],[-122.642296,45.611988],[-122.647611,45.612734],[-122.653539,45.614218],[-122.65934,45.617545],[-122.668214,45.619425],[-122.670568,45.620406],[-122.675642,45.621628],[-122.679259,45.623098],[-122.693565,45.629841],[-122.717314,45.641561],[-122.721889,45.643406],[-122.739606,45.647469],[-122.745068,45.64941],[-122.748719,45.65163],[-122.752799,45.65558],[-122.758968,45.663576],[-122.769149,45.678503],[-122.769956,45.682025],[-122.768967,45.686183],[-122.767198,45.689585],[-122.764506,45.691793],[-122.761245,45.698527],[-122.760045,45.704722],[-122.7614,45.71212],[-122.761351,45.714596],[-122.757764,45.726025],[-122.755802,45.733932],[-122.755841,45.736904],[-122.758072,45.745482],[-122.758125,45.74904],[-122.758741,45.760308],[-122.759353,45.763985],[-122.76178,45.771167],[-122.763831,45.776143],[-122.768824,45.782186],[-122.778488,45.795001],[-122.786812,45.808174],[-122.788853,45.812146],[-122.788527,45.814304],[-122.786858,45.818867],[-122.78629,45.828051],[-122.782776,45.841356],[-122.780262,45.845239],[-122.779934,45.846621],[-122.780412,45.851315],[-122.781134,45.856614],[-122.781452,45.864407],[-122.782214,45.866408],[-122.790942,45.878839],[-122.793172,45.882811],[-122.794186,45.885586],[-122.794101,45.886282],[-122.787236,45.876621],[-122.784453,45.874181],[-122.782735,45.873668],[-122.779961,45.87401],[-122.779681,45.874406],[-122.780683,45.878027],[-122.782616,45.881736],[-122.788989,45.889697],[-122.79986,45.89985],[-122.802724,45.903139],[-122.804468,45.906716],[-122.804537,45.911229],[-122.803691,45.919486],[-122.802188,45.923173],[-122.801791,45.928525],[-122.800589,45.931409],[-122.800487,45.93249],[-122.803352,45.948538],[-122.804256,45.953984],[-122.804072,45.954432],[-122.803636,45.954709],[-122.802248,45.954651],[-122.800405,45.954212],[-122.796061,45.952529],[-122.790569,45.949625],[-122.788862,45.948041],[-122.788499,45.947001],[-122.788074,45.945711],[-122.788522,45.944852],[-122.795436,45.939299],[-122.798038,45.937173],[-122.798175,45.936204],[-122.797313,45.935132],[-122.796816,45.935158],[-122.785853,45.944077],[-122.785536,45.945184],[-122.785842,45.947174],[-122.78756,45.949086],[-122.792903,45.952486],[-122.795226,45.95387],[-122.803699,45.957338],[-122.811513,45.962141],[-122.819666,45.969944],[-122.826435,45.974344],[-122.834614,45.983511],[-122.843204,45.995933],[-122.848431,46.005965],[-122.849462,46.010155],[-122.853148,46.014377],[-122.861458,46.021876],[-122.867527,46.02713],[-122.870378,46.033374],[-122.875348,46.040835],[-122.875445,46.044665],[-122.875002,46.046588],[-122.87524,46.050419],[-122.874348,46.052082],[-122.873865,46.052202],[-122.871974,46.04836],[-122.871537,46.048346],[-122.868771,46.052779],[-122.867715,46.055645],[-122.867676,46.058957],[-122.870124,46.067242],[-122.869729,46.07623],[-122.870772,46.079113],[-122.873559,46.082335],[-122.877625,46.085323],[-122.882478,46.087696],[-122.888673,46.089785],[-122.908773,46.098147],[-122.91644,46.10099],[-122.917771,46.10103],[-122.922644,46.099332],[-122.928375,46.098746],[-122.933427,46.098517],[-122.937806,46.099379],[-122.954306,46.105142],[-122.95816,46.10771],[-122.963427,46.112228],[-122.970607,46.11857],[-122.978726,46.123725],[-122.985666,46.127577],[-122.986309,46.127756],[-122.988428,46.127797],[-122.989125,46.128003],[-122.989824,46.128385],[-122.9915,46.129928],[-123.000844,46.137098],[-123.009938,46.139829],[-123.013136,46.140583],[-123.023051,46.142288],[-123.027067,46.143583],[-123.028947,46.143978],[-123.03223,46.14636],[-123.034019,46.147747],[-123.036121,46.149954],[-123.039995,46.156014],[-123.04373,46.163395],[-123.046345,46.166277],[-123.049815,46.168621],[-123.055287,46.171438],[-123.060675,46.172775],[-123.063307,46.172742],[-123.069352,46.172067],[-123.072784,46.172052],[-123.075491,46.172541],[-123.087038,46.173624],[-123.092595,46.174792],[-123.097115,46.176368],[-123.102018,46.178819],[-123.115393,46.186964],[-123.116397,46.188864],[-123.118243,46.189353],[-123.120048,46.189328],[-123.123786,46.188658],[-123.129793,46.188469],[-123.136325,46.188742],[-123.140008,46.189269],[-123.148551,46.191644],[-123.153485,46.192646],[-123.156316,46.192694],[-123.162648,46.192046],[-123.16673,46.191367],[-123.16825,46.190085],[-123.172242,46.189611],[-123.180099,46.187118],[-123.186697,46.185023],[-123.203392,46.178279],[-123.209352,46.1762],[-123.215204,46.174466],[-123.222155,46.172528],[-123.227514,46.171907],[-123.229814,46.171269],[-123.238105,46.166642],[-123.247179,46.161593],[-123.252149,46.159547],[-123.254531,46.157807],[-123.25946,46.1555],[-123.266879,46.152758],[-123.269861,46.152588],[-123.275461,46.150997],[-123.281132,46.150853],[-123.28622,46.15142],[-123.292089,46.152624],[-123.297,46.153278],[-123.300998,46.154689],[-123.304139,46.154939],[-123.308516,46.15643],[-123.315426,46.158617],[-123.322987,46.161489],[-123.329086,46.163776],[-123.329882,46.164243],[-123.331766,46.166778],[-123.337243,46.170862],[-123.345068,46.176634],[-123.348553,46.18094],[-123.356072,46.185547],[-123.362194,46.190033],[-123.365974,46.192077],[-123.37855,46.196871],[-123.379936,46.197101],[-123.382257,46.197911],[-123.3852,46.199834],[-123.386893,46.201231],[-123.38769,46.202472],[-123.388764,46.205176],[-123.391726,46.206524],[-123.396637,46.209298],[-123.40051,46.210578],[-123.410415,46.215291],[-123.413684,46.218089],[-123.414144,46.219742],[-123.416924,46.223275],[-123.422456,46.229599],[-123.423501,46.231849],[-123.424032,46.236208],[-123.423858,46.239601],[-123.424548,46.240225],[-123.427264,46.241795],[-123.430217,46.245492],[-123.434705,46.25089],[-123.43685,46.251199],[-123.443304,46.254385],[-123.446729,46.256764],[-123.454675,46.264194],[-123.456282,46.266777],[-123.456329,46.267996],[-123.457621,46.268469],[-123.460998,46.268605],[-123.468274,46.271691],[-123.476494,46.273143],[-123.483423,46.273844],[-123.492364,46.274042],[-123.497862,46.273857],[-123.50281,46.273146],[-123.515891,46.268447],[-123.519746,46.267521],[-123.521673,46.267678],[-123.527285,46.270007],[-123.529039,46.27],[-123.529609,46.269576],[-123.529939,46.26806],[-123.530581,46.267702],[-123.533518,46.267716],[-123.541804,46.267378],[-123.548568,46.265404],[-123.552688,46.266245],[-123.555158,46.264814],[-123.558525,46.264713],[-123.56061,46.264176],[-123.564463,46.262542],[-123.564119,46.260386],[-123.566511,46.261438],[-123.569255,46.261101],[-123.575414,46.261831],[-123.581846,46.260534],[-123.588953,46.260331],[-123.596046,46.260608],[-123.603345,46.261739],[-123.606281,46.261496],[-123.610686,46.26017],[-123.613078,46.259986],[-123.618888,46.260933],[-123.623084,46.261133],[-123.624897,46.261734],[-123.631024,46.264163],[-123.642061,46.265501],[-123.647605,46.266169],[-123.650823,46.264969],[-123.657943,46.266668],[-123.664268,46.266469],[-123.669086,46.266867],[-123.671803,46.2683],[-123.674586,46.268881],[-123.677897,46.270923],[-123.679498,46.273885],[-123.679199,46.278853],[-123.677771,46.288522],[-123.680517,46.294208],[-123.680067,46.295634],[-123.68099,46.296392],[-123.686524,46.297981],[-123.687576,46.299167],[-123.685413,46.304793],[-123.682983,46.309333],[-123.689092,46.30594],[-123.69041,46.3057],[-123.69887,46.307511],[-123.700074,46.306987],[-123.702205,46.304253],[-123.702889,46.304995],[-123.704233,46.310306],[-123.705459,46.31099],[-123.711282,46.308531],[-123.714242,46.30606],[-123.715825,46.302483],[-123.717459,46.302449],[-123.723496,46.301628],[-123.725099,46.300307],[-123.724955,46.299456],[-123.723842,46.294798],[-123.724086,46.294456],[-123.725935,46.29364],[-123.726161,46.293337],[-123.727932,46.289593],[-123.727297,46.289396],[-123.729567,46.289159],[-123.729871,46.289323],[-123.731711,46.289687],[-123.732783,46.289783],[-123.73357,46.289689],[-123.735792,46.288913],[-123.736492,46.288869],[-123.736846,46.288993],[-123.737664,46.289812],[-123.738022,46.289971],[-123.740686,46.290128],[-123.74179,46.290524],[-123.744583,46.291959],[-123.745893,46.292358],[-123.747325,46.292399],[-123.748392,46.292288],[-123.749101,46.292087],[-123.749649,46.291783],[-123.750251,46.291262],[-123.750787,46.290344],[-123.751251,46.288701],[-123.75142,46.287312],[-123.752166,46.285997],[-123.751904,46.284847],[-123.752087,46.284591],[-123.753287,46.283899],[-123.753584,46.28362],[-123.753645,46.283305],[-123.753398,46.282056],[-123.753614,46.281641],[-123.754418,46.281048],[-123.755833,46.280458],[-123.756292,46.280372],[-123.758072,46.280344],[-123.758495,46.280105],[-123.758824,46.279611],[-123.759341,46.278638],[-123.759281,46.278389],[-123.758198,46.277665],[-123.758055,46.277402],[-123.758262,46.275958],[-123.758352,46.275621],[-123.758555,46.275386],[-123.759594,46.275008],[-123.762642,46.274557],[-123.765341,46.273831],[-123.767044,46.273579],[-123.769018,46.273582],[-123.771229,46.273873],[-123.773542,46.274473],[-123.775038,46.275186],[-123.778907,46.27771],[-123.784401,46.281368],[-123.788207,46.283178],[-123.791324,46.28409],[-123.795018,46.284722],[-123.799957,46.284886],[-123.801987,46.284644],[-123.804627,46.283978],[-123.808842,46.281563],[-123.810564,46.279819],[-123.812601,46.276694],[-123.813441,46.27468],[-123.815217,46.271473],[-123.817076,46.269598],[-123.818626,46.269225],[-123.820819,46.269312],[-123.823216,46.26982],[-123.824903,46.26872],[-123.826522,46.268716],[-123.830059,46.269298],[-123.831454,46.269004],[-123.832921,46.267974],[-123.836284,46.264113],[-123.83841,46.262402],[-123.841509,46.260917],[-123.843216,46.260423],[-123.84912,46.259512],[-123.850709,46.258803],[-123.851061,46.258225],[-123.8507,46.256472],[-123.850887,46.255964],[-123.853859,46.252686],[-123.857907,46.249714],[-123.860718,46.24866],[-123.865995,46.247906],[-123.867089,46.24724],[-123.868561,46.243561],[-123.870022,46.242146],[-123.874349,46.24024],[-123.877704,46.240418],[-123.894551,46.242599],[-123.904054,46.24494],[-123.908356,46.245199],[-123.913953,46.247923],[-123.915174,46.249089],[-123.918997,46.251],[-123.923072,46.251472],[-123.925738,46.255349],[-123.926944,46.257316],[-123.932964,46.261577],[-123.937837,46.265296],[-123.948946,46.271284],[-123.949213,46.272625],[-123.957505,46.281654],[-123.957417,46.284138],[-123.959565,46.286358],[-123.966786,46.289952],[-123.969746,46.292965],[-123.970817,46.298646],[-123.968869,46.299988],[-123.970963,46.303202],[-123.974747,46.303258],[-123.985512,46.309347],[-123.992425,46.311716],[-124.001123,46.313191],[-124.012989,46.314151],[-124.020996,46.315431],[-124.030477,46.308311],[-124.033213,46.306995],[-124.038439,46.305959],[-124.041605,46.304809],[-124.042234,46.30439],[-124.042854,46.30379],[-124.04414,46.302408],[-124.047137,46.301734],[-124.048907,46.300594],[-124.051772,46.297481],[-124.051544,46.297177],[-124.048729,46.296236],[-124.048734,46.295957],[-124.051933,46.294464],[-124.05316,46.292864],[-124.053043,46.292279],[-124.052097,46.290898],[-124.051825,46.290142],[-124.052254,46.288449],[-124.051758,46.285589],[-124.052607,46.285179],[-124.053137,46.284242],[-124.053341,46.283233],[-124.052978,46.282299],[-124.050843,46.280435],[-124.048959,46.279486],[-124.048284,46.279549],[-124.046906,46.280603],[-124.046312,46.280753],[-124.045178,46.280308],[-124.042396,46.278665],[-124.041548,46.278383],[-124.040218,46.278343],[-124.039466,46.278062],[-124.037685,46.276664],[-124.037421,46.277557],[-124.036434,46.277141],[-124.036111,46.276878],[-124.036049,46.276457],[-124.036617,46.275706],[-124.037244,46.275263],[-124.039545,46.274224],[-124.039996,46.274017],[-124.040287,46.273423],[-124.039422,46.271387],[-124.038028,46.266937],[-124.038981,46.268597],[-124.041967,46.274795],[-124.043495,46.275755],[-124.044809,46.276314],[-124.046003,46.276471],[-124.047595,46.275583],[-124.050393,46.275594],[-124.051275,46.275343],[-124.052014,46.275133],[-124.05258,46.275148],[-124.052969,46.275339],[-124.053337,46.276596],[-124.053583,46.276862],[-124.057683,46.278947],[-124.058533,46.280881],[-124.058843,46.281028],[-124.059277,46.280817],[-124.060565,46.279278],[-124.061285,46.278703],[-124.0673,46.275626],[-124.073671,46.2721],[-124.078739,46.268735],[-124.081369,46.268173],[-124.082897,46.269307],[-124.082686,46.272179],[-124.080999,46.278],[-124.077137,46.29259],[-124.075803,46.296662],[-124.076112,46.29706],[-124.078156,46.297499],[-124.078622,46.297872],[-124.078175,46.299694],[-124.076963,46.301562],[-124.072559,46.304188],[-124.071285,46.305878],[-124.068372,46.316154],[-124.066626,46.322291],[-124.064926,46.337843],[-124.062773,46.352365],[-124.061269,46.361402],[-124.06042,46.371275],[-124.060169,46.374541],[-124.058666,46.389921],[-124.05824,46.405254],[-124.05823,46.412522],[-124.058127,46.416705],[-124.057322,46.429622],[-124.057272,46.44121],[-124.056436,46.449308],[-124.056351,46.462278],[-124.057181,46.483535],[-124.057834,46.499857],[-124.058071,46.501002],[-124.058528,46.505503],[-124.059643,46.515527],[-124.059686,46.52542],[-124.060096,46.535851],[-124.060504,46.54006],[-124.061603,46.550962],[-124.062124,46.556924],[-124.063456,46.567461],[-124.064445,46.57788],[-124.066464,46.58997],[-124.067805,46.598469],[-124.068435,46.603638],[-124.068698,46.606101],[-124.069042,46.607774],[-124.068699,46.610248],[-124.068178,46.613535],[-124.068443,46.616996],[-124.068818,46.619459],[-124.068819,46.621747],[-124.068788,46.623623],[-124.068868,46.624745],[-124.068839,46.625246],[-124.069148,46.628943],[-124.068667,46.633068],[-124.067419,46.63658],[-124.065304,46.639986],[-124.062492,46.642865],[-124.059797,46.644499],[-124.056799,46.645605],[-124.053727,46.646198],[-124.050791,46.64622],[-124.049102,46.645939],[-124.048025,46.645412],[-124.047837,46.644579],[-124.047901,46.643859],[-124.048849,46.64335],[-124.049625,46.643477],[-124.050454,46.643447],[-124.049878,46.64223],[-124.049223,46.640668],[-124.048795,46.639071],[-124.048454,46.637518],[-124.049127,46.636841],[-124.049327,46.636388],[-124.048815,46.636058],[-124.0497,46.63548],[-124.050397,46.635373],[-124.050516,46.635764],[-124.050391,46.636541],[-124.050796,46.636723],[-124.051036,46.636192],[-124.051146,46.635345],[-124.052231,46.634803],[-124.053386,46.634888],[-124.05407,46.634597],[-124.053224,46.634009],[-124.052905,46.633243],[-124.053605,46.632136],[-124.053678,46.630707],[-124.054041,46.62937],[-124.054183,46.627975],[-124.053888,46.626886],[-124.053556,46.625524],[-124.053309,46.62527],[-124.053204,46.624871],[-124.053199,46.62448],[-124.053215,46.62358],[-124.053185,46.622482],[-124.052794,46.620648],[-124.051988,46.618917],[-124.050422,46.616999],[-124.048688,46.615035],[-124.046958,46.61356],[-124.046219,46.612815],[-124.045631,46.611237],[-124.044341,46.60967],[-124.042919,46.608172],[-124.040618,46.605874],[-124.039705,46.604074],[-124.03956,46.602645],[-124.038973,46.600348],[-124.038113,46.597834],[-124.037523,46.596781],[-124.03642,46.59702],[-124.03524,46.596251],[-124.034016,46.595052],[-124.032457,46.593483],[-124.030883,46.59154],[-124.029458,46.589533],[-124.028363,46.587726],[-124.027304,46.586689],[-124.02662,46.585708],[-124.025885,46.584951],[-124.024917,46.584052],[-124.024258,46.583147],[-124.023297,46.582389],[-124.024252,46.580045],[-124.02446,46.57794],[-124.024259,46.57649],[-124.024541,46.575016],[-124.023673,46.574117],[-124.02356,46.572523],[-124.023221,46.570595],[-124.023379,46.569183],[-124.023865,46.567263],[-124.024199,46.56555],[-124.024598,46.563383],[-124.02498,46.562106],[-124.024344,46.560756],[-124.024193,46.559349],[-124.024596,46.556777],[-124.025012,46.554963],[-124.0249,46.552896],[-124.025576,46.551376],[-124.02567,46.549717],[-124.025777,46.54832],[-124.026371,46.546346],[-124.026214,46.544807],[-124.025538,46.543117],[-124.025905,46.541282],[-124.025492,46.539962],[-124.026062,46.538946],[-124.026071,46.537504],[-124.025794,46.535454],[-124.026065,46.533515],[-124.026685,46.532415],[-124.026372,46.530847],[-124.026741,46.528813],[-124.026241,46.526743],[-124.026344,46.524769],[-124.026517,46.523258],[-124.026048,46.522405],[-124.025937,46.520362],[-124.025647,46.516483],[-124.025097,46.513037],[-124.024827,46.512455],[-124.025272,46.511837],[-124.027958,46.509287],[-124.028912,46.508549],[-124.028665,46.507455],[-124.028361,46.506901],[-124.02922,46.505257],[-124.029792,46.503732],[-124.03053,46.502528],[-124.030468,46.501405],[-124.030539,46.500499],[-124.031087,46.500191],[-124.031135,46.49992],[-124.031842,46.493758],[-124.030957,46.490307],[-124.028014,46.473935],[-124.026219,46.468591],[-124.026132,46.462553],[-124.026838,46.451694],[-124.026045,46.448353],[-124.022772,46.441725],[-124.020763,46.438299],[-124.019942,46.429743],[-124.017439,46.3947],[-124.016521,46.384491],[-124.015723,46.381121],[-124.015047,46.379062],[-124.014556,46.37826],[-124.013788,46.377492],[-124.011364,46.376238],[-124.007116,46.375027],[-124.006004,46.374966],[-124.003994,46.375304],[-124.003154,46.375382],[-124.002563,46.375307],[-124.001556,46.374838],[-123.999565,46.373406],[-123.9987,46.37297],[-123.997299,46.372644],[-123.996478,46.372743],[-123.995755,46.373154],[-123.993763,46.374822],[-123.989327,46.376824],[-123.984887,46.378363],[-123.984056,46.378489],[-123.98191,46.378444],[-123.981275,46.378515],[-123.980776,46.378772],[-123.979746,46.379824],[-123.979139,46.380094],[-123.976964,46.3798],[-123.975214,46.379974],[-123.97479,46.379798],[-123.974032,46.378945],[-123.973752,46.378825],[-123.973233,46.378828],[-123.972673,46.378931],[-123.971826,46.37941],[-123.971496,46.379528],[-123.971173,46.379535],[-123.970762,46.379416],[-123.970651,46.379088],[-123.969256,46.378632],[-123.968849,46.378534],[-123.968276,46.378613],[-123.967238,46.378985],[-123.966836,46.379043],[-123.966523,46.378982],[-123.964799,46.377879],[-123.962861,46.377256],[-123.962406,46.376925],[-123.962222,46.376604],[-123.962195,46.376202],[-123.962403,46.375247],[-123.962369,46.374772],[-123.961587,46.372352],[-123.961437,46.370512],[-123.961207,46.370117],[-123.960968,46.369862],[-123.9605,46.369788],[-123.960103,46.36996],[-123.958762,46.3709],[-123.956151,46.372013],[-123.955793,46.372086],[-123.955322,46.371956],[-123.954898,46.37172],[-123.95323,46.370255],[-123.952737,46.370003],[-123.952382,46.370006],[-123.952132,46.370171],[-123.95174,46.370698],[-123.951274,46.371639],[-123.950527,46.373281],[-123.950464,46.373735],[-123.950607,46.374263],[-123.951175,46.375028],[-123.953417,46.37731],[-123.953736,46.377807],[-123.953811,46.37839],[-123.953147,46.38047],[-123.953339,46.382653],[-123.953273,46.383146],[-123.953087,46.383396],[-123.952174,46.384049],[-123.951631,46.385112],[-123.951506,46.386041],[-123.951744,46.3866],[-123.953038,46.387915],[-123.953204,46.388418],[-123.95297,46.390074],[-123.951884,46.393724],[-123.951748,46.395237],[-123.952011,46.39813],[-123.95197,46.399975],[-123.952474,46.401237],[-123.952684,46.401938],[-123.952591,46.402377],[-123.952175,46.402803],[-123.951234,46.403198],[-123.949105,46.403817],[-123.946389,46.404405],[-123.942372,46.403638],[-123.93991,46.403232],[-123.939152,46.403315],[-123.938986,46.403824],[-123.938891,46.405188],[-123.938701,46.405873],[-123.938846,46.406945],[-123.938505,46.408468],[-123.937878,46.409317],[-123.937815,46.409999],[-123.937663,46.412176],[-123.937353,46.412996],[-123.936477,46.413773],[-123.935438,46.41463],[-123.93484,46.416093],[-123.933116,46.416549],[-123.930774,46.417348],[-123.92787,46.417676],[-123.926999,46.418069],[-123.926084,46.418858],[-123.924488,46.419332],[-123.923509,46.420123],[-123.922167,46.421272],[-123.921693,46.422008],[-123.92182,46.422686],[-123.922833,46.424002],[-123.923467,46.42535],[-123.92423,46.427079],[-123.92501,46.428014],[-123.925219,46.428375],[-123.92787,46.430169],[-123.93015,46.431199],[-123.933219,46.432365],[-123.933654,46.434516],[-123.933298,46.436454],[-123.932039,46.435787],[-123.93109,46.436966],[-123.930255,46.43822],[-123.931388,46.440973],[-123.933313,46.44394],[-123.935242,46.444592],[-123.936936,46.445017],[-123.937991,46.446074],[-123.938657,46.448374],[-123.938323,46.450775],[-123.937643,46.452951],[-123.936383,46.454677],[-123.935232,46.456323],[-123.935052,46.457253],[-123.935229,46.458639],[-123.933307,46.458141],[-123.932037,46.457244],[-123.930208,46.456358],[-123.927603,46.455567],[-123.925074,46.45161],[-123.92448,46.448459],[-123.92411,46.445303],[-123.924426,46.442518],[-123.92601,46.440553],[-123.926492,46.438921],[-123.926489,46.438095],[-123.925921,46.435451],[-123.924991,46.433869],[-123.924061,46.432989],[-123.921474,46.431855],[-123.921068,46.431676],[-123.9196,46.431163],[-123.917348,46.43075],[-123.916147,46.430706],[-123.915117,46.430399],[-123.914558,46.430653],[-123.913325,46.430768],[-123.911078,46.430203],[-123.909849,46.429725],[-123.908266,46.429804],[-123.905902,46.42946],[-123.902763,46.42885],[-123.901698,46.428457],[-123.900052,46.428713],[-123.898526,46.429185],[-123.895888,46.42909],[-123.894888,46.428739],[-123.893533,46.427583],[-123.893219,46.426272],[-123.891439,46.426202],[-123.892155,46.427873],[-123.892271,46.429126],[-123.891554,46.429352],[-123.888409,46.430155],[-123.886932,46.429243],[-123.885778,46.42755],[-123.883707,46.426206],[-123.880672,46.425732],[-123.879009,46.425003],[-123.877824,46.424483],[-123.876396,46.424129],[-123.874128,46.422981],[-123.870486,46.42144],[-123.866293,46.420065],[-123.861788,46.41916],[-123.859073,46.41837],[-123.855623,46.41613],[-123.852605,46.413571],[-123.851089,46.409668],[-123.848176,46.404482],[-123.845786,46.400983],[-123.843368,46.396868],[-123.842103,46.393576],[-123.841664,46.39127],[-123.841023,46.389431],[-123.840236,46.391764],[-123.840129,46.394314],[-123.840173,46.394829],[-123.839916,46.39702],[-123.840366,46.399557],[-123.841177,46.402704],[-123.842076,46.405309],[-123.843773,46.408283],[-123.845505,46.412027],[-123.846861,46.414854],[-123.848289,46.416829],[-123.850178,46.419104],[-123.852715,46.420901],[-123.855346,46.422311],[-123.859388,46.42284],[-123.859475,46.422298],[-123.859897,46.421748],[-123.861242,46.421873],[-123.863385,46.422367],[-123.866103,46.423234],[-123.869533,46.425011],[-123.871607,46.426393],[-123.872642,46.427105],[-123.873566,46.427779],[-123.87327,46.428635],[-123.870399,46.429315],[-123.866953,46.429622],[-123.865625,46.429882],[-123.867082,46.430005],[-123.86964,46.429794],[-123.872082,46.429509],[-123.875529,46.429203],[-123.878209,46.429221],[-123.881046,46.430239],[-123.882552,46.431441],[-123.88553,46.433074],[-123.889252,46.433918],[-123.891799,46.434713],[-123.894155,46.433733],[-123.896253,46.433224],[-123.89859,46.432631],[-123.900049,46.432599],[-123.901787,46.433132],[-123.903578,46.434102],[-123.905297,46.434898],[-123.906522,46.435991],[-123.908731,46.438467],[-123.909257,46.440234],[-123.907241,46.443304],[-123.907373,46.448549],[-123.909602,46.453285],[-123.912222,46.45588],[-123.914867,46.457653],[-123.93121,46.464931],[-123.933031,46.465856],[-123.934034,46.466075],[-123.936786,46.465934],[-123.937998,46.466026],[-123.938643,46.466346],[-123.938749,46.466725],[-123.937956,46.467597],[-123.937967,46.467926],[-123.939239,46.469377],[-123.942343,46.473252],[-123.943186,46.474931],[-123.943573,46.476945],[-123.941994,46.479762],[-123.943429,46.484598],[-123.943391,46.486544],[-123.94257,46.487746],[-123.939431,46.490092],[-123.935657,46.49186],[-123.928778,46.494243],[-123.927059,46.494849],[-123.925741,46.498205],[-123.921743,46.503161],[-123.920834,46.507423],[-123.923738,46.510451],[-123.923429,46.511259],[-123.921842,46.511781],[-123.917386,46.511254],[-123.916418,46.511642],[-123.914021,46.513939],[-123.913196,46.514268],[-123.912274,46.51394],[-123.911605,46.512917],[-123.910883,46.510008],[-123.908862,46.507688],[-123.904449,46.505908],[-123.900698,46.505351],[-123.898578,46.505639],[-123.898095,46.50611],[-123.900077,46.509479],[-123.899702,46.509977],[-123.897407,46.510444],[-123.893833,46.512],[-123.893192,46.512871],[-123.89471,46.517457],[-123.89681,46.531441],[-123.897933,46.534091],[-123.897943,46.535116],[-123.896936,46.5358],[-123.89487,46.536726],[-123.893561,46.537646],[-123.892636,46.538801],[-123.892748,46.539838],[-123.893703,46.540801],[-123.895523,46.541073],[-123.894624,46.542804],[-123.895574,46.54543],[-123.894682,46.547317],[-123.894586,46.548848],[-123.895476,46.549845],[-123.896897,46.550503],[-123.899449,46.551158],[-123.903062,46.552107],[-123.906444,46.552809],[-123.907401,46.553614],[-123.908708,46.556143],[-123.912303,46.559471],[-123.915559,46.561881],[-123.917715,46.562459],[-123.918025,46.563084],[-123.917175,46.565206],[-123.917384,46.565578],[-123.918127,46.566003],[-123.920559,46.566603],[-123.921406,46.567276],[-123.922003,46.569418],[-123.921499,46.571452],[-123.921398,46.574788],[-123.922208,46.577042],[-123.928126,46.585967],[-123.931665,46.591554],[-123.933082,46.59285],[-123.937674,46.59544],[-123.938756,46.596541],[-123.942018,46.598458],[-123.947415,46.600519],[-123.950549,46.600657],[-123.953093,46.601949],[-123.95516,46.604418],[-123.957826,46.6089],[-123.958529,46.611601],[-123.958691,46.6154],[-123.958258,46.630411],[-123.959658,46.634411],[-123.960764,46.636618],[-123.959702,46.63711],[-123.958514,46.636921],[-123.953932,46.634477],[-123.951307,46.632791],[-123.950538,46.629333],[-123.949074,46.626098],[-123.946101,46.621852],[-123.943252,46.619242],[-123.940522,46.617817],[-123.936571,46.616611],[-123.932806,46.61593],[-123.927725,46.612984],[-123.922859,46.612466],[-123.917803,46.612503],[-123.914641,46.613322],[-123.914351,46.614052],[-123.918157,46.616054],[-123.924375,46.618246],[-123.929201,46.621884],[-123.932324,46.62447],[-123.932649,46.625563],[-123.932274,46.627168],[-123.931157,46.628447],[-123.924388,46.631588],[-123.924255,46.631979],[-123.925094,46.63218],[-123.933591,46.631197],[-123.935431,46.632103],[-123.938892,46.637078],[-123.940613,46.639286],[-123.940881,46.640615],[-123.940115,46.641591],[-123.938427,46.642185],[-123.93497,46.641821],[-123.933981,46.642075],[-123.933247,46.643621],[-123.934171,46.64471],[-123.933357,46.645982],[-123.930222,46.646851],[-123.926324,46.649029],[-123.923847,46.649188],[-123.92096,46.650965],[-123.921291,46.652514],[-123.92161,46.656298],[-123.919871,46.66709],[-123.923392,46.671399],[-123.926803,46.671764],[-123.926222,46.672386],[-123.92326,46.672392],[-123.920786,46.673247],[-123.915903,46.6783],[-123.913972,46.678494],[-123.911848,46.678856],[-123.90755,46.678477],[-123.900887,46.679743],[-123.894675,46.68434],[-123.887112,46.688636],[-123.870611,46.695939],[-123.867151,46.69713],[-123.851056,46.703427],[-123.847431,46.704485],[-123.844956,46.704302],[-123.837505,46.701148],[-123.827956,46.692572],[-123.814039,46.675032],[-123.810333,46.670424],[-123.80775,46.668735],[-123.803578,46.668044],[-123.798405,46.669182],[-123.787524,46.67315],[-123.783194,46.674232],[-123.774908,46.675478],[-123.774752,46.675802],[-123.786084,46.676697],[-123.787128,46.676429],[-123.789483,46.674464],[-123.790976,46.674144],[-123.795362,46.675461],[-123.80105,46.678065],[-123.808588,46.682937],[-123.817943,46.690107],[-123.83128,46.703352],[-123.826316,46.705204],[-123.825109,46.70618],[-123.830982,46.712717],[-123.834139,46.717557],[-123.835331,46.718086],[-123.84731,46.718755],[-123.852133,46.724027],[-123.855625,46.723828],[-123.860563,46.7257],[-123.862562,46.728127],[-123.865238,46.728676],[-123.871615,46.728537],[-123.874885,46.729374],[-123.880106,46.734294],[-123.882764,46.739882],[-123.886195,46.744051],[-123.885672,46.748911],[-123.888029,46.751116],[-123.888865,46.747974],[-123.891796,46.747233],[-123.89336,46.749915],[-123.894794,46.750084],[-123.902247,46.74946],[-123.907293,46.748127],[-123.912564,46.745416],[-123.917705,46.741263],[-123.919206,46.738352],[-123.916801,46.735871],[-123.915496,46.736098],[-123.914684,46.733574],[-123.912721,46.728491],[-123.912969,46.727038],[-123.914973,46.726373],[-123.921636,46.727045],[-123.926631,46.725245],[-123.935812,46.725086],[-123.945802,46.725008],[-123.94859,46.725767],[-123.953091,46.72808],[-123.957498,46.730083],[-123.960424,46.732027],[-123.962313,46.73396],[-123.966804,46.736105],[-123.975016,46.738373],[-123.976913,46.738639],[-123.978574,46.737612],[-123.97844,46.736591],[-123.976624,46.733794],[-123.976074,46.729683],[-123.976894,46.726954],[-123.978337,46.725581],[-123.979975,46.724642],[-123.983957,46.724296],[-123.995681,46.723322],[-123.995988,46.722972],[-123.98652,46.720694],[-123.977969,46.716745],[-123.976584,46.715275],[-123.978731,46.713997],[-123.980607,46.713695],[-123.983691,46.714319],[-123.987189,46.715041],[-123.999252,46.718833],[-124.000309,46.718645],[-123.998213,46.716987],[-123.991481,46.713916],[-123.983742,46.71099],[-123.973158,46.707394],[-123.966918,46.706666],[-123.966236,46.705561],[-123.96717,46.704381],[-123.969131,46.703627],[-123.972027,46.703513],[-123.985178,46.70705],[-123.989263,46.707682],[-123.998562,46.708355],[-124.000004,46.708493],[-124.000446,46.708341],[-124.00069,46.707797],[-124.000958,46.706514],[-124.001119,46.70548],[-124.000679,46.705077],[-123.999567,46.704999],[-123.998988,46.704785],[-123.999092,46.703793],[-123.999833,46.703014],[-124.000664,46.702211],[-124.001312,46.702056],[-124.002422,46.702089],[-124.003495,46.702247],[-124.004765,46.702642],[-124.006641,46.704056],[-124.007473,46.704915],[-124.008543,46.705931],[-124.009831,46.707359],[-124.009981,46.708656],[-124.009079,46.708158],[-124.007202,46.707536],[-124.005318,46.707191],[-124.004,46.705887],[-124.003278,46.70451],[-124.002275,46.703978],[-124.002152,46.704656],[-124.002491,46.705077],[-124.003039,46.705502],[-124.003354,46.707001],[-124.004575,46.70852],[-124.005383,46.710043],[-124.005369,46.710896],[-124.004691,46.711841],[-124.004451,46.712871],[-124.005632,46.713569],[-124.007047,46.714466],[-124.008724,46.715228],[-124.010546,46.716179],[-124.012063,46.716882],[-124.014356,46.717718],[-124.015187,46.718055],[-124.01657,46.719133],[-124.017579,46.720359],[-124.017635,46.721587],[-124.018042,46.721961],[-124.019039,46.721377],[-124.019696,46.720411],[-124.020852,46.719248],[-124.021917,46.71883],[-124.02348,46.718608],[-124.024416,46.718666],[-124.024904,46.718969],[-124.026068,46.718792],[-124.027235,46.718443],[-124.028137,46.717952],[-124.029383,46.718],[-124.032043,46.718428],[-124.034134,46.718788],[-124.034646,46.719101],[-124.034761,46.719746],[-124.035161,46.720699],[-124.035416,46.721849],[-124.03564,46.722784],[-124.036386,46.722598],[-124.036511,46.722136],[-124.036561,46.721446],[-124.036374,46.72072],[-124.036309,46.720019],[-124.036295,46.719407],[-124.037109,46.718995],[-124.037971,46.718893],[-124.039024,46.718905],[-124.04008,46.719113],[-124.041663,46.71997],[-124.046377,46.722179],[-124.050053,46.723974],[-124.054552,46.725759],[-124.057754,46.72659],[-124.062044,46.728267],[-124.064592,46.729085],[-124.066735,46.729675],[-124.067798,46.729866],[-124.068827,46.730014],[-124.069917,46.730519],[-124.071163,46.730886],[-124.07273,46.730978],[-124.075125,46.731029],[-124.076661,46.731056],[-124.077986,46.731086],[-124.079303,46.73103],[-124.080278,46.731139],[-124.081662,46.731473],[-124.083484,46.73207],[-124.085469,46.73298],[-124.087284,46.733919],[-124.08869,46.734457],[-124.090631,46.735054],[-124.091792,46.735532],[-124.0932,46.73644],[-124.094664,46.737895],[-124.095512,46.739045],[-124.095866,46.740168],[-124.096102,46.742201],[-124.096059,46.743257],[-124.096515,46.744837],[-124.095836,46.745427],[-124.096214,46.745984],[-124.096431,46.746678],[-124.096336,46.747498],[-124.096212,46.74843],[-124.096032,46.749652],[-124.096414,46.771412],[-124.097036,46.78449],[-124.098433,46.794998],[-124.098658,46.796205],[-124.109097,46.838994],[-124.112091,46.849675],[-124.117889,46.867201],[-124.12252,46.876011],[-124.128563,46.890231],[-124.134353,46.900597],[-124.135803,46.905225],[-124.135401,46.90585],[-124.128327,46.903309],[-124.125889,46.903262],[-124.122393,46.905277],[-124.117997,46.911918],[-124.114637,46.912808],[-124.110759,46.912228],[-124.11029,46.911497],[-124.116334,46.911206],[-124.105522,46.904565],[-124.099193,46.903568],[-124.096195,46.902311],[-124.092998,46.899468],[-124.091453,46.895555],[-124.093878,46.886026],[-124.095757,46.882495],[-124.096887,46.881281],[-124.099654,46.880401],[-124.101737,46.881024],[-124.101033,46.879849],[-124.097768,46.875084],[-124.096077,46.871507],[-124.096275,46.86898],[-124.093908,46.867032],[-124.091924,46.864092],[-124.090022,46.863154],[-124.08958,46.862826],[-124.082204,46.862092],[-124.080894,46.862118],[-124.077313,46.862634],[-124.076067,46.862606],[-124.07471,46.862297],[-124.072528,46.860982],[-124.072387,46.860728],[-124.072606,46.860338],[-124.074152,46.858912],[-124.073901,46.858636],[-124.072941,46.858508],[-124.070507,46.858997],[-124.06983,46.858893],[-124.068179,46.858282],[-124.061762,46.856058],[-124.060837,46.856127],[-124.058629,46.857519],[-124.056912,46.857782],[-124.050908,46.858294],[-124.047634,46.858163],[-124.046746,46.857891],[-124.046137,46.85728],[-124.045008,46.853693],[-124.044523,46.853156],[-124.044023,46.852829],[-124.041032,46.852144],[-124.04019,46.851804],[-124.037583,46.850198],[-124.035824,46.848714],[-124.032777,46.844786],[-124.02732,46.840524],[-124.024209,46.834891],[-124.023737,46.834723],[-124.022439,46.840218],[-124.021941,46.841018],[-124.017053,46.839266],[-124.015702,46.83938],[-124.01419,46.84164],[-124.011515,46.842218],[-124.010883,46.842532],[-124.011028,46.843397],[-124.012279,46.844578],[-124.013453,46.845],[-124.017079,46.845431],[-124.018626,46.846214],[-124.02139,46.849712],[-124.02486,46.853375],[-124.026561,46.854369],[-124.033356,46.855568],[-124.035554,46.856492],[-124.039618,46.860035],[-124.042299,46.862439],[-124.042992,46.863347],[-124.043064,46.864185],[-124.0397,46.866135],[-124.034931,46.870454],[-124.032078,46.871708],[-124.030817,46.871705],[-124.028152,46.871],[-124.021267,46.870089],[-124.019901,46.870298],[-124.023853,46.871543],[-124.029466,46.873567],[-124.031045,46.874022],[-124.032404,46.873945],[-124.033775,46.873245],[-124.03758,46.871452],[-124.039996,46.870125],[-124.045553,46.866047],[-124.048795,46.86422],[-124.053193,46.862562],[-124.058398,46.861624],[-124.059898,46.86173],[-124.060943,46.861705],[-124.062113,46.862429],[-124.062644,46.863662],[-124.06075,46.865502],[-124.058242,46.867338],[-124.05712,46.868628],[-124.052997,46.877781],[-124.049278,46.891771],[-124.046668,46.893686],[-124.036293,46.898301],[-124.030574,46.899817],[-124.027182,46.900101],[-124.025148,46.90152],[-124.020246,46.901632],[-124.010272,46.904537],[-124.009378,46.904695],[-124.004353,46.902268],[-124.002069,46.903013],[-123.998872,46.908501],[-123.996107,46.913997],[-123.992046,46.918504],[-123.985741,46.922027],[-123.98097,46.92324],[-123.974957,46.921966],[-123.968987,46.921562],[-123.963269,46.921912],[-123.957854,46.921829],[-123.940268,46.927487],[-123.918924,46.932706],[-123.89213,46.938338],[-123.877856,46.940948],[-123.867876,46.945169],[-123.848896,46.952625],[-123.841559,46.953153],[-123.825434,46.956835],[-123.818625,46.960688],[-123.818483,46.962323],[-123.815531,46.966465],[-123.807272,46.970188],[-123.809474,46.971414],[-123.821084,46.967163],[-123.823171,46.965413],[-123.828796,46.964106],[-123.836242,46.9612],[-123.846663,46.961796],[-123.864503,46.968309],[-123.875707,46.969402],[-123.884105,46.971871],[-123.88723,46.969207],[-123.891222,46.968898],[-123.897505,46.971283],[-123.905995,46.972209],[-123.928797,46.971189],[-123.948603,46.968673],[-123.947808,46.972474],[-123.929822,46.974578],[-123.927798,46.977589],[-123.922193,46.978158],[-123.919631,46.981255],[-123.933546,46.982358],[-123.946555,46.982588],[-123.958533,46.981654],[-123.972637,46.982155],[-123.990857,46.980411],[-124.001789,46.982065],[-124.01903,46.990186],[-124.009906,46.998054],[-124.010557,47.004619],[-124.016318,47.008666],[-124.027682,47.027075],[-124.048783,47.03339],[-124.061059,47.038907],[-124.07447,47.041623],[-124.102267,47.043697],[-124.120234,47.042237],[-124.127409,47.040158],[-124.138677,47.036334],[-124.146511,47.031994],[-124.148237,47.030394],[-124.150108,47.025976],[-124.149897,47.017526],[-124.140376,47.003395],[-124.138333,46.999159],[-124.138082,46.994719],[-124.139938,46.980943],[-124.139125,46.975112],[-124.129625,46.95371],[-124.127858,46.946474],[-124.125655,46.945051],[-124.121346,46.945382],[-124.110778,46.947362],[-124.108437,46.94693],[-124.107752,46.944071],[-124.109046,46.943071],[-124.116463,46.942718],[-124.129094,46.943149],[-124.137959,46.944038],[-124.143196,46.944263],[-124.148728,46.942959],[-124.154117,46.940587],[-124.156963,46.93933],[-124.156458,46.937282],[-124.154773,46.935674],[-124.150735,46.935084],[-124.152228,46.932982],[-124.156481,46.930512],[-124.165669,46.927771],[-124.171612,46.926868],[-124.174434,46.928202],[-124.175777,46.931065],[-124.174847,46.936294],[-124.173722,46.947459],[-124.171258,46.960274],[-124.170222,46.967714],[-124.169353,46.977964],[-124.169711,46.98894],[-124.169971,47.028618],[-124.171916,47.045481],[-124.172597,47.066579],[-124.177756,47.097623],[-124.183715,47.124915],[-124.188434,47.138522],[-124.19168,47.153119],[-124.196773,47.167247],[-124.201931,47.188602],[-124.207768,47.203462],[-124.217443,47.224792],[-124.233256,47.265778],[-124.244197,47.289751],[-124.246287,47.292679],[-124.253705,47.298236],[-124.263275,47.303441],[-124.265502,47.303552],[-124.271552,47.301183],[-124.274052,47.300863],[-124.277861,47.301504],[-124.279855,47.302798],[-124.281313,47.305068],[-124.280377,47.309374],[-124.280975,47.311869],[-124.283333,47.314731],[-124.290108,47.324556],[-124.297135,47.339051],[-124.298608,47.339815],[-124.304754,47.339187],[-124.307487,47.339645],[-124.317314,47.346746],[-124.320365,47.352729],[-124.323614,47.366956],[-124.326685,47.382532],[-124.330895,47.396718],[-124.337889,47.403993],[-124.338053,47.407007],[-124.338844,47.420677],[-124.342837,47.438839],[-124.342608,47.465954],[-124.34563,47.485666],[-124.347198,47.499766],[-124.353654,47.528754],[-124.35655,47.531909],[-124.354869,47.534977],[-124.360703,47.553649],[-124.364049,47.573183],[-124.366615,47.582453],[-124.371857,47.598174],[-124.377547,47.610032],[-124.378532,47.615403],[-124.381955,47.630394],[-124.386487,47.640635],[-124.38944,47.651256],[-124.391498,47.653174],[-124.3915,47.655204],[-124.3951,47.662801],[-124.400287,47.673305],[-124.405503,47.679572],[-124.406097,47.681571],[-124.408955,47.685646],[-124.412028,47.693566],[-124.414569,47.704122],[-124.416276,47.707988],[-124.416496,47.711922],[-124.418916,47.715179],[-124.418459,47.718004],[-124.419932,47.72435],[-124.423215,47.735167],[-124.42649,47.740934],[-124.431305,47.746734],[-124.433675,47.747503],[-124.435443,47.747695],[-124.43631,47.749065],[-124.440859,47.752158],[-124.450179,47.762471],[-124.455418,47.76592],[-124.46067,47.767234],[-124.474897,47.767936],[-124.479341,47.768873],[-124.479307,47.769852],[-124.474991,47.772419],[-124.474595,47.773448],[-124.477286,47.776754],[-124.479337,47.779633],[-124.482598,47.788473],[-124.485144,47.808907],[-124.488291,47.815214],[-124.491345,47.81827],[-124.499435,47.82197],[-124.502511,47.822415],[-124.510215,47.821502],[-124.512905,47.821799],[-124.516111,47.823883],[-124.523652,47.830839],[-124.526655,47.831448],[-124.535494,47.83185],[-124.53876,47.832849],[-124.539401,47.834361],[-124.538076,47.83788],[-124.538542,47.839022],[-124.543349,47.842468],[-124.548238,47.843994],[-124.550947,47.843923],[-124.551559,47.843633],[-124.561858,47.867431],[-124.568214,47.866156],[-124.577573,47.872751],[-124.580682,47.874971],[-124.58978,47.878281],[-124.596387,47.878476],[-124.597985,47.877619],[-124.59915,47.874998],[-124.602804,47.871981],[-124.606605,47.870612],[-124.608586,47.87112],[-124.609069,47.874506],[-124.608894,47.878068],[-124.608499,47.878818],[-124.610546,47.880594],[-124.611168,47.881189],[-124.621897,47.886007],[-124.625027,47.886884],[-124.626802,47.888858],[-124.62869,47.892316],[-124.630052,47.900127],[-124.631948,47.902181],[-124.639887,47.907034],[-124.641658,47.909072],[-124.639025,47.919752],[-124.640398,47.927449],[-124.642929,47.933471],[-124.646646,47.937434],[-124.659387,47.947874],[-124.665757,47.964843],[-124.667882,47.965519],[-124.671289,47.965347],[-124.672919,47.965974],[-124.672797,47.968869],[-124.667857,47.97684],[-124.667735,47.979394],[-124.676284,47.993999],[-124.676839,47.997053],[-124.682831,48.040743],[-124.68518,48.046996],[-124.694908,48.061383],[-124.696569,48.065521],[-124.696501,48.069212],[-124.695133,48.077403],[-124.696562,48.083112],[-124.695682,48.085885],[-124.691085,48.093765],[-124.689812,48.097612],[-124.691851,48.104428],[-124.69516,48.110261],[-124.703391,48.120039],[-124.712272,48.139747],[-124.730722,48.160489],[-124.732602,48.164218],[-124.733067,48.167055],[-124.731339,48.170582],[-124.727743,48.17386],[-124.714773,48.180626],[-124.703898,48.189689],[-124.701034,48.193793],[-124.694449,48.211875],[-124.691741,48.221279],[-124.692555,48.224805],[-124.703075,48.234327],[-124.704071,48.237441],[-124.702386,48.242414],[-124.699724,48.245915],[-124.685842,48.258654],[-124.683329,48.26154],[-124.681065,48.268394],[-124.683964,48.2829],[-124.688211,48.289519],[-124.686819,48.292015],[-124.683926,48.294124],[-124.673267,48.296657],[-124.669133,48.299216],[-124.667374,48.302131],[-124.666861,48.312886],[-124.669494,48.316921],[-124.671574,48.320217],[-124.670665,48.320606],[-124.666908,48.321182],[-124.665343,48.321932],[-124.662823,48.328093],[-124.663104,48.331237],[-124.665927,48.336546],[-124.669898,48.339704],[-124.673716,48.340234],[-124.683282,48.336999],[-124.686232,48.337219],[-124.695098,48.341314],[-124.702062,48.348166],[-124.710859,48.360574],[-124.723877,48.369441],[-124.731484,48.36846],[-124.734497,48.371352],[-124.736177,48.376116],[-124.734878,48.380391],[-124.731832,48.383526],[-124.721133,48.389112],[-124.716125,48.390334],[-124.706687,48.386505],[-124.693093,48.389939],[-124.665395,48.389169],[-124.661203,48.389779],[-124.645815,48.39103],[-124.638901,48.389107],[-124.637465,48.38773],[-124.637404,48.383514],[-124.632176,48.376001],[-124.627102,48.370431],[-124.61908,48.370096],[-124.607918,48.371609],[-124.6014,48.37385],[-124.59117,48.374974],[-124.583482,48.374654],[-124.570755,48.372573],[-124.56166,48.369346],[-124.543454,48.35735],[-124.529959,48.352109],[-124.52148,48.351047],[-124.50244,48.345708],[-124.487625,48.338555],[-124.470496,48.330474],[-124.450774,48.321767],[-124.442445,48.317686],[-124.437305,48.314722],[-124.421466,48.308768],[-124.411016,48.305769],[-124.40413,48.301743],[-124.399492,48.298018],[-124.392129,48.292874],[-124.386911,48.290797],[-124.379861,48.289421],[-124.372204,48.28824],[-124.363817,48.289221],[-124.352919,48.289483],[-124.34677,48.287533],[-124.338303,48.280806],[-124.332961,48.27841],[-124.325479,48.277095],[-124.310245,48.276202],[-124.303923,48.274782],[-124.295696,48.27041],[-124.29177,48.265284],[-124.283967,48.260333],[-124.282459,48.259249],[-124.278789,48.256945],[-124.27478,48.25645],[-124.267465,48.256183],[-124.260652,48.257183],[-124.25227,48.259793],[-124.247812,48.265489],[-124.241147,48.264996],[-124.234953,48.262519],[-124.223987,48.256228],[-124.147534,48.229381],[-124.139151,48.225873],[-124.131274,48.22103],[-124.126922,48.219829],[-124.111122,48.218514],[-124.103679,48.21566],[-124.102305,48.213049],[-124.10289,48.209942],[-124.103702,48.206264],[-124.104743,48.205526],[-124.110004,48.205288],[-124.111048,48.204646],[-124.109474,48.200609],[-124.108705,48.200428],[-124.107404,48.200122],[-124.096017,48.198859],[-124.077374,48.193372],[-124.06237,48.187832],[-124.051419,48.182134],[-124.011603,48.174535],[-123.997185,48.171671],[-123.980949,48.168693],[-123.948622,48.16561],[-123.91712,48.160461],[-123.911468,48.159465],[-123.885485,48.16002],[-123.870773,48.156216],[-123.857352,48.155556],[-123.84224,48.156995],[-123.834347,48.160191],[-123.830511,48.159881],[-123.817875,48.156264],[-123.811994,48.155465],[-123.797289,48.155191],[-123.7794,48.154595],[-123.776012,48.156668],[-123.76168,48.161048],[-123.756644,48.161283],[-123.740988,48.159948],[-123.729316,48.164027],[-123.72297,48.159034],[-123.715084,48.159652],[-123.709429,48.161792],[-123.705683,48.166035],[-123.698703,48.166444],[-123.688029,48.16485],[-123.672972,48.161304],[-123.648983,48.154593],[-123.637207,48.150684],[-123.636679,48.149558],[-123.642068,48.144281],[-123.641477,48.142891],[-123.632919,48.139756],[-123.626723,48.138847],[-123.613612,48.138857],[-123.607282,48.137755],[-123.589424,48.135296],[-123.583581,48.136413],[-123.575291,48.140926],[-123.562682,48.148852],[-123.557861,48.151138],[-123.551502,48.151502],[-123.540921,48.148857],[-123.535248,48.146074],[-123.526371,48.138435],[-123.522247,48.135585],[-123.520392,48.134766],[-123.513388,48.1327],[-123.501158,48.131951],[-123.494533,48.132438],[-123.488547,48.132208],[-123.479533,48.133063],[-123.47131,48.134449],[-123.459492,48.138483],[-123.456573,48.139228],[-123.450926,48.140178],[-123.438845,48.142109],[-123.434319,48.142405],[-123.4266,48.142146],[-123.412115,48.141916],[-123.407782,48.141615],[-123.402006,48.140693],[-123.401542,48.140285],[-123.402019,48.139042],[-123.402662,48.138852],[-123.408866,48.139068],[-123.425261,48.140863],[-123.430794,48.141156],[-123.437673,48.141277],[-123.448824,48.139841],[-123.457494,48.138358],[-123.461969,48.136448],[-123.461442,48.135238],[-123.463615,48.134955],[-123.463513,48.134103],[-123.4607,48.132081],[-123.460628,48.130862],[-123.459389,48.128934],[-123.45226,48.125953],[-123.4466,48.124408],[-123.443412,48.124344],[-123.436227,48.122217],[-123.424587,48.117913],[-123.412225,48.115999],[-123.40989,48.116772],[-123.40832,48.118508],[-123.406209,48.118057],[-123.405247,48.116733],[-123.395944,48.11391],[-123.38578,48.114637],[-123.381604,48.114894],[-123.376471,48.113947],[-123.374493,48.114285],[-123.369831,48.114835],[-123.361873,48.11591],[-123.359503,48.115829],[-123.351392,48.117971],[-123.344006,48.117161],[-123.338278,48.112903],[-123.327729,48.113085],[-123.324973,48.113969],[-123.316811,48.11315],[-123.305088,48.115951],[-123.297145,48.1189],[-123.28983,48.119962],[-123.287439,48.120965],[-123.283854,48.119359],[-123.280749,48.117298],[-123.274308,48.116939],[-123.263582,48.115756],[-123.255101,48.117726],[-123.24974,48.115472],[-123.243842,48.116977],[-123.230348,48.121422],[-123.216894,48.127038],[-123.202165,48.136191],[-123.188954,48.146246],[-123.168911,48.162477],[-123.157204,48.170585],[-123.147917,48.175261],[-123.144501,48.176369],[-123.142154,48.176478],[-123.138339,48.17636],[-123.132355,48.176336],[-123.130422,48.17684],[-123.124665,48.178235],[-123.113905,48.182315],[-123.105809,48.184042],[-123.102642,48.184743],[-123.101635,48.185114],[-123.100354,48.183948],[-123.101086,48.183344],[-123.104218,48.182053],[-123.110347,48.180711],[-123.115828,48.18027],[-123.124382,48.176461],[-123.12898,48.176152],[-123.131731,48.175277],[-123.134054,48.174069],[-123.136255,48.171295],[-123.138395,48.167882],[-123.141734,48.159529],[-123.142437,48.15685],[-123.143355,48.156479],[-123.145884,48.157862],[-123.144389,48.159428],[-123.142703,48.16313],[-123.142065,48.166401],[-123.137472,48.171249],[-123.137056,48.172646],[-123.137971,48.173461],[-123.140235,48.174908],[-123.14238,48.175348],[-123.146105,48.174522],[-123.150861,48.172449],[-123.158995,48.167734],[-123.17497,48.155977],[-123.181418,48.150478],[-123.186049,48.145996],[-123.184805,48.146096],[-123.181278,48.146567],[-123.177544,48.146212],[-123.16385,48.149751],[-123.160497,48.15016],[-123.154392,48.150376],[-123.150849,48.152922],[-123.14281,48.151093],[-123.137491,48.151009],[-123.135176,48.150679],[-123.132578,48.15238],[-123.126456,48.152498],[-123.121143,48.151651],[-123.117629,48.150539],[-123.115472,48.149683],[-123.112252,48.148785],[-123.109034,48.144151],[-123.100649,48.137344],[-123.091882,48.131098],[-123.084887,48.127151],[-123.080008,48.125109],[-123.068402,48.121593],[-123.066735,48.120729],[-123.061572,48.116985],[-123.058985,48.114146],[-123.056457,48.110093],[-123.0469,48.097709],[-123.045308,48.094488],[-123.043311,48.090967],[-123.040822,48.084705],[-123.040212,48.083626],[-123.040373,48.083223],[-123.040868,48.082926],[-123.042639,48.082807],[-123.04349,48.082695],[-123.044062,48.082785],[-123.044069,48.08298],[-123.043629,48.083441],[-123.044367,48.086751],[-123.04554,48.089445],[-123.046081,48.091995],[-123.046697,48.088419],[-123.046782,48.087402],[-123.047047,48.086801],[-123.048721,48.085423],[-123.049714,48.0848],[-123.051422,48.084736],[-123.052465,48.083575],[-123.053602,48.083214],[-123.05335,48.082605],[-123.052628,48.081984],[-123.051349,48.081107],[-123.049968,48.080423],[-123.049022,48.080334],[-123.046582,48.080782],[-123.046151,48.080501],[-123.045507,48.078296],[-123.044876,48.076349],[-123.044846,48.07543],[-123.04592,48.072812],[-123.045959,48.071707],[-123.04496,48.069035],[-123.041832,48.063842],[-123.03998,48.062327],[-123.039832,48.061963],[-123.040027,48.061753],[-123.04186,48.061549],[-123.042658,48.061309],[-123.044872,48.05988],[-123.045208,48.059456],[-123.044975,48.05906],[-123.043697,48.058315],[-123.032307,48.051037],[-123.027975,48.047786],[-123.026809,48.046417],[-123.024698,48.040922],[-123.023747,48.039659],[-123.019206,48.036049],[-123.012108,48.029986],[-123.005581,48.025101],[-123.00364,48.024626],[-123.000612,48.025787],[-122.998721,48.027296],[-122.998084,48.028823],[-122.998266,48.030615],[-123.001248,48.039829],[-123.004492,48.045757],[-123.008533,48.04954],[-123.009795,48.051016],[-123.010207,48.052789],[-123.011334,48.054522],[-123.010784,48.055356],[-123.008236,48.057317],[-123.005395,48.061351],[-123.004684,48.063059],[-123.004658,48.064258],[-123.005222,48.066079],[-123.006585,48.068212],[-123.012456,48.073266],[-123.01468,48.074455],[-123.018956,48.076508],[-123.021035,48.077892],[-123.022957,48.080391],[-123.023706,48.082365],[-123.023776,48.082746],[-123.024607,48.082993],[-123.027016,48.082506],[-123.03211,48.081476],[-123.035332,48.080702],[-123.037534,48.080096],[-123.040811,48.079283],[-123.041165,48.079365],[-123.041677,48.080268],[-123.041422,48.080496],[-123.036785,48.081444],[-123.023972,48.083693],[-123.018291,48.084919],[-123.015835,48.085575],[-123.005859,48.089977],[-123.001317,48.091206],[-122.976164,48.096538],[-122.971501,48.09698],[-122.946988,48.098569],[-122.939171,48.096505],[-122.921891,48.09614],[-122.920633,48.096005],[-122.917782,48.095969],[-122.916287,48.095532],[-122.914767,48.094331],[-122.916543,48.092817],[-122.920201,48.089434],[-122.924165,48.081298],[-122.925344,48.077382],[-122.927571,48.0719],[-122.928371,48.0691],[-122.928361,48.066925],[-122.927803,48.065251],[-122.926645,48.063417],[-122.923877,48.060925],[-122.921227,48.059391],[-122.913682,48.056401],[-122.910998,48.055939],[-122.906889,48.055093],[-122.902292,48.053845],[-122.891905,48.050017],[-122.88108,48.047525],[-122.87683,48.046866],[-122.875578,48.046884],[-122.874107,48.047209],[-122.87309,48.047452],[-122.873358,48.046914],[-122.875067,48.045535],[-122.875177,48.044942],[-122.873196,48.04348],[-122.867111,48.037996],[-122.864067,48.033973],[-122.861526,48.02876],[-122.859305,48.022868],[-122.85811,48.017063],[-122.858521,48.01244],[-122.860173,48.008116],[-122.861933,48.004267],[-122.864469,48.002075],[-122.868554,48.000143],[-122.879436,47.995239],[-122.880548,47.994143],[-122.869987,47.995046],[-122.854724,47.997246],[-122.848048,47.999694],[-122.84269,48.003634],[-122.838023,48.008677],[-122.835924,48.01417],[-122.835946,48.018115],[-122.831336,48.031499],[-122.829828,48.035852],[-122.829848,48.039732],[-122.827674,48.044559],[-122.827372,48.045966],[-122.827944,48.046885],[-122.834052,48.04958],[-122.847207,48.053039],[-122.848985,48.053473],[-122.850121,48.054599],[-122.852476,48.055907],[-122.852324,48.058391],[-122.856395,48.060637],[-122.856931,48.064259],[-122.857555,48.065385],[-122.863824,48.069383],[-122.872011,48.073351],[-122.874817,48.074883],[-122.882231,48.076994],[-122.885041,48.077566],[-122.888781,48.076903],[-122.891322,48.076181],[-122.891526,48.07632],[-122.891741,48.076824],[-122.884634,48.082841],[-122.881045,48.087338],[-122.879241,48.090758],[-122.878986,48.094479],[-122.881612,48.100594],[-122.884968,48.10326],[-122.884256,48.106103],[-122.881347,48.108735],[-122.876208,48.110713],[-122.864941,48.116834],[-122.858221,48.120485],[-122.84882,48.126178],[-122.843477,48.130871],[-122.84115,48.133397],[-122.839712,48.135411],[-122.838383,48.136401],[-122.837027,48.136564],[-122.833726,48.134787],[-122.832226,48.134444],[-122.821113,48.136634],[-122.814003,48.136729],[-122.799861,48.139639],[-122.784703,48.14256],[-122.777004,48.143182],[-122.769483,48.143439],[-122.764384,48.142825],[-122.759324,48.143571],[-122.754263,48.144317],[-122.753772,48.143954],[-122.754224,48.142957],[-122.758229,48.140864],[-122.760702,48.137811],[-122.762115,48.134692],[-122.76209,48.13121],[-122.760922,48.128585],[-122.750471,48.118516],[-122.749417,48.117169],[-122.750768,48.11584],[-122.754416,48.114383],[-122.766463,48.109464],[-122.779564,48.105892],[-122.785036,48.102918],[-122.793498,48.096183],[-122.799243,48.091033],[-122.801358,48.087235],[-122.80075,48.085664],[-122.791504,48.081319],[-122.788937,48.079234],[-122.786788,48.07518],[-122.785633,48.070433],[-122.78167,48.065812],[-122.774174,48.060377],[-122.7679,48.058703],[-122.765978,48.057762],[-122.765831,48.056849],[-122.769959,48.05415],[-122.770912,48.052935],[-122.768824,48.050921],[-122.771313,48.049488],[-122.771808,48.048841],[-122.766598,48.044145],[-122.765485,48.040758],[-122.76295,48.039073],[-122.754191,48.036141],[-122.752574,48.034681],[-122.751011,48.031419],[-122.753059,48.032073],[-122.75341,48.030261],[-122.752961,48.028672],[-122.751644,48.026697],[-122.750855,48.025977],[-122.750135,48.026011],[-122.746877,48.02875],[-122.738842,48.031575],[-122.737886,48.033629],[-122.735183,48.033082],[-122.732757,48.031653],[-122.727532,48.026276],[-122.726479,48.024929],[-122.728468,48.023542],[-122.730619,48.020442],[-122.731356,48.018062],[-122.727262,48.016753],[-122.728218,48.014699],[-122.723989,48.008628],[-122.723209,48.007892],[-122.720775,48.002544],[-122.719715,47.993247],[-122.71842,47.99003],[-122.718354,47.987707],[-122.715464,47.986632],[-122.708503,47.97995],[-122.701014,47.973173],[-122.699563,47.973027],[-122.695905,47.97344],[-122.691367,47.972193],[-122.684644,47.97166],[-122.682892,47.972238],[-122.680129,47.969624],[-122.678675,47.965268],[-122.679079,47.963545],[-122.680905,47.962853],[-122.685811,47.962147],[-122.686373,47.961256],[-122.687071,47.958013],[-122.687783,47.957272],[-122.68854,47.957348],[-122.690594,47.958851],[-122.691593,47.959043],[-122.693452,47.957816],[-122.694965,47.955869],[-122.691935,47.955098],[-122.690908,47.951262],[-122.69001,47.950777],[-122.688055,47.950801],[-122.686693,47.950515],[-122.685512,47.95227],[-122.685198,47.956294],[-122.68502,47.960742],[-122.683673,47.961701],[-122.681059,47.962087],[-122.680084,47.961814],[-122.677855,47.960127],[-122.677302,47.95912],[-122.67779,47.955453],[-122.683825,47.946054],[-122.685001,47.941091],[-122.680586,47.932249],[-122.680384,47.929665],[-122.6806,47.927297],[-122.681751,47.923069],[-122.682141,47.92182],[-122.683214,47.921279],[-122.684457,47.921286],[-122.683815,47.922477],[-122.684048,47.922807],[-122.686116,47.923478],[-122.687224,47.923475],[-122.690726,47.922597],[-122.694975,47.921003],[-122.700014,47.918363],[-122.701828,47.917782],[-122.706314,47.916945],[-122.701173,47.917243],[-122.699722,47.917241],[-122.699013,47.917146],[-122.698773,47.917014],[-122.698961,47.915978],[-122.699368,47.91544],[-122.700869,47.9149],[-122.701149,47.914609],[-122.701313,47.913864],[-122.699037,47.914332],[-122.69796,47.914412],[-122.69504,47.914192],[-122.694345,47.914213],[-122.693732,47.914326],[-122.693187,47.91481],[-122.693071,47.915687],[-122.693716,47.917633],[-122.693619,47.918086],[-122.693294,47.918049],[-122.692155,47.917627],[-122.691645,47.917507],[-122.690196,47.917664],[-122.689869,47.917634],[-122.689616,47.917533],[-122.689496,47.917282],[-122.689665,47.916952],[-122.690358,47.91633],[-122.690631,47.915982],[-122.690504,47.915652],[-122.689829,47.915215],[-122.689203,47.914942],[-122.68777,47.914676],[-122.685819,47.914801],[-122.683356,47.914392],[-122.682802,47.914434],[-122.6806,47.914967],[-122.677769,47.915912],[-122.675044,47.916706],[-122.67416,47.91727],[-122.672746,47.918684],[-122.669642,47.922481],[-122.663362,47.929329],[-122.663048,47.929999],[-122.662786,47.930246],[-122.659617,47.931245],[-122.658835,47.931507],[-122.65844,47.931499],[-122.657844,47.931164],[-122.657024,47.929718],[-122.656663,47.928613],[-122.656847,47.926305],[-122.656663,47.925196],[-122.656165,47.924567],[-122.653425,47.922714],[-122.652027,47.92168],[-122.651098,47.920687],[-122.650915,47.91996],[-122.65137,47.919061],[-122.653259,47.916971],[-122.653828,47.916005],[-122.654791,47.911967],[-122.655142,47.907839],[-122.654763,47.90437],[-122.654046,47.903272],[-122.652846,47.902311],[-122.647992,47.899773],[-122.647047,47.898704],[-122.646988,47.89802],[-122.647808,47.89639],[-122.647561,47.895463],[-122.644725,47.893103],[-122.641632,47.891604],[-122.640916,47.891509],[-122.63872,47.890185],[-122.637515,47.889855],[-122.632868,47.88955],[-122.6299,47.889525],[-122.619171,47.89017],[-122.617982,47.890043],[-122.613835,47.888864],[-122.610375,47.887365],[-122.610611,47.887179],[-122.613194,47.886815],[-122.61419,47.886522],[-122.616375,47.884713],[-122.618214,47.883001],[-122.618929,47.881917],[-122.619956,47.878747],[-122.620798,47.877855],[-122.621868,47.877498],[-122.622887,47.877689],[-122.625015,47.879024],[-122.625669,47.880008],[-122.625864,47.881553],[-122.625434,47.886253],[-122.625766,47.887122],[-122.626215,47.88741],[-122.626791,47.887379],[-122.62795,47.886867],[-122.62904,47.886062],[-122.630176,47.884171],[-122.630321,47.883161],[-122.62955,47.879732],[-122.629699,47.878592],[-122.631762,47.876948],[-122.632652,47.872232],[-122.633053,47.870942],[-122.633385,47.870535],[-122.634196,47.868785],[-122.634979,47.868109],[-122.63887,47.866717],[-122.643618,47.864958],[-122.645078,47.864521],[-122.648102,47.863526],[-122.651502,47.863374],[-122.653697,47.863873],[-122.658817,47.866096],[-122.66181,47.866785],[-122.666524,47.866957],[-122.678578,47.866516],[-122.684187,47.866508],[-122.68596,47.866798],[-122.690064,47.86789],[-122.692188,47.867924],[-122.693141,47.867581],[-122.693648,47.866987],[-122.693636,47.865414],[-122.692332,47.862875],[-122.688862,47.857906],[-122.687758,47.855848],[-122.684801,47.847133],[-122.684012,47.841993],[-122.684922,47.838073],[-122.688275,47.833432],[-122.694794,47.827946],[-122.703483,47.825831],[-122.713332,47.816964],[-122.719272,47.81362],[-122.727078,47.810528],[-122.731557,47.809602],[-122.737438,47.810576],[-122.742355,47.810074],[-122.743052,47.810034],[-122.744297,47.808935],[-122.745224,47.806276],[-122.748193,47.802858],[-122.74881,47.80153],[-122.74867,47.800109],[-122.745289,47.795496],[-122.743427,47.793463],[-122.7453,47.792613],[-122.748439,47.789888],[-122.749448,47.788046],[-122.74916,47.784477],[-122.749712,47.781023],[-122.749351,47.779735],[-122.748362,47.7784],[-122.746822,47.777482],[-122.745949,47.776245],[-122.746277,47.775681],[-122.750427,47.774256],[-122.751358,47.773543],[-122.751631,47.772162],[-122.751489,47.770771],[-122.749412,47.768928],[-122.749327,47.768575],[-122.749669,47.768218],[-122.752537,47.767246],[-122.753173,47.766705],[-122.754853,47.762537],[-122.75585,47.760704],[-122.758156,47.757438],[-122.757964,47.756685],[-122.757158,47.7554],[-122.75638,47.753007],[-122.756022,47.750995],[-122.756277,47.750473],[-122.758365,47.749043],[-122.758294,47.746726],[-122.758583,47.746209],[-122.760136,47.745434],[-122.764531,47.744618],[-122.766312,47.743883],[-122.769853,47.741244],[-122.772579,47.738875],[-122.775873,47.735204],[-122.779648,47.729073],[-122.782925,47.722327],[-122.782888,47.718147],[-122.781189,47.714158],[-122.782143,47.710909],[-122.782128,47.708341],[-122.783951,47.705141],[-122.783587,47.703912],[-122.780677,47.701725],[-122.771305,47.693657],[-122.771394,47.692357],[-122.773092,47.691068],[-122.782966,47.687738],[-122.785849,47.686844],[-122.791776,47.686872],[-122.798047,47.685188],[-122.800808,47.685044],[-122.807232,47.682661],[-122.808701,47.682057],[-122.811226,47.68197],[-122.813366,47.682208],[-122.824347,47.687448],[-122.831963,47.691133],[-122.83254,47.691925],[-122.83111,47.694292],[-122.828626,47.69582],[-122.827286,47.702213],[-122.827267,47.705869],[-122.826666,47.706944],[-122.825722,47.709731],[-122.823794,47.711357],[-122.821946,47.711949],[-122.817033,47.712348],[-122.815462,47.71291],[-122.813538,47.71489],[-122.812141,47.716981],[-122.811293,47.72124],[-122.813064,47.725363],[-122.806868,47.732784],[-122.806878,47.735348],[-122.810479,47.744694],[-122.809595,47.747455],[-122.803382,47.753896],[-122.80109,47.757146],[-122.799428,47.758613],[-122.799805,47.761237],[-122.797146,47.764901],[-122.794981,47.770604],[-122.795963,47.773422],[-122.79191,47.77843],[-122.792683,47.780002],[-122.79029,47.783394],[-122.788564,47.785284],[-122.7894,47.788153],[-122.788384,47.791313],[-122.788614,47.793764],[-122.787913,47.795301],[-122.78825,47.799509],[-122.787907,47.800489],[-122.786601,47.80264],[-122.786271,47.803681],[-122.786541,47.804757],[-122.787074,47.80549],[-122.787711,47.806288],[-122.788446,47.806993],[-122.791891,47.809048],[-122.794812,47.810802],[-122.795978,47.814093],[-122.794738,47.816349],[-122.794181,47.821174],[-122.797908,47.82688],[-122.803264,47.830347],[-122.805813,47.835581],[-122.806726,47.836397],[-122.807465,47.837698],[-122.808643,47.84089],[-122.809604,47.84303],[-122.808062,47.842867],[-122.807102,47.840464],[-122.806703,47.837363],[-122.80594,47.836407],[-122.804581,47.834378],[-122.80453,47.834931],[-122.804669,47.836746],[-122.805033,47.840685],[-122.80393,47.841841],[-122.803954,47.842267],[-122.803809,47.842924],[-122.804472,47.843996],[-122.804291,47.84479],[-122.804581,47.845375],[-122.805688,47.84582],[-122.806164,47.847191],[-122.806055,47.84784],[-122.805415,47.848148],[-122.804657,47.849798],[-122.804182,47.850948],[-122.804536,47.851956],[-122.804938,47.852824],[-122.806209,47.854786],[-122.808592,47.857331],[-122.811112,47.858345],[-122.811917,47.860154],[-122.813164,47.860441],[-122.813504,47.86044],[-122.813738,47.860275],[-122.81398,47.859191],[-122.813584,47.85811],[-122.814354,47.855091],[-122.81425,47.854471],[-122.813964,47.853202],[-122.813739,47.852799],[-122.811964,47.852868],[-122.812952,47.852003],[-122.812151,47.851693],[-122.812925,47.851291],[-122.813392,47.849743],[-122.814048,47.848814],[-122.812588,47.849156],[-122.809384,47.849429],[-122.806575,47.850387],[-122.810312,47.84845],[-122.813367,47.847742],[-122.813389,47.847351],[-122.811012,47.846692],[-122.810058,47.84682],[-122.809528,47.846804],[-122.810243,47.846128],[-122.812505,47.84635],[-122.814051,47.846024],[-122.814453,47.845772],[-122.814433,47.845082],[-122.815105,47.843583],[-122.817805,47.842391],[-122.818206,47.842109],[-122.81946,47.841172],[-122.821468,47.837887],[-122.82187,47.833737],[-122.822492,47.831959],[-122.821422,47.828789],[-122.8223,47.826755],[-122.824893,47.822783],[-122.825726,47.820845],[-122.825343,47.819286],[-122.821797,47.814933],[-122.820475,47.811151],[-122.818767,47.808908],[-122.817514,47.810071],[-122.815966,47.810457],[-122.815929,47.810039],[-122.816615,47.809123],[-122.817544,47.803084],[-122.820411,47.795685],[-122.82212,47.79299],[-122.82224,47.790647],[-122.826444,47.787067],[-122.831682,47.783822],[-122.836257,47.781575],[-122.838947,47.781235],[-122.842641,47.779364],[-122.845293,47.779439],[-122.847641,47.779954],[-122.849278,47.780588],[-122.852661,47.780845],[-122.853936,47.78198],[-122.853934,47.783254],[-122.851185,47.784652],[-122.850754,47.786098],[-122.851345,47.786929],[-122.850262,47.788132],[-122.850178,47.794251],[-122.84967,47.796052],[-122.846149,47.799667],[-122.845424,47.800945],[-122.845338,47.801672],[-122.845391,47.805918],[-122.84679,47.807517],[-122.846647,47.809996],[-122.850028,47.814429],[-122.84915,47.816078],[-122.849367,47.820455],[-122.850787,47.823824],[-122.852734,47.82577],[-122.856414,47.827908],[-122.857676,47.828071],[-122.858962,47.827772],[-122.85919,47.827136],[-122.859347,47.825643],[-122.862252,47.824392],[-122.863193,47.823771],[-122.864146,47.821789],[-122.86423,47.816469],[-122.864637,47.814483],[-122.865802,47.813413],[-122.871324,47.810511],[-122.871992,47.809596],[-122.869343,47.80864],[-122.867311,47.804249],[-122.867101,47.801777],[-122.868934,47.79791],[-122.867416,47.787517],[-122.866107,47.780864],[-122.863894,47.770376],[-122.862507,47.767938],[-122.859096,47.7652],[-122.854578,47.762415],[-122.85099,47.761987],[-122.850503,47.761561],[-122.849603,47.754091],[-122.849182,47.75258],[-122.849492,47.751158],[-122.849819,47.750707],[-122.852346,47.747752],[-122.853255,47.745951],[-122.852157,47.739393],[-122.852038,47.738092],[-122.852392,47.737266],[-122.854022,47.736637],[-122.856375,47.736432],[-122.857934,47.737089],[-122.860965,47.743114],[-122.862073,47.745021],[-122.863608,47.745435],[-122.867755,47.744537],[-122.870103,47.744826],[-122.871055,47.744593],[-122.87236,47.74361],[-122.873635,47.740714],[-122.875028,47.737256],[-122.873474,47.735458],[-122.872874,47.732732],[-122.873466,47.7303],[-122.874212,47.730178],[-122.877466,47.731879],[-122.877855,47.731655],[-122.879598,47.724956],[-122.880772,47.719277],[-122.883,47.711058],[-122.883564,47.710416],[-122.886024,47.708344],[-122.886921,47.707257],[-122.889062,47.698933],[-122.890806,47.692335],[-122.889708,47.690732],[-122.892699,47.685734],[-122.89409,47.682276],[-122.899924,47.671898],[-122.904125,47.667018],[-122.907379,47.665189],[-122.907693,47.664585],[-122.906797,47.664283],[-122.905026,47.664254],[-122.903925,47.664645],[-122.903414,47.664516],[-122.902601,47.663843],[-122.902443,47.662723],[-122.902724,47.661842],[-122.904654,47.661233],[-122.905901,47.659181],[-122.905842,47.658037],[-122.902929,47.654985],[-122.90185,47.653501],[-122.901408,47.652049],[-122.901775,47.65109],[-122.90343,47.649525],[-122.903931,47.64923],[-122.905478,47.648692],[-122.905598,47.648448],[-122.905368,47.647983],[-122.904449,47.647113],[-122.903778,47.64628],[-122.904125,47.646125],[-122.904689,47.64608],[-122.905603,47.645142],[-122.909511,47.645012],[-122.913966,47.645137],[-122.916232,47.645355],[-122.918449,47.645847],[-122.919426,47.646224],[-122.920356,47.646982],[-122.921176,47.648425],[-122.92238,47.649217],[-122.924055,47.649939],[-122.925035,47.649979],[-122.926234,47.649231],[-122.929087,47.648373],[-122.929873,47.647824],[-122.932171,47.643878],[-122.940464,47.630709],[-122.941114,47.63007],[-122.942532,47.629412],[-122.944196,47.628914],[-122.950896,47.627104],[-122.952526,47.626432],[-122.954789,47.6247],[-122.955067,47.62393],[-122.962354,47.618648],[-122.963734,47.617704],[-122.965629,47.617114],[-122.969818,47.616689],[-122.976314,47.613649],[-122.979387,47.61109],[-122.981655,47.606978],[-122.981885,47.606324],[-122.980982,47.606222],[-122.980762,47.605144],[-122.981174,47.603599],[-122.981817,47.602581],[-122.982627,47.601973],[-122.983009,47.601934],[-122.983719,47.602038],[-122.984034,47.601952],[-122.984923,47.600783],[-122.987064,47.595727],[-122.98833,47.593996],[-122.994451,47.589058],[-122.997098,47.586553],[-122.999719,47.583136],[-123.006621,47.572532],[-123.009646,47.568486],[-123.015715,47.561415],[-123.02302,47.555135],[-123.02865,47.552783],[-123.032462,47.550193],[-123.034603,47.549887],[-123.035388,47.548762],[-123.036113,47.548076],[-123.036808,47.546071],[-123.036389,47.540837],[-123.036835,47.538658],[-123.04517,47.524677],[-123.051797,47.509476],[-123.053635,47.502796],[-123.055552,47.499789],[-123.058261,47.497016],[-123.071428,47.48618],[-123.078319,47.480266],[-123.0842,47.472874],[-123.093541,47.46541],[-123.098698,47.460224],[-123.100047,47.459806],[-123.105813,47.459882],[-123.106561,47.459233],[-123.106629,47.456712],[-123.106436,47.454985],[-123.106662,47.448574],[-123.10769,47.446663],[-123.112337,47.44272],[-123.113781,47.440658],[-123.113818,47.437525],[-123.114892,47.434414],[-123.116854,47.430944],[-123.121506,47.427111],[-123.122773,47.425702],[-123.124043,47.422374],[-123.124857,47.418822],[-123.127392,47.412009],[-123.128658,47.410391],[-123.134415,47.406804],[-123.136393,47.404722],[-123.138524,47.393864],[-123.144211,47.38196],[-123.148489,47.374306],[-123.150467,47.371908],[-123.155153,47.370583],[-123.156145,47.369826],[-123.155981,47.368329],[-123.154289,47.364289],[-123.154453,47.361271],[-123.154638,47.360127],[-123.155477,47.358478],[-123.156628,47.355775],[-123.157759,47.354215],[-123.157966,47.353259],[-123.15649,47.351507],[-123.153434,47.349714],[-123.146286,47.346326],[-123.1438,47.344124],[-123.14084,47.343049],[-123.131394,47.342409],[-123.12875,47.342035],[-123.127282,47.341495],[-123.124843,47.33939],[-123.123783,47.338807],[-123.120335,47.338046],[-123.121423,47.339417],[-123.121474,47.339743],[-123.120005,47.340115],[-123.119462,47.340019],[-123.118721,47.336496],[-123.118353,47.335685],[-123.117333,47.338627],[-123.117719,47.339955],[-123.117555,47.340992],[-123.116895,47.342187],[-123.116396,47.343379],[-123.116168,47.343736],[-123.115807,47.343729],[-123.114982,47.343007],[-123.113362,47.342447],[-123.112505,47.342413],[-123.111795,47.342723],[-123.111508,47.343681],[-123.111356,47.34567],[-123.10919,47.353742],[-123.108591,47.355548],[-123.107791,47.35702],[-123.106875,47.357742],[-123.104783,47.358619],[-123.102815,47.359031],[-123.100918,47.359156],[-123.098393,47.359087],[-123.096103,47.358851],[-123.090866,47.358034],[-123.082086,47.357042],[-123.077654,47.356212],[-123.074559,47.355253],[-123.072219,47.354105],[-123.07006,47.351798],[-123.067693,47.350378],[-123.06615,47.350012],[-123.056466,47.352253],[-123.052802,47.351896],[-123.042757,47.351701],[-123.038731,47.352198],[-123.031332,47.353617],[-123.026554,47.354397],[-123.022198,47.355824],[-123.018262,47.357898],[-123.011291,47.36263],[-122.998419,47.370663],[-122.992573,47.373479],[-122.98234,47.377461],[-122.97575,47.379246],[-122.970334,47.380197],[-122.962192,47.381079],[-122.959802,47.381495],[-122.956796,47.382682],[-122.953051,47.383281],[-122.947295,47.383637],[-122.941881,47.384696],[-122.936148,47.387013],[-122.929272,47.389369],[-122.924544,47.389328],[-122.920344,47.390804],[-122.916637,47.390095],[-122.912816,47.390857],[-122.907777,47.393705],[-122.894275,47.405328],[-122.891129,47.407206],[-122.886294,47.408978],[-122.881209,47.410411],[-122.87594,47.413696],[-122.860096,47.426408],[-122.849091,47.433636],[-122.848051,47.433705],[-122.846197,47.433349],[-122.844627,47.43446],[-122.844493,47.435332],[-122.844937,47.436796],[-122.847709,47.438656],[-122.847952,47.438943],[-122.847879,47.439317],[-122.846839,47.440308],[-122.84398,47.442369],[-122.842893,47.443746],[-122.843414,47.444181],[-122.844947,47.443393],[-122.846866,47.442536],[-122.848782,47.441884],[-122.849397,47.442015],[-122.85068,47.44301],[-122.851287,47.443009],[-122.854037,47.441377],[-122.861349,47.435793],[-122.864493,47.433871],[-122.871915,47.430627],[-122.87526,47.428681],[-122.878711,47.428312],[-122.883775,47.425548],[-122.885416,47.425328],[-122.891254,47.426326],[-122.892911,47.426161],[-122.89362,47.425644],[-122.894349,47.423473],[-122.895087,47.422789],[-122.895916,47.422695],[-122.89879,47.423032],[-122.900282,47.422716],[-122.902,47.421366],[-122.903465,47.419633],[-122.903393,47.417284],[-122.905281,47.416334],[-122.913808,47.414974],[-122.925935,47.410868],[-122.938679,47.406173],[-122.942096,47.404661],[-122.947278,47.402915],[-122.962533,47.399171],[-122.965559,47.396899],[-122.967439,47.396704],[-122.972357,47.39755],[-122.97396,47.397394],[-122.977404,47.396233],[-122.98097,47.39432],[-122.981775,47.393683],[-122.984063,47.390651],[-122.985377,47.389676],[-122.987701,47.388814],[-123.000447,47.38512],[-123.009964,47.380769],[-123.012511,47.379177],[-123.015659,47.376599],[-123.017518,47.374266],[-123.021846,47.365242],[-123.024824,47.361945],[-123.027817,47.3599],[-123.029845,47.35918],[-123.030932,47.359178],[-123.033598,47.359742],[-123.035079,47.359628],[-123.040061,47.358877],[-123.04187,47.359244],[-123.04599,47.361564],[-123.049854,47.363826],[-123.050776,47.365048],[-123.0503,47.369017],[-123.049983,47.371085],[-123.049136,47.372377],[-123.04798,47.373006],[-123.044608,47.373189],[-123.042022,47.372115],[-123.040927,47.372439],[-123.038683,47.374283],[-123.037617,47.375731],[-123.038138,47.375887],[-123.041027,47.3751],[-123.045556,47.374288],[-123.045842,47.374444],[-123.046516,47.375759],[-123.050465,47.373966],[-123.05277,47.372074],[-123.052095,47.37023],[-123.053147,47.369415],[-123.054041,47.369208],[-123.057277,47.369325],[-123.060973,47.370093],[-123.065679,47.371256],[-123.079147,47.373523],[-123.080318,47.374921],[-123.0824,47.375453],[-123.08399,47.375422],[-123.08822,47.374023],[-123.090219,47.373409],[-123.092709,47.373188],[-123.094833,47.374021],[-123.105184,47.372992],[-123.109317,47.373276],[-123.111356,47.373826],[-123.112782,47.374732],[-123.113647,47.37637],[-123.112639,47.380548],[-123.114668,47.386581],[-123.118216,47.389958],[-123.119172,47.3914],[-123.117151,47.392073],[-123.113863,47.396777],[-123.11212,47.398583],[-123.110987,47.402993],[-123.107582,47.405965],[-123.106972,47.408355],[-123.104528,47.409361],[-123.102689,47.412396],[-123.101627,47.417476],[-123.097053,47.42536],[-123.091377,47.432826],[-123.08707,47.43695],[-123.083904,47.443859],[-123.08099,47.446147],[-123.077501,47.448062],[-123.074631,47.451447],[-123.071675,47.452302],[-123.069279,47.452035],[-123.066954,47.453893],[-123.059727,47.450533],[-123.053892,47.451056],[-123.049296,47.452444],[-123.049029,47.453359],[-123.05063,47.453482],[-123.056007,47.452428],[-123.057662,47.45272],[-123.066005,47.456271],[-123.067713,47.458633],[-123.066143,47.460387],[-123.060305,47.469279],[-123.054171,47.47332],[-123.037754,47.487709],[-123.032982,47.49643],[-123.03187,47.503212],[-123.031071,47.510126],[-123.023294,47.520271],[-123.022532,47.521265],[-123.016934,47.528231],[-123.015132,47.527902],[-123.011349,47.531047],[-123.007798,47.532112],[-123.00086,47.539299],[-122.983642,47.558493],[-122.980384,47.558361],[-122.976985,47.558979],[-122.974933,47.560223],[-122.974337,47.561349],[-122.97629,47.565047],[-122.976313,47.56597],[-122.9749,47.566471],[-122.970343,47.566106],[-122.969907,47.566671],[-122.970329,47.56743],[-122.971489,47.56938],[-122.970693,47.572528],[-122.967021,47.579384],[-122.964084,47.583248],[-122.961737,47.584699],[-122.957413,47.585734],[-122.949373,47.586194],[-122.945467,47.585644],[-122.942399,47.587914],[-122.936467,47.589517],[-122.931378,47.594143],[-122.928019,47.596721],[-122.925182,47.596863],[-122.922236,47.598321],[-122.921004,47.601098],[-122.916985,47.60884],[-122.916951,47.610547],[-122.919411,47.615209],[-122.91975,47.61687],[-122.915641,47.619458],[-122.916811,47.621401],[-122.916611,47.621771],[-122.909539,47.622883],[-122.901488,47.624483],[-122.897545,47.62457],[-122.895408,47.62543],[-122.890761,47.628583],[-122.880328,47.63159],[-122.876195,47.633468],[-122.874424,47.633498],[-122.871683,47.632722],[-122.869807,47.631295],[-122.869246,47.63134],[-122.865728,47.633909],[-122.863835,47.635314],[-122.860869,47.637272],[-122.857445,47.641922],[-122.855573,47.646231],[-122.854191,47.648006],[-122.851437,47.649141],[-122.840833,47.651963],[-122.832832,47.654694],[-122.830056,47.655326],[-122.827892,47.654769],[-122.827379,47.653905],[-122.832215,47.649147],[-122.836109,47.644122],[-122.837911,47.640469],[-122.836667,47.637858],[-122.836233,47.637183],[-122.834936,47.636958],[-122.829721,47.640785],[-122.822013,47.643317],[-122.804317,47.652356],[-122.796589,47.65428],[-122.793677,47.654522],[-122.794012,47.655731],[-122.792046,47.65662],[-122.78971,47.657103],[-122.784748,47.65636],[-122.782399,47.657126],[-122.777226,47.660488],[-122.775452,47.661035],[-122.771998,47.660675],[-122.769827,47.661449],[-122.764882,47.664429],[-122.762697,47.665248],[-122.758216,47.66561],[-122.755412,47.667063],[-122.753475,47.667391],[-122.751987,47.668686],[-122.751017,47.670458],[-122.747808,47.678692],[-122.745228,47.682771],[-122.745058,47.684808],[-122.745988,47.687994],[-122.746185,47.690041],[-122.744954,47.696506],[-122.746333,47.702707],[-122.74834,47.707813],[-122.749111,47.713663],[-122.747685,47.719788],[-122.744264,47.724247],[-122.743457,47.725776],[-122.742766,47.727808],[-122.743491,47.72975],[-122.740893,47.730461],[-122.738743,47.733927],[-122.740466,47.736534],[-122.73765,47.736983],[-122.733393,47.737465],[-122.729623,47.74033],[-122.727675,47.745133],[-122.727428,47.74732],[-122.722184,47.749451],[-122.722,47.750828],[-122.721285,47.755053],[-122.720193,47.760688],[-122.718009,47.764327],[-122.715389,47.767776],[-122.712116,47.768462],[-122.708991,47.769888],[-122.707561,47.769693],[-122.704269,47.772696],[-122.703262,47.774441],[-122.701822,47.774694],[-122.693532,47.776485],[-122.689851,47.779061],[-122.684533,47.798358],[-122.682115,47.801079],[-122.679243,47.802801],[-122.673852,47.803992],[-122.66656,47.811951],[-122.662852,47.813683],[-122.655359,47.814337],[-122.652861,47.816575],[-122.648943,47.823971],[-122.645674,47.82654],[-122.635796,47.831718],[-122.631282,47.834583],[-122.625802,47.839166],[-122.622314,47.842749],[-122.618845,47.851509],[-122.617752,47.852406],[-122.615552,47.853606],[-122.613911,47.854846],[-122.612612,47.8558],[-122.611244,47.856849],[-122.610293,47.857292],[-122.609092,47.857132],[-122.607656,47.857035],[-122.600129,47.857065],[-122.593317,47.857324],[-122.584917,47.85784],[-122.581797,47.857212],[-122.579024,47.856002],[-122.578258,47.850827],[-122.579703,47.837756],[-122.579731,47.831974],[-122.578311,47.82293],[-122.577766,47.817573],[-122.57583,47.818013],[-122.573478,47.819471],[-122.564062,47.821607],[-122.563307,47.82278],[-122.563672,47.823638],[-122.565795,47.823613],[-122.567282,47.825875],[-122.568033,47.827958],[-122.568124,47.831589],[-122.566,47.834577],[-122.56709,47.839572],[-122.568285,47.844744],[-122.572083,47.853507],[-122.575881,47.855181],[-122.57368,47.857228],[-122.572427,47.863613],[-122.572434,47.867149],[-122.576008,47.881368],[-122.579504,47.884956],[-122.582892,47.893912],[-122.584652,47.898035],[-122.586089,47.901253],[-122.589061,47.904078],[-122.589834,47.905922],[-122.591938,47.905946],[-122.59238,47.906233],[-122.592608,47.906621],[-122.590835,47.907463],[-122.588085,47.90838],[-122.587571,47.908143],[-122.587569,47.905266],[-122.586665,47.90396],[-122.584991,47.903736],[-122.584295,47.904866],[-122.583003,47.905368],[-122.582128,47.905698],[-122.583564,47.907458],[-122.586519,47.9123],[-122.588574,47.913251],[-122.59348,47.916629],[-122.598097,47.920718],[-122.602166,47.921074],[-122.607951,47.923697],[-122.616875,47.92575],[-122.617193,47.92644],[-122.613516,47.929014],[-122.613073,47.929838],[-122.614162,47.930412],[-122.620468,47.931696],[-122.621111,47.932369],[-122.618622,47.934925],[-122.618104,47.938064],[-122.61671,47.939395],[-122.612758,47.940655],[-122.604199,47.941041],[-122.600771,47.929427],[-122.597445,47.925316],[-122.592435,47.922705],[-122.588498,47.92164],[-122.584942,47.920985],[-122.576779,47.920311],[-122.55713,47.920211],[-122.55175,47.919617],[-122.548303,47.918782],[-122.545844,47.917482],[-122.541929,47.913984],[-122.539065,47.912476],[-122.537284,47.912025],[-122.528964,47.911934],[-122.526936,47.912145],[-122.5262,47.911873],[-122.52679,47.90998],[-122.528128,47.90469],[-122.527215,47.900854],[-122.52255,47.893483],[-122.52034,47.887305],[-122.514296,47.880778],[-122.513904,47.878129],[-122.513965,47.865785],[-122.512889,47.86256],[-122.5102,47.857983],[-122.507812,47.854275],[-122.506618,47.85056],[-122.506906,47.847348],[-122.507335,47.837783],[-122.506368,47.832404],[-122.503528,47.827999],[-122.499754,47.825107],[-122.49269,47.821458],[-122.483677,47.816828],[-122.482559,47.815923],[-122.482102,47.814921],[-122.483452,47.812747],[-122.48296,47.809498],[-122.483126,47.808461],[-122.484459,47.806442],[-122.485537,47.803809],[-122.492936,47.798764],[-122.495414,47.797104],[-122.49513,47.796391],[-122.496606,47.795977],[-122.499595,47.796305],[-122.499497,47.796665],[-122.499703,47.797536],[-122.500112,47.797894],[-122.501039,47.797939],[-122.503315,47.797659],[-122.504319,47.797095],[-122.506363,47.796397],[-122.507102,47.795516],[-122.506642,47.794953],[-122.504595,47.793665],[-122.504259,47.793337],[-122.501476,47.789549],[-122.499462,47.787695],[-122.497598,47.786624],[-122.494801,47.786257],[-122.489515,47.783397],[-122.485077,47.782182],[-122.483347,47.781395],[-122.482805,47.780192],[-122.483157,47.777516],[-122.482911,47.776332],[-122.479359,47.771965],[-122.477554,47.768576],[-122.476105,47.76755],[-122.472014,47.766242],[-122.471694,47.765435],[-122.470906,47.760746],[-122.471604,47.759632],[-122.47038,47.756828],[-122.47089,47.75584],[-122.473131,47.753706],[-122.473538,47.75266],[-122.472094,47.750854],[-122.471848,47.749454],[-122.472439,47.748555],[-122.476222,47.746453],[-122.480214,47.744909],[-122.484638,47.744016],[-122.490936,47.743762],[-122.494663,47.744801],[-122.505938,47.74346],[-122.511644,47.743531],[-122.513865,47.743313],[-122.515193,47.743629],[-122.517679,47.745805],[-122.519094,47.746381],[-122.534345,47.746919],[-122.53839,47.747567],[-122.540716,47.747471],[-122.546715,47.746394],[-122.548429,47.746187],[-122.550452,47.746188],[-122.55186,47.746358],[-122.551943,47.747096],[-122.551774,47.747361],[-122.551266,47.74742],[-122.5479,47.747432],[-122.545421,47.747417],[-122.544074,47.747872],[-122.544889,47.749058],[-122.546406,47.7503],[-122.546994,47.750555],[-122.548878,47.750885],[-122.549483,47.751216],[-122.5501,47.751797],[-122.550502,47.752814],[-122.550134,47.753743],[-122.550547,47.755038],[-122.552276,47.758168],[-122.552744,47.759389],[-122.552697,47.759669],[-122.552317,47.76047],[-122.552468,47.760844],[-122.552997,47.761242],[-122.55385,47.761654],[-122.555847,47.762305],[-122.556786,47.762615],[-122.555978,47.761635],[-122.555158,47.760144],[-122.554665,47.758547],[-122.554717,47.757817],[-122.555163,47.75691],[-122.558768,47.753868],[-122.559568,47.753246],[-122.560464,47.752254],[-122.560757,47.751486],[-122.560709,47.750822],[-122.560105,47.749771],[-122.559198,47.74894],[-122.553928,47.745233],[-122.552191,47.743846],[-122.551382,47.742719],[-122.550053,47.73971],[-122.549264,47.736758],[-122.549152,47.734348],[-122.549497,47.732556],[-122.550093,47.731187],[-122.551442,47.729053],[-122.554075,47.726268],[-122.556118,47.724506],[-122.557052,47.724012],[-122.559168,47.723471],[-122.56004,47.723134],[-122.560551,47.722691],[-122.561065,47.721826],[-122.562484,47.718439],[-122.56391,47.716319],[-122.565428,47.714739],[-122.567628,47.712876],[-122.569413,47.711715],[-122.572572,47.710338],[-122.573989,47.710627],[-122.577429,47.707359],[-122.579332,47.705965],[-122.582298,47.703532],[-122.583028,47.70196],[-122.582545,47.70081],[-122.581595,47.699123],[-122.581503,47.69829],[-122.582024,47.697757],[-122.582564,47.69765],[-122.584268,47.697358],[-122.585218,47.69698],[-122.585906,47.696389],[-122.586657,47.6949],[-122.587382,47.691274],[-122.587816,47.690555],[-122.588568,47.690444],[-122.591169,47.690723],[-122.591941,47.691227],[-122.592462,47.692604],[-122.59277,47.693773],[-122.593687,47.694282],[-122.600438,47.69565],[-122.603908,47.696365],[-122.604525,47.696657],[-122.604759,47.697639],[-122.604119,47.699733],[-122.603984,47.701189],[-122.604515,47.70171],[-122.604932,47.701819],[-122.613966,47.708204],[-122.619529,47.711703],[-122.620717,47.711796],[-122.625058,47.707899],[-122.626297,47.707509],[-122.626933,47.707926],[-122.627733,47.709273],[-122.627973,47.711112],[-122.62835,47.714236],[-122.627301,47.715618],[-122.626892,47.715568],[-122.626165,47.715797],[-122.628347,47.716944],[-122.639995,47.721221],[-122.643432,47.723635],[-122.644182,47.725214],[-122.644504,47.728365],[-122.646444,47.7338],[-122.649701,47.736729],[-122.651208,47.744241],[-122.652251,47.746647],[-122.652683,47.746841],[-122.654788,47.741009],[-122.657095,47.738947],[-122.660109,47.732863],[-122.662258,47.727999],[-122.661806,47.727201],[-122.659752,47.725721],[-122.654004,47.717719],[-122.648324,47.70981],[-122.647814,47.709872],[-122.646594,47.713545],[-122.646068,47.71374],[-122.643912,47.712337],[-122.640785,47.705064],[-122.640251,47.704854],[-122.637177,47.711925],[-122.636736,47.71204],[-122.635815,47.710347],[-122.635704,47.706175],[-122.636618,47.701542],[-122.639535,47.700956],[-122.636249,47.699897],[-122.634359,47.69926],[-122.632986,47.699717],[-122.629484,47.699704],[-122.627991,47.69811],[-122.627651,47.698132],[-122.626463,47.699411],[-122.62646,47.700567],[-122.630754,47.702813],[-122.632531,47.704338],[-122.63183,47.705228],[-122.63069,47.705627],[-122.629306,47.705784],[-122.625108,47.704569],[-122.62307,47.704272],[-122.619989,47.704799],[-122.619311,47.704545],[-122.618214,47.702472],[-122.617867,47.70218],[-122.617167,47.702226],[-122.614688,47.703006],[-122.614251,47.702896],[-122.613293,47.701452],[-122.613437,47.700302],[-122.614074,47.699832],[-122.616943,47.698979],[-122.619248,47.697944],[-122.619577,47.697555],[-122.619243,47.696739],[-122.617357,47.69498],[-122.617288,47.694378],[-122.618528,47.693324],[-122.618876,47.692691],[-122.618453,47.690488],[-122.616408,47.685308],[-122.615705,47.682086],[-122.616122,47.676666],[-122.614803,47.6724],[-122.615051,47.669657],[-122.614276,47.666103],[-122.61293,47.663448],[-122.613808,47.657832],[-122.614455,47.654262],[-122.61489,47.652907],[-122.615411,47.652374],[-122.616975,47.651772],[-122.618119,47.651561],[-122.618557,47.651068],[-122.619341,47.65069],[-122.620098,47.650547],[-122.620805,47.650647],[-122.622681,47.651296],[-122.623479,47.651435],[-122.625083,47.65146],[-122.625599,47.651501],[-122.626014,47.651568],[-122.626407,47.651658],[-122.626338,47.651281],[-122.626254,47.651072],[-122.625965,47.650842],[-122.625584,47.650778],[-122.625063,47.650822],[-122.624221,47.650872],[-122.623825,47.650868],[-122.623278,47.650755],[-122.622552,47.650472],[-122.620518,47.649427],[-122.619883,47.64924],[-122.619559,47.649284],[-122.618728,47.649863],[-122.618141,47.65011],[-122.618547,47.650688],[-122.61736,47.650108],[-122.616723,47.649903],[-122.614511,47.649133],[-122.613593,47.648606],[-122.611224,47.646878],[-122.610039,47.646389],[-122.609485,47.645893],[-122.608992,47.645975],[-122.607364,47.645665],[-122.606182,47.645324],[-122.604515,47.644718],[-122.603595,47.64422],[-122.603185,47.643726],[-122.603125,47.643313],[-122.603423,47.642149],[-122.603179,47.641002],[-122.602867,47.640282],[-122.60175,47.638912],[-122.601268,47.638187],[-122.600716,47.637871],[-122.599827,47.637734],[-122.599148,47.637804],[-122.597675,47.638125],[-122.59515,47.638437],[-122.594667,47.638477],[-122.594069,47.638484],[-122.5931,47.638352],[-122.591952,47.637776],[-122.591428,47.637301],[-122.591057,47.636737],[-122.59094,47.636162],[-122.591647,47.63345],[-122.593733,47.621779],[-122.594523,47.617838],[-122.595917,47.614134],[-122.595482,47.609594],[-122.598233,47.603215],[-122.598063,47.601545],[-122.597476,47.600908],[-122.596773,47.600702],[-122.594547,47.598938],[-122.592258,47.596139],[-122.592043,47.594251],[-122.595424,47.589592],[-122.596297,47.585986],[-122.598626,47.581944],[-122.600122,47.578642],[-122.601772,47.577114],[-122.60282,47.574571],[-122.605842,47.571908],[-122.607412,47.569408],[-122.609359,47.568144],[-122.612238,47.56751],[-122.613631,47.567639],[-122.614351,47.568001],[-122.616721,47.57007],[-122.618905,47.572248],[-122.622942,47.577436],[-122.624232,47.57851],[-122.626289,47.579666],[-122.630554,47.581185],[-122.633272,47.581739],[-122.637333,47.581966],[-122.638107,47.581872],[-122.638456,47.582028],[-122.639229,47.582671],[-122.645649,47.586071],[-122.64806,47.587744],[-122.650108,47.58946],[-122.652622,47.591974],[-122.653928,47.593453],[-122.655993,47.596164],[-122.656272,47.597036],[-122.655923,47.598881],[-122.656084,47.59957],[-122.656632,47.600121],[-122.659445,47.601628],[-122.660186,47.602244],[-122.660823,47.603868],[-122.660758,47.606261],[-122.659947,47.610891],[-122.660005,47.613025],[-122.660518,47.614504],[-122.662553,47.616229],[-122.665676,47.617645],[-122.672987,47.620086],[-122.676324,47.621686],[-122.677429,47.622798],[-122.677903,47.623826],[-122.678077,47.626214],[-122.676145,47.631008],[-122.673006,47.634835],[-122.672603,47.636506],[-122.672929,47.637427],[-122.674157,47.638507],[-122.678192,47.641149],[-122.679427,47.642287],[-122.683028,47.647142],[-122.684806,47.648715],[-122.686094,47.649621],[-122.686952,47.649837],[-122.688191,47.649493],[-122.690251,47.648717],[-122.690935,47.648663],[-122.692384,47.649346],[-122.692871,47.649336],[-122.693377,47.648912],[-122.693458,47.648067],[-122.692759,47.645355],[-122.693037,47.64465],[-122.693869,47.644098],[-122.697651,47.642925],[-122.699089,47.642274],[-122.699962,47.641376],[-122.700043,47.638147],[-122.704665,47.629865],[-122.705868,47.626773],[-122.707779,47.617952],[-122.708903,47.610661],[-122.708762,47.609215],[-122.708256,47.607838],[-122.706979,47.605869],[-122.703884,47.60301],[-122.703363,47.60296],[-122.70215,47.604195],[-122.701878,47.604395],[-122.701552,47.604452],[-122.700854,47.604314],[-122.698366,47.603326],[-122.697486,47.60314],[-122.696445,47.603104],[-122.695774,47.603285],[-122.694932,47.603864],[-122.694724,47.60479],[-122.694789,47.606502],[-122.694679,47.607245],[-122.693982,47.608163],[-122.692168,47.609199],[-122.691196,47.60942],[-122.690605,47.609359],[-122.689712,47.60904],[-122.688683,47.608493],[-122.687527,47.607354],[-122.686527,47.605706],[-122.686408,47.604367],[-122.686364,47.603878],[-122.68645,47.601744],[-122.686817,47.599563],[-122.687787,47.597663],[-122.688428,47.59701],[-122.68904,47.597225],[-122.690053,47.598157],[-122.690865,47.598451],[-122.692319,47.598436],[-122.692664,47.598468],[-122.692897,47.598238],[-122.692926,47.598021],[-122.692744,47.597724],[-122.691239,47.596543],[-122.685843,47.592395],[-122.685269,47.591747],[-122.685064,47.591033],[-122.685276,47.590747],[-122.685772,47.590533],[-122.687476,47.59011],[-122.687817,47.589909],[-122.688047,47.589633],[-122.688762,47.58706],[-122.689164,47.584741],[-122.689089,47.583481],[-122.688643,47.582801],[-122.687243,47.581429],[-122.68631,47.5796],[-122.684991,47.577017],[-122.683732,47.576143],[-122.681106,47.575163],[-122.680661,47.575314],[-122.679658,47.581378],[-122.679327,47.582273],[-122.678992,47.581993],[-122.678762,47.581573],[-122.678567,47.578943],[-122.678575,47.574761],[-122.680471,47.573787],[-122.680822,47.572357],[-122.680064,47.57137],[-122.676733,47.569734],[-122.673103,47.569208],[-122.669363,47.569543],[-122.668007,47.56979],[-122.668787,47.5703],[-122.670612,47.572649],[-122.671454,47.574361],[-122.670896,47.575752],[-122.672582,47.57821],[-122.672985,47.578389],[-122.67346,47.577996],[-122.675719,47.574461],[-122.676064,47.574649],[-122.676659,47.57717],[-122.676577,47.581487],[-122.676785,47.58296],[-122.67775,47.586449],[-122.677773,47.587534],[-122.677161,47.59018],[-122.677118,47.591416],[-122.677449,47.591842],[-122.678423,47.592305],[-122.67877,47.592606],[-122.678773,47.593678],[-122.678109,47.594527],[-122.677642,47.594765],[-122.677004,47.594896],[-122.675929,47.594839],[-122.675221,47.594542],[-122.674126,47.593525],[-122.673658,47.59267],[-122.673398,47.590972],[-122.673431,47.587102],[-122.673196,47.585122],[-122.672836,47.584359],[-122.6725,47.584739],[-122.671882,47.58715],[-122.669652,47.599772],[-122.669155,47.601866],[-122.668672,47.603232],[-122.668203,47.60383],[-122.66793,47.603968],[-122.667572,47.603885],[-122.667273,47.603519],[-122.66683,47.603032],[-122.666336,47.602698],[-122.663301,47.600695],[-122.662232,47.599583],[-122.662108,47.598814],[-122.662387,47.597629],[-122.663993,47.594021],[-122.665785,47.585823],[-122.666482,47.58927],[-122.66682,47.587366],[-122.6668,47.584971],[-122.666417,47.58397],[-122.665711,47.583098],[-122.66378,47.581294],[-122.661841,47.580028],[-122.660585,47.579755],[-122.659704,47.58043],[-122.658983,47.585017],[-122.658549,47.586401],[-122.658119,47.587359],[-122.657426,47.588201],[-122.656797,47.588659],[-122.655397,47.587779],[-122.651707,47.584696],[-122.649237,47.583255],[-122.648578,47.582628],[-122.647986,47.581535],[-122.64757,47.578557],[-122.646749,47.579156],[-122.646473,47.579247],[-122.645139,47.579019],[-122.641857,47.578149],[-122.640396,47.577959],[-122.638918,47.577934],[-122.633803,47.578262],[-122.631478,47.577967],[-122.630289,47.577496],[-122.629068,47.576579],[-122.628296,47.57568],[-122.627455,47.574262],[-122.627541,47.573995],[-122.62851,47.573273],[-122.627464,47.573212],[-122.625967,47.573365],[-122.62559,47.573302],[-122.62501,47.572876],[-122.623698,47.571327],[-122.622907,47.570434],[-122.622656,47.569781],[-122.623013,47.567949],[-122.62327,47.564591],[-122.623914,47.562957],[-122.625374,47.561491],[-122.626208,47.560984],[-122.628136,47.560506],[-122.633609,47.560533],[-122.635834,47.560001],[-122.636756,47.559413],[-122.63928,47.556789],[-122.64034,47.556322],[-122.643241,47.556009],[-122.648,47.556181],[-122.649914,47.556157],[-122.651805,47.555892],[-122.653936,47.555313],[-122.655906,47.554572],[-122.663818,47.550414],[-122.673732,47.544839],[-122.674348,47.544186],[-122.674437,47.542951],[-122.673781,47.540366],[-122.673845,47.53934],[-122.674571,47.538696],[-122.687481,47.532401],[-122.695415,47.528212],[-122.691105,47.527945],[-122.683302,47.528836],[-122.676212,47.529786],[-122.674226,47.530736],[-122.673336,47.531531],[-122.670362,47.531934],[-122.668757,47.532691],[-122.667438,47.534108],[-122.664977,47.53784],[-122.663395,47.539386],[-122.662565,47.53992],[-122.661977,47.540085],[-122.657856,47.53941],[-122.651074,47.538451],[-122.648396,47.538339],[-122.644791,47.539664],[-122.640832,47.542097],[-122.640573,47.542795],[-122.639418,47.543467],[-122.63854,47.54373],[-122.634795,47.543327],[-122.630339,47.543306],[-122.625818,47.543642],[-122.624678,47.544002],[-122.623745,47.544912],[-122.622112,47.547358],[-122.621722,47.547781],[-122.620842,47.548335],[-122.62005,47.548383],[-122.618651,47.548021],[-122.612871,47.546905],[-122.609326,47.546461],[-122.608018,47.546649],[-122.607363,47.547014],[-122.605979,47.54875],[-122.595642,47.560782],[-122.593316,47.561357],[-122.58933,47.566234],[-122.587915,47.566668],[-122.585331,47.569038],[-122.581831,47.571632],[-122.581256,47.573375],[-122.580575,47.573838],[-122.577382,47.574528],[-122.576407,47.57513],[-122.574406,47.577554],[-122.570712,47.581711],[-122.566057,47.584979],[-122.564307,47.585891],[-122.562738,47.586303],[-122.562533,47.586446],[-122.561642,47.587384],[-122.559079,47.587786],[-122.55611,47.589864],[-122.554858,47.590417],[-122.55339,47.589899],[-122.551444,47.589665],[-122.548555,47.587831],[-122.547912,47.586835],[-122.547673,47.585936],[-122.548509,47.58433],[-122.548767,47.583005],[-122.548377,47.582362],[-122.548769,47.581598],[-122.549248,47.580664],[-122.549755,47.579078],[-122.549379,47.578412],[-122.548299,47.578453],[-122.545593,47.578164],[-122.544563,47.577849],[-122.544279,47.577468],[-122.544332,47.576865],[-122.545522,47.575321],[-122.54703,47.574276],[-122.548354,47.574036],[-122.549265,47.573069],[-122.55112,47.571872],[-122.551677,47.570193],[-122.552378,47.570094],[-122.551464,47.569719],[-122.550061,47.569939],[-122.549666,47.569757],[-122.548861,47.568841],[-122.547911,47.568399],[-122.547525,47.567722],[-122.546843,47.567696],[-122.5464,47.568264],[-122.545169,47.568675],[-122.543497,47.568888],[-122.54036,47.568561],[-122.53736,47.567467],[-122.535728,47.567008],[-122.535128,47.565778],[-122.532223,47.565101],[-122.532902,47.564264],[-122.535233,47.563835],[-122.537299,47.562962],[-122.537601,47.562959],[-122.539257,47.561927],[-122.540984,47.560198],[-122.542611,47.55779],[-122.543155,47.555264],[-122.540317,47.549373],[-122.539914,47.546443],[-122.539669,47.54449],[-122.53951,47.543494],[-122.539553,47.543004],[-122.539819,47.542447],[-122.543357,47.536553],[-122.545242,47.531585],[-122.54681,47.52928],[-122.547327,47.526569],[-122.546679,47.524761],[-122.546055,47.523952],[-122.544185,47.524155],[-122.543529,47.523987],[-122.539394,47.522803],[-122.538595,47.522814],[-122.537159,47.523395],[-122.536597,47.523471],[-122.535985,47.523346],[-122.534702,47.522607],[-122.533893,47.522503],[-122.529276,47.523395],[-122.525826,47.524093],[-122.523945,47.52432],[-122.522678,47.524166],[-122.520554,47.523187],[-122.517778,47.521008],[-122.516076,47.519264],[-122.515582,47.5189],[-122.515264,47.518876],[-122.514187,47.519369],[-122.509242,47.51863],[-122.508004,47.518532],[-122.50479,47.518613],[-122.503387,47.518288],[-122.501386,47.517152],[-122.500467,47.51623],[-122.498794,47.51378],[-122.496018,47.512139],[-122.495076,47.51148],[-122.494962,47.51099],[-122.495504,47.510032],[-122.497012,47.508614],[-122.502012,47.50498],[-122.503095,47.504442],[-122.503495,47.504079],[-122.503821,47.503241],[-122.50406,47.502266],[-122.504192,47.501044],[-122.504326,47.500542],[-122.505071,47.499473],[-122.506344,47.497943],[-122.50949,47.494783],[-122.515981,47.489523],[-122.518482,47.488793],[-122.51808,47.486665],[-122.519001,47.482796],[-122.51992,47.480025],[-122.520981,47.478047],[-122.52254,47.476106],[-122.523306,47.475458],[-122.524357,47.474913],[-122.52776,47.473546],[-122.529282,47.47271],[-122.530596,47.471652],[-122.531489,47.47054],[-122.531941,47.469343],[-122.532135,47.467238],[-122.53156,47.464333],[-122.531745,47.463923],[-122.532924,47.463],[-122.533209,47.462672],[-122.53323,47.462383],[-122.532695,47.461907],[-122.530667,47.457037],[-122.530388,47.45633],[-122.530301,47.456051],[-122.530449,47.455797],[-122.531443,47.455177],[-122.533055,47.453866],[-122.533802,47.453097],[-122.533934,47.452799],[-122.534106,47.4518],[-122.535547,47.449603],[-122.535763,47.448584],[-122.53564,47.447346],[-122.534847,47.445854],[-122.534694,47.445354],[-122.534715,47.443198],[-122.534344,47.441729],[-122.533616,47.43961],[-122.533229,47.439057],[-122.533367,47.438624],[-122.533705,47.438337],[-122.535094,47.437819],[-122.535551,47.437605],[-122.535743,47.437236],[-122.53546,47.434873],[-122.535231,47.433152],[-122.534771,47.432726],[-122.532029,47.429867],[-122.53194,47.42931],[-122.53252,47.428593],[-122.533904,47.426883],[-122.534577,47.425745],[-122.536173,47.423722],[-122.537337,47.422761],[-122.539056,47.421748],[-122.53935,47.421612],[-122.539786,47.421607],[-122.540763,47.421272],[-122.541206,47.421325],[-122.54112,47.420976],[-122.540507,47.41955],[-122.540386,47.419018],[-122.540369,47.418666],[-122.540403,47.418341],[-122.540606,47.417644],[-122.541214,47.416397],[-122.54179,47.415516],[-122.542573,47.414476],[-122.543374,47.413573],[-122.544642,47.412401],[-122.547093,47.410349],[-122.548388,47.409181],[-122.549244,47.408308],[-122.549729,47.407696],[-122.550247,47.406912],[-122.550845,47.40546],[-122.551304,47.403948],[-122.551486,47.403245],[-122.551627,47.402383],[-122.551409,47.401168],[-122.551742,47.39807],[-122.551752,47.39698],[-122.552711,47.394084],[-122.552769,47.39286],[-122.551926,47.391038],[-122.550219,47.388348],[-122.54607,47.382591],[-122.544478,47.381333],[-122.541919,47.379919],[-122.540661,47.379053],[-122.539688,47.377492],[-122.53855,47.376769],[-122.538743,47.376023],[-122.539661,47.374905],[-122.540866,47.373801],[-122.541375,47.372959],[-122.542298,47.370479],[-122.543088,47.369713],[-122.546484,47.367092],[-122.548954,47.3652],[-122.549257,47.364781],[-122.549537,47.36381],[-122.551752,47.359879],[-122.552718,47.356723],[-122.554909,47.35122],[-122.556859,47.347633],[-122.56506,47.337496],[-122.568146,47.333032],[-122.5705,47.328769],[-122.571655,47.327259],[-122.573124,47.326329],[-122.573769,47.326778],[-122.57363,47.32716],[-122.573759,47.327843],[-122.574668,47.328365],[-122.575536,47.330232],[-122.576379,47.331109],[-122.576729,47.333134],[-122.57946,47.336323],[-122.579956,47.336748],[-122.582286,47.337406],[-122.58305,47.338107],[-122.584581,47.342401],[-122.585786,47.342997],[-122.587806,47.340232],[-122.591363,47.33783],[-122.592623,47.337486],[-122.592242,47.337186],[-122.59245,47.336549],[-122.589929,47.335742],[-122.588246,47.334139],[-122.586411,47.333857],[-122.585255,47.333896],[-122.584125,47.333439],[-122.583254,47.332981],[-122.581597,47.330896],[-122.580127,47.330304],[-122.57963,47.329854],[-122.578389,47.329462],[-122.577922,47.328707],[-122.576511,47.327506],[-122.575921,47.323379],[-122.57272,47.317208],[-122.565092,47.305339],[-122.560701,47.301947],[-122.557637,47.297952],[-122.550877,47.291246],[-122.549931,47.289494],[-122.548558,47.286405],[-122.548343,47.284703],[-122.549492,47.281509],[-122.553506,47.277072],[-122.554384,47.276141],[-122.557676,47.272573],[-122.559881,47.270788],[-122.560904,47.270091],[-122.562032,47.26935],[-122.563415,47.267986],[-122.565249,47.264821],[-122.569023,47.261483],[-122.575076,47.257895],[-122.580888,47.25536],[-122.583228,47.254681],[-122.585817,47.254382],[-122.587216,47.254466],[-122.588787,47.254922],[-122.590136,47.255729],[-122.592829,47.258899],[-122.593719,47.259501],[-122.595981,47.260408],[-122.597787,47.261707],[-122.598758,47.262738],[-122.599408,47.263822],[-122.599372,47.264724],[-122.598574,47.266029],[-122.597405,47.267047],[-122.594954,47.268073],[-122.592587,47.26979],[-122.591864,47.271068],[-122.591862,47.271666],[-122.592325,47.274638],[-122.5918,47.275409],[-122.59129,47.277065],[-122.590784,47.277908],[-122.590193,47.279493],[-122.589682,47.279452],[-122.589267,47.279696],[-122.590293,47.27997],[-122.592939,47.281667],[-122.595934,47.283881],[-122.596234,47.283993],[-122.597464,47.284189],[-122.597967,47.284613],[-122.598686,47.284905],[-122.601485,47.285573],[-122.6024,47.285923],[-122.603447,47.286543],[-122.604667,47.287546],[-122.605335,47.288396],[-122.606453,47.290591],[-122.6071,47.291232],[-122.607769,47.290376],[-122.608749,47.290846],[-122.60937,47.291339],[-122.609398,47.291539],[-122.60892,47.292078],[-122.608833,47.292302],[-122.60885,47.292937],[-122.609037,47.293423],[-122.60945,47.294138],[-122.610956,47.295878],[-122.611511,47.296674],[-122.611584,47.29699],[-122.611433,47.297683],[-122.611446,47.298174],[-122.611557,47.298452],[-122.611858,47.29865],[-122.612176,47.298783],[-122.612482,47.298855],[-122.613042,47.298092],[-122.613625,47.298166],[-122.613981,47.298361],[-122.614124,47.29862],[-122.614194,47.299219],[-122.614512,47.299338],[-122.615048,47.299258],[-122.615474,47.299096],[-122.615788,47.298889],[-122.616195,47.298462],[-122.616496,47.298061],[-122.616668,47.297587],[-122.616622,47.296995],[-122.616321,47.29642],[-122.61593,47.295944],[-122.615318,47.29568],[-122.614986,47.296606],[-122.61471,47.297406],[-122.613656,47.296667],[-122.612651,47.295866],[-122.6125,47.295587],[-122.612665,47.294842],[-122.612617,47.294552],[-122.612353,47.294061],[-122.611493,47.292895],[-122.61115,47.292226],[-122.611126,47.291821],[-122.611559,47.290728],[-122.611557,47.290308],[-122.611354,47.289935],[-122.611059,47.289652],[-122.610307,47.289268],[-122.60813,47.288896],[-122.607436,47.288612],[-122.606698,47.288063],[-122.606124,47.287244],[-122.605558,47.286162],[-122.60495,47.284652],[-122.604436,47.283821],[-122.603788,47.283107],[-122.603366,47.282779],[-122.602672,47.282744],[-122.602076,47.28228],[-122.601841,47.28153],[-122.601677,47.281317],[-122.600019,47.280589],[-122.599862,47.280418],[-122.600272,47.279995],[-122.601094,47.279948],[-122.60109,47.279662],[-122.600696,47.278698],[-122.599421,47.277649],[-122.598779,47.276308],[-122.59881,47.275549],[-122.599292,47.274028],[-122.599542,47.273153],[-122.600283,47.272594],[-122.601373,47.271959],[-122.603353,47.271398],[-122.606322,47.271369],[-122.606682,47.271429],[-122.608757,47.271221],[-122.614013,47.269965],[-122.617656,47.2706],[-122.619985,47.27128],[-122.621125,47.271888],[-122.62194,47.272141],[-122.623742,47.273865],[-122.626368,47.275275],[-122.628397,47.277041],[-122.629653,47.277665],[-122.630443,47.277707],[-122.631911,47.2774],[-122.635842,47.277327],[-122.638099,47.277562],[-122.641615,47.278763],[-122.645245,47.279371],[-122.646418,47.279523],[-122.647525,47.279935],[-122.648754,47.280276],[-122.655273,47.28304],[-122.659624,47.282867],[-122.664735,47.285056],[-122.670744,47.286641],[-122.673477,47.287851],[-122.675377,47.287235],[-122.679707,47.286291],[-122.681555,47.284802],[-122.683234,47.281446],[-122.682454,47.280573],[-122.685044,47.279588],[-122.689154,47.279771],[-122.691903,47.279951],[-122.694059,47.280775],[-122.695766,47.282375],[-122.696652,47.284611],[-122.695846,47.287154],[-122.692752,47.291876],[-122.689102,47.29856],[-122.687941,47.297691],[-122.687785,47.295021],[-122.686812,47.291299],[-122.687857,47.288085],[-122.686697,47.283891],[-122.686062,47.283621],[-122.68345,47.293495],[-122.680159,47.297181],[-122.679858,47.298633],[-122.681047,47.300321],[-122.68824,47.305957],[-122.689187,47.308042],[-122.685864,47.312063],[-122.678044,47.319626],[-122.675015,47.322026],[-122.672743,47.323149],[-122.670464,47.32382],[-122.66704,47.32443],[-122.663915,47.32454],[-122.66193,47.324352],[-122.659848,47.323594],[-122.658988,47.322739],[-122.658502,47.32475],[-122.658097,47.32525],[-122.656193,47.325938],[-122.655281,47.325432],[-122.654974,47.32543],[-122.653181,47.327067],[-122.651545,47.328739],[-122.651076,47.329693],[-122.651247,47.330296],[-122.651771,47.330481],[-122.654307,47.327725],[-122.655212,47.327056],[-122.65605,47.326916],[-122.656392,47.327084],[-122.656251,47.328895],[-122.655704,47.331051],[-122.655369,47.332372],[-122.654992,47.334743],[-122.653849,47.339238],[-122.655611,47.335766],[-122.656772,47.334253],[-122.657762,47.334019],[-122.658275,47.334243],[-122.658981,47.335383],[-122.660219,47.337316],[-122.66134,47.338226],[-122.661951,47.338405],[-122.662948,47.338321],[-122.663693,47.338312],[-122.665064,47.337845],[-122.666242,47.338223],[-122.667095,47.338892],[-122.669109,47.341117],[-122.671245,47.341952],[-122.671284,47.342375],[-122.670976,47.342739],[-122.668146,47.343669],[-122.667372,47.344053],[-122.662396,47.348678],[-122.657803,47.351311],[-122.65715,47.351303],[-122.655646,47.350505],[-122.655078,47.350541],[-122.654544,47.351254],[-122.654694,47.353493],[-122.654416,47.354226],[-122.652674,47.355833],[-122.651516,47.356445],[-122.64104,47.359906],[-122.635974,47.361749],[-122.635417,47.362311],[-122.636148,47.364182],[-122.636124,47.36494],[-122.635171,47.366646],[-122.634202,47.367787],[-122.632778,47.368609],[-122.628233,47.369482],[-122.626395,47.370632],[-122.625257,47.372876],[-122.62496,47.375745],[-122.625893,47.380254],[-122.625875,47.382782],[-122.628815,47.385216],[-122.629773,47.387592],[-122.630326,47.391172],[-122.629469,47.394744],[-122.629779,47.395382],[-122.630885,47.396295],[-122.631089,47.39682],[-122.630685,47.397047],[-122.629159,47.397447],[-122.628611,47.398216],[-122.628478,47.398863],[-122.628612,47.399033],[-122.630693,47.399634],[-122.630915,47.399867],[-122.629652,47.400888],[-122.629725,47.401231],[-122.630248,47.401828],[-122.630152,47.402203],[-122.629608,47.402576],[-122.627675,47.403008],[-122.627034,47.403381],[-122.626727,47.403819],[-122.62678,47.404097],[-122.627484,47.406599],[-122.627294,47.408027],[-122.627128,47.408649],[-122.627187,47.409176],[-122.628104,47.411055],[-122.628439,47.41164],[-122.62876,47.411698],[-122.628747,47.411202],[-122.627989,47.410158],[-122.628114,47.409722],[-122.62896,47.408906],[-122.629232,47.408841],[-122.629564,47.409302],[-122.629925,47.409173],[-122.630587,47.408328],[-122.629223,47.4085],[-122.628763,47.40835],[-122.629072,47.407975],[-122.631195,47.407143],[-122.631509,47.406953],[-122.631451,47.406489],[-122.631667,47.406021],[-122.63447,47.403321],[-122.634796,47.40239],[-122.633523,47.400512],[-122.633495,47.399835],[-122.633819,47.399596],[-122.635196,47.399361],[-122.635423,47.39918],[-122.635302,47.398578],[-122.636618,47.39638],[-122.636921,47.393446],[-122.635828,47.39211],[-122.636281,47.391645],[-122.636848,47.38911],[-122.636537,47.386156],[-122.63706,47.384963],[-122.640201,47.381366],[-122.640391,47.380591],[-122.640148,47.380396],[-122.638721,47.380816],[-122.630162,47.383362],[-122.630068,47.383018],[-122.638747,47.379848],[-122.646158,47.377421],[-122.652349,47.375647],[-122.661452,47.372234],[-122.666418,47.371368],[-122.673419,47.367604],[-122.680401,47.366253],[-122.683576,47.365049],[-122.684591,47.364445],[-122.68742,47.360923],[-122.688731,47.359904],[-122.690187,47.359526],[-122.691913,47.359667],[-122.693274,47.360202],[-122.695445,47.363019],[-122.697672,47.36507],[-122.699011,47.365818],[-122.69896,47.365272],[-122.696811,47.361935],[-122.69584,47.355191],[-122.69547,47.354964],[-122.694036,47.354928],[-122.6956,47.353845],[-122.705656,47.349494],[-122.707841,47.347981],[-122.709467,47.345332],[-122.71075,47.344291],[-122.713338,47.343348],[-122.716444,47.342477],[-122.719168,47.341918],[-122.726087,47.338007],[-122.727338,47.337849],[-122.728298,47.338279],[-122.729403,47.342189],[-122.732029,47.344197],[-122.73507,47.345492],[-122.735749,47.345438],[-122.735616,47.344968],[-122.73136,47.341781],[-122.730452,47.340394],[-122.731231,47.33651],[-122.730573,47.335143],[-122.728279,47.332605],[-122.727822,47.331006],[-122.729062,47.32622],[-122.732325,47.319775],[-122.736457,47.314133],[-122.740529,47.310169],[-122.742204,47.307776],[-122.744144,47.302416],[-122.750768,47.292326],[-122.752279,47.290491],[-122.75303,47.287211],[-122.752541,47.281127],[-122.753645,47.279596],[-122.755806,47.278671],[-122.762849,47.272458],[-122.765683,47.270279],[-122.766467,47.269796],[-122.767375,47.269219],[-122.763886,47.2696],[-122.762156,47.269623],[-122.761995,47.268418],[-122.760758,47.269469],[-122.758058,47.271434],[-122.756448,47.272233],[-122.755283,47.272343],[-122.752786,47.271888],[-122.75163,47.272088],[-122.749955,47.273771],[-122.748966,47.273925],[-122.74832,47.273712],[-122.747646,47.272552],[-122.747684,47.271393],[-122.748115,47.27021],[-122.750514,47.266228],[-122.750525,47.26307],[-122.751316,47.262272],[-122.752354,47.261908],[-122.752618,47.262278],[-122.751495,47.262867],[-122.751308,47.263703],[-122.751774,47.263783],[-122.755238,47.260885],[-122.757032,47.257939],[-122.756278,47.256627],[-122.757127,47.255565],[-122.756557,47.25579],[-122.753825,47.257606],[-122.752789,47.258627],[-122.752755,47.258914],[-122.751596,47.259705],[-122.75113,47.259654],[-122.749243,47.259334],[-122.748075,47.259398],[-122.745584,47.260439],[-122.744908,47.26054],[-122.744795,47.259507],[-122.743474,47.259404],[-122.741765,47.259781],[-122.741229,47.260272],[-122.74142,47.261074],[-122.73855,47.26377],[-122.737086,47.265297],[-122.736232,47.264934],[-122.736316,47.264157],[-122.737863,47.262155],[-122.739135,47.257857],[-122.739065,47.256105],[-122.738399,47.254189],[-122.738109,47.252124],[-122.736528,47.249932],[-122.736879,47.248893],[-122.734883,47.247621],[-122.731436,47.245918],[-122.73071,47.245611],[-122.730167,47.244297],[-122.729065,47.244099],[-122.72701,47.244313],[-122.726374,47.244432],[-122.724656,47.246379],[-122.722208,47.249399],[-122.722189,47.250233],[-122.721612,47.250763],[-122.719266,47.251284],[-122.718319,47.251065],[-122.717756,47.250186],[-122.718029,47.249367],[-122.720404,47.248273],[-122.723462,47.245398],[-122.724283,47.243597],[-122.723322,47.240147],[-122.723392,47.238882],[-122.724003,47.238098],[-122.724608,47.236071],[-122.724701,47.235735],[-122.725581,47.234619],[-122.725666,47.234183],[-122.725178,47.233342],[-122.724315,47.231961],[-122.723915,47.230798],[-122.723934,47.227882],[-122.723684,47.226947],[-122.723199,47.226611],[-122.720658,47.226514],[-122.720223,47.226226],[-122.719907,47.225393],[-122.7201,47.224314],[-122.721527,47.222622],[-122.721473,47.222047],[-122.720927,47.221242],[-122.719868,47.221017],[-122.722216,47.220603],[-122.723235,47.220008],[-122.727664,47.216264],[-122.73151,47.214293],[-122.73398,47.213468],[-122.735179,47.212528],[-122.736887,47.210541],[-122.738192,47.208486],[-122.740344,47.20714],[-122.741375,47.206833],[-122.742708,47.206625],[-122.743689,47.206667],[-122.74468,47.206951],[-122.744953,47.207262],[-122.744174,47.207745],[-122.745012,47.208184],[-122.745782,47.209705],[-122.746947,47.211197],[-122.746697,47.211718],[-122.746745,47.213062],[-122.746351,47.214024],[-122.746539,47.214206],[-122.747639,47.214654],[-122.74778,47.214914],[-122.746737,47.21775],[-122.746664,47.219332],[-122.74683,47.220517],[-122.747395,47.221815],[-122.747366,47.22312],[-122.747849,47.223857],[-122.748976,47.224756],[-122.748843,47.225149],[-122.749907,47.225383],[-122.749323,47.22458],[-122.749155,47.224119],[-122.748509,47.223433],[-122.748219,47.222992],[-122.74822,47.222769],[-122.748615,47.222126],[-122.748514,47.221027],[-122.749732,47.219385],[-122.750187,47.217378],[-122.75056,47.216408],[-122.752404,47.213789],[-122.755318,47.210547],[-122.755586,47.210422],[-122.755869,47.210506],[-122.756523,47.211036],[-122.75841,47.213647],[-122.758495,47.212898],[-122.757358,47.211009],[-122.756619,47.209727],[-122.755831,47.209164],[-122.7567,47.207622],[-122.757782,47.206172],[-122.755744,47.207517],[-122.754954,47.207932],[-122.753175,47.208552],[-122.752673,47.208349],[-122.752333,47.207739],[-122.752095,47.206151],[-122.750429,47.203064],[-122.750213,47.199361],[-122.748367,47.197159],[-122.748203,47.19668],[-122.748714,47.194956],[-122.748449,47.194294],[-122.747935,47.194295],[-122.746181,47.196805],[-122.74489,47.198305],[-122.74528,47.19893],[-122.744747,47.19873],[-122.742003,47.199204],[-122.740511,47.200269],[-122.739769,47.199461],[-122.739992,47.198847],[-122.745551,47.192152],[-122.746898,47.190716],[-122.74704,47.189319],[-122.749433,47.181455],[-122.749439,47.178895],[-122.749949,47.177381],[-122.752952,47.17562],[-122.754536,47.172107],[-122.757737,47.16975],[-122.76283,47.16778],[-122.765847,47.167155],[-122.769052,47.167367],[-122.771013,47.168146],[-122.77292,47.169955],[-122.774281,47.172964],[-122.773814,47.175739],[-122.776227,47.178897],[-122.777012,47.18028],[-122.775914,47.184445],[-122.774345,47.186435],[-122.773357,47.186257],[-122.771486,47.187095],[-122.771061,47.188205],[-122.771331,47.188419],[-122.772211,47.187899],[-122.775474,47.187297],[-122.780175,47.185401],[-122.783038,47.185456],[-122.785815,47.186282],[-122.788459,47.187617],[-122.790814,47.189158],[-122.791742,47.191082],[-122.795237,47.196993],[-122.802981,47.206863],[-122.807068,47.213225],[-122.807289,47.215727],[-122.80616,47.221321],[-122.806303,47.222666],[-122.807533,47.224099],[-122.810774,47.22608],[-122.819226,47.229219],[-122.821739,47.230823],[-122.823358,47.232969],[-122.826371,47.239623],[-122.829685,47.242933],[-122.830576,47.244528],[-122.829012,47.246216],[-122.820092,47.266278],[-122.815815,47.274315],[-122.812371,47.275665],[-122.802974,47.283472],[-122.800639,47.285559],[-122.797396,47.287841],[-122.79143,47.294151],[-122.788463,47.300468],[-122.788343,47.304951],[-122.78748,47.307186],[-122.785896,47.309064],[-122.786043,47.310981],[-122.783893,47.312186],[-122.782897,47.31339],[-122.783055,47.313618],[-122.786157,47.311784],[-122.787497,47.3109],[-122.78691,47.309484],[-122.78775,47.308635],[-122.790864,47.307048],[-122.792152,47.306757],[-122.793004,47.307108],[-122.793253,47.307834],[-122.792332,47.310162],[-122.794302,47.317362],[-122.794214,47.319674],[-122.792588,47.322457],[-122.791205,47.326519],[-122.791276,47.331827],[-122.789961,47.336951],[-122.788404,47.338052],[-122.787511,47.338055],[-122.784154,47.337817],[-122.779693,47.338112],[-122.77637,47.337357],[-122.773474,47.337562],[-122.771242,47.338215],[-122.767344,47.338947],[-122.76742,47.339383],[-122.765915,47.341585],[-122.765703,47.342006],[-122.764778,47.342551],[-122.766598,47.342017],[-122.771913,47.341267],[-122.774069,47.341505],[-122.776666,47.342308],[-122.780018,47.341645],[-122.785937,47.342854],[-122.791776,47.344785],[-122.79514,47.346221],[-122.79589,47.346751],[-122.79601,47.347124],[-122.795768,47.34724],[-122.792819,47.350262],[-122.791393,47.352189],[-122.79074,47.353852],[-122.791057,47.355226],[-122.790377,47.356113],[-122.787364,47.357492],[-122.786591,47.358256],[-122.788593,47.359949],[-122.786593,47.361588],[-122.784639,47.364674],[-122.783001,47.365958],[-122.783059,47.367284],[-122.786782,47.365403],[-122.787488,47.364847],[-122.788838,47.362291],[-122.788561,47.361845],[-122.790448,47.360867],[-122.79631,47.360478],[-122.797155,47.360208],[-122.800061,47.358621],[-122.801216,47.35819],[-122.802152,47.358103],[-122.805397,47.35831],[-122.807039,47.357491],[-122.806862,47.360236],[-122.806765,47.362936],[-122.808176,47.364464],[-122.810161,47.366913],[-122.810792,47.367243],[-122.813346,47.367318],[-122.814091,47.367616],[-122.814214,47.368139],[-122.813374,47.369629],[-122.81344,47.370024],[-122.815479,47.371527],[-122.81587,47.372095],[-122.81585,47.374098],[-122.817609,47.37833],[-122.817529,47.379646],[-122.816747,47.381414],[-122.816281,47.38261],[-122.81495,47.382628],[-122.814086,47.383609],[-122.813784,47.384231],[-122.813327,47.388174],[-122.812606,47.390584],[-122.812481,47.391701],[-122.813013,47.393479],[-122.813428,47.395541],[-122.813696,47.395891],[-122.814771,47.396539],[-122.815009,47.396795],[-122.815158,47.39739],[-122.815064,47.398634],[-122.815097,47.399098],[-122.815279,47.399568],[-122.816119,47.400689],[-122.817179,47.401752],[-122.818352,47.402615],[-122.819411,47.403139],[-122.819284,47.405917],[-122.819239,47.406949],[-122.82002,47.405833],[-122.820362,47.405648],[-122.821408,47.405735],[-122.82174,47.405685],[-122.822633,47.405233],[-122.823624,47.40498],[-122.824303,47.404913],[-122.824383,47.40535],[-122.824178,47.405739],[-122.82444,47.405933],[-122.824997,47.405726],[-122.825371,47.40576],[-122.826376,47.40593],[-122.826881,47.405927],[-122.827999,47.405724],[-122.828858,47.405367],[-122.829189,47.404961],[-122.829211,47.404581],[-122.829033,47.403914],[-122.828972,47.403293],[-122.828817,47.402954],[-122.827981,47.402229],[-122.824079,47.398654],[-122.822984,47.39794],[-122.8226,47.397508],[-122.822567,47.397098],[-122.822832,47.396078],[-122.822991,47.393962],[-122.823602,47.39107],[-122.824888,47.387024],[-122.826347,47.383633],[-122.829384,47.378246],[-122.832067,47.3766],[-122.831981,47.376269],[-122.830347,47.375695],[-122.829768,47.375371],[-122.828576,47.37408],[-122.827993,47.372363],[-122.827969,47.370564],[-122.828353,47.367598],[-122.828988,47.365976],[-122.827955,47.366682],[-122.82731,47.367732],[-122.827437,47.368888],[-122.827355,47.369278],[-122.826301,47.370592],[-122.825799,47.371318],[-122.825395,47.371173],[-122.824709,47.369322],[-122.824911,47.366712],[-122.824687,47.362998],[-122.824939,47.361861],[-122.82656,47.35894],[-122.826945,47.357593],[-122.826706,47.35708],[-122.825466,47.355895],[-122.825281,47.355351],[-122.825417,47.352904],[-122.826051,47.350514],[-122.826691,47.348759],[-122.827443,47.347617],[-122.828037,47.347064],[-122.829627,47.345874],[-122.830997,47.344619],[-122.83229,47.343181],[-122.832262,47.342908],[-122.830169,47.344449],[-122.828256,47.345305],[-122.828028,47.344755],[-122.82878,47.343576],[-122.832357,47.338329],[-122.832836,47.336032],[-122.831506,47.334323],[-122.832245,47.332124],[-122.832606,47.328963],[-122.833888,47.326595],[-122.836329,47.324506],[-122.839372,47.322598],[-122.840123,47.322398],[-122.840516,47.321405],[-122.840647,47.318989],[-122.840654,47.318046],[-122.84153,47.316673],[-122.842135,47.314624],[-122.843438,47.31288],[-122.844404,47.31218],[-122.84532,47.311718],[-122.847935,47.311123],[-122.851571,47.310708],[-122.853449,47.310415],[-122.859062,47.308603],[-122.860678,47.308198],[-122.86145,47.308274],[-122.861891,47.308476],[-122.862038,47.308659],[-122.862236,47.310208],[-122.862459,47.312075],[-122.862296,47.312633],[-122.861393,47.314018],[-122.861442,47.3143],[-122.861773,47.314211],[-122.863016,47.312578],[-122.86418,47.311774],[-122.86526,47.311317],[-122.865647,47.311379],[-122.865979,47.311632],[-122.866119,47.31201],[-122.86608,47.312872],[-122.86569,47.315524],[-122.866087,47.31476],[-122.867305,47.315919],[-122.868402,47.317153],[-122.868457,47.31613],[-122.867347,47.314309],[-122.867848,47.313219],[-122.867622,47.311918],[-122.867772,47.311315],[-122.86772,47.311038],[-122.867458,47.310867],[-122.866621,47.310515],[-122.865581,47.309827],[-122.864914,47.309207],[-122.865604,47.308602],[-122.865392,47.307127],[-122.8655,47.306535],[-122.866425,47.305098],[-122.867609,47.30381],[-122.868912,47.302837],[-122.870896,47.302252],[-122.872122,47.300915],[-122.874097,47.300094],[-122.875569,47.299167],[-122.875944,47.299151],[-122.877122,47.299542],[-122.878235,47.299129],[-122.878693,47.29923],[-122.87961,47.299757],[-122.880003,47.299728],[-122.880079,47.299028],[-122.882111,47.297799],[-122.885317,47.295005],[-122.886258,47.294515],[-122.887941,47.294126],[-122.890902,47.294128],[-122.890942,47.295039],[-122.891332,47.294852],[-122.892817,47.293619],[-122.893623,47.29326],[-122.895487,47.293101],[-122.896067,47.294133],[-122.896883,47.293155],[-122.897278,47.292897],[-122.898946,47.29257],[-122.900328,47.292569],[-122.901429,47.292863],[-122.901515,47.293074],[-122.900577,47.293979],[-122.90065,47.294174],[-122.901058,47.294264],[-122.901471,47.294224],[-122.902672,47.293529],[-122.905294,47.291322],[-122.907486,47.290513],[-122.911263,47.289846],[-122.913122,47.289206],[-122.915217,47.287964],[-122.918452,47.285509],[-122.918731,47.285298],[-122.919205,47.284591],[-122.919865,47.284275],[-122.921476,47.283934],[-122.922125,47.283833],[-122.922582,47.284031],[-122.922677,47.284322],[-122.922219,47.284767],[-122.92056,47.285915],[-122.919952,47.286377],[-122.919646,47.286878],[-122.919743,47.287162],[-122.920549,47.287632],[-122.920664,47.286512],[-122.920918,47.286096],[-122.922394,47.285338],[-122.923249,47.284674],[-122.92357,47.284301],[-122.923671,47.283862],[-122.923581,47.28258],[-122.923981,47.282113],[-122.926287,47.281257],[-122.927228,47.280992],[-122.927688,47.280755],[-122.927673,47.280302],[-122.927691,47.278575],[-122.92798,47.274118],[-122.92813,47.273436],[-122.928874,47.271384],[-122.92886,47.27089],[-122.928257,47.269452],[-122.928251,47.268956],[-122.928424,47.268588],[-122.929396,47.267464],[-122.929651,47.266923],[-122.929698,47.265779],[-122.92965,47.265562],[-122.929778,47.265267],[-122.930657,47.264554],[-122.930457,47.264323],[-122.92965,47.264597],[-122.929305,47.264856],[-122.928586,47.266145],[-122.92787,47.266653],[-122.927889,47.265163],[-122.927857,47.263462],[-122.927827,47.263179],[-122.927587,47.263079],[-122.926396,47.263403],[-122.927278,47.261109],[-122.927896,47.25938],[-122.928319,47.257826],[-122.928505,47.256349],[-122.928492,47.253365],[-122.928356,47.251577],[-122.927419,47.251016],[-122.928274,47.249364],[-122.929404,47.247651],[-122.930284,47.246504],[-122.930966,47.24596],[-122.931948,47.245191],[-122.932171,47.245598],[-122.931644,47.246059],[-122.931253,47.246914],[-122.931408,47.247168],[-122.931819,47.247169],[-122.932686,47.246781],[-122.933513,47.245829],[-122.933961,47.246281],[-122.933227,47.246773],[-122.933456,47.247437],[-122.933794,47.247587],[-122.934414,47.247437],[-122.936325,47.246644],[-122.938576,47.246072],[-122.93941,47.246145],[-122.939534,47.246385],[-122.939357,47.24711],[-122.940571,47.245987],[-122.940769,47.245644],[-122.941262,47.244134],[-122.94065,47.243179],[-122.940758,47.242667],[-122.94042,47.242515],[-122.938822,47.242831],[-122.938355,47.242699],[-122.937055,47.241177],[-122.936773,47.240498],[-122.936639,47.23941],[-122.936718,47.238625],[-122.937017,47.238186],[-122.938821,47.237309],[-122.94067,47.236545],[-122.939057,47.236645],[-122.938507,47.236577],[-122.937455,47.236127],[-122.936695,47.235455],[-122.93638,47.234667],[-122.936463,47.233126],[-122.937252,47.231719],[-122.93744,47.231093],[-122.937083,47.231107],[-122.93508,47.232846],[-122.934636,47.233057],[-122.934485,47.230955],[-122.935211,47.229646],[-122.935038,47.228803],[-122.93632,47.226022],[-122.936785,47.225356],[-122.938081,47.223964],[-122.937438,47.22634],[-122.937557,47.226839],[-122.938238,47.226569],[-122.938582,47.226342],[-122.938822,47.226027],[-122.93958,47.225958],[-122.939858,47.225898],[-122.940466,47.225522],[-122.940831,47.22509],[-122.940906,47.224843],[-122.940717,47.22394],[-122.940721,47.223646],[-122.941328,47.222361],[-122.941539,47.219762],[-122.94207,47.218127],[-122.942798,47.217464],[-122.942829,47.217167],[-122.942514,47.216354],[-122.942485,47.216129],[-122.942755,47.215832],[-122.942579,47.215681],[-122.942291,47.215714],[-122.941397,47.216246],[-122.941112,47.216296],[-122.938664,47.215999],[-122.938275,47.216138],[-122.937861,47.21591],[-122.937445,47.214885],[-122.93633,47.213626],[-122.934953,47.210667],[-122.933884,47.209173],[-122.933697,47.208645],[-122.933737,47.208084],[-122.933992,47.207443],[-122.934826,47.206364],[-122.93704,47.205579],[-122.93742,47.205833],[-122.938397,47.206137],[-122.940522,47.206582],[-122.942824,47.20757],[-122.943678,47.207727],[-122.944899,47.207467],[-122.947447,47.206337],[-122.949142,47.205521],[-122.949708,47.205044],[-122.950061,47.204696],[-122.951214,47.203196],[-122.951537,47.202928],[-122.951998,47.203069],[-122.952073,47.203264],[-122.951993,47.203462],[-122.951083,47.204498],[-122.950992,47.204813],[-122.951176,47.205403],[-122.951467,47.205807],[-122.952033,47.206269],[-122.95269,47.20652],[-122.953905,47.206552],[-122.955564,47.206624],[-122.956433,47.20652],[-122.956982,47.206197],[-122.958925,47.205505],[-122.960133,47.205284],[-122.960772,47.205317],[-122.961803,47.205638],[-122.962172,47.205895],[-122.96268,47.206691],[-122.963059,47.206876],[-122.964206,47.206292],[-122.967121,47.20545],[-122.968579,47.20515],[-122.969488,47.205093],[-122.971449,47.205108],[-122.972076,47.204975],[-122.974085,47.204127],[-122.975129,47.203943],[-122.975719,47.204212],[-122.976,47.204245],[-122.977142,47.203504],[-122.977508,47.203221],[-122.977939,47.203102],[-122.97846,47.203163],[-122.979791,47.203604],[-122.980502,47.203683],[-122.98162,47.203511],[-122.984908,47.202648],[-122.986004,47.202425],[-122.98668,47.202439],[-122.987984,47.202675],[-122.988738,47.202693],[-122.988998,47.202587],[-122.98914,47.202314],[-122.989044,47.201666],[-122.988723,47.200341],[-122.98911,47.200149],[-122.99358,47.200702],[-122.997496,47.201015],[-122.998722,47.201477],[-123.000004,47.202711],[-123.000153,47.20334],[-122.999305,47.20496],[-122.999071,47.205665],[-122.999357,47.206167],[-123.001866,47.207749],[-123.003636,47.208541],[-123.003862,47.208869],[-123.003912,47.209588],[-123.004173,47.209723],[-123.004784,47.209542],[-123.00691,47.20865],[-123.010432,47.207693],[-123.011473,47.207546],[-123.012607,47.207536],[-123.013069,47.207679],[-123.014185,47.208392],[-123.014639,47.208558],[-123.015861,47.208557],[-123.017359,47.208393],[-123.021702,47.207157],[-123.023216,47.20688],[-123.02485,47.207143],[-123.026715,47.208275],[-123.02754,47.208548],[-123.034589,47.20875],[-123.037457,47.208954],[-123.038726,47.209086],[-123.039702,47.209012],[-123.042328,47.208383],[-123.04668,47.208057],[-123.050748,47.207397],[-123.059475,47.205768],[-123.06129,47.205327],[-123.061686,47.205314],[-123.061973,47.205401],[-123.062198,47.205565],[-123.06257,47.206133],[-123.063202,47.208041],[-123.063889,47.208662],[-123.065454,47.209387],[-123.067341,47.210042],[-123.067717,47.210104],[-123.068681,47.210111],[-123.069347,47.210259],[-123.069778,47.210547],[-123.070136,47.21102],[-123.070317,47.211601],[-123.070228,47.212472],[-123.069731,47.213293],[-123.067281,47.215337],[-123.065913,47.216256],[-123.060947,47.218825],[-123.056431,47.220798],[-123.052499,47.221689],[-123.05175,47.222347],[-123.047615,47.224593],[-123.045495,47.225286],[-123.044317,47.225425],[-123.042881,47.22447],[-123.038838,47.22362],[-123.037201,47.222035],[-123.036649,47.221748],[-123.034697,47.221489],[-123.032528,47.22142],[-123.029413,47.221749],[-123.0316,47.222281],[-123.032113,47.222615],[-123.033264,47.223753],[-123.03238,47.22451],[-123.032996,47.225814],[-123.034181,47.226773],[-123.03479,47.226926],[-123.036411,47.226682],[-123.036909,47.226793],[-123.038582,47.227944],[-123.040793,47.228695],[-123.043307,47.229371],[-123.044566,47.229692],[-123.045222,47.229995],[-123.045891,47.230784],[-123.04703,47.233737],[-123.047809,47.234632],[-123.047725,47.235698],[-123.046986,47.236669],[-123.043195,47.239636],[-123.038887,47.241806],[-123.035125,47.244922],[-123.03385,47.245722],[-123.031243,47.246629],[-123.027275,47.247618],[-123.023976,47.249587],[-123.020125,47.251379],[-123.016145,47.254782],[-123.010088,47.259079],[-123.011735,47.258591],[-123.01287,47.259057],[-123.013483,47.259114],[-123.013919,47.259025],[-123.0167,47.257869],[-123.026745,47.253631],[-123.032286,47.250699],[-123.039031,47.246375],[-123.041334,47.244681],[-123.044986,47.24159],[-123.046598,47.239835],[-123.051593,47.23327],[-123.05356,47.231284],[-123.055877,47.229405],[-123.061402,47.226598],[-123.067905,47.221962],[-123.071037,47.219355],[-123.077477,47.213313],[-123.08153,47.210276],[-123.082354,47.209854],[-123.083736,47.209541],[-123.085148,47.209489],[-123.089909,47.209612],[-123.091235,47.209525],[-123.092278,47.209277],[-123.093099,47.208924],[-123.093072,47.208722],[-123.091628,47.208475],[-123.088278,47.208242],[-123.087076,47.207998],[-123.086673,47.207683],[-123.085724,47.206229],[-123.085479,47.205948],[-123.085006,47.205819],[-123.084211,47.205837],[-123.083307,47.206016],[-123.079723,47.207092],[-123.076221,47.208111],[-123.075698,47.208183],[-123.074937,47.20808],[-123.074799,47.207573],[-123.074927,47.207223],[-123.075714,47.206408],[-123.075656,47.206012],[-123.075166,47.205722],[-123.074088,47.205534],[-123.071682,47.20567],[-123.070548,47.205411],[-123.066152,47.203357],[-123.0641,47.202685],[-123.062402,47.202352],[-123.060748,47.202231],[-123.057434,47.202428],[-123.054471,47.202811],[-123.052506,47.20322],[-123.047995,47.20451],[-123.046269,47.204795],[-123.045552,47.204817],[-123.042601,47.204581],[-123.040091,47.205193],[-123.039562,47.205269],[-123.038612,47.205187],[-123.036275,47.204762],[-123.032564,47.20519],[-123.027266,47.204147],[-123.025756,47.203994],[-123.019125,47.204032],[-123.014746,47.203479],[-123.013488,47.203629],[-123.011139,47.204333],[-123.010327,47.204475],[-123.009618,47.204356],[-123.008171,47.203676],[-123.007571,47.203526],[-123.00712,47.203619],[-123.005717,47.204477],[-123.005149,47.204491],[-123.004457,47.20394],[-123.004219,47.201869],[-123.003772,47.20123],[-123.00119,47.199628],[-122.999702,47.199],[-122.998633,47.198746],[-122.995862,47.19851],[-122.995032,47.198249],[-122.994297,47.197624],[-122.994522,47.197478],[-122.995979,47.197163],[-122.99436,47.196728],[-122.993856,47.196758],[-122.99228,47.197716],[-122.991765,47.197943],[-122.990896,47.197985],[-122.989516,47.197685],[-122.986614,47.19672],[-122.985346,47.196578],[-122.984288,47.196916],[-122.984017,47.197241],[-122.98413,47.198101],[-122.983973,47.198414],[-122.983324,47.199019],[-122.982804,47.199311],[-122.981193,47.1997],[-122.979765,47.199768],[-122.979096,47.199665],[-122.977674,47.199862],[-122.973204,47.201433],[-122.971713,47.201645],[-122.970563,47.201427],[-122.969831,47.20148],[-122.966382,47.202159],[-122.965305,47.20225],[-122.963842,47.202045],[-122.962209,47.202352],[-122.959602,47.201484],[-122.956202,47.200895],[-122.95444,47.200702],[-122.952898,47.200611],[-122.951551,47.200649],[-122.950272,47.200865],[-122.949235,47.201253],[-122.948541,47.201646],[-122.948327,47.20185],[-122.948161,47.202644],[-122.947577,47.203392],[-122.947149,47.203591],[-122.946813,47.203596],[-122.946218,47.203422],[-122.945389,47.203023],[-122.944854,47.202628],[-122.94399,47.201556],[-122.943513,47.201152],[-122.942503,47.200774],[-122.940816,47.199127],[-122.940367,47.198902],[-122.938993,47.198462],[-122.938606,47.1982],[-122.938415,47.197791],[-122.938419,47.197352],[-122.938688,47.196863],[-122.939785,47.195517],[-122.940941,47.194544],[-122.942775,47.193741],[-122.944525,47.192975],[-122.948272,47.190201],[-122.953643,47.186223],[-122.954203,47.185898],[-122.954726,47.185273],[-122.955208,47.184272],[-122.954925,47.179367],[-122.955504,47.178202],[-122.957423,47.175697],[-122.96025,47.171785],[-122.963063,47.169931],[-122.966014,47.168852],[-122.968306,47.168818],[-122.971668,47.169604],[-122.97561,47.170072],[-122.979361,47.170945],[-122.981176,47.170918],[-122.981769,47.171003],[-122.984769,47.169689],[-122.987166,47.169405],[-122.989276,47.168662],[-122.990859,47.168483],[-122.994762,47.167032],[-122.996308,47.165677],[-122.997266,47.165136],[-122.998541,47.165241],[-123.001246,47.16325],[-123.002418,47.161591],[-123.005376,47.15972],[-123.006851,47.156912],[-123.010131,47.154057],[-123.011534,47.153618],[-123.012809,47.153787],[-123.016019,47.154792],[-123.016544,47.154845],[-123.018212,47.154604],[-123.01892,47.154686],[-123.020306,47.155408],[-123.0213,47.15631],[-123.021751,47.156562],[-123.022064,47.156635],[-123.022547,47.156632],[-123.023147,47.156442],[-123.024501,47.155775],[-123.025103,47.155526],[-123.025706,47.155388],[-123.027774,47.155468],[-123.02834,47.15541],[-123.028855,47.155203],[-123.030118,47.154157],[-123.030834,47.153947],[-123.034213,47.15397],[-123.036824,47.153918],[-123.037407,47.154046],[-123.038684,47.155252],[-123.040025,47.155547],[-123.040866,47.155466],[-123.041593,47.154831],[-123.043941,47.154282],[-123.045561,47.154146],[-123.047374,47.154462],[-123.04888,47.154157],[-123.051191,47.153264],[-123.053946,47.151488],[-123.056387,47.151202],[-123.05794,47.150334],[-123.059439,47.148802],[-123.05959,47.148448],[-123.059353,47.147566],[-123.059569,47.147252],[-123.064814,47.144813],[-123.071077,47.141502],[-123.075044,47.140817],[-123.075487,47.140425],[-123.076032,47.138876],[-123.076461,47.138469],[-123.077103,47.13831],[-123.078973,47.138369],[-123.079694,47.138192],[-123.081126,47.136298],[-123.081681,47.13642],[-123.083375,47.136564],[-123.083987,47.136468],[-123.084658,47.136155],[-123.085776,47.134907],[-123.083756,47.134805],[-123.083312,47.134563],[-123.084626,47.133675],[-123.084605,47.133465],[-123.082658,47.13203],[-123.080842,47.131449],[-123.07918,47.131387],[-123.078028,47.131581],[-123.076244,47.132035],[-123.074969,47.132692],[-123.073906,47.133529],[-123.073772,47.134956],[-123.072723,47.136149],[-123.072182,47.136225],[-123.070816,47.135733],[-123.070387,47.135785],[-123.067262,47.138401],[-123.062173,47.141187],[-123.056493,47.144822],[-123.056394,47.145203],[-123.056944,47.146133],[-123.056912,47.146488],[-123.055888,47.147182],[-123.055801,47.148436],[-123.055609,47.148774],[-123.053536,47.15007],[-123.051029,47.151057],[-123.050487,47.150962],[-123.04937,47.150129],[-123.049003,47.150124],[-123.04868,47.150459],[-123.048645,47.151752],[-123.048406,47.152175],[-123.046916,47.15302],[-123.044512,47.153057],[-123.041931,47.153923],[-123.041319,47.153973],[-123.040929,47.15385],[-123.040183,47.152444],[-123.039616,47.151975],[-123.038678,47.151688],[-123.037912,47.151598],[-123.036672,47.152215],[-123.036272,47.152304],[-123.03579,47.152228],[-123.03453,47.151787],[-123.033778,47.151686],[-123.030985,47.152089],[-123.028556,47.152762],[-123.028031,47.15302],[-123.027196,47.153688],[-123.026928,47.153807],[-123.02652,47.153433],[-123.025472,47.153732],[-123.023908,47.153003],[-123.023261,47.153163],[-123.022797,47.152656],[-123.023063,47.151589],[-123.024452,47.150063],[-123.024454,47.14971],[-123.023827,47.149338],[-123.022987,47.149237],[-123.022506,47.149553],[-123.021336,47.151421],[-123.020648,47.151997],[-123.019733,47.152419],[-123.019324,47.15245],[-123.019021,47.152207],[-123.018451,47.152102],[-123.018219,47.151972],[-123.018122,47.151558],[-123.018392,47.150297],[-123.017494,47.145143],[-123.017576,47.141268],[-123.017284,47.140146],[-123.017383,47.139537],[-123.021095,47.135084],[-123.022451,47.133516],[-123.022524,47.132981],[-123.022023,47.131541],[-123.022138,47.129324],[-123.021246,47.128005],[-123.021165,47.127466],[-123.021948,47.125039],[-123.02227,47.123796],[-123.022805,47.123287],[-123.024899,47.122331],[-123.026853,47.121063],[-123.028271,47.120724],[-123.029755,47.120842],[-123.033798,47.121578],[-123.03531,47.121634],[-123.03737,47.121347],[-123.042448,47.120188],[-123.045081,47.119848],[-123.047188,47.120009],[-123.051816,47.121142],[-123.053898,47.121268],[-123.057486,47.120825],[-123.060922,47.119825],[-123.06468,47.117895],[-123.066164,47.116284],[-123.068176,47.115572],[-123.0696,47.113451],[-123.076255,47.109301],[-123.078156,47.10844],[-123.079074,47.108319],[-123.080321,47.108371],[-123.081219,47.108109],[-123.081611,47.107422],[-123.082654,47.106328],[-123.082549,47.105997],[-123.081455,47.105076],[-123.081188,47.104706],[-123.080974,47.103292],[-123.080496,47.101427],[-123.079851,47.099273],[-123.078461,47.095791],[-123.077418,47.096314],[-123.076597,47.09661],[-123.075414,47.09716],[-123.074639,47.097662],[-123.074517,47.097874],[-123.075093,47.098795],[-123.075105,47.099186],[-123.074769,47.099561],[-123.074218,47.09988],[-123.072009,47.100879],[-123.070396,47.101882],[-123.066695,47.10519],[-123.06403,47.107313],[-123.062286,47.108233],[-123.061646,47.108282],[-123.05777,47.109835],[-123.053174,47.110303],[-123.049681,47.110186],[-123.048172,47.110428],[-123.045353,47.111428],[-123.043661,47.111527],[-123.042335,47.111155],[-123.042013,47.110701],[-123.042727,47.109669],[-123.045077,47.107783],[-123.045343,47.107194],[-123.045013,47.106757],[-123.043648,47.10614],[-123.041611,47.106056],[-123.036736,47.106494],[-123.032853,47.107239],[-123.028708,47.108388],[-123.026114,47.109431],[-123.02255,47.111404],[-123.015613,47.116198],[-123.014005,47.116743],[-123.013415,47.117566],[-123.012849,47.119539],[-123.010166,47.122965],[-123.008091,47.124993],[-123.006405,47.125818],[-123.002778,47.129788],[-123.001249,47.133031],[-122.999536,47.133366],[-122.999619,47.13392],[-123.000114,47.13441],[-123.002168,47.134551],[-123.003101,47.134861],[-123.005055,47.136817],[-123.005447,47.138126],[-123.005186,47.139815],[-123.004573,47.141465],[-123.00265,47.144095],[-123.00113,47.145467],[-122.99961,47.146215],[-122.998033,47.146506],[-122.994921,47.146615],[-122.992461,47.147591],[-122.991708,47.147448],[-122.987568,47.14785],[-122.985025,47.148538],[-122.983594,47.148467],[-122.983185,47.147761],[-122.981932,47.146881],[-122.980545,47.144933],[-122.980307,47.143404],[-122.980642,47.141327],[-122.983188,47.138627],[-122.983213,47.137403],[-122.982671,47.136653],[-122.98136,47.136783],[-122.979141,47.138586],[-122.97709,47.140947],[-122.975564,47.144313],[-122.972325,47.145909],[-122.969635,47.146971],[-122.967526,47.14629],[-122.967925,47.14743],[-122.966689,47.148501],[-122.965201,47.148832],[-122.964268,47.150889],[-122.962659,47.151687],[-122.963494,47.152232],[-122.964003,47.152565],[-122.964662,47.151874],[-122.964928,47.153109],[-122.96459,47.153888],[-122.963076,47.154808],[-122.959638,47.157336],[-122.958345,47.156643],[-122.958693,47.157597],[-122.957321,47.159413],[-122.954813,47.160503],[-122.951028,47.165016],[-122.947685,47.166954],[-122.944286,47.170038],[-122.941741,47.171319],[-122.941234,47.171909],[-122.941175,47.1729],[-122.94134,47.175994],[-122.940663,47.177583],[-122.940318,47.179912],[-122.940465,47.181424],[-122.940677,47.18215],[-122.939558,47.181407],[-122.939077,47.181235],[-122.93814,47.181395],[-122.937648,47.181311],[-122.935389,47.17971],[-122.933822,47.178023],[-122.932407,47.175597],[-122.931213,47.176636],[-122.929884,47.176965],[-122.92742,47.175855],[-122.920609,47.173632],[-122.919525,47.173833],[-122.918827,47.173258],[-122.91869,47.172496],[-122.919944,47.167759],[-122.922407,47.160633],[-122.925559,47.156877],[-122.927544,47.155464],[-122.932795,47.150204],[-122.935486,47.149174],[-122.936495,47.149487],[-122.938844,47.155842],[-122.939211,47.155808],[-122.939246,47.154541],[-122.938085,47.149766],[-122.938907,47.148007],[-122.945807,47.143265],[-122.951743,47.138658],[-122.953203,47.138884],[-122.955736,47.137464],[-122.957376,47.135974],[-122.960713,47.129177],[-122.962788,47.126528],[-122.963903,47.124267],[-122.963829,47.119066],[-122.964407,47.114413],[-122.964836,47.114299],[-122.966595,47.114752],[-122.965635,47.113413],[-122.96398,47.112375],[-122.96106,47.112114],[-122.960152,47.111812],[-122.957226,47.109245],[-122.955633,47.108126],[-122.956152,47.107227],[-122.957416,47.106131],[-122.959924,47.105189],[-122.962771,47.10428],[-122.964113,47.10411],[-122.968479,47.10396],[-122.971643,47.103405],[-122.973408,47.102981],[-122.97513,47.101779],[-122.975661,47.101627],[-122.978688,47.102194],[-122.981049,47.102895],[-122.981508,47.103806],[-122.982557,47.103652],[-122.984871,47.103271],[-122.98669,47.103957],[-122.990225,47.106164],[-122.990919,47.106554],[-122.991443,47.106673],[-122.991066,47.105713],[-122.989097,47.103338],[-122.987271,47.102025],[-122.983571,47.101453],[-122.982952,47.101027],[-122.982935,47.099729],[-122.986129,47.096424],[-122.986839,47.09516],[-122.985903,47.093987],[-122.986181,47.092119],[-122.987182,47.090962],[-122.988119,47.088743],[-122.989959,47.08588],[-122.991539,47.084793],[-122.994636,47.084274],[-122.995761,47.085203],[-122.996199,47.084487],[-122.999429,47.084251],[-123.00373,47.082917],[-123.007452,47.082113],[-123.011647,47.079923],[-123.013208,47.078284],[-123.013663,47.078081],[-123.013162,47.07575],[-123.012045,47.072051],[-123.012667,47.068883],[-123.011916,47.067376],[-123.009559,47.063492],[-123.007616,47.06045],[-123.006946,47.060174],[-123.002542,47.058506],[-123.000408,47.056989],[-122.995581,47.05362],[-122.99454,47.052993],[-122.995128,47.05521],[-122.997118,47.05659],[-122.99743,47.057334],[-122.996976,47.057351],[-122.996919,47.057578],[-122.995289,47.056695],[-122.99368,47.056327],[-122.992433,47.05607],[-122.992433,47.056636],[-122.993839,47.057703],[-122.994865,47.058239],[-122.994744,47.05895],[-122.997364,47.059777],[-122.999058,47.06046],[-123.000148,47.060326],[-123.001207,47.060979],[-123.004238,47.060264],[-123.006116,47.061299],[-123.008029,47.065209],[-123.008162,47.065758],[-123.007888,47.067968],[-123.006723,47.070269],[-123.006711,47.072503],[-123.005179,47.074198],[-123.003889,47.074447],[-123.001787,47.074518],[-123.000838,47.073666],[-123.000102,47.074213],[-122.99836,47.074609],[-122.997915,47.075994],[-122.996891,47.075537],[-122.996178,47.076651],[-122.993775,47.077238],[-122.990021,47.079319],[-122.985947,47.080309],[-122.984505,47.080291],[-122.982533,47.080832],[-122.98147,47.082738],[-122.980436,47.083778],[-122.978966,47.084666],[-122.976793,47.085249],[-122.974802,47.087012],[-122.974423,47.085954],[-122.972576,47.087714],[-122.965905,47.090826],[-122.959305,47.094723],[-122.957814,47.096279],[-122.957003,47.096686],[-122.956099,47.096842],[-122.953778,47.096852],[-122.951136,47.097166],[-122.950548,47.097069],[-122.94938,47.096375],[-122.948748,47.096414],[-122.948682,47.096641],[-122.949119,47.097235],[-122.949531,47.098623],[-122.949412,47.0992],[-122.948837,47.099872],[-122.947782,47.100661],[-122.94331,47.103431],[-122.941918,47.104586],[-122.939401,47.10734],[-122.93742,47.109456],[-122.937549,47.111738],[-122.937783,47.112821],[-122.940731,47.118504],[-122.942933,47.120677],[-122.943739,47.122659],[-122.943689,47.125319],[-122.942841,47.126939],[-122.93713,47.132802],[-122.935014,47.135873],[-122.932848,47.138582],[-122.932333,47.138747],[-122.927621,47.144958],[-122.926491,47.145722],[-122.925903,47.147227],[-122.925586,47.146326],[-122.925914,47.145731],[-122.927006,47.141856],[-122.926459,47.13692],[-122.927431,47.131416],[-122.925216,47.126101],[-122.924272,47.118861],[-122.923941,47.116542],[-122.924347,47.112914],[-122.92395,47.111266],[-122.924702,47.109483],[-122.925096,47.107617],[-122.925816,47.106356],[-122.927692,47.105462],[-122.929885,47.103659],[-122.931383,47.103598],[-122.932948,47.10246],[-122.93364,47.10199],[-122.933765,47.101712],[-122.933522,47.101007],[-122.933753,47.100037],[-122.933709,47.099587],[-122.93334,47.099205],[-122.931938,47.098273],[-122.931596,47.097892],[-122.930694,47.096886],[-122.930484,47.095658],[-122.930883,47.094036],[-122.933032,47.091031],[-122.93347,47.09006],[-122.933094,47.08912],[-122.934277,47.084969],[-122.935766,47.08212],[-122.937224,47.080448],[-122.935326,47.080816],[-122.933756,47.080893],[-122.931365,47.08029],[-122.927839,47.07827],[-122.924591,47.075384],[-122.923702,47.07483],[-122.922435,47.072806],[-122.920372,47.070511],[-122.919162,47.067635],[-122.917854,47.066945],[-122.915662,47.063857],[-122.913325,47.0573],[-122.91012,47.043572],[-122.910187,47.043061],[-122.910769,47.04235],[-122.913629,47.040723],[-122.914097,47.039987],[-122.913785,47.038691],[-122.910279,47.033321],[-122.909665,47.031379],[-122.909516,47.028611],[-122.909721,47.027212],[-122.910208,47.026184],[-122.910437,47.025554],[-122.907529,47.024747],[-122.90379,47.023865],[-122.903296,47.023985],[-122.903133,47.02433],[-122.903325,47.024949],[-122.903522,47.02662],[-122.904435,47.027997],[-122.904756,47.028764],[-122.907028,47.034192],[-122.908672,47.037401],[-122.908288,47.037868],[-122.905249,47.03899],[-122.903985,47.041051],[-122.904142,47.042198],[-122.90497,47.043419],[-122.905483,47.043665],[-122.908203,47.043316],[-122.908405,47.044296],[-122.90785,47.045307],[-122.905374,47.045342],[-122.904791,47.045691],[-122.904468,47.048054],[-122.904041,47.050353],[-122.90434,47.050604],[-122.904743,47.051563],[-122.905529,47.051495],[-122.905766,47.052456],[-122.906215,47.056278],[-122.904972,47.056353],[-122.905039,47.058507],[-122.903474,47.058927],[-122.902567,47.057976],[-122.900835,47.05814],[-122.900361,47.057553],[-122.902044,47.056202],[-122.901278,47.053898],[-122.901133,47.050905],[-122.9002,47.050335],[-122.897033,47.049829],[-122.895529,47.047502],[-122.894923,47.047075],[-122.893941,47.04718],[-122.893664,47.047403],[-122.89335,47.048804],[-122.89264,47.052728],[-122.892836,47.053392],[-122.894546,47.055367],[-122.894263,47.05811],[-122.896655,47.063959],[-122.896883,47.06665],[-122.898328,47.067764],[-122.899036,47.069881],[-122.898718,47.07102],[-122.897518,47.071122],[-122.89723,47.072573],[-122.895432,47.074186],[-122.89827,47.072643],[-122.89874,47.071729],[-122.900727,47.070878],[-122.902524,47.071249],[-122.903395,47.072598],[-122.904169,47.075249],[-122.901542,47.081232],[-122.901058,47.087095],[-122.897454,47.09486],[-122.8944,47.098924],[-122.894202,47.105893],[-122.893093,47.111173],[-122.891958,47.11196],[-122.892332,47.110971],[-122.89083,47.110913],[-122.889277,47.112879],[-122.888475,47.113112],[-122.887776,47.112886],[-122.887485,47.112811],[-122.886697,47.112205],[-122.885558,47.110122],[-122.885647,47.111],[-122.886094,47.112595],[-122.88741,47.114151],[-122.887209,47.115099],[-122.886295,47.115672],[-122.886424,47.115859],[-122.887526,47.11604],[-122.888789,47.115864],[-122.888881,47.115635],[-122.888306,47.115151],[-122.888298,47.114887],[-122.889371,47.114124],[-122.89151,47.1124],[-122.892149,47.11292],[-122.894214,47.115945],[-122.894223,47.11769],[-122.894546,47.118303],[-122.895019,47.11869],[-122.900654,47.123728],[-122.903004,47.126699],[-122.903765,47.127346],[-122.90421,47.128077],[-122.904481,47.129068],[-122.904502,47.130682],[-122.904142,47.131272],[-122.904261,47.13154],[-122.904683,47.131423],[-122.9051,47.131383],[-122.905574,47.13177],[-122.906352,47.133491],[-122.907087,47.135846],[-122.907587,47.138432],[-122.907772,47.140401],[-122.9076,47.14083],[-122.907119,47.140725],[-122.906506,47.140355],[-122.905564,47.139983],[-122.90463,47.139773],[-122.903548,47.13972],[-122.902619,47.139831],[-122.901254,47.140258],[-122.901015,47.141169],[-122.900335,47.142515],[-122.901226,47.143329],[-122.901111,47.144277],[-122.900522,47.14491],[-122.900011,47.145005],[-122.898679,47.14498],[-122.89808,47.145192],[-122.896492,47.146221],[-122.896009,47.146356],[-122.895359,47.145854],[-122.895495,47.14493],[-122.893784,47.14389],[-122.893552,47.143399],[-122.893525,47.142788],[-122.893984,47.141238],[-122.893871,47.140599],[-122.893537,47.140565],[-122.892518,47.141642],[-122.891883,47.143362],[-122.891419,47.144048],[-122.889741,47.145011],[-122.887301,47.145614],[-122.886255,47.145392],[-122.885208,47.145812],[-122.88457,47.146912],[-122.881457,47.150854],[-122.880949,47.151681],[-122.880047,47.151937],[-122.877062,47.154381],[-122.876382,47.154784],[-122.876094,47.154826],[-122.875276,47.154691],[-122.874937,47.154726],[-122.874366,47.15504],[-122.872987,47.15617],[-122.872279,47.156535],[-122.871382,47.156778],[-122.867784,47.157881],[-122.867132,47.157947],[-122.866314,47.1578],[-122.864967,47.15715],[-122.863723,47.156104],[-122.863094,47.155008],[-122.862083,47.156264],[-122.86166,47.15648],[-122.859188,47.156955],[-122.858177,47.157833],[-122.857721,47.157874],[-122.855436,47.156605],[-122.855166,47.156901],[-122.855459,47.157379],[-122.856247,47.157967],[-122.8569,47.158219],[-122.857863,47.158325],[-122.8586,47.158294],[-122.862722,47.157378],[-122.863408,47.157261],[-122.863726,47.157512],[-122.863797,47.158122],[-122.863283,47.159856],[-122.8624,47.161125],[-122.861701,47.161802],[-122.860791,47.162419],[-122.859811,47.162695],[-122.85848,47.162469],[-122.855656,47.162549],[-122.854273,47.162831],[-122.853455,47.163383],[-122.852871,47.164619],[-122.852457,47.164886],[-122.851643,47.165103],[-122.851132,47.165011],[-122.849036,47.163002],[-122.848501,47.162732],[-122.848397,47.162489],[-122.848313,47.161833],[-122.847303,47.162947],[-122.845446,47.164064],[-122.844383,47.164531],[-122.84358,47.16466],[-122.842503,47.164455],[-122.841545,47.163881],[-122.841398,47.163302],[-122.842287,47.162238],[-122.842681,47.16154],[-122.842762,47.160916],[-122.842649,47.160488],[-122.8424,47.160264],[-122.841512,47.159925],[-122.841295,47.159741],[-122.841051,47.157448],[-122.839992,47.155297],[-122.840022,47.154923],[-122.840558,47.154096],[-122.840606,47.153677],[-122.840119,47.152809],[-122.839099,47.151925],[-122.838593,47.151719],[-122.837248,47.151439],[-122.839237,47.151153],[-122.841659,47.14939],[-122.844131,47.148214],[-122.844452,47.147976],[-122.845005,47.147096],[-122.845094,47.146006],[-122.844729,47.14455],[-122.843193,47.140346],[-122.843301,47.138758],[-122.844327,47.137883],[-122.844726,47.136312],[-122.845266,47.136135],[-122.848085,47.137641],[-122.849329,47.138076],[-122.850641,47.138943],[-122.85261,47.140543],[-122.853479,47.14144],[-122.853909,47.140573],[-122.854397,47.140093],[-122.856187,47.138838],[-122.856135,47.138448],[-122.854203,47.13984],[-122.853624,47.140131],[-122.853192,47.140056],[-122.851495,47.138048],[-122.851015,47.137598],[-122.850003,47.137013],[-122.848722,47.13666],[-122.847616,47.135893],[-122.846566,47.134766],[-122.845967,47.133506],[-122.845369,47.13322],[-122.84477,47.133133],[-122.844168,47.133124],[-122.843931,47.133285],[-122.843321,47.134117],[-122.842654,47.133499],[-122.842172,47.133433],[-122.841104,47.133743],[-122.840749,47.133674],[-122.840347,47.133408],[-122.840296,47.133202],[-122.840649,47.132794],[-122.841315,47.132443],[-122.84195,47.132222],[-122.842603,47.132143],[-122.844369,47.132319],[-122.84509,47.132298],[-122.84624,47.132091],[-122.847751,47.131689],[-122.848313,47.131367],[-122.848827,47.130667],[-122.849784,47.129647],[-122.849927,47.1294],[-122.850102,47.128792],[-122.850384,47.128462],[-122.850793,47.128264],[-122.851325,47.12822],[-122.852298,47.128322],[-122.852429,47.128141],[-122.852361,47.127627],[-122.853168,47.126947],[-122.853123,47.126597],[-122.853629,47.12633],[-122.854649,47.126106],[-122.855014,47.125964],[-122.856649,47.124936],[-122.857793,47.124514],[-122.857451,47.123967],[-122.856529,47.12446],[-122.855769,47.124829],[-122.855347,47.12494],[-122.854362,47.124977],[-122.853988,47.125045],[-122.853173,47.125353],[-122.852444,47.125964],[-122.852576,47.126354],[-122.85249,47.126549],[-122.851985,47.126872],[-122.851504,47.127088],[-122.850752,47.127335],[-122.850082,47.127476],[-122.84978,47.127404],[-122.849312,47.127021],[-122.848828,47.126893],[-122.848492,47.127132],[-122.848182,47.127694],[-122.847814,47.128988],[-122.8475,47.129543],[-122.846977,47.129872],[-122.845366,47.130402],[-122.843747,47.130762],[-122.843232,47.130841],[-122.842941,47.130773],[-122.842514,47.130496],[-122.842253,47.130017],[-122.841857,47.128515],[-122.841243,47.127878],[-122.841204,47.127559],[-122.841468,47.126581],[-122.841403,47.126201],[-122.840272,47.124709],[-122.839293,47.12207],[-122.83861,47.12141],[-122.838743,47.1208],[-122.838351,47.120468],[-122.837413,47.120133],[-122.836773,47.11985],[-122.836422,47.119629],[-122.83604,47.119257],[-122.83547,47.118218],[-122.835217,47.117873],[-122.834045,47.11726],[-122.834016,47.116589],[-122.833131,47.116242],[-122.832106,47.115778],[-122.831654,47.115402],[-122.831647,47.115035],[-122.831968,47.11458],[-122.831998,47.114374],[-122.831548,47.113231],[-122.830781,47.112143],[-122.829739,47.111097],[-122.82948,47.111009],[-122.828648,47.111179],[-122.828323,47.110866],[-122.828323,47.110543],[-122.828404,47.110328],[-122.828685,47.110088],[-122.828618,47.109754],[-122.828172,47.109327],[-122.827973,47.108424],[-122.827681,47.107968],[-122.827706,47.107581],[-122.828134,47.107024],[-122.828235,47.10655],[-122.827965,47.1062],[-122.828428,47.105656],[-122.828143,47.105437],[-122.828255,47.104798],[-122.828174,47.103992],[-122.828788,47.103708],[-122.828131,47.1035],[-122.827821,47.103042],[-122.82776,47.102678],[-122.828494,47.102245],[-122.827629,47.102187],[-122.827203,47.101609],[-122.827173,47.101347],[-122.827338,47.10105],[-122.827573,47.100912],[-122.82809,47.100828],[-122.829733,47.10078],[-122.828731,47.100509],[-122.828414,47.100405],[-122.827769,47.100027],[-122.827616,47.099746],[-122.828047,47.098717],[-122.828339,47.097354],[-122.828334,47.097117],[-122.828149,47.096516],[-122.828132,47.096215],[-122.82826,47.09588],[-122.828595,47.095283],[-122.828905,47.09504],[-122.828529,47.094918],[-122.82798,47.094977],[-122.826937,47.095086],[-122.826345,47.095235],[-122.826063,47.095377],[-122.825498,47.095857],[-122.824662,47.096152],[-122.82457,47.096413],[-122.824607,47.096743],[-122.824806,47.097495],[-122.824835,47.097816],[-122.824715,47.098831],[-122.824527,47.099634],[-122.824188,47.10019],[-122.8238,47.100557],[-122.823452,47.100788],[-122.823112,47.100865],[-122.822477,47.10074],[-122.821912,47.100396],[-122.821535,47.100247],[-122.8218,47.100781],[-122.822427,47.101235],[-122.822855,47.101268],[-122.823763,47.101186],[-122.824189,47.101349],[-122.824184,47.101612],[-122.823744,47.102398],[-122.823859,47.103505],[-122.823759,47.103923],[-122.823186,47.104001],[-122.823042,47.104181],[-122.823003,47.104435],[-122.823031,47.105063],[-122.823459,47.105636],[-122.82385,47.105744],[-122.824305,47.105737],[-122.824576,47.105596],[-122.824938,47.105132],[-122.825281,47.10448],[-122.825432,47.103911],[-122.825222,47.103619],[-122.825624,47.103504],[-122.826001,47.103647],[-122.826115,47.104405],[-122.8261,47.104955],[-122.825829,47.10613],[-122.825683,47.106548],[-122.825518,47.106759],[-122.825239,47.106942],[-122.82469,47.107111],[-122.824291,47.107237],[-122.823967,47.107124],[-122.823573,47.10698],[-122.823556,47.107284],[-122.82375,47.107479],[-122.82494,47.10799],[-122.825257,47.108245],[-122.825439,47.108526],[-122.825581,47.108926],[-122.825462,47.109287],[-122.825156,47.109621],[-122.824822,47.109969],[-122.824554,47.110347],[-122.824518,47.110598],[-122.824903,47.110927],[-122.824811,47.111716],[-122.825339,47.112386],[-122.825483,47.112708],[-122.825321,47.112869],[-122.825017,47.112855],[-122.824455,47.112665],[-122.82389,47.112772],[-122.823722,47.112932],[-122.823445,47.113072],[-122.822785,47.113383],[-122.824298,47.113333],[-122.824296,47.11383],[-122.824985,47.113632],[-122.825968,47.113555],[-122.826516,47.113697],[-122.826434,47.113907],[-122.826086,47.113884],[-122.825747,47.114104],[-122.825409,47.114386],[-122.825451,47.1146],[-122.826479,47.114489],[-122.826881,47.114496],[-122.827369,47.114599],[-122.827911,47.115017],[-122.82792,47.115434],[-122.828178,47.115798],[-122.828358,47.115969],[-122.828634,47.116172],[-122.828908,47.11629],[-122.829889,47.116667],[-122.830001,47.116963],[-122.830146,47.117569],[-122.830541,47.119237],[-122.830585,47.11991],[-122.830388,47.121184],[-122.829802,47.122954],[-122.828666,47.12518],[-122.827742,47.125934],[-122.828226,47.126885],[-122.827552,47.127803],[-122.827296,47.128644],[-122.827513,47.129478],[-122.827724,47.128901],[-122.828327,47.128392],[-122.829498,47.127824],[-122.829921,47.127839],[-122.830006,47.128554],[-122.829777,47.130165],[-122.829662,47.131634],[-122.829374,47.132278],[-122.829863,47.132569],[-122.82949,47.132896],[-122.82778,47.135195],[-122.827203,47.136169],[-122.827169,47.136971],[-122.828335,47.138681],[-122.828607,47.139548],[-122.827428,47.146826],[-122.827667,47.150908],[-122.827489,47.153518],[-122.826705,47.158466],[-122.826517,47.160519],[-122.826598,47.160834],[-122.827247,47.161714],[-122.827139,47.162153],[-122.826526,47.162822],[-122.826433,47.16314],[-122.826772,47.163894],[-122.826767,47.164247],[-122.825372,47.166898],[-122.823445,47.171756],[-122.82202,47.173402],[-122.821733,47.174069],[-122.821574,47.175607],[-122.821179,47.176107],[-122.820867,47.176322],[-122.819942,47.176683],[-122.817235,47.177677],[-122.816635,47.177825],[-122.815769,47.177936],[-122.81531,47.178008],[-122.814977,47.177753],[-122.815094,47.177211],[-122.813874,47.17313],[-122.812386,47.170232],[-122.812484,47.169778],[-122.814157,47.168486],[-122.813996,47.168082],[-122.812192,47.16903],[-122.810299,47.166305],[-122.809811,47.164905],[-122.809325,47.161761],[-122.808595,47.16355],[-122.807426,47.164493],[-122.80646,47.164783],[-122.805311,47.1649],[-122.80458,47.164531],[-122.804208,47.16397],[-122.803174,47.162272],[-122.802395,47.161996],[-122.800508,47.15982],[-122.799366,47.159166],[-122.798638,47.15801],[-122.798089,47.156261],[-122.797764,47.154792],[-122.798051,47.153731],[-122.798939,47.152904],[-122.799857,47.151083],[-122.797639,47.151773],[-122.796991,47.152213],[-122.797707,47.15273],[-122.797003,47.152923],[-122.795681,47.152996],[-122.794588,47.152981],[-122.794028,47.152716],[-122.793787,47.152307],[-122.793602,47.151445],[-122.792671,47.147253],[-122.792045,47.146085],[-122.789942,47.143819],[-122.787746,47.142154],[-122.787285,47.14092],[-122.787768,47.138845],[-122.788926,47.137211],[-122.789096,47.13642],[-122.787197,47.131087],[-122.78622,47.127295],[-122.78542,47.126494],[-122.784183,47.125981],[-122.783433,47.125932],[-122.78169,47.126538],[-122.78102,47.126533],[-122.778733,47.125721],[-122.776467,47.124212],[-122.776197,47.12377],[-122.776781,47.121795],[-122.776323,47.121364],[-122.775324,47.121035],[-122.774674,47.120824],[-122.773518,47.12062],[-122.772481,47.120524],[-122.768899,47.120384],[-122.767392,47.120325],[-122.765809,47.120471],[-122.764526,47.120355],[-122.763102,47.119879],[-122.762652,47.119606],[-122.761648,47.118554],[-122.761281,47.118331],[-122.759145,47.117722],[-122.757494,47.116879],[-122.756335,47.11606],[-122.755092,47.114514],[-122.754425,47.112994],[-122.753621,47.111982],[-122.752287,47.111545],[-122.751,47.110761],[-122.747651,47.109847],[-122.74483,47.108471],[-122.740938,47.106596],[-122.74082,47.105896],[-122.738253,47.105671],[-122.736897,47.105561],[-122.735745,47.105289],[-122.733919,47.10442],[-122.731786,47.102891],[-122.731232,47.102584],[-122.730749,47.102494],[-122.730042,47.102476],[-122.729507,47.102376],[-122.727845,47.101624],[-122.727177,47.100837],[-122.727278,47.100112],[-122.727849,47.098489],[-122.72787,47.097705],[-122.727375,47.095747],[-122.727394,47.095009],[-122.727561,47.094758],[-122.728333,47.094257],[-122.728549,47.093989],[-122.72855,47.091461],[-122.729275,47.090337],[-122.729157,47.089397],[-122.729478,47.088821],[-122.729388,47.088571],[-122.728706,47.087608],[-122.728709,47.08715],[-122.729126,47.086362],[-122.729245,47.08585],[-122.728926,47.085372],[-122.727948,47.086168],[-122.727668,47.086289],[-122.726383,47.084521],[-122.726062,47.084471],[-122.724517,47.085465],[-122.724283,47.085829],[-122.724277,47.086415],[-122.72534,47.08775],[-122.725561,47.088332],[-122.72567,47.090239],[-122.726379,47.092044],[-122.726427,47.09282],[-122.725936,47.093825],[-122.724866,47.095432],[-122.723436,47.097368],[-122.723174,47.097466],[-122.722764,47.097209],[-122.72228,47.096084],[-122.721975,47.095721],[-122.721032,47.095301],[-122.720429,47.095179],[-122.720063,47.095206],[-122.719946,47.095533],[-122.720816,47.097116],[-122.720842,47.097512],[-122.720136,47.097605],[-122.720022,47.097816],[-122.72073,47.098439],[-122.720521,47.098966],[-122.720072,47.099108],[-122.719698,47.099088],[-122.717778,47.098331],[-122.716293,47.098026],[-122.714878,47.098297],[-122.714295,47.098196],[-122.713637,47.097764],[-122.712668,47.096447],[-122.712204,47.096069],[-122.709439,47.09499],[-122.708099,47.094756],[-122.706915,47.094771],[-122.70442,47.095996],[-122.703617,47.096053],[-122.702778,47.095285],[-122.702507,47.09565],[-122.701728,47.098009],[-122.699498,47.098457],[-122.699023,47.09868],[-122.700014,47.099224],[-122.700203,47.100723],[-122.699695,47.101017],[-122.697297,47.101077],[-122.69393,47.101216],[-122.69347,47.101083],[-122.692255,47.099627],[-122.691803,47.099864],[-122.691605,47.101176],[-122.691339,47.101548],[-122.690582,47.101604],[-122.690263,47.101313],[-122.689935,47.100008],[-122.689704,47.099747],[-122.689251,47.099617],[-122.687906,47.099634],[-122.687372,47.0994],[-122.686967,47.098447],[-122.687257,47.096827],[-122.687996,47.096127],[-122.68719,47.095905],[-122.686385,47.096141],[-122.68201,47.099201],[-122.678633,47.100741],[-122.677612,47.101486],[-122.674894,47.106889],[-122.670597,47.113467],[-122.663154,47.120972],[-122.660682,47.124393],[-122.658036,47.12601],[-122.654701,47.129528],[-122.649926,47.132663],[-122.644719,47.134769],[-122.637103,47.135585],[-122.633857,47.136962],[-122.632425,47.138635],[-122.63002,47.139456],[-122.625421,47.142729],[-122.623865,47.145769],[-122.622254,47.147774],[-122.615844,47.159089],[-122.614727,47.16587],[-122.61006,47.17051],[-122.605219,47.171788],[-122.596954,47.17497],[-122.591729,47.177291],[-122.587286,47.181424],[-122.583608,47.190307],[-122.581403,47.206593],[-122.578854,47.211944],[-122.571035,47.219268],[-122.56677,47.222638],[-122.564514,47.22771],[-122.565036,47.233211],[-122.563409,47.237735],[-122.564288,47.241519],[-122.563403,47.244374],[-122.561852,47.244985],[-122.560577,47.238575],[-122.559568,47.244182],[-122.55712,47.243737],[-122.552796,47.247819],[-122.552447,47.249139],[-122.552678,47.252693],[-122.552496,47.253538],[-122.552206,47.253952],[-122.548353,47.260298],[-122.541974,47.267857],[-122.533781,47.27661],[-122.530914,47.280928],[-122.529357,47.285913],[-122.5293,47.290197],[-122.530912,47.294926],[-122.533961,47.299721],[-122.538427,47.306174],[-122.541431,47.31006],[-122.542809,47.311412],[-122.546848,47.314588],[-122.547987,47.315579],[-122.548225,47.315906],[-122.548349,47.316266],[-122.548503,47.317864],[-122.543454,47.318755],[-122.543116,47.318801],[-122.541948,47.31883],[-122.538813,47.318435],[-122.537137,47.318258],[-122.535991,47.317942],[-122.533404,47.316543],[-122.525965,47.311683],[-122.520664,47.308781],[-122.516705,47.306663],[-122.513534,47.305497],[-122.513068,47.304845],[-122.50769,47.30248],[-122.506286,47.301646],[-122.499667,47.296237],[-122.488662,47.287271],[-122.483173,47.284116],[-122.465304,47.276329],[-122.460795,47.275378],[-122.455761,47.273689],[-122.451127,47.271358],[-122.446996,47.26879],[-122.443874,47.266305],[-122.443391,47.265731],[-122.442682,47.264295],[-122.442361,47.263772],[-122.441577,47.263014],[-122.440528,47.262228],[-122.439767,47.261815],[-122.439032,47.261528],[-122.438684,47.261502],[-122.43827,47.261543],[-122.437477,47.261777],[-122.43679,47.262122],[-122.43424,47.264191],[-122.43016,47.267213],[-122.428337,47.268269],[-122.42536,47.269253],[-122.421981,47.270106],[-122.420994,47.270827],[-122.420233,47.27222],[-122.420154,47.273255],[-122.419398,47.27459],[-122.418601,47.275655],[-122.418141,47.276042],[-122.417721,47.276138],[-122.415499,47.278749],[-122.413528,47.280741],[-122.411146,47.283273],[-122.410177,47.283911],[-122.409402,47.283905],[-122.407847,47.282788],[-122.400952,47.278427],[-122.399032,47.277646],[-122.397057,47.277445],[-122.39557,47.277949],[-122.392284,47.280379],[-122.391911,47.280715],[-122.392453,47.281136],[-122.393277,47.281368],[-122.394383,47.281336],[-122.395913,47.281048],[-122.397159,47.280949],[-122.400106,47.281331],[-122.402855,47.282251],[-122.405981,47.283545],[-122.407779,47.284663],[-122.407449,47.285735],[-122.410647,47.290458],[-122.413972,47.294076],[-122.415937,47.295193],[-122.418936,47.296264],[-122.421741,47.297062],[-122.42724,47.298168],[-122.42836,47.298032],[-122.430031,47.297198],[-122.431162,47.296927],[-122.433227,47.297032],[-122.437122,47.29831],[-122.441193,47.299093],[-122.443442,47.299896],[-122.444281,47.300518],[-122.444796,47.301467],[-122.444305,47.304333],[-122.444434,47.305504],[-122.444346,47.306091],[-122.443436,47.30647],[-122.440904,47.306231],[-122.43757,47.306743],[-122.435559,47.307357],[-122.434065,47.30871],[-122.432563,47.311457],[-122.431832,47.314911],[-122.429994,47.316516],[-122.429644,47.318898],[-122.428972,47.319439],[-122.42788,47.319517],[-122.42371,47.318952],[-122.421488,47.319088],[-122.417862,47.320274],[-122.415008,47.320072],[-122.414315,47.32013],[-122.411469,47.320935],[-122.403609,47.322062],[-122.401211,47.323252],[-122.397348,47.326536],[-122.39585,47.327268],[-122.392976,47.327999],[-122.390903,47.328216],[-122.389229,47.328247],[-122.386686,47.327777],[-122.386229,47.327504],[-122.385464,47.326298],[-122.385076,47.326036],[-122.383577,47.325816],[-122.381885,47.326006],[-122.379201,47.326803],[-122.377527,47.327594],[-122.376662,47.328364],[-122.376487,47.329128],[-122.375286,47.331948],[-122.374391,47.333171],[-122.373376,47.333792],[-122.371041,47.33467],[-122.366556,47.335544],[-122.35489,47.33776],[-122.347659,47.339673],[-122.338143,47.341198],[-122.336268,47.341823],[-122.3352,47.342327],[-122.334321,47.343371],[-122.329958,47.345024],[-122.327143,47.346642],[-122.325399,47.347982],[-122.324574,47.348823],[-122.32425,47.349641],[-122.324373,47.352744],[-122.324267,47.358302],[-122.325492,47.362931],[-122.325591,47.364841],[-122.324131,47.36909],[-122.323568,47.370418],[-122.323603,47.370984],[-122.324707,47.372207],[-122.324915,47.372742],[-122.324875,47.374831],[-122.326444,47.382019],[-122.326891,47.388113],[-122.325744,47.392524],[-122.326474,47.395736],[-122.328302,47.399708],[-122.333568,47.407174],[-122.336251,47.409278],[-122.34409,47.412881],[-122.347298,47.415354],[-122.34919,47.417934],[-122.350485,47.421627],[-122.350627,47.426553],[-122.352356,47.434219],[-122.354052,47.436846],[-122.353623,47.437885],[-122.353822,47.439225],[-122.354348,47.441289],[-122.358407,47.44349],[-122.365115,47.447216],[-122.369742,47.44828],[-122.373891,47.449369],[-122.378011,47.450076],[-122.382674,47.450505],[-122.382995,47.450742],[-122.381959,47.451355],[-122.378848,47.45248],[-122.377755,47.452874],[-122.375495,47.454143],[-122.368381,47.458879],[-122.367211,47.461118],[-122.36978,47.46812],[-122.369634,47.470155],[-122.361998,47.480404],[-122.361123,47.483871],[-122.362129,47.486326],[-122.364447,47.488435],[-122.370561,47.493333],[-122.378827,47.498357],[-122.384486,47.501261],[-122.386782,47.502303],[-122.388564,47.504916],[-122.3974,47.515698],[-122.399138,47.51716],[-122.398809,47.517983],[-122.395359,47.520161],[-122.394598,47.521494],[-122.393796,47.524501],[-122.394631,47.525932],[-122.400953,47.529339],[-122.401754,47.530282],[-122.401056,47.531295],[-122.396292,47.534259],[-122.395922,47.535317],[-122.397777,47.539977],[-122.397396,47.542468],[-122.399758,47.546352],[-122.398425,47.549268],[-122.399055,47.551986],[-122.400585,47.55576],[-122.407837,47.564923],[-122.409454,47.566742],[-122.410296,47.56943],[-122.410845,47.570162],[-122.416858,47.573785],[-122.421447,47.576465],[-122.420278,47.576991],[-122.416975,47.578247],[-122.405687,47.581878],[-122.401575,47.583879],[-122.399452,47.585621],[-122.390256,47.59426],[-122.38792,47.59545],[-122.385889,47.595537],[-122.383983,47.59463],[-122.382038,47.591045],[-122.376208,47.58651],[-122.370892,47.58212],[-122.370099,47.583375],[-122.367891,47.584464],[-122.364891,47.585323],[-122.363229,47.585355],[-122.36142,47.584707],[-122.361774,47.584343],[-122.361762,47.583802],[-122.361346,47.575035],[-122.361406,47.573713],[-122.360985,47.573494],[-122.358889,47.573884],[-122.358256,47.573805],[-122.355012,47.571962],[-122.350783,47.568658],[-122.349354,47.565674],[-122.347282,47.561767],[-122.343802,47.555171],[-122.341664,47.551272],[-122.337713,47.544744],[-122.336876,47.543392],[-122.335994,47.542332],[-122.334886,47.541341],[-122.333314,47.540225],[-122.330226,47.538188],[-122.321375,47.532745],[-122.318112,47.530741],[-122.313826,47.528445],[-122.311881,47.527257],[-122.310336,47.525852],[-122.309373,47.524552],[-122.308789,47.523497],[-122.308122,47.521835],[-122.3067,47.516689],[-122.30514,47.512802],[-122.304562,47.512033],[-122.303847,47.511647],[-122.3031,47.511568],[-122.301262,47.511809],[-122.29845,47.511374],[-122.296612,47.510998],[-122.295595,47.5107],[-122.294704,47.510357],[-122.293461,47.509471],[-122.292978,47.508706],[-122.292836,47.507952],[-122.292963,47.507388],[-122.293455,47.506793],[-122.294164,47.506272],[-122.295835,47.505298],[-122.296605,47.504672],[-122.29702,47.503994],[-122.297257,47.503273],[-122.297315,47.502417],[-122.296055,47.503764],[-122.296227,47.504113],[-122.295792,47.504425],[-122.29382,47.505514],[-122.292377,47.506555],[-122.291873,47.507191],[-122.291799,47.507868],[-122.292147,47.508808],[-122.292698,47.509812],[-122.29338,47.510396],[-122.299598,47.512509],[-122.302024,47.512892],[-122.30304,47.513208],[-122.303583,47.513801],[-122.305698,47.520053],[-122.308029,47.525455],[-122.308425,47.526281],[-122.30906,47.527028],[-122.310431,47.527973],[-122.313214,47.529685],[-122.31768,47.53238],[-122.320077,47.533451],[-122.322913,47.534938],[-122.324201,47.535834],[-122.326311,47.537593],[-122.329258,47.539581],[-122.334745,47.542994],[-122.335799,47.543857],[-122.336454,47.54492],[-122.339646,47.551403],[-122.340205,47.553297],[-122.340699,47.554526],[-122.341307,47.555462],[-122.342225,47.556402],[-122.343074,47.557694],[-122.343498,47.558571],[-122.344318,47.560839],[-122.345846,47.563707],[-122.346328,47.564951],[-122.345935,47.565132],[-122.345687,47.565867],[-122.345686,47.568097],[-122.345507,47.568942],[-122.344369,47.570529],[-122.343207,47.573806],[-122.342848,47.577575],[-122.342766,47.590212],[-122.34202,47.592997],[-122.339553,47.59979],[-122.339684,47.60044],[-122.339338,47.600653],[-122.337652,47.600569],[-122.337413,47.600699],[-122.337943,47.602545],[-122.339061,47.603999],[-122.34263,47.607042],[-122.351856,47.612516],[-122.366919,47.622498],[-122.367898,47.62313],[-122.369522,47.625245],[-122.373173,47.627931],[-122.374089,47.627983],[-122.375945,47.626757],[-122.376907,47.626531],[-122.379765,47.626886],[-122.382533,47.627952],[-122.383327,47.62876],[-122.384024,47.6311],[-122.384816,47.631542],[-122.386868,47.631876],[-122.388968,47.631668],[-122.390956,47.630863],[-122.392572,47.630673],[-122.401375,47.633234],[-122.411382,47.637147],[-122.4123,47.63757],[-122.414329,47.638953],[-122.416634,47.64139],[-122.418169,47.643983],[-122.417879,47.649093],[-122.420446,47.652252],[-122.426638,47.656876],[-122.432211,47.660172],[-122.43486,47.661205],[-122.437181,47.661757],[-122.434805,47.662279],[-122.425178,47.664813],[-122.42437,47.665322],[-122.422883,47.667348],[-122.418791,47.669297],[-122.413757,47.671146],[-122.411284,47.671721],[-122.409563,47.671722],[-122.408965,47.671533],[-122.40859,47.671139],[-122.40829,47.670425],[-122.407912,47.667559],[-122.407082,47.666716],[-122.405032,47.666093],[-122.398816,47.665189],[-122.396954,47.664572],[-122.39664,47.664375],[-122.395929,47.663431],[-122.395521,47.663225],[-122.394522,47.663094],[-122.3915,47.663436],[-122.390439,47.663278],[-122.387664,47.6622],[-122.384201,47.660619],[-122.38278,47.659805],[-122.382726,47.659129],[-122.382857,47.657086],[-122.382868,47.656471],[-122.382565,47.656077],[-122.381401,47.655529],[-122.379607,47.655504],[-122.378122,47.65588],[-122.375204,47.657245],[-122.373923,47.657586],[-122.371701,47.657548],[-122.369616,47.656979],[-122.369403,47.6567],[-122.37003,47.655706],[-122.369887,47.655378],[-122.366662,47.653978],[-122.356842,47.650607],[-122.352963,47.648859],[-122.348497,47.646584],[-122.345601,47.644669],[-122.341841,47.640967],[-122.340003,47.636616],[-122.340273,47.632709],[-122.33996,47.629761],[-122.338832,47.627737],[-122.337473,47.627103],[-122.332554,47.628932],[-122.329274,47.630773],[-122.328167,47.632017],[-122.327855,47.633905],[-122.329335,47.637587],[-122.329717,47.639582],[-122.329672,47.641708],[-122.329181,47.642664],[-122.327736,47.644097],[-122.324487,47.650184],[-122.322656,47.652334],[-122.32198,47.652482],[-122.321289,47.652233],[-122.318751,47.650332],[-122.316758,47.647838],[-122.316211,47.646201],[-122.316423,47.644152],[-122.316092,47.643599],[-122.313614,47.642],[-122.311979,47.64191],[-122.310079,47.642948],[-122.307981,47.643601],[-122.30776,47.644203],[-122.309479,47.645762],[-122.309889,47.646325],[-122.308383,47.647642],[-122.313208,47.649963],[-122.314429,47.651454],[-122.316494,47.652003],[-122.318602,47.653758],[-122.320657,47.654084],[-122.323231,47.65353],[-122.325638,47.653453],[-122.326776,47.653235],[-122.328325,47.652124],[-122.330751,47.649891],[-122.332607,47.64699],[-122.333861,47.644787],[-122.335222,47.644386],[-122.336759,47.644974],[-122.341409,47.647652],[-122.342167,47.64802],[-122.344324,47.648486],[-122.346207,47.648453],[-122.347507,47.647789],[-122.348823,47.647894],[-122.356548,47.651314],[-122.361598,47.653899],[-122.366097,47.656364],[-122.3697,47.659111],[-122.371216,47.659982],[-122.372653,47.660526],[-122.374961,47.660891],[-122.378071,47.660836],[-122.37895,47.660969],[-122.383681,47.662815],[-122.388639,47.665073],[-122.388707,47.665261],[-122.387747,47.665893],[-122.387615,47.666267],[-122.3884,47.666636],[-122.389476,47.666954],[-122.391152,47.667188],[-122.392269,47.667236],[-122.393332,47.667155],[-122.393831,47.666946],[-122.395118,47.665853],[-122.395578,47.665711],[-122.396448,47.665707],[-122.397525,47.665796],[-122.398558,47.666028],[-122.399377,47.666353],[-122.399759,47.666592],[-122.402885,47.668324],[-122.403978,47.669042],[-122.405827,47.670377],[-122.407821,47.67222],[-122.408751,47.674514],[-122.408033,47.677146],[-122.403783,47.683446],[-122.402872,47.689612],[-122.403545,47.690598],[-122.406084,47.692567],[-122.406293,47.693483],[-122.405088,47.694502],[-122.403389,47.696888],[-122.400353,47.698693],[-122.388882,47.702899],[-122.383895,47.705733],[-122.381149,47.708069],[-122.380687,47.708942],[-122.38053,47.711745],[-122.379511,47.713214],[-122.376125,47.716778],[-122.375583,47.717952],[-122.375422,47.719253],[-122.375872,47.72304],[-122.37532,47.72436],[-122.373309,47.727666],[-122.373028,47.729225],[-122.374365,47.733689],[-122.375917,47.736772],[-122.382101,47.746416],[-122.382668,47.750775],[-122.381997,47.75266],[-122.380275,47.755566],[-122.37992,47.756667],[-122.38018,47.75803],[-122.381887,47.759791],[-122.386345,47.763299],[-122.391133,47.768397],[-122.39356,47.771748],[-122.394378,47.776829],[-122.394941,47.77795],[-122.396689,47.780318],[-122.397097,47.781301],[-122.396721,47.782319],[-122.395145,47.783327],[-122.391931,47.785014],[-122.391044,47.785938],[-122.390912,47.78657],[-122.391497,47.790366],[-122.394453,47.803222],[-122.394607,47.807626],[-122.391736,47.810117],[-122.384925,47.812053],[-122.38187,47.813885],[-122.377214,47.818315],[-122.365783,47.829198],[-122.353389,47.84092],[-122.351973,47.84158],[-122.34639,47.84241],[-122.340325,47.846376],[-122.335257,47.852719],[-122.334822,47.859297],[-122.334532,47.862882],[-122.329081,47.870982],[-122.330436,47.876649],[-122.333762,47.879929],[-122.332248,47.884622],[-122.329199,47.892002],[-122.327827,47.898209],[-122.32262,47.909619],[-122.322161,47.912818],[-122.319508,47.916275],[-122.311325,47.924518],[-122.309554,47.928084],[-122.309459,47.929885],[-122.311014,47.935331],[-122.310979,47.937062],[-122.308216,47.943114],[-122.308011,47.946437],[-122.306868,47.948119],[-122.305516,47.949136],[-122.304222,47.949675],[-122.295775,47.950695],[-122.286587,47.953608],[-122.275468,47.956448],[-122.270385,47.957374],[-122.260367,47.958601],[-122.252624,47.958909],[-122.247668,47.960235],[-122.241233,47.96341],[-122.232587,47.969209],[-122.22627,47.976333],[-122.223542,47.976476],[-122.221822,47.978561],[-122.218897,47.982018],[-122.219457,47.98361],[-122.218971,47.985744],[-122.217739,47.985814],[-122.217759,47.986906],[-122.217886,47.98877],[-122.218347,47.98923],[-122.21987,47.989449],[-122.221773,47.989267],[-122.222339,47.988961],[-122.223963,47.986208],[-122.224613,47.985929],[-122.226045,47.986368],[-122.226569,47.986799],[-122.226394,47.987833],[-122.224619,47.990601],[-122.224349,47.994685],[-122.224012,47.995292],[-122.223681,47.99543],[-122.219187,47.995441],[-122.214848,47.99548],[-122.214315,47.995541],[-122.214307,47.996454],[-122.214501,47.996814],[-122.215693,47.996981],[-122.215819,47.997461],[-122.215497,47.998663],[-122.215664,47.999019],[-122.215957,47.999137],[-122.22215,47.999258],[-122.223278,47.999514],[-122.223323,48.000667],[-122.223225,48.00126],[-122.22327,48.001457],[-122.22298,48.00163],[-122.22246,48.001562],[-122.219111,48.001533],[-122.217883,48.001654],[-122.217598,48.00412],[-122.217279,48.004483],[-122.215493,48.005134],[-122.215223,48.005412],[-122.215031,48.006065],[-122.214952,48.008088],[-122.214695,48.008759],[-122.212136,48.01224],[-122.211814,48.012889],[-122.211966,48.013459],[-122.212481,48.014224],[-122.2142,48.015837],[-122.214738,48.016476],[-122.215115,48.016921],[-122.21526,48.01717],[-122.215154,48.017419],[-122.214569,48.017955],[-122.214314,48.018047],[-122.214021,48.018052],[-122.21349,48.017862],[-122.213109,48.017615],[-122.211316,48.015935],[-122.210738,48.015536],[-122.210295,48.015422],[-122.209955,48.015911],[-122.210072,48.016089],[-122.210389,48.016339],[-122.211178,48.016815],[-122.211505,48.017061],[-122.211503,48.017451],[-122.211239,48.017614],[-122.210803,48.01772],[-122.210452,48.017756],[-122.209926,48.017185],[-122.208825,48.017145],[-122.207821,48.017336],[-122.207123,48.017619],[-122.204926,48.018767],[-122.203974,48.018908],[-122.20167,48.018634],[-122.195659,48.017444],[-122.193129,48.017271],[-122.192303,48.017119],[-122.190427,48.016371],[-122.186068,48.013744],[-122.182824,48.012412],[-122.182344,48.012078],[-122.181412,48.011106],[-122.179965,48.008062],[-122.180191,48.005803],[-122.181477,48.002813],[-122.181552,47.999743],[-122.181089,47.996677],[-122.18118,47.99442],[-122.18049,47.993225],[-122.179334,47.990615],[-122.178949,47.990287],[-122.174341,47.988341],[-122.171757,47.986829],[-122.17012,47.985579],[-122.169836,47.985006],[-122.170098,47.984405],[-122.169796,47.982693],[-122.168886,47.983117],[-122.168631,47.98505],[-122.170143,47.986752],[-122.171382,47.988276],[-122.17207,47.988837],[-122.176947,47.991026],[-122.179098,47.992656],[-122.179495,47.994247],[-122.179451,47.995399],[-122.178166,47.99848],[-122.176471,48.001583],[-122.176223,48.002288],[-122.176339,48.003369],[-122.176951,48.005171],[-122.177852,48.010037],[-122.177975,48.010609],[-122.179773,48.012844],[-122.180504,48.013746],[-122.180889,48.014024],[-122.181607,48.014404],[-122.184333,48.016332],[-122.188089,48.018181],[-122.192222,48.019722],[-122.19443,48.020365],[-122.197371,48.021035],[-122.201205,48.021535],[-122.20614,48.021491],[-122.208615,48.021824],[-122.209129,48.022327],[-122.20881,48.022768],[-122.206219,48.023499],[-122.204777,48.023804],[-122.204629,48.028308],[-122.204171,48.029514],[-122.203093,48.030293],[-122.201799,48.030913],[-122.198668,48.031746],[-122.193303,48.032486],[-122.190162,48.032515],[-122.185751,48.031784],[-122.185034,48.031472],[-122.183225,48.030289],[-122.182812,48.030272],[-122.182566,48.030688],[-122.183287,48.032042],[-122.188319,48.033748],[-122.188088,48.034069],[-122.183266,48.035119],[-122.181056,48.035195],[-122.175854,48.035182],[-122.173934,48.034661],[-122.172545,48.033854],[-122.170675,48.032097],[-122.168286,48.031344],[-122.162859,48.030112],[-122.160135,48.029285],[-122.159018,48.028677],[-122.158364,48.027967],[-122.156089,48.025121],[-122.154969,48.023306],[-122.151957,48.017747],[-122.150536,48.015825],[-122.150158,48.01565],[-122.149281,48.015818],[-122.148197,48.016311],[-122.146864,48.017394],[-122.1466,48.017846],[-122.146983,48.019794],[-122.146916,48.020173],[-122.146461,48.020371],[-122.144331,48.02055],[-122.144195,48.020787],[-122.144922,48.021964],[-122.147799,48.024955],[-122.15044,48.029427],[-122.151413,48.029852],[-122.154503,48.029682],[-122.155302,48.030095],[-122.154456,48.031995],[-122.154308,48.033443],[-122.154676,48.034299],[-122.156368,48.035179],[-122.160728,48.035858],[-122.161766,48.03619],[-122.166853,48.039399],[-122.167624,48.039405],[-122.170272,48.03838],[-122.170711,48.038345],[-122.171069,48.038535],[-122.171888,48.041011],[-122.173055,48.043713],[-122.173992,48.044955],[-122.174689,48.045658],[-122.177889,48.046932],[-122.181707,48.047589],[-122.185551,48.047734],[-122.189245,48.047188],[-122.191675,48.046161],[-122.195232,48.043496],[-122.196548,48.042865],[-122.197915,48.042853],[-122.209827,48.045013],[-122.212941,48.044612],[-122.221153,48.040753],[-122.225619,48.038414],[-122.229187,48.036541],[-122.229484,48.035927],[-122.226758,48.033016],[-122.226802,48.03195],[-122.228107,48.031142],[-122.230467,48.030483],[-122.234699,48.03008],[-122.239124,48.030892],[-122.248552,48.034945],[-122.257118,48.039833],[-122.271021,48.047028],[-122.280432,48.049904],[-122.289737,48.05196],[-122.29216,48.053972],[-122.291674,48.054956],[-122.290211,48.055148],[-122.286437,48.055972],[-122.28538,48.055457],[-122.287937,48.054445],[-122.280488,48.051712],[-122.277997,48.052071],[-122.274215,48.050431],[-122.273175,48.053293],[-122.275338,48.056691],[-122.278922,48.061981],[-122.282232,48.063947],[-122.29239,48.06481],[-122.29356,48.061724],[-122.297741,48.064111],[-122.298816,48.068296],[-122.305958,48.074417],[-122.314604,48.078202],[-122.320459,48.080771],[-122.322131,48.082607],[-122.322991,48.087652],[-122.326939,48.092564],[-122.329893,48.094619],[-122.3393,48.096033],[-122.343878,48.098082],[-122.343899,48.10051],[-122.344022,48.104605],[-122.346623,48.106258],[-122.348757,48.111633],[-122.358613,48.117908],[-122.360661,48.119504],[-122.362747,48.122083],[-122.364632,48.125929],[-122.364657,48.127478],[-122.362663,48.132255],[-122.363191,48.132997],[-122.36786,48.13437],[-122.368572,48.135023],[-122.367974,48.136499],[-122.363438,48.141071],[-122.363379,48.142469],[-122.366769,48.15438],[-122.369443,48.164812],[-122.36882,48.168133],[-122.3673,48.171299],[-122.354355,48.185435],[-122.352851,48.187884],[-122.354171,48.188309],[-122.360428,48.192716],[-122.362214,48.196378],[-122.363102,48.196956],[-122.367953,48.197351],[-122.369063,48.197886],[-122.371677,48.20338],[-122.374918,48.206156],[-122.378347,48.207873],[-122.381625,48.208537],[-122.381611,48.20875],[-122.373998,48.209448],[-122.37287,48.209764],[-122.372748,48.212877],[-122.374015,48.21607],[-122.375404,48.217449],[-122.377259,48.218306],[-122.38281,48.218154],[-122.385092,48.218842],[-122.386424,48.219748],[-122.386393,48.220604],[-122.385188,48.222587],[-122.385301,48.225738],[-122.383901,48.227684],[-122.381574,48.229961],[-122.376042,48.233495],[-122.375754,48.234244],[-122.376214,48.237515],[-122.375899,48.237953],[-122.373943,48.239276],[-122.373938,48.239542],[-122.374547,48.239536],[-122.377329,48.238719],[-122.379028,48.238611],[-122.381557,48.239719],[-122.382433,48.240182],[-122.385035,48.241373],[-122.390014,48.24394],[-122.393263,48.246817],[-122.395468,48.249788],[-122.39589,48.250535],[-122.396554,48.251724],[-122.396801,48.254461],[-122.396021,48.256905],[-122.393458,48.257863],[-122.393945,48.260841],[-122.393032,48.266559],[-122.391722,48.269457],[-122.390717,48.269819],[-122.388513,48.268469],[-122.387837,48.266774],[-122.386549,48.26166],[-122.385907,48.260412],[-122.38562,48.261669],[-122.385443,48.26799],[-122.386918,48.271986],[-122.386709,48.273167],[-122.38319,48.277344],[-122.375072,48.284719],[-122.363509,48.295137],[-122.363371,48.296253],[-122.364133,48.297521],[-122.366096,48.294296],[-122.372575,48.289123],[-122.375451,48.287309],[-122.377622,48.286445],[-122.378305,48.286891],[-122.37811,48.292994],[-122.378244,48.294934],[-122.375953,48.296291],[-122.375968,48.296924],[-122.376775,48.29767],[-122.378042,48.299053],[-122.378028,48.299772],[-122.375389,48.301918],[-122.372653,48.303358],[-122.375809,48.302457],[-122.380377,48.301002],[-122.382229,48.300695],[-122.383916,48.300853],[-122.384532,48.301248],[-122.384714,48.301911],[-122.38379,48.304465],[-122.382678,48.306007],[-122.38308,48.307056],[-122.383772,48.307218],[-122.385605,48.306069],[-122.386393,48.305881],[-122.387764,48.306092],[-122.388684,48.306542],[-122.38922,48.307296],[-122.388977,48.308463],[-122.388108,48.309667],[-122.389843,48.310736],[-122.391555,48.310773],[-122.393402,48.311592],[-122.394572,48.312699],[-122.394096,48.313247],[-122.393239,48.31494],[-122.392201,48.315874],[-122.393918,48.316128],[-122.397247,48.31566],[-122.398854,48.316221],[-122.398982,48.316728],[-122.397555,48.318427],[-122.398645,48.320049],[-122.400635,48.321275],[-122.40341,48.321519],[-122.40454,48.322205],[-122.407617,48.325986],[-122.409235,48.326783],[-122.410968,48.327071],[-122.414387,48.327599],[-122.415685,48.327368],[-122.419304,48.328613],[-122.420308,48.329928],[-122.417855,48.332444],[-122.416904,48.333719],[-122.417039,48.334044],[-122.422225,48.331375],[-122.423109,48.331257],[-122.423948,48.334017],[-122.424667,48.334585],[-122.43158,48.335679],[-122.441378,48.337778],[-122.445757,48.339657],[-122.452526,48.344457],[-122.462917,48.351698],[-122.464386,48.352294],[-122.471026,48.352045],[-122.473041,48.352404],[-122.471922,48.35334],[-122.473154,48.353707],[-122.47202,48.356341],[-122.474925,48.359524],[-122.475364,48.359644],[-122.477725,48.358333],[-122.478387,48.358267],[-122.478601,48.358811],[-122.477945,48.360599],[-122.478919,48.360935],[-122.485309,48.361309],[-122.486316,48.36193],[-122.485742,48.362722],[-122.483819,48.364273],[-122.483615,48.364839],[-122.483955,48.365379],[-122.484414,48.365485],[-122.486326,48.364821],[-122.486795,48.364859],[-122.486992,48.366215],[-122.488964,48.366845],[-122.491358,48.366717],[-122.492225,48.366864],[-122.492731,48.367145],[-122.493081,48.367872],[-122.492642,48.369293],[-122.491449,48.369842],[-122.489838,48.369928],[-122.48867,48.369821],[-122.486097,48.369303],[-122.484403,48.368638],[-122.480586,48.365949],[-122.479723,48.365753],[-122.470352,48.362645],[-122.470076,48.362059],[-122.470714,48.359884],[-122.470675,48.359339],[-122.470274,48.358891],[-122.4688,48.358044],[-122.46759,48.357767],[-122.465853,48.35794],[-122.462061,48.358885],[-122.459811,48.359029],[-122.456202,48.35905],[-122.454698,48.359339],[-122.451071,48.360761],[-122.449331,48.361095],[-122.440553,48.358047],[-122.437497,48.357644],[-122.428519,48.357243],[-122.426145,48.357507],[-122.424984,48.358236],[-122.423332,48.359858],[-122.421563,48.361925],[-122.419829,48.363343],[-122.417903,48.364182],[-122.415076,48.364826],[-122.412523,48.365177],[-122.409252,48.365433],[-122.407725,48.365841],[-122.403613,48.367714],[-122.401969,48.368008],[-122.397991,48.368199],[-122.396233,48.368592],[-122.394895,48.369425],[-122.394048,48.370458],[-122.393255,48.372711],[-122.392814,48.376932],[-122.391013,48.379775],[-122.390027,48.380348],[-122.388087,48.380641],[-122.385146,48.380807],[-122.383184,48.381288],[-122.381587,48.382004],[-122.380661,48.382952],[-122.379841,48.385162],[-122.378591,48.386524],[-122.377044,48.387222],[-122.374878,48.387705],[-122.373038,48.387911],[-122.370576,48.387765],[-122.368438,48.387257],[-122.36766,48.386838],[-122.367407,48.386977],[-122.368855,48.38756],[-122.370941,48.388068],[-122.374587,48.388424],[-122.376762,48.388351],[-122.378393,48.387976],[-122.379792,48.387518],[-122.380902,48.38679],[-122.381551,48.386033],[-122.382788,48.384108],[-122.383688,48.383143],[-122.385109,48.382583],[-122.389652,48.381871],[-122.39137,48.381358],[-122.392892,48.380328],[-122.393706,48.378954],[-122.394378,48.37357],[-122.395212,48.370958],[-122.396285,48.369718],[-122.397707,48.369226],[-122.40003,48.368895],[-122.403697,48.369096],[-122.405367,48.368793],[-122.40845,48.367284],[-122.410409,48.366735],[-122.41393,48.366221],[-122.416858,48.36549],[-122.420236,48.364312],[-122.422461,48.363093],[-122.424029,48.361165],[-122.425582,48.359715],[-122.427474,48.3585],[-122.429649,48.35817],[-122.4337,48.358401],[-122.441892,48.359458],[-122.443362,48.359869],[-122.444637,48.360744],[-122.446665,48.362019],[-122.447615,48.362137],[-122.449502,48.361546],[-122.453325,48.360805],[-122.455966,48.359889],[-122.457445,48.359651],[-122.459599,48.359782],[-122.460872,48.359743],[-122.461875,48.359638],[-122.465873,48.358742],[-122.466666,48.358716],[-122.467632,48.359491],[-122.469396,48.362528],[-122.470085,48.36351],[-122.471521,48.364374],[-122.471781,48.364525],[-122.472492,48.364295],[-122.473525,48.364642],[-122.474436,48.365247],[-122.475497,48.366772],[-122.476688,48.368364],[-122.479461,48.370741],[-122.481339,48.371608],[-122.483306,48.371945],[-122.485784,48.371696],[-122.488097,48.370988],[-122.489201,48.371095],[-122.490862,48.371999],[-122.492376,48.372524],[-122.494388,48.373686],[-122.496078,48.374256],[-122.497633,48.374515],[-122.499079,48.374406],[-122.504374,48.371711],[-122.50557,48.371525],[-122.506941,48.371864],[-122.508102,48.372556],[-122.508954,48.374014],[-122.50914,48.374935],[-122.506834,48.378233],[-122.50629,48.381649],[-122.506409,48.383168],[-122.504662,48.385035],[-122.504265,48.385473],[-122.503631,48.385806],[-122.501284,48.386364],[-122.500786,48.386635],[-122.498215,48.389831],[-122.496938,48.391101],[-122.496298,48.394468],[-122.496046,48.401045],[-122.495665,48.409358],[-122.49609,48.411616],[-122.497833,48.415583],[-122.499726,48.418584],[-122.499966,48.423089],[-122.500193,48.425171],[-122.500014,48.426335],[-122.498134,48.429679],[-122.497858,48.430851],[-122.498076,48.434067],[-122.499692,48.437156],[-122.5033,48.440944],[-122.507877,48.445143],[-122.508225,48.445563],[-122.508871,48.446285],[-122.510417,48.448447],[-122.511155,48.449192],[-122.512735,48.451778],[-122.513297,48.45404],[-122.513698,48.456889],[-122.513315,48.460607],[-122.511604,48.458765],[-122.510865,48.458527],[-122.505518,48.459436],[-122.495913,48.458777],[-122.489185,48.457479],[-122.485858,48.455643],[-122.485223,48.455377],[-122.484862,48.455273],[-122.48432,48.4554],[-122.484502,48.455828],[-122.484747,48.456186],[-122.486841,48.458334],[-122.488662,48.45961],[-122.490229,48.462208],[-122.490787,48.462819],[-122.488019,48.463359],[-122.482108,48.465411],[-122.478072,48.466369],[-122.476721,48.465371],[-122.476377,48.461756],[-122.476203,48.461247],[-122.47589,48.46078],[-122.475704,48.461837],[-122.474132,48.467347],[-122.470368,48.470278],[-122.469444,48.47437],[-122.471634,48.478371],[-122.475141,48.481294],[-122.478067,48.481845],[-122.481749,48.487815],[-122.482593,48.493879],[-122.482852,48.50443],[-122.486775,48.512958],[-122.486803,48.514092],[-122.484017,48.516473],[-122.481796,48.518681],[-122.479606,48.519586],[-122.479752,48.520383],[-122.483681,48.522083],[-122.485104,48.528534],[-122.487319,48.532013],[-122.486955,48.53469],[-122.486168,48.536022],[-122.487579,48.536214],[-122.488468,48.537398],[-122.48924,48.537306],[-122.491235,48.537134],[-122.492103,48.539071],[-122.497537,48.542332],[-122.498007,48.545519],[-122.500011,48.549881],[-122.499938,48.550542],[-122.497914,48.554142],[-122.498301,48.555393],[-122.498228,48.556284],[-122.50005,48.557742],[-122.500232,48.559261],[-122.501355,48.560358],[-122.504959,48.564953],[-122.509204,48.565892],[-122.519178,48.566687],[-122.529192,48.570509],[-122.532807,48.572752],[-122.534821,48.574365],[-122.541633,48.575297],[-122.551568,48.575849],[-122.557136,48.575059],[-122.558264,48.57421],[-122.558058,48.574721],[-122.556593,48.577391],[-122.558093,48.580319],[-122.560772,48.582215],[-122.559732,48.584372],[-122.556973,48.585748],[-122.5568,48.587532],[-122.55567,48.588308],[-122.553138,48.587864],[-122.552211,48.585912],[-122.551137,48.584651],[-122.552363,48.583329],[-122.550976,48.581811],[-122.546749,48.580193],[-122.544784,48.579844],[-122.542324,48.579042],[-122.539804,48.576418],[-122.536616,48.576017],[-122.528889,48.575922],[-122.526468,48.575513],[-122.523133,48.575805],[-122.516242,48.575712],[-122.506898,48.576502],[-122.504852,48.576562],[-122.502853,48.576341],[-122.501829,48.576042],[-122.498176,48.575921],[-122.496379,48.576006],[-122.495715,48.575948],[-122.495615,48.57564],[-122.496347,48.574961],[-122.497475,48.573943],[-122.497569,48.573604],[-122.497406,48.573362],[-122.495636,48.57279],[-122.494132,48.571717],[-122.492736,48.570614],[-122.490329,48.57056],[-122.488394,48.570043],[-122.487402,48.569799],[-122.488333,48.569493],[-122.489479,48.568829],[-122.490862,48.56855],[-122.492738,48.568201],[-122.494384,48.568051],[-122.497514,48.56737],[-122.498003,48.567066],[-122.498104,48.566756],[-122.497355,48.565237],[-122.495732,48.563421],[-122.494293,48.562708],[-122.492746,48.561597],[-122.4932,48.560574],[-122.492514,48.559419],[-122.491305,48.558595],[-122.490003,48.557383],[-122.489869,48.557102],[-122.488777,48.55726],[-122.488457,48.557027],[-122.487509,48.555801],[-122.486034,48.554854],[-122.485111,48.555155],[-122.485378,48.556006],[-122.485915,48.557973],[-122.488199,48.560465],[-122.487228,48.561076],[-122.487168,48.562207],[-122.487351,48.563292],[-122.488627,48.563933],[-122.490254,48.565478],[-122.49093,48.566271],[-122.49044,48.566385],[-122.489052,48.565637],[-122.487928,48.564486],[-122.486254,48.563777],[-122.486344,48.562994],[-122.485397,48.562332],[-122.483636,48.562005],[-122.483712,48.561809],[-122.485171,48.560953],[-122.483519,48.560613],[-122.48421,48.559727],[-122.483455,48.559099],[-122.48243,48.55971],[-122.481188,48.559342],[-122.478914,48.559294],[-122.478375,48.559296],[-122.478292,48.559021],[-122.478637,48.55894],[-122.478942,48.55877],[-122.479399,48.558416],[-122.478175,48.558425],[-122.477837,48.558381],[-122.477484,48.557111],[-122.476513,48.556005],[-122.475818,48.555328],[-122.474173,48.555236],[-122.474297,48.555817],[-122.473152,48.555484],[-122.471745,48.55562],[-122.47112,48.555815],[-122.469685,48.555321],[-122.469145,48.555654],[-122.469731,48.557247],[-122.469075,48.557291],[-122.468062,48.556175],[-122.466014,48.555288],[-122.465365,48.555622],[-122.462385,48.555236],[-122.461783,48.555242],[-122.459965,48.555338],[-122.458095,48.55435],[-122.456659,48.554338],[-122.455875,48.554396],[-122.455108,48.554682],[-122.454824,48.554821],[-122.455425,48.555037],[-122.456743,48.555205],[-122.457131,48.555383],[-122.457141,48.555782],[-122.458579,48.556367],[-122.460079,48.55726],[-122.460346,48.556966],[-122.461205,48.557411],[-122.462221,48.557528],[-122.463538,48.557206],[-122.464305,48.557633],[-122.465353,48.559076],[-122.465561,48.559746],[-122.465165,48.560021],[-122.464153,48.560398],[-122.463043,48.560479],[-122.46167,48.561915],[-122.461735,48.562332],[-122.461384,48.562518],[-122.460891,48.562505],[-122.461315,48.561937],[-122.460781,48.561361],[-122.460117,48.561113],[-122.459146,48.56056],[-122.458692,48.561601],[-122.459025,48.563167],[-122.459045,48.56376],[-122.459826,48.564334],[-122.459763,48.56456],[-122.461028,48.56517],[-122.462817,48.564787],[-122.464055,48.564252],[-122.46398,48.563417],[-122.46343,48.563314],[-122.464056,48.56318],[-122.46439,48.563376],[-122.465305,48.564984],[-122.465265,48.56582],[-122.464605,48.566591],[-122.463217,48.566951],[-122.46277,48.567156],[-122.462586,48.567485],[-122.462386,48.56724],[-122.462028,48.567073],[-122.461919,48.566529],[-122.460982,48.566285],[-122.460835,48.56585],[-122.459753,48.565298],[-122.459493,48.565846],[-122.457333,48.565279],[-122.456227,48.56559],[-122.456486,48.566114],[-122.455967,48.566174],[-122.45579,48.565949],[-122.455184,48.565474],[-122.454694,48.565624],[-122.453941,48.565051],[-122.454156,48.564885],[-122.454467,48.564155],[-122.453904,48.564308],[-122.452264,48.564325],[-122.452483,48.565357],[-122.452926,48.566116],[-122.452644,48.566499],[-122.452633,48.567046],[-122.451963,48.567766],[-122.45203,48.568143],[-122.452041,48.568597],[-122.451334,48.568805],[-122.449918,48.569143],[-122.448603,48.569161],[-122.447339,48.568974],[-122.446639,48.569286],[-122.444484,48.569859],[-122.444007,48.570518],[-122.443483,48.570942],[-122.443414,48.571717],[-122.442154,48.571465],[-122.443387,48.572652],[-122.444503,48.572331],[-122.445056,48.572579],[-122.444816,48.572855],[-122.443641,48.57294],[-122.444253,48.574478],[-122.443794,48.574774],[-122.443531,48.575213],[-122.442382,48.575298],[-122.441553,48.576143],[-122.440072,48.576109],[-122.43858,48.576665],[-122.437542,48.576766],[-122.434999,48.57872],[-122.432917,48.581014],[-122.432719,48.581906],[-122.433163,48.58239],[-122.433545,48.583207],[-122.433273,48.5833],[-122.432318,48.584601],[-122.431618,48.585717],[-122.43149,48.586682],[-122.431945,48.587931],[-122.430538,48.589388],[-122.429511,48.590446],[-122.42982,48.590752],[-122.42975,48.591262],[-122.430167,48.591512],[-122.429581,48.592809],[-122.429399,48.59321],[-122.428873,48.594143],[-122.427369,48.594214],[-122.425743,48.594884],[-122.425113,48.595073],[-122.425039,48.595982],[-122.426074,48.596299],[-122.426135,48.597134],[-122.426443,48.597403],[-122.425494,48.598263],[-122.425028,48.598999],[-122.424412,48.599606],[-122.425346,48.599687],[-122.425766,48.600082],[-122.423396,48.59981],[-122.424227,48.600237],[-122.426541,48.600867],[-122.427938,48.60155],[-122.429049,48.602156],[-122.432152,48.604178],[-122.433732,48.607233],[-122.436233,48.610369],[-122.43881,48.612723],[-122.439854,48.613966],[-122.441096,48.614334],[-122.442049,48.61407],[-122.442697,48.61479],[-122.443131,48.614743],[-122.44445,48.614754],[-122.445178,48.615364],[-122.445083,48.615983],[-122.444486,48.616471],[-122.444012,48.617612],[-122.444868,48.619038],[-122.445855,48.620155],[-122.447086,48.621196],[-122.449351,48.623062],[-122.450149,48.623162],[-122.453476,48.623582],[-122.456073,48.624426],[-122.458131,48.625077],[-122.46316,48.62555],[-122.464941,48.626818],[-122.467929,48.62888],[-122.470595,48.63085],[-122.474826,48.634662],[-122.478181,48.637457],[-122.48181,48.640069],[-122.484495,48.64122],[-122.486481,48.642979],[-122.487464,48.644023],[-122.488196,48.644614],[-122.488871,48.645259],[-122.489837,48.646189],[-122.489742,48.646682],[-122.492792,48.650328],[-122.493777,48.651335],[-122.493681,48.651881],[-122.494383,48.653654],[-122.494979,48.653357],[-122.497033,48.654316],[-122.496441,48.654795],[-122.497002,48.655297],[-122.49737,48.655729],[-122.499567,48.655851],[-122.500429,48.656314],[-122.501515,48.655866],[-122.502673,48.656376],[-122.505314,48.658623],[-122.506538,48.66148],[-122.511073,48.666228],[-122.511689,48.66891],[-122.509398,48.669444],[-122.504088,48.665541],[-122.502374,48.665015],[-122.501895,48.663421],[-122.500843,48.663033],[-122.500429,48.664019],[-122.498035,48.664844],[-122.4969,48.665511],[-122.50013,48.667438],[-122.493815,48.667216],[-122.492979,48.668326],[-122.493659,48.669798],[-122.493925,48.670015],[-122.49227,48.670203],[-122.490035,48.670978],[-122.491171,48.675677],[-122.489803,48.678054],[-122.490805,48.681931],[-122.493217,48.688393],[-122.497154,48.695599],[-122.499479,48.697463],[-122.497867,48.698861],[-122.496313,48.699278],[-122.497158,48.701268],[-122.499735,48.702829],[-122.502739,48.701606],[-122.50414,48.700537],[-122.507671,48.699045],[-122.508683,48.697835],[-122.506472,48.695024],[-122.504244,48.691524],[-122.504541,48.689158],[-122.5065,48.691753],[-122.507062,48.690076],[-122.510726,48.693924],[-122.513163,48.696949],[-122.513364,48.698401],[-122.515941,48.701534],[-122.514209,48.704714],[-122.519073,48.71251],[-122.518562,48.717312],[-122.516355,48.71908],[-122.516448,48.720569],[-122.515149,48.721347],[-122.508303,48.722076],[-122.507543,48.722448],[-122.506408,48.72315],[-122.506231,48.727077],[-122.506131,48.728531],[-122.503809,48.730119],[-122.501471,48.733306],[-122.500096,48.733212],[-122.497307,48.735931],[-122.495745,48.737183],[-122.495683,48.737479],[-122.496364,48.738274],[-122.496328,48.738521],[-122.495284,48.739698],[-122.493721,48.740802],[-122.491381,48.741736],[-122.490464,48.742462],[-122.4905,48.742727],[-122.491821,48.743869],[-122.493851,48.744943],[-122.494188,48.744932],[-122.495257,48.744155],[-122.495513,48.744416],[-122.493921,48.745837],[-122.492301,48.746704],[-122.491975,48.746761],[-122.491545,48.746619],[-122.490159,48.745732],[-122.489827,48.745681],[-122.48953,48.745717],[-122.488342,48.746326],[-122.487582,48.746937],[-122.487552,48.747219],[-122.487906,48.747607],[-122.488876,48.748158],[-122.489342,48.748206],[-122.490545,48.747886],[-122.488333,48.749508],[-122.485061,48.75159],[-122.485396,48.751803],[-122.486308,48.752074],[-122.486724,48.752044],[-122.488575,48.750566],[-122.489071,48.750481],[-122.489679,48.75062],[-122.492759,48.752106],[-122.494507,48.753336],[-122.494624,48.753576],[-122.494342,48.753889],[-122.492587,48.754755],[-122.492071,48.755062],[-122.491817,48.755356],[-122.491862,48.755574],[-122.492718,48.756148],[-122.493296,48.755776],[-122.496164,48.754001],[-122.496465,48.753939],[-122.49681,48.753999],[-122.497172,48.75414],[-122.497365,48.754412],[-122.497346,48.754777],[-122.497195,48.755056],[-122.496884,48.755274],[-122.495492,48.755808],[-122.495062,48.756084],[-122.494818,48.756399],[-122.494862,48.756886],[-122.49558,48.757147],[-122.497637,48.757633],[-122.498798,48.75826],[-122.499754,48.758541],[-122.500733,48.758576],[-122.501439,48.758376],[-122.501716,48.758201],[-122.502245,48.757641],[-122.501858,48.75727],[-122.500427,48.756812],[-122.499759,48.756536],[-122.499562,48.756338],[-122.500057,48.756029],[-122.500908,48.755658],[-122.501514,48.755661],[-122.502097,48.756116],[-122.504134,48.756945],[-122.505952,48.757966],[-122.506488,48.758139],[-122.507159,48.757426],[-122.508057,48.75674],[-122.5085,48.75664],[-122.509375,48.757127],[-122.510653,48.757658],[-122.511211,48.758015],[-122.511071,48.758347],[-122.509538,48.759263],[-122.509069,48.759752],[-122.508901,48.760191],[-122.508984,48.760426],[-122.510065,48.760864],[-122.510581,48.761364],[-122.511901,48.760459],[-122.51251,48.760188],[-122.513059,48.760124],[-122.51374,48.760347],[-122.514306,48.760934],[-122.513683,48.761724],[-122.513507,48.762555],[-122.513712,48.762881],[-122.514492,48.763383],[-122.515779,48.763886],[-122.518427,48.764821],[-122.523041,48.76657],[-122.52664,48.767625],[-122.527747,48.768124],[-122.528797,48.768986],[-122.530348,48.770987],[-122.532158,48.773345],[-122.533359,48.774449],[-122.535031,48.775433],[-122.537227,48.776447],[-122.539054,48.776867],[-122.542852,48.777081],[-122.55005,48.777193],[-122.556394,48.777566],[-122.559801,48.778239],[-122.562353,48.779174],[-122.563757,48.779283],[-122.565851,48.77907],[-122.567067,48.778853],[-122.567783,48.778599],[-122.569407,48.777488],[-122.571517,48.776371],[-122.57198,48.776255],[-122.573845,48.776152],[-122.5746,48.775815],[-122.574904,48.775754],[-122.57525,48.775898],[-122.576386,48.776637],[-122.577264,48.777033],[-122.57766,48.777008],[-122.578263,48.776757],[-122.579672,48.775892],[-122.581676,48.774455],[-122.582676,48.774041],[-122.583854,48.773754],[-122.584864,48.773647],[-122.587297,48.773748],[-122.59091,48.774349],[-122.592538,48.77441],[-122.593919,48.774121],[-122.594888,48.773654],[-122.596209,48.772488],[-122.597622,48.7708],[-122.597893,48.770026],[-122.598179,48.769952],[-122.598969,48.770271],[-122.59928,48.770974],[-122.599962,48.77103],[-122.600428,48.770452],[-122.602086,48.767807],[-122.604943,48.765589],[-122.608403,48.76407],[-122.609062,48.763291],[-122.609507,48.761744],[-122.609538,48.759301],[-122.609876,48.757369],[-122.611007,48.756071],[-122.613022,48.755083],[-122.617056,48.7533],[-122.618489,48.752384],[-122.620103,48.750951],[-122.620842,48.749528],[-122.622655,48.748285],[-122.625702,48.745936],[-122.630271,48.742411],[-122.634243,48.738379],[-122.636981,48.735454],[-122.637418,48.733649],[-122.637685,48.732746],[-122.638531,48.731708],[-122.641281,48.729232],[-122.643048,48.726319],[-122.64481,48.723277],[-122.646958,48.720102],[-122.64739,48.718168],[-122.647179,48.717528],[-122.648139,48.717131],[-122.649866,48.716339],[-122.651017,48.715811],[-122.651879,48.71535],[-122.651698,48.715867],[-122.651713,48.716381],[-122.652115,48.71689],[-122.653496,48.717645],[-122.655858,48.718773],[-122.657169,48.720493],[-122.658405,48.723049],[-122.659053,48.72542],[-122.660837,48.726684],[-122.662417,48.727629],[-122.662836,48.728716],[-122.663093,48.730963],[-122.663601,48.731792],[-122.66692,48.73233],[-122.669343,48.732108],[-122.671471,48.731761],[-122.672354,48.732072],[-122.672868,48.733094],[-122.672852,48.735986],[-122.671286,48.73909],[-122.669382,48.743998],[-122.667247,48.747623],[-122.665644,48.749378],[-122.661749,48.752639],[-122.659029,48.756206],[-122.657759,48.7595],[-122.655547,48.763896],[-122.655052,48.765625],[-122.654639,48.766221],[-122.653301,48.767073],[-122.652443,48.767661],[-122.650539,48.768841],[-122.649241,48.770108],[-122.64769,48.772542],[-122.646678,48.774971],[-122.647394,48.777061],[-122.647445,48.778922],[-122.646807,48.779683],[-122.645922,48.780208],[-122.645529,48.781163],[-122.645344,48.783146],[-122.64598,48.784485],[-122.647085,48.785462],[-122.648236,48.785884],[-122.64973,48.785747],[-122.650703,48.78625],[-122.652681,48.786227],[-122.653931,48.785934],[-122.65517,48.785207],[-122.656308,48.785193],[-122.656571,48.786021],[-122.656123,48.787175],[-122.656669,48.787406],[-122.65692,48.7878],[-122.657642,48.78791],[-122.657749,48.787433],[-122.658273,48.786872],[-122.65929,48.78682],[-122.659729,48.787528],[-122.660718,48.788585],[-122.661926,48.788927],[-122.662185,48.789637],[-122.663156,48.790061],[-122.664413,48.790006],[-122.665129,48.789879],[-122.66592,48.790305],[-122.666667,48.791286],[-122.666933,48.792233],[-122.667802,48.793292],[-122.668661,48.794034],[-122.669929,48.794336],[-122.67071,48.794405],[-122.671554,48.794593],[-122.671564,48.79495],[-122.671347,48.795744],[-122.671775,48.796056],[-122.672744,48.796401],[-122.673839,48.796981],[-122.674265,48.797214],[-122.675027,48.798749],[-122.675608,48.800208],[-122.676037,48.800559],[-122.677797,48.801329],[-122.679746,48.802415],[-122.680175,48.802726],[-122.680535,48.802761],[-122.681308,48.802514],[-122.682734,48.802061],[-122.684353,48.802081],[-122.685615,48.802184],[-122.688655,48.801553],[-122.691034,48.800851],[-122.692828,48.80071],[-122.694834,48.801675],[-122.695694,48.802417],[-122.695586,48.802814],[-122.695895,48.803167],[-122.697648,48.80366],[-122.698736,48.803964],[-122.699597,48.804745],[-122.700258,48.804777],[-122.70139,48.804525],[-122.702698,48.804152],[-122.704545,48.803733],[-122.70621,48.803238],[-122.706603,48.802322],[-122.706208,48.801059],[-122.705836,48.800628],[-122.705921,48.799399],[-122.704609,48.797554],[-122.703983,48.796611],[-122.703998,48.795027],[-122.703482,48.793726],[-122.702459,48.791481],[-122.700928,48.790352],[-122.699473,48.789776],[-122.699342,48.789381],[-122.699328,48.788866],[-122.700209,48.788261],[-122.700898,48.787184],[-122.702315,48.786413],[-122.706077,48.785931],[-122.708416,48.785981],[-122.70908,48.786132],[-122.709471,48.786133],[-122.709938,48.786184],[-122.710115,48.786514],[-122.710284,48.787114],[-122.710009,48.788121],[-122.710808,48.789515],[-122.710905,48.792925],[-122.710868,48.796939],[-122.710082,48.801363],[-122.709389,48.808996],[-122.708875,48.812313],[-122.709038,48.818029],[-122.709642,48.823239],[-122.710628,48.825835],[-122.711244,48.826128],[-122.712313,48.826315],[-122.712342,48.827318],[-122.711582,48.827327],[-122.711003,48.828338],[-122.71149,48.829435],[-122.712545,48.834438],[-122.713743,48.839138],[-122.714078,48.840237],[-122.714852,48.840729],[-122.715474,48.841223],[-122.715509,48.842426],[-122.714921,48.843135],[-122.715557,48.844131],[-122.717002,48.846821],[-122.720781,48.851388],[-122.72511,48.853942],[-122.728812,48.855801],[-122.73477,48.85683],[-122.741529,48.859252],[-122.745816,48.860301],[-122.748113,48.860874],[-122.749358,48.861861],[-122.751415,48.864644],[-122.754715,48.868313],[-122.758273,48.870374],[-122.761812,48.871833],[-122.764598,48.873502],[-122.782731,48.883571],[-122.785374,48.88457],[-122.786849,48.885639],[-122.788972,48.887652],[-122.791547,48.891018],[-122.793051,48.893038],[-122.793698,48.893982],[-122.792687,48.894675],[-122.790209,48.894571],[-122.787533,48.894742],[-122.784643,48.894644],[-122.779954,48.896472],[-122.774726,48.901027],[-122.771309,48.904063],[-122.766655,48.907115],[-122.763161,48.907567],[-122.757003,48.908598],[-122.750297,48.912083],[-122.746756,48.917975],[-122.745478,48.923703],[-122.746506,48.930624],[-122.751616,48.935999],[-122.760214,48.940648],[-122.766658,48.942197],[-122.769976,48.942699],[-122.770587,48.942419],[-122.770975,48.941598],[-122.772577,48.939946],[-122.776235,48.937995],[-122.782719,48.933968],[-122.786582,48.932014],[-122.788018,48.931724],[-122.791542,48.932222],[-122.797342,48.932962],[-122.80422,48.935184],[-122.81149,48.93672],[-122.817955,48.938947],[-122.822152,48.941203],[-122.82306,48.94391],[-122.822495,48.945685],[-122.820506,48.948159],[-122.819953,48.950342],[-122.819227,48.953615],[-122.817658,48.956355],[-122.814637,48.958842],[-122.810971,48.960522],[-122.807962,48.963416],[-122.805753,48.965485],[-122.800905,48.969083],[-122.798931,48.9721],[-122.796746,48.974983],[-122.793504,48.977065],[-122.790699,48.979956],[-122.788076,48.98203],[-122.785234,48.983698],[-122.783202,48.984812],[-122.780174,48.987162],[-122.776906,48.988428],[-122.774311,48.991452],[-122.771837,48.99162],[-122.770987,48.990815],[-122.771157,48.98959],[-122.771736,48.988223],[-122.773344,48.986707],[-122.775797,48.985859],[-122.778874,48.98514],[-122.782352,48.984007],[-122.785198,48.982475],[-122.787024,48.981364],[-122.789246,48.979703],[-122.790444,48.978328],[-122.789954,48.975752],[-122.788047,48.974145],[-122.784226,48.970659],[-122.780024,48.968267],[-122.774391,48.9663],[-122.770639,48.965124],[-122.76607,48.964231],[-122.762699,48.961963],[-122.757924,48.961072],[-122.755634,48.960422],[-122.749998,48.958318],[-122.748744,48.95779],[-122.746688,48.958088],[-122.742806,48.959497],[-122.738936,48.961313],[-122.736062,48.961893],[-122.733994,48.961783],[-122.733385,48.962871],[-122.734033,48.963142],[-122.734478,48.964224],[-122.733676,48.96505],[-122.733988,48.968717],[-122.734285,48.97184],[-122.733892,48.972525],[-122.732435,48.972136],[-122.730145,48.971485],[-122.727878,48.971649],[-122.727072,48.972339],[-122.729148,48.972721],[-122.732058,48.973364],[-122.733928,48.973748],[-122.735805,48.974405],[-122.737683,48.975061],[-122.738568,48.977089],[-122.739687,48.980066],[-122.739767,48.982784],[-122.74145,48.98385],[-122.744781,48.98476],[-122.748113,48.985669],[-122.750063,48.986018],[-122.752203,48.988704],[-122.753373,48.993437],[-122.754079,48.993431],[-122.754403,48.993424],[-122.755473,48.994767],[-122.762646,48.993319],[-122.758624,48.996762],[-122.759675,48.997427],[-122.760745,48.99877],[-122.764565,49.002147],[-122.765246,49.002837],[-122.769499,49.006758],[-122.771409,49.011827],[-122.772419,49.016212],[-122.77385,49.017004],[-122.776402,49.018087],[-122.785566,49.016345],[-122.790867,49.017409],[-122.795625,49.020053],[-122.803491,49.021742],[-122.81717,49.023085],[-122.824951,49.024495],[-122.833185,49.024716],[-122.844911,49.023528],[-122.859962,49.023487],[-122.873884,49.02925],[-122.88011,49.036308],[-122.879752,49.04535],[-122.881306,49.050198],[-122.881779,49.054579],[-122.880153,49.055243],[-122.876861,49.055237],[-122.870497,49.054512],[-122.863542,49.053364],[-122.856092,49.054487],[-122.84601,49.058679],[-122.843613,49.061044],[-122.841745,49.061771],[-122.837055,49.061943],[-122.832915,49.063672],[-122.827897,49.066553],[-122.822977,49.06721],[-122.822027,49.068524],[-122.825235,49.070806],[-122.831982,49.070987],[-122.834642,49.068788],[-122.836837,49.065293],[-122.841552,49.063447],[-122.847662,49.061362],[-122.853412,49.058479],[-122.854144,49.058029],[-122.854591,49.059164],[-122.854305,49.060732],[-122.853329,49.06367],[-122.853526,49.069998],[-122.850913,49.073279],[-122.850311,49.07502],[-122.848635,49.076986],[-122.84404,49.079862],[-122.843336,49.081224],[-122.843513,49.081543],[-122.845973,49.081189],[-122.849921,49.081136],[-122.853191,49.082825],[-122.857125,49.087691],[-122.858879,49.088639],[-122.862334,49.088432],[-122.872787,49.09059],[-122.881731,49.089767],[-122.890799,49.087209],[-122.90733,49.084226],[-122.910745,49.082768],[-122.910703,49.081475],[-122.910243,49.07996],[-122.912881,49.077548],[-122.923871,49.076043],[-122.924851,49.0757],[-122.939008,49.073068],[-122.960633,49.066752],[-122.978617,49.065575],[-123.000778,49.063531],[-123.012791,49.060812],[-123.017248,49.058744],[-123.018828,49.056776],[-123.020955,49.056145],[-123.023825,49.055833],[-123.024619,49.054959],[-123.027302,49.054049],[-123.031348,49.05464],[-123.032819,49.054027],[-123.034097,49.050762],[-123.035841,49.049113],[-123.04194,49.046961],[-123.047245,49.04115],[-123.049663,49.034783],[-123.051295,49.027294],[-123.053903,49.021624],[-123.0533,49.018285],[-123.050015,49.01622],[-123.047131,49.013828],[-123.046098,49.009946],[-123.043239,49.008255],[-123.040062,49.008953],[-123.039988,49.01166],[-123.04291,49.015193],[-123.045923,49.019096],[-123.04632,49.021306],[-123.042671,49.020227],[-123.037539,49.017107],[-123.0354,49.012057],[-123.034678,49.007841],[-123.036436,49.003976],[-123.035453,49.00213],[-123.033818,48.996857],[-123.03203,48.994925],[-123.030078,48.99279],[-123.028841,48.990953],[-123.028001,48.989265],[-123.027806,48.988135],[-123.02747,48.98747],[-123.0265,48.986556],[-123.025609,48.985694],[-123.025107,48.984722],[-123.024677,48.983595],[-123.024938,48.982045],[-123.025176,48.979826],[-123.024694,48.979472],[-123.023741,48.979074],[-123.022401,48.978784],[-123.021691,48.97864],[-123.021759,48.97833],[-123.021721,48.977197],[-123.021942,48.976782],[-123.022934,48.976046],[-123.024779,48.97504],[-123.026549,48.974138],[-123.027242,48.973818],[-123.028028,48.97391],[-123.028817,48.974104],[-123.029532,48.974403],[-123.030553,48.974491],[-123.03181,48.974627],[-123.033866,48.975267],[-123.036169,48.976212],[-123.038697,48.976896],[-123.040197,48.977286],[-123.04239,48.977305],[-123.045904,48.977047],[-123.048242,48.976754],[-123.051286,48.976503],[-123.053616,48.975953],[-123.055869,48.975456],[-123.058287,48.975214],[-123.060095,48.975444],[-123.060566,48.975489],[-123.06142,48.97527],[-123.062275,48.975102],[-123.06259,48.975149],[-123.062732,48.975405],[-123.062844,48.975712],[-123.06342,48.976528],[-123.064009,48.977704],[-123.06491,48.978876],[-123.066503,48.979677],[-123.068774,48.979694],[-123.070158,48.978952],[-123.069955,48.977615],[-123.068666,48.976553],[-123.066706,48.976479],[-123.064912,48.97666],[-123.064357,48.976463],[-123.063945,48.97585],[-123.063459,48.975394],[-123.063529,48.975135],[-123.064771,48.974859],[-123.066557,48.97442],[-123.06999,48.974111],[-123.073959,48.973433],[-123.075119,48.973055],[-123.076437,48.972674],[-123.078069,48.97234],[-123.080243,48.971844],[-123.08211,48.971507],[-123.083049,48.971492],[-123.083589,48.971278],[-123.084217,48.97132],[-123.084621,48.971675],[-123.084721,48.972292],[-123.084529,48.973531],[-123.084339,48.974822],[-123.083878,48.977303],[-123.083747,48.980293],[-123.083911,48.982764],[-123.084464,48.985126],[-123.08509,48.987384],[-123.086009,48.989019],[-123.086932,48.990808],[-123.087689,48.992291],[-123.087978,48.993833],[-123.087852,48.99471],[-123.088277,48.995683],[-123.088868,48.996911],[-123.088767,48.998509],[-123.089273,48.999532],[-123.090024,49.000861],[-123.090608,49.002004],[-123.09391,49.015469],[-123.100783,49.025611],[-123.102179,49.028025],[-123.101806,49.029113],[-123.099273,49.032017],[-123.094616,49.037439],[-123.094446,49.039936],[-123.097262,49.042488],[-123.106137,49.046901],[-123.121959,49.052069],[-123.14847,49.062894],[-123.151369,49.065504],[-123.151798,49.068143],[-123.1497,49.069528],[-123.13822,49.070847],[-123.129666,49.073414],[-123.127216,49.076156],[-123.123337,49.082868],[-123.121151,49.083984],[-123.118033,49.084251],[-123.107738,49.08424],[-123.095275,49.085891],[-123.084263,49.091146],[-123.082572,49.092465]],[[-122.635548,48.404851],[-122.635242,48.404855],[-122.63377,48.403628],[-122.633218,48.402678],[-122.632988,48.400646],[-122.634,48.398724],[-122.635192,48.399438],[-122.636116,48.399407],[-122.636909,48.396898],[-122.637026,48.395318],[-122.636233,48.395161],[-122.633303,48.396756],[-122.63004,48.39674],[-122.625828,48.398214],[-122.61286,48.40926],[-122.60906,48.41136],[-122.605813,48.411321],[-122.602234,48.409899],[-122.597505,48.405981],[-122.596369,48.403905],[-122.59702,48.399376],[-122.596269,48.39784],[-122.59459,48.396845],[-122.589234,48.39549],[-122.588018,48.394538],[-122.585853,48.389806],[-122.584637,48.382343],[-122.580362,48.374916],[-122.581293,48.371507],[-122.589238,48.363258],[-122.593227,48.359813],[-122.598372,48.357123],[-122.598236,48.356355],[-122.587968,48.353756],[-122.582835,48.352456],[-122.573606,48.350524],[-122.564687,48.34775],[-122.553007,48.342603],[-122.541586,48.334575],[-122.535402,48.331926],[-122.528096,48.32521],[-122.516767,48.320578],[-122.509448,48.313181],[-122.505232,48.30525],[-122.505382,48.298875],[-122.507989,48.295521],[-122.514016,48.292055],[-122.524031,48.285144],[-122.532109,48.282334],[-122.5365,48.281797],[-122.551441,48.281435],[-122.554729,48.280748],[-122.558517,48.279315],[-122.55938,48.278345],[-122.557989,48.273307],[-122.558342,48.272518],[-122.560379,48.272494],[-122.560956,48.275091],[-122.560536,48.278612],[-122.558851,48.281011],[-122.558587,48.282034],[-122.561729,48.285397],[-122.570035,48.291421],[-122.577288,48.296096],[-122.585897,48.298579],[-122.595694,48.298601],[-122.604064,48.297555],[-122.614958,48.294975],[-122.620547,48.293193],[-122.625034,48.290776],[-122.625821,48.288857],[-122.621674,48.283458],[-122.621724,48.281297],[-122.623688,48.278554],[-122.625597,48.273772],[-122.623915,48.270187],[-122.624452,48.269026],[-122.62647,48.268322],[-122.630542,48.268273],[-122.637043,48.271144],[-122.64477,48.277406],[-122.645786,48.278792],[-122.645127,48.280336],[-122.642845,48.28084],[-122.637192,48.280137],[-122.633926,48.280471],[-122.631926,48.281855],[-122.631852,48.284159],[-122.634127,48.287948],[-122.635164,48.288615],[-122.640315,48.289711],[-122.64333,48.289197],[-122.64533,48.287813],[-122.658421,48.282215],[-122.660303,48.280478],[-122.662439,48.276902],[-122.661583,48.271123],[-122.653733,48.26607],[-122.652055,48.257289],[-122.653496,48.250997],[-122.656307,48.24677],[-122.662405,48.243147],[-122.670219,48.240407],[-122.678183,48.238803],[-122.683509,48.240341],[-122.689854,48.238266],[-122.699888,48.238577],[-122.703153,48.238201],[-122.725505,48.230831],[-122.728828,48.230452],[-122.730118,48.22981],[-122.730493,48.228347],[-122.727735,48.224814],[-122.723885,48.218873],[-122.721048,48.21574],[-122.718893,48.214414],[-122.715181,48.21404],[-122.708497,48.215848],[-122.692947,48.221637],[-122.689606,48.221943],[-122.681812,48.220665],[-122.678895,48.220701],[-122.67619,48.221231],[-122.675136,48.222664],[-122.672617,48.224192],[-122.66989,48.223958],[-122.66089,48.222624],[-122.659345,48.223205],[-122.649969,48.225672],[-122.649374,48.226772],[-122.64868,48.226569],[-122.645527,48.222793],[-122.644273,48.222211],[-122.638697,48.221663],[-122.633964,48.219768],[-122.630371,48.221549],[-122.629273,48.222365],[-122.623054,48.218231],[-122.617301,48.212591],[-122.613946,48.211419],[-122.611525,48.211246],[-122.60659,48.207467],[-122.606112,48.200808],[-122.603405,48.197499],[-122.589989,48.187708],[-122.586275,48.182753],[-122.581452,48.16698],[-122.579941,48.158701],[-122.578056,48.15657],[-122.570469,48.152578],[-122.568949,48.150763],[-122.566609,48.141514],[-122.566912,48.138245],[-122.566308,48.133408],[-122.56497,48.130022],[-122.559747,48.122208],[-122.557998,48.118252],[-122.557888,48.116359],[-122.559543,48.11379],[-122.564,48.111058],[-122.570455,48.10655],[-122.570835,48.104266],[-122.565348,48.096148],[-122.561439,48.090738],[-122.559735,48.08601],[-122.556124,48.080395],[-122.555291,48.077516],[-122.554139,48.076478],[-122.550138,48.076221],[-122.545341,48.076144],[-122.547457,48.074534],[-122.545271,48.068599],[-122.545154,48.060292],[-122.548725,48.053305],[-122.54149,48.051852],[-122.538957,48.048365],[-122.536262,48.044104],[-122.536904,48.03869],[-122.537689,48.025042],[-122.541183,48.020253],[-122.535832,48.017081],[-122.535209,48.01628],[-122.530382,48.016025],[-122.52822,48.01576],[-122.523517,48.018433],[-122.51878,48.021719],[-122.514677,48.032373],[-122.50973,48.039399],[-122.509484,48.044246],[-122.514712,48.05637],[-122.513576,48.060774],[-122.517699,48.06295],[-122.514458,48.065916],[-122.512456,48.070282],[-122.510289,48.074044],[-122.510834,48.07587],[-122.51634,48.080947],[-122.524736,48.09464],[-122.526188,48.096317],[-122.525806,48.097134],[-122.524132,48.097122],[-122.521496,48.097375],[-122.512072,48.097257],[-122.504138,48.09646],[-122.49678,48.095616],[-122.495533,48.096127],[-122.492533,48.096767],[-122.49189,48.095157],[-122.483096,48.085484],[-122.474294,48.07838],[-122.467002,48.076034],[-122.457788,48.063842],[-122.450735,48.055542],[-122.445936,48.052218],[-122.441981,48.050644],[-122.426447,48.043535],[-122.423813,48.043291],[-122.418446,48.044243],[-122.416531,48.044059],[-122.399309,48.037067],[-122.383653,48.033318],[-122.378014,48.034063],[-122.376082,48.033746],[-122.375392,48.033007],[-122.372539,48.024283],[-122.373251,48.012558],[-122.370891,47.998041],[-122.366903,47.993113],[-122.358486,47.986771],[-122.353507,47.983526],[-122.351089,47.977468],[-122.3495,47.960805],[-122.351031,47.953337],[-122.357271,47.944413],[-122.356908,47.939981],[-122.359564,47.936701],[-122.366368,47.933911],[-122.368779,47.93152],[-122.375718,47.925115],[-122.377413,47.921062],[-122.375263,47.910738],[-122.376317,47.906187],[-122.380196,47.90398],[-122.387075,47.90462],[-122.392143,47.906638],[-122.39529,47.909984],[-122.395896,47.912042],[-122.39044,47.918094],[-122.387455,47.921315],[-122.385986,47.925666],[-122.387676,47.9246],[-122.393765,47.922669],[-122.402713,47.921631],[-122.410165,47.915094],[-122.412982,47.9132],[-122.420198,47.91254],[-122.426954,47.91364],[-122.43132,47.914276],[-122.430073,47.916941],[-122.44068,47.925763],[-122.44546,47.930009],[-122.445246,47.932655],[-122.445605,47.936108],[-122.445491,47.937615],[-122.445178,47.939281],[-122.444841,47.9397],[-122.444146,47.940202],[-122.441899,47.941418],[-122.441386,47.941853],[-122.441142,47.942255],[-122.440947,47.951735],[-122.446813,47.963496],[-122.451455,47.967982],[-122.453143,47.971123],[-122.460199,47.974802],[-122.466571,47.980737],[-122.470516,47.984464],[-122.471891,47.987577],[-122.472494,47.988472],[-122.482528,47.990507],[-122.483919,47.990955],[-122.484922,47.991895],[-122.486127,47.993661],[-122.484366,47.992925],[-122.483361,47.991912],[-122.480316,47.992116],[-122.480402,47.994162],[-122.481106,47.99625],[-122.481834,47.996316],[-122.485825,47.996174],[-122.490605,47.99561],[-122.491327,47.995456],[-122.491745,47.994744],[-122.492233,47.992399],[-122.49153,47.991895],[-122.489726,47.990867],[-122.488135,47.991153],[-122.488553,47.990393],[-122.490896,47.989709],[-122.491822,47.988992],[-122.49363,47.988679],[-122.503026,47.986869],[-122.5152,47.980737],[-122.518662,47.974737],[-122.530065,47.970978],[-122.53786,47.969764],[-122.546313,47.96725],[-122.548677,47.971467],[-122.551859,47.972339],[-122.551218,47.976692],[-122.546849,47.981194],[-122.543005,47.98559],[-122.541468,47.993176],[-122.544556,47.997498],[-122.551149,48.002197],[-122.568132,48.008224],[-122.582274,48.010686],[-122.585872,48.015232],[-122.594195,48.020246],[-122.596881,48.025064],[-122.60154,48.028894],[-122.603736,48.030119],[-122.604735,48.030482],[-122.605518,48.030614],[-122.606198,48.030611],[-122.606739,48.030504],[-122.607577,48.030508],[-122.607618,48.030768],[-122.607434,48.031026],[-122.606917,48.031512],[-122.604846,48.032951],[-122.598889,48.03613],[-122.595475,48.043266],[-122.593703,48.054454],[-122.603146,48.062775],[-122.605658,48.063755],[-122.60697,48.067781],[-122.614352,48.07335],[-122.612711,48.076804],[-122.612934,48.079529],[-122.606631,48.089201],[-122.603409,48.099419],[-122.598789,48.107579],[-122.597837,48.110929],[-122.600621,48.1247],[-122.601397,48.130957],[-122.603076,48.138427],[-122.603549,48.139557],[-122.605145,48.1439],[-122.607194,48.148536],[-122.610386,48.154186],[-122.615037,48.158063],[-122.619115,48.159748],[-122.626262,48.162315],[-122.637889,48.163566],[-122.649235,48.163321],[-122.662832,48.160642],[-122.670469,48.157798],[-122.671351,48.159242],[-122.67428,48.159078],[-122.673792,48.156156],[-122.677633,48.154303],[-122.679569,48.154849],[-122.682972,48.161895],[-122.684726,48.168008],[-122.686975,48.175016],[-122.689922,48.178735],[-122.698162,48.183803],[-122.711281,48.192872],[-122.715887,48.195028],[-122.730431,48.198259],[-122.735284,48.200102],[-122.73736,48.201785],[-122.741094,48.207147],[-122.743329,48.208738],[-122.753621,48.211987],[-122.761536,48.214734],[-122.764652,48.216819],[-122.767209,48.221632],[-122.769647,48.227771],[-122.766046,48.232827],[-122.759215,48.248191],[-122.755189,48.25531],[-122.751422,48.261648],[-122.748191,48.263691],[-122.7388,48.274299],[-122.731375,48.28105],[-122.728066,48.290638],[-122.726755,48.295687],[-122.722763,48.304211],[-122.70823,48.314369],[-122.701244,48.325291],[-122.69982,48.32844],[-122.698705,48.328417],[-122.69695,48.328749],[-122.695573,48.329355],[-122.693797,48.33079],[-122.687414,48.340761],[-122.680693,48.347701],[-122.675301,48.352679],[-122.673552,48.354426],[-122.666591,48.368989],[-122.665144,48.378666],[-122.664383,48.381985],[-122.664516,48.392947],[-122.664656,48.397844],[-122.664838,48.400723],[-122.664152,48.401761],[-122.662853,48.402177],[-122.661209,48.401525],[-122.655262,48.401815],[-122.651844,48.402128],[-122.649634,48.402723],[-122.647799,48.403688],[-122.638303,48.404818],[-122.635548,48.404851]],[[-123.487039,48.711703],[-123.492629,48.712649],[-123.501665,48.718637],[-123.515821,48.731319],[-123.531045,48.738007],[-123.545449,48.74597],[-123.55244,48.75382],[-123.555949,48.760359],[-123.557033,48.76791],[-123.555468,48.771821],[-123.551524,48.77364],[-123.544507,48.777095],[-123.54359,48.77919],[-123.550723,48.790277],[-123.547032,48.792174],[-123.541284,48.792428],[-123.536952,48.791613],[-123.527914,48.788954],[-123.52311,48.788294],[-123.520541,48.789277],[-123.517189,48.790979],[-123.517374,48.792388],[-123.53635,48.802108],[-123.547465,48.808289],[-123.557085,48.815673],[-123.564892,48.826811],[-123.568065,48.840066],[-123.56625,48.85057],[-123.561351,48.856644],[-123.554884,48.860805],[-123.549774,48.862593],[-123.539221,48.863037],[-123.528056,48.860916],[-123.523938,48.861739],[-123.518342,48.863337],[-123.520263,48.864133],[-123.536172,48.865337],[-123.549054,48.867472],[-123.558091,48.871661],[-123.574993,48.884144],[-123.581626,48.896128],[-123.58468,48.913728],[-123.594311,48.941797],[-123.593579,48.947035],[-123.559362,48.929839],[-123.495178,48.895199],[-123.47389,48.884063],[-123.417909,48.850806],[-123.415681,48.848601],[-123.416501,48.847091],[-123.420786,48.847265],[-123.422787,48.846981],[-123.431245,48.844588],[-123.454993,48.846909],[-123.48927,48.857302],[-123.493035,48.857068],[-123.494503,48.856044],[-123.496414,48.8536],[-123.494143,48.847409],[-123.486866,48.842372],[-123.474996,48.840775],[-123.470909,48.83927],[-123.418112,48.805951],[-123.39331,48.795664],[-123.388567,48.796495],[-123.387046,48.796189],[-123.378234,48.786369],[-123.363571,48.771496],[-123.364458,48.768488],[-123.374723,48.761164],[-123.385637,48.755852],[-123.394739,48.754292],[-123.403041,48.754562],[-123.417237,48.757721],[-123.421132,48.757735],[-123.427309,48.755133],[-123.431375,48.75505],[-123.434948,48.757657],[-123.440576,48.763209],[-123.444003,48.765425],[-123.458099,48.770793],[-123.462549,48.77115],[-123.43058,48.742856],[-123.4237,48.734995],[-123.42546,48.731143],[-123.434751,48.724911],[-123.445271,48.721149],[-123.462644,48.717644],[-123.479955,48.712796],[-123.487039,48.711703]],[[-122.741903,48.660608],[-122.744412,48.660114],[-122.744998,48.659938],[-122.745413,48.659333],[-122.74675,48.659316],[-122.749021,48.658604],[-122.751945,48.656749],[-122.754724,48.656322],[-122.75587,48.655161],[-122.755323,48.653918],[-122.755465,48.653421],[-122.756474,48.652939],[-122.756143,48.65237],[-122.75628,48.651691],[-122.755677,48.651256],[-122.754859,48.651164],[-122.754726,48.65033],[-122.754683,48.649806],[-122.754413,48.649683],[-122.755756,48.649067],[-122.756772,48.64835],[-122.75832,48.647856],[-122.760633,48.646607],[-122.764109,48.645807],[-122.76504,48.644727],[-122.764398,48.644266],[-122.765463,48.643054],[-122.768127,48.641746],[-122.769883,48.640938],[-122.771388,48.640979],[-122.772417,48.640906],[-122.773859,48.641122],[-122.773962,48.64013],[-122.775294,48.6398],[-122.77722,48.639801],[-122.778534,48.639706],[-122.780083,48.640233],[-122.779416,48.641623],[-122.780248,48.64182],[-122.780844,48.640718],[-122.78153,48.640631],[-122.783676,48.639431],[-122.786292,48.638824],[-122.786906,48.637018],[-122.785499,48.637079],[-122.785206,48.636024],[-122.783802,48.635078],[-122.78585,48.63508],[-122.787659,48.635236],[-122.788897,48.634543],[-122.790026,48.634189],[-122.790368,48.633794],[-122.79212,48.633224],[-122.792465,48.634262],[-122.793992,48.634059],[-122.794716,48.633294],[-122.795885,48.63301],[-122.797838,48.632641],[-122.798931,48.631624],[-122.797484,48.630548],[-122.797042,48.629675],[-122.797017,48.629382],[-122.796292,48.628792],[-122.798106,48.627773],[-122.798261,48.627594],[-122.798129,48.627127],[-122.79907,48.627062],[-122.79922,48.626826],[-122.798797,48.625815],[-122.79855,48.625212],[-122.798898,48.625241],[-122.800093,48.624469],[-122.801074,48.624404],[-122.801403,48.623592],[-122.800824,48.623287],[-122.801442,48.622914],[-122.80198,48.623168],[-122.803925,48.622517],[-122.803815,48.622101],[-122.806399,48.621703],[-122.807709,48.620589],[-122.808047,48.620378],[-122.809619,48.618782],[-122.809167,48.616926],[-122.808596,48.615107],[-122.808157,48.614905],[-122.80734,48.61515],[-122.807244,48.614578],[-122.806485,48.614171],[-122.806746,48.613699],[-122.805853,48.612746],[-122.804279,48.612689],[-122.804701,48.612345],[-122.805484,48.612256],[-122.805893,48.611705],[-122.804956,48.610803],[-122.804541,48.610288],[-122.803585,48.609832],[-122.803148,48.60903],[-122.802264,48.607712],[-122.802642,48.606677],[-122.800945,48.605192],[-122.799837,48.605373],[-122.799313,48.604983],[-122.79895,48.604629],[-122.799166,48.603975],[-122.800103,48.60378],[-122.800076,48.603069],[-122.798701,48.602815],[-122.798955,48.60218],[-122.7998,48.601517],[-122.800765,48.602659],[-122.801676,48.602509],[-122.802568,48.602132],[-122.80306,48.602304],[-122.804894,48.602536],[-122.805485,48.602458],[-122.806563,48.603018],[-122.807738,48.604349],[-122.809115,48.605564],[-122.81088,48.605488],[-122.813315,48.606759],[-122.815579,48.60626],[-122.817712,48.605346],[-122.818476,48.604606],[-122.819352,48.603086],[-122.819202,48.60199],[-122.821426,48.60084],[-122.821687,48.601671],[-122.822349,48.601453],[-122.823426,48.600372],[-122.82446,48.599836],[-122.824864,48.600195],[-122.824288,48.601923],[-122.824492,48.602181],[-122.825122,48.602224],[-122.825466,48.601826],[-122.826412,48.601451],[-122.826905,48.601443],[-122.828236,48.601831],[-122.828697,48.601852],[-122.828943,48.601737],[-122.82912,48.601555],[-122.829535,48.600775],[-122.829937,48.600362],[-122.830242,48.600263],[-122.830602,48.600341],[-122.830728,48.600534],[-122.830796,48.601755],[-122.830608,48.603063],[-122.830522,48.604758],[-122.830822,48.606213],[-122.830058,48.606927],[-122.829369,48.607536],[-122.828955,48.608671],[-122.828756,48.611122],[-122.828049,48.614849],[-122.828181,48.615629],[-122.829422,48.616394],[-122.830209,48.61641],[-122.830386,48.617059],[-122.830751,48.617445],[-122.831057,48.619342],[-122.83029,48.620395],[-122.829686,48.621211],[-122.831605,48.62228],[-122.832074,48.622195],[-122.833253,48.62114],[-122.833531,48.619701],[-122.834332,48.619117],[-122.83597,48.619004],[-122.83719,48.618073],[-122.837989,48.61798],[-122.838849,48.618256],[-122.839602,48.619205],[-122.840902,48.619301],[-122.842494,48.619166],[-122.846575,48.621491],[-122.847415,48.622114],[-122.848642,48.622007],[-122.849906,48.623078],[-122.850512,48.624974],[-122.851211,48.627066],[-122.851747,48.627675],[-122.852784,48.627798],[-122.85326,48.629833],[-122.854671,48.631264],[-122.856351,48.632511],[-122.857347,48.633767],[-122.858366,48.635748],[-122.860498,48.638348],[-122.86275,48.640403],[-122.865022,48.643092],[-122.865896,48.644802],[-122.866896,48.646149],[-122.867878,48.646951],[-122.869801,48.647197],[-122.871847,48.646988],[-122.872369,48.646165],[-122.871682,48.646083],[-122.872075,48.645534],[-122.872742,48.644981],[-122.873133,48.644341],[-122.873523,48.643701],[-122.874067,48.643603],[-122.874771,48.644228],[-122.875346,48.645127],[-122.876058,48.646023],[-122.878465,48.648693],[-122.880735,48.652615],[-122.882533,48.656701],[-122.883795,48.659236],[-122.88287,48.667447],[-122.882163,48.669878],[-122.883935,48.673622],[-122.883351,48.675187],[-122.881436,48.676397],[-122.882926,48.677746],[-122.882659,48.67912],[-122.881062,48.680992],[-122.882818,48.680899],[-122.883662,48.681436],[-122.882658,48.683575],[-122.885064,48.689843],[-122.886724,48.691424],[-122.891959,48.695229],[-122.89568,48.695253],[-122.900414,48.69429],[-122.901094,48.692806],[-122.900317,48.691208],[-122.89863,48.690204],[-122.900153,48.689292],[-122.904873,48.691489],[-122.905782,48.693873],[-122.909827,48.694159],[-122.912939,48.69117],[-122.917378,48.690834],[-122.918849,48.690873],[-122.919981,48.689066],[-122.921905,48.686509],[-122.923274,48.684312],[-122.921817,48.684058],[-122.919217,48.683615],[-122.917039,48.68344],[-122.917479,48.682461],[-122.916891,48.678991],[-122.915592,48.675689],[-122.91241,48.673204],[-122.909959,48.669014],[-122.911456,48.667281],[-122.91348,48.665882],[-122.912804,48.66308],[-122.911664,48.657247],[-122.911049,48.654474],[-122.907891,48.652737],[-122.907905,48.651607],[-122.902777,48.647884],[-122.8962,48.645979],[-122.890191,48.642208],[-122.888615,48.641493],[-122.888258,48.63999],[-122.885561,48.639109],[-122.884084,48.638746],[-122.881914,48.635487],[-122.882795,48.633899],[-122.879448,48.630998],[-122.880527,48.629134],[-122.877135,48.626439],[-122.878033,48.625399],[-122.87609,48.622753],[-122.877175,48.622071],[-122.875199,48.620676],[-122.874641,48.620747],[-122.874099,48.620211],[-122.872496,48.61852],[-122.871513,48.616891],[-122.870394,48.61609],[-122.86927,48.615108],[-122.868154,48.614398],[-122.866421,48.614252],[-122.86531,48.61341],[-122.863743,48.61328],[-122.863623,48.612302],[-122.863443,48.611517],[-122.863821,48.611374],[-122.864903,48.610997],[-122.865653,48.610288],[-122.86541,48.609948],[-122.863737,48.608655],[-122.862761,48.608034],[-122.863409,48.606241],[-122.863023,48.605458],[-122.863678,48.604901],[-122.864811,48.604783],[-122.864429,48.604137],[-122.864548,48.60297],[-122.865661,48.602201],[-122.865174,48.601489],[-122.866502,48.601025],[-122.869118,48.600407],[-122.871146,48.59918],[-122.871382,48.598457],[-122.870681,48.597507],[-122.871696,48.596397],[-122.873136,48.595898],[-122.873376,48.595312],[-122.873689,48.594556],[-122.873946,48.594319],[-122.87514,48.593917],[-122.87603,48.593543],[-122.877249,48.593399],[-122.878575,48.593082],[-122.880362,48.592407],[-122.881705,48.5916],[-122.883164,48.59297],[-122.883454,48.593837],[-122.88465,48.594095],[-122.885352,48.595079],[-122.88655,48.593761],[-122.885531,48.592463],[-122.884486,48.5905],[-122.886145,48.589072],[-122.888049,48.58884],[-122.889252,48.588481],[-122.889683,48.588756],[-122.890466,48.590181],[-122.891996,48.591184],[-122.893061,48.591335],[-122.896151,48.590864],[-122.896924,48.590883],[-122.89934,48.591367],[-122.900592,48.591887],[-122.901184,48.592345],[-122.901999,48.593564],[-122.902414,48.593952],[-122.902744,48.594103],[-122.903839,48.594412],[-122.904216,48.594612],[-122.904536,48.594931],[-122.904759,48.595427],[-122.904622,48.595716],[-122.903784,48.596339],[-122.903791,48.596674],[-122.904642,48.597189],[-122.905562,48.597479],[-122.905956,48.597262],[-122.906692,48.596659],[-122.907076,48.596012],[-122.90707,48.595771],[-122.906889,48.595491],[-122.906026,48.594701],[-122.905783,48.594317],[-122.905459,48.593275],[-122.905649,48.592775],[-122.905933,48.592533],[-122.906492,48.592284],[-122.907783,48.592233],[-122.908464,48.592312],[-122.910352,48.59291],[-122.911293,48.592972],[-122.911531,48.592848],[-122.91194,48.591885],[-122.91221,48.59176],[-122.913783,48.591704],[-122.914888,48.591517],[-122.915655,48.591614],[-122.917842,48.592568],[-122.918539,48.592631],[-122.920202,48.592162],[-122.922959,48.591952],[-122.92607,48.593142],[-122.927518,48.592368],[-122.926731,48.591179],[-122.929391,48.591999],[-122.928796,48.592761],[-122.93219,48.593124],[-122.934967,48.592742],[-122.936349,48.59381],[-122.936939,48.597032],[-122.935676,48.598352],[-122.93689,48.598711],[-122.937643,48.598167],[-122.941418,48.597799],[-122.947194,48.597451],[-122.949395,48.59916],[-122.952606,48.602593],[-122.953798,48.604846],[-122.95324,48.606703],[-122.950456,48.606879],[-122.952354,48.609554],[-122.953419,48.612597],[-122.954584,48.614465],[-122.956149,48.616734],[-122.956101,48.617426],[-122.956182,48.617762],[-122.953586,48.621362],[-122.953292,48.623456],[-122.951262,48.624582],[-122.950915,48.625455],[-122.952089,48.62618],[-122.952919,48.626271],[-122.955479,48.627125],[-122.953881,48.627251],[-122.95394,48.628278],[-122.956794,48.629436],[-122.956931,48.63125],[-122.957265,48.631999],[-122.95844,48.631571],[-122.961028,48.631671],[-122.964661,48.630557],[-122.966409,48.630292],[-122.967506,48.629831],[-122.96729,48.62879],[-122.968802,48.629162],[-122.96962,48.629698],[-122.971213,48.632054],[-122.974677,48.63497],[-122.975747,48.637627],[-122.978469,48.637896],[-122.978843,48.639218],[-122.979536,48.640484],[-122.980445,48.641396],[-122.981233,48.641762],[-122.983292,48.643068],[-122.984369,48.642812],[-122.985413,48.643106],[-122.986268,48.642408],[-122.988294,48.642687],[-122.987254,48.640955],[-122.988513,48.639943],[-122.990601,48.640564],[-122.99046,48.636994],[-122.991144,48.636035],[-122.99371,48.636099],[-122.994066,48.635922],[-122.993304,48.634769],[-122.993608,48.633017],[-122.992445,48.632246],[-122.992141,48.630846],[-122.990703,48.631141],[-122.988992,48.63096],[-122.988258,48.630335],[-122.985989,48.629766],[-122.985351,48.628363],[-122.985531,48.627104],[-122.987259,48.627799],[-122.987923,48.627549],[-122.988432,48.626548],[-122.988777,48.625538],[-122.988868,48.624863],[-122.988749,48.624485],[-122.988089,48.623651],[-122.987939,48.623335],[-122.987812,48.622761],[-122.98784,48.621897],[-122.987976,48.62169],[-122.988602,48.621275],[-122.988141,48.620871],[-122.986765,48.620645],[-122.986216,48.620448],[-122.985602,48.620662],[-122.984756,48.621634],[-122.984374,48.62187],[-122.983897,48.622004],[-122.983659,48.621862],[-122.984109,48.620916],[-122.983957,48.620644],[-122.981112,48.619254],[-122.979749,48.618657],[-122.979351,48.618356],[-122.979094,48.617639],[-122.97913,48.617124],[-122.979278,48.616953],[-122.980377,48.616536],[-122.980705,48.616313],[-122.980798,48.615955],[-122.980617,48.615465],[-122.980412,48.615255],[-122.98003,48.615164],[-122.979262,48.615221],[-122.978805,48.615107],[-122.978126,48.614526],[-122.977841,48.614059],[-122.977829,48.613436],[-122.978209,48.612662],[-122.979131,48.6117],[-122.980768,48.610728],[-122.981066,48.610304],[-122.98109,48.609793],[-122.980911,48.609218],[-122.980307,48.608555],[-122.979213,48.607872],[-122.978813,48.607829],[-122.977661,48.608329],[-122.977292,48.608389],[-122.976849,48.607867],[-122.977,48.607321],[-122.977829,48.60674],[-122.978005,48.606484],[-122.977611,48.605496],[-122.976486,48.604279],[-122.97608,48.603266],[-122.976126,48.602275],[-122.97645,48.601984],[-122.977936,48.601634],[-122.978407,48.601407],[-122.978512,48.60117],[-122.978101,48.599972],[-122.978252,48.599732],[-122.978738,48.599698],[-122.979337,48.599852],[-122.980211,48.600812],[-122.980665,48.60111],[-122.981296,48.601243],[-122.981986,48.601306],[-122.984621,48.601236],[-122.985277,48.601377],[-122.985926,48.602047],[-122.986207,48.60211],[-122.9893,48.601907],[-122.989934,48.601793],[-122.990236,48.601809],[-122.990725,48.602007],[-122.991022,48.602285],[-122.991282,48.603191],[-122.991051,48.60499],[-122.990995,48.605325],[-122.991707,48.605258],[-122.992325,48.606063],[-122.992555,48.606603],[-122.992693,48.608499],[-122.993879,48.609989],[-122.993488,48.61068],[-122.993882,48.611634],[-122.99558,48.611437],[-122.996027,48.611656],[-122.997992,48.614005],[-122.998492,48.614603],[-123.000507,48.616292],[-123.000314,48.618632],[-123.001073,48.618972],[-123.001439,48.619815],[-123.000894,48.620508],[-123.00109,48.621526],[-123.002406,48.623221],[-123.003642,48.626224],[-123.00215,48.627993],[-123.002544,48.628947],[-123.003958,48.629508],[-123.004354,48.630531],[-123.004979,48.63059],[-123.005151,48.628086],[-123.004174,48.626696],[-123.004639,48.625796],[-123.004428,48.623437],[-123.005659,48.622391],[-123.007802,48.623114],[-123.007469,48.621645],[-123.007294,48.619591],[-123.007792,48.617739],[-123.007776,48.616913],[-123.009178,48.615494],[-123.010085,48.614104],[-123.011167,48.614158],[-123.013291,48.613494],[-123.015117,48.612385],[-123.01755,48.610979],[-123.018375,48.610932],[-123.020198,48.609809],[-123.021334,48.609792],[-123.022669,48.609533],[-123.023537,48.609246],[-123.024499,48.610191],[-123.025596,48.610551],[-123.027536,48.611379],[-123.028492,48.613695],[-123.029094,48.61468],[-123.029162,48.6167],[-123.028621,48.617496],[-123.0301,48.620904],[-123.030624,48.624799],[-123.030302,48.626893],[-123.030281,48.629372],[-123.029007,48.631264],[-123.026568,48.632499],[-123.022726,48.635091],[-123.021092,48.637205],[-123.019739,48.636951],[-123.018647,48.638304],[-123.018467,48.640636],[-123.015593,48.642802],[-123.015085,48.645724],[-123.013098,48.650497],[-123.011316,48.654318],[-123.009228,48.656088],[-123.005252,48.658517],[-123.001954,48.65983],[-122.998678,48.661775],[-122.995894,48.664187],[-122.993566,48.66596],[-122.98855,48.66687],[-122.987717,48.669828],[-122.987048,48.670956],[-122.984507,48.673523],[-122.983138,48.67544],[-122.980566,48.677058],[-122.974387,48.679681],[-122.969714,48.681008],[-122.964527,48.68298],[-122.961704,48.684285],[-122.959972,48.684957],[-122.957766,48.687977],[-122.958447,48.688952],[-122.961679,48.689728],[-122.961191,48.690626],[-122.953646,48.69087],[-122.949375,48.693192],[-122.947758,48.694379],[-122.947277,48.695873],[-122.946481,48.697146],[-122.946613,48.697861],[-122.943119,48.7002],[-122.941065,48.70367],[-122.941327,48.703861],[-122.942363,48.706376],[-122.944111,48.708722],[-122.946296,48.709798],[-122.948246,48.711034],[-122.950627,48.712225],[-122.949855,48.71219],[-122.948868,48.712113],[-122.94732,48.711918],[-122.943952,48.711176],[-122.941051,48.71011],[-122.936276,48.710178],[-122.931766,48.711032],[-122.930317,48.711057],[-122.926517,48.710681],[-122.922122,48.712032],[-122.918313,48.713088],[-122.918012,48.713808],[-122.915514,48.713557],[-122.911948,48.71375],[-122.90824,48.714253],[-122.903875,48.713697],[-122.898833,48.714657],[-122.897238,48.714358],[-122.892935,48.71426],[-122.888613,48.713529],[-122.885211,48.711679],[-122.883966,48.711987],[-122.879697,48.712189],[-122.879043,48.713028],[-122.877123,48.712738],[-122.876387,48.712489],[-122.875106,48.710966],[-122.87179,48.710014],[-122.870384,48.708855],[-122.868562,48.70752],[-122.867288,48.706178],[-122.86576,48.705473],[-122.861494,48.704806],[-122.855095,48.704143],[-122.850196,48.702602],[-122.844395,48.700958],[-122.839844,48.699931],[-122.836659,48.699376],[-122.830863,48.697376],[-122.828005,48.69591],[-122.824174,48.693433],[-122.821114,48.691842],[-122.816794,48.690814],[-122.813481,48.68794],[-122.810891,48.686828],[-122.806939,48.684868],[-122.804046,48.683584],[-122.801552,48.681741],[-122.800231,48.679674],[-122.798694,48.679265],[-122.794315,48.678501],[-122.789596,48.675906],[-122.787856,48.675616],[-122.781684,48.673414],[-122.774826,48.671252],[-122.765252,48.668459],[-122.759321,48.666903],[-122.753083,48.665462],[-122.746901,48.663345],[-122.743023,48.661763],[-122.741903,48.660608]],[[-123.156628,48.520911],[-123.157543,48.524351],[-123.162856,48.529049],[-123.163266,48.530519],[-123.164425,48.535508],[-123.163383,48.537671],[-123.160987,48.540508],[-123.160913,48.542789],[-123.162801,48.54884],[-123.164674,48.550085],[-123.167228,48.549923],[-123.168746,48.551477],[-123.168067,48.552944],[-123.172079,48.555186],[-123.173485,48.558684],[-123.176446,48.562217],[-123.175711,48.564656],[-123.176925,48.565365],[-123.175808,48.568599],[-123.174085,48.570264],[-123.171466,48.57243],[-123.169743,48.571261],[-123.167346,48.569744],[-123.165856,48.568999],[-123.161358,48.568284],[-123.157143,48.568351],[-123.156044,48.568183],[-123.155875,48.569855],[-123.154705,48.572937],[-123.153776,48.573801],[-123.153734,48.575198],[-123.15244,48.576614],[-123.152721,48.57755],[-123.154698,48.575304],[-123.157439,48.573956],[-123.160154,48.573155],[-123.161712,48.570703],[-123.16328,48.569829],[-123.163767,48.573189],[-123.165433,48.573769],[-123.167842,48.573367],[-123.168741,48.575477],[-123.17173,48.575945],[-123.172149,48.577339],[-123.173894,48.578277],[-123.172316,48.580153],[-123.171986,48.580679],[-123.170254,48.58205],[-123.169187,48.582793],[-123.168712,48.584215],[-123.169908,48.585476],[-123.170295,48.587543],[-123.169864,48.588587],[-123.169113,48.589428],[-123.168154,48.588821],[-123.167206,48.588525],[-123.165684,48.588389],[-123.165525,48.589588],[-123.164808,48.590739],[-123.163481,48.590699],[-123.163066,48.589978],[-123.161299,48.589793],[-123.161212,48.589279],[-123.164059,48.587686],[-123.163733,48.586266],[-123.162741,48.586008],[-123.161469,48.585402],[-123.161595,48.584571],[-123.162107,48.583652],[-123.161232,48.583453],[-123.157849,48.583476],[-123.156532,48.582785],[-123.154937,48.581877],[-123.153867,48.582516],[-123.153228,48.583428],[-123.152447,48.582124],[-123.151203,48.581123],[-123.150596,48.580769],[-123.150365,48.579438],[-123.14938,48.579373],[-123.148497,48.578775],[-123.148597,48.579223],[-123.149109,48.580518],[-123.149645,48.582331],[-123.15045,48.583088],[-123.149859,48.58403],[-123.149829,48.585544],[-123.151193,48.586394],[-123.151624,48.587154],[-123.155257,48.587734],[-123.155476,48.588192],[-123.156632,48.589936],[-123.157286,48.590755],[-123.157015,48.591899],[-123.156598,48.593357],[-123.156304,48.59388],[-123.154448,48.593238],[-123.152344,48.592387],[-123.151251,48.592405],[-123.149815,48.592856],[-123.146883,48.59272],[-123.146127,48.593314],[-123.144527,48.594608],[-123.144625,48.594996],[-123.144956,48.595509],[-123.146466,48.595123],[-123.146177,48.596008],[-123.14452,48.596974],[-123.143583,48.596464],[-123.142363,48.597312],[-123.141775,48.598358],[-123.140414,48.599623],[-123.138413,48.600483],[-123.137051,48.601748],[-123.136939,48.602994],[-123.138709,48.604417],[-123.139698,48.605853],[-123.141148,48.607074],[-123.142419,48.607676],[-123.144744,48.607121],[-123.146407,48.60554],[-123.149018,48.604256],[-123.150368,48.60268],[-123.150331,48.601644],[-123.149818,48.600408],[-123.151191,48.599454],[-123.152886,48.598805],[-123.154292,48.598783],[-123.155716,48.599279],[-123.156523,48.599992],[-123.158412,48.600377],[-123.160661,48.600057],[-123.161409,48.599227],[-123.162759,48.597355],[-123.162927,48.595537],[-123.163369,48.594805],[-123.164648,48.593897],[-123.165891,48.59415],[-123.167332,48.592047],[-123.167936,48.591235],[-123.169623,48.59056],[-123.171393,48.590726],[-123.171385,48.591776],[-123.169941,48.59357],[-123.169221,48.595159],[-123.169425,48.595763],[-123.170312,48.596264],[-123.170805,48.597227],[-123.168478,48.597834],[-123.168036,48.59718],[-123.165515,48.597984],[-123.163676,48.598675],[-123.164838,48.600897],[-123.165664,48.601192],[-123.165853,48.603058],[-123.166679,48.604288],[-123.166099,48.605541],[-123.164418,48.606604],[-123.162588,48.607877],[-123.160267,48.608536],[-123.158393,48.608565],[-123.156711,48.608553],[-123.155946,48.607625],[-123.156114,48.605923],[-123.155362,48.606851],[-123.154873,48.607035],[-123.153214,48.607971],[-123.151036,48.609765],[-123.150959,48.611435],[-123.152768,48.612134],[-123.154613,48.61256],[-123.154803,48.613079],[-123.155785,48.614307],[-123.157202,48.614595],[-123.157239,48.615631],[-123.156008,48.616169],[-123.153095,48.617769],[-123.151589,48.619348],[-123.150587,48.620238],[-123.15013,48.62155],[-123.151067,48.622142],[-123.153152,48.622867],[-123.151624,48.62365],[-123.146101,48.62404],[-123.145305,48.623536],[-123.143262,48.623963],[-123.14184,48.623864],[-123.138899,48.622967],[-123.139353,48.622545],[-123.141478,48.622716],[-123.14503,48.622236],[-123.146369,48.622021],[-123.148408,48.622001],[-123.148687,48.620844],[-123.146325,48.620778],[-123.142926,48.620965],[-123.141267,48.619353],[-123.138632,48.619862],[-123.136121,48.61959],[-123.135348,48.619809],[-123.133451,48.619217],[-123.131754,48.619865],[-123.130374,48.620612],[-123.129611,48.621142],[-123.126937,48.620665],[-123.124749,48.620699],[-123.122536,48.620008],[-123.12081,48.619828],[-123.119099,48.620061],[-123.118507,48.621003],[-123.118224,48.621837],[-123.116171,48.621247],[-123.113191,48.620982],[-123.110851,48.621121],[-123.108845,48.621878],[-123.107457,48.622417],[-123.106807,48.621702],[-123.106934,48.620871],[-123.106131,48.620261],[-123.10377,48.619779],[-123.10252,48.619799],[-123.101273,48.619921],[-123.101539,48.61857],[-123.101663,48.617635],[-123.101147,48.616296],[-123.100181,48.615481],[-123.099218,48.614771],[-123.098553,48.613641],[-123.098187,48.612092],[-123.098565,48.609495],[-123.098994,48.608348],[-123.100346,48.606773],[-123.101062,48.604896],[-123.101792,48.603434],[-123.102388,48.602596],[-123.102352,48.60156],[-123.101088,48.601164],[-123.10152,48.600121],[-123.103231,48.599888],[-123.104342,48.600389],[-123.106053,48.600155],[-123.105084,48.599237],[-123.103184,48.598541],[-123.10082,48.597955],[-123.099091,48.597671],[-123.095626,48.596895],[-123.093418,48.596307],[-123.091519,48.59561],[-123.089754,48.59429],[-123.085977,48.593518],[-123.083915,48.592617],[-123.081842,48.591404],[-123.079659,48.591541],[-123.07923,48.592688],[-123.077192,48.592511],[-123.075275,48.591297],[-123.07414,48.59007],[-123.07174,48.588448],[-123.06774,48.58571],[-123.064106,48.584521],[-123.06044,48.582399],[-123.05719,48.578717],[-123.054277,48.575754],[-123.050758,48.573319],[-123.049917,48.57157],[-123.047807,48.569217],[-123.044792,48.567811],[-123.040503,48.565698],[-123.039549,48.564839],[-123.03641,48.564722],[-123.03293,48.563427],[-123.027141,48.563098],[-123.023898,48.563083],[-123.022025,48.562666],[-123.020394,48.562161],[-123.01851,48.561878],[-123.016893,48.562056],[-123.014937,48.56068],[-123.012572,48.559412],[-123.011612,48.558501],[-123.0117,48.556512],[-123.010654,48.555774],[-123.008599,48.554844],[-123.006903,48.553533],[-123.005678,48.5517],[-123.005869,48.549798],[-123.006435,48.549547],[-123.006501,48.549203],[-123.006794,48.548685],[-123.006288,48.548213],[-123.007015,48.546814],[-123.007488,48.546276],[-123.008832,48.546359],[-123.009708,48.546312],[-123.010592,48.545858],[-123.012271,48.54576],[-123.012658,48.545754],[-123.01346,48.545057],[-123.014715,48.544765],[-123.014993,48.545377],[-123.016196,48.545068],[-123.017534,48.544946],[-123.018556,48.544785],[-123.018663,48.544364],[-123.018225,48.543616],[-123.016973,48.543223],[-123.016782,48.542524],[-123.016308,48.541862],[-123.016367,48.540525],[-123.017557,48.54025],[-123.018292,48.539845],[-123.01984,48.539446],[-123.019778,48.537596],[-123.017229,48.536982],[-123.014552,48.535651],[-123.014173,48.535505],[-123.008475,48.533864],[-123.007163,48.533806],[-123.005789,48.532867],[-123.004512,48.531686],[-123.00357,48.531863],[-123.003265,48.53143],[-123.003758,48.530737],[-123.003612,48.528648],[-123.004531,48.528361],[-123.002606,48.527875],[-123.001581,48.528096],[-123.000159,48.527225],[-122.99986,48.525996],[-122.996577,48.526558],[-122.996541,48.526989],[-122.995629,48.52832],[-122.996746,48.529332],[-122.993703,48.529376],[-122.994731,48.5308],[-122.994184,48.533002],[-122.995508,48.534011],[-122.995629,48.534557],[-122.992557,48.535287],[-122.992128,48.534814],[-122.990368,48.534634],[-122.988376,48.535246],[-122.987936,48.536006],[-122.986067,48.535954],[-122.983089,48.535582],[-122.981719,48.535239],[-122.981807,48.534564],[-122.979398,48.533696],[-122.978426,48.532408],[-122.979687,48.531796],[-122.979562,48.530849],[-122.980008,48.530295],[-122.97992,48.528377],[-122.97892,48.527453],[-122.976487,48.526747],[-122.975451,48.526625],[-122.973749,48.528226],[-122.973414,48.526654],[-122.971688,48.525171],[-122.971729,48.523251],[-122.97172,48.522062],[-122.973693,48.520207],[-122.974379,48.519888],[-122.9768,48.519915],[-122.979407,48.51853],[-122.980923,48.51716],[-122.981479,48.515078],[-122.983964,48.514731],[-122.987134,48.51624],[-122.988854,48.516319],[-122.991169,48.51556],[-122.991477,48.515082],[-122.991969,48.515143],[-122.993143,48.515538],[-122.994779,48.515891],[-122.996694,48.516069],[-122.998418,48.516729],[-122.998336,48.517381],[-122.998866,48.517785],[-122.998831,48.518299],[-122.999989,48.519756],[-123.002356,48.519584],[-123.004251,48.520722],[-123.006782,48.520515],[-123.009878,48.519744],[-123.012212,48.518857],[-123.01255,48.518167],[-123.01347,48.517913],[-123.013737,48.518184],[-123.013151,48.519186],[-123.013835,48.52113],[-123.012244,48.519816],[-123.009695,48.520745],[-123.008902,48.520962],[-123.011692,48.521847],[-123.014626,48.521632],[-123.016511,48.520919],[-123.016334,48.52027],[-123.0148,48.519128],[-123.016326,48.518488],[-123.016866,48.518708],[-123.019483,48.517633],[-123.020073,48.514834],[-123.018989,48.514816],[-123.018483,48.515097],[-123.016925,48.514024],[-123.018612,48.512799],[-123.019888,48.511095],[-123.020889,48.509921],[-123.021124,48.509357],[-123.020988,48.508782],[-123.020488,48.507959],[-123.019657,48.507025],[-123.019275,48.506777],[-123.018646,48.506631],[-123.01721,48.506561],[-123.016226,48.506471],[-123.015826,48.506282],[-123.015955,48.505451],[-123.016215,48.504706],[-123.016842,48.503986],[-123.018855,48.503542],[-123.019291,48.503775],[-123.02056,48.503206],[-123.021776,48.502255],[-123.021263,48.500914],[-123.019333,48.49918],[-123.018947,48.498403],[-123.018203,48.496411],[-123.022092,48.495553],[-123.022331,48.493696],[-123.020482,48.492472],[-123.019423,48.492543],[-123.018516,48.492251],[-123.01799,48.490055],[-123.016849,48.490197],[-123.013838,48.487513],[-123.013791,48.486111],[-123.01131,48.483995],[-123.010092,48.483612],[-123.008678,48.483681],[-123.008494,48.482854],[-123.008442,48.4813],[-123.009742,48.47817],[-123.008963,48.473516],[-123.005895,48.470346],[-123.00317,48.468105],[-122.998098,48.465587],[-122.992572,48.46349],[-122.984667,48.461709],[-122.980783,48.462726],[-122.977564,48.462257],[-122.973542,48.461939],[-122.970592,48.463147],[-122.967554,48.461261],[-122.965813,48.460456],[-122.965206,48.460983],[-122.966961,48.462202],[-122.969044,48.463935],[-122.969698,48.464859],[-122.970677,48.466193],[-122.971224,48.467049],[-122.971345,48.467622],[-122.971187,48.468012],[-122.97086,48.468217],[-122.970457,48.468333],[-122.969584,48.468542],[-122.969255,48.468692],[-122.968648,48.468783],[-122.968029,48.468668],[-122.967594,48.468401],[-122.966568,48.467426],[-122.966267,48.467241],[-122.962954,48.466045],[-122.961356,48.464823],[-122.96036,48.462971],[-122.95969,48.461529],[-122.961055,48.460369],[-122.962261,48.457371],[-122.961088,48.456154],[-122.961742,48.454088],[-122.962638,48.453115],[-122.962135,48.450399],[-122.963465,48.450018],[-122.965337,48.450539],[-122.968417,48.451864],[-122.971186,48.452923],[-122.975746,48.45368],[-122.978934,48.454097],[-122.984716,48.454532],[-122.990813,48.455065],[-122.997388,48.455902],[-123.001615,48.456462],[-123.007536,48.456376],[-123.010182,48.456233],[-123.01299,48.456295],[-123.017729,48.457797],[-123.021287,48.457313],[-123.023302,48.456973],[-123.023537,48.458877],[-123.024579,48.459204],[-123.027901,48.459289],[-123.029107,48.461047],[-123.030003,48.460834],[-123.032732,48.461394],[-123.033708,48.460447],[-123.034456,48.459503],[-123.036762,48.458079],[-123.038525,48.459961],[-123.040291,48.46149],[-123.043916,48.464058],[-123.046683,48.464241],[-123.048677,48.465097],[-123.050755,48.466621],[-123.050798,48.467865],[-123.050599,48.468689],[-123.055665,48.470415],[-123.056298,48.471307],[-123.058108,48.47138],[-123.059323,48.470951],[-123.060747,48.471552],[-123.061855,48.472054],[-123.063782,48.472146],[-123.06567,48.474174],[-123.066002,48.474898],[-123.066988,48.476704],[-123.065496,48.478229],[-123.067806,48.479696],[-123.066999,48.481101],[-123.067188,48.481458],[-123.061397,48.483899],[-123.061979,48.484806],[-123.06251,48.486664],[-123.062226,48.488343],[-123.063154,48.48903],[-123.065144,48.489952],[-123.068256,48.490656],[-123.070811,48.490802],[-123.072526,48.490491],[-123.072922,48.489959],[-123.074228,48.489063],[-123.074225,48.488437],[-123.074334,48.48776],[-123.075374,48.487343],[-123.077278,48.487389],[-123.077114,48.485915],[-123.076377,48.485275],[-123.076671,48.483969],[-123.075538,48.483335],[-123.075789,48.48273],[-123.077762,48.4823],[-123.079096,48.481678],[-123.07975,48.481518],[-123.079729,48.481994],[-123.080856,48.481927],[-123.081505,48.482168],[-123.081697,48.482841],[-123.08037,48.483662],[-123.081289,48.484099],[-123.08278,48.4831],[-123.083166,48.48392],[-123.082894,48.484775],[-123.083878,48.48491],[-123.084939,48.485095],[-123.086865,48.484164],[-123.08703,48.483077],[-123.088515,48.482311],[-123.089944,48.483381],[-123.094144,48.481749],[-123.096236,48.48397],[-123.096777,48.484363],[-123.097176,48.484872],[-123.097203,48.48564],[-123.096453,48.485895],[-123.09673,48.486266],[-123.097023,48.486386],[-123.097774,48.486493],[-123.098096,48.48668],[-123.097867,48.487],[-123.098226,48.487061],[-123.098697,48.487062],[-123.099356,48.486968],[-123.099794,48.487196],[-123.101163,48.488111],[-123.101364,48.488568],[-123.101722,48.488451],[-123.102324,48.488549],[-123.102918,48.48875],[-123.10382,48.489763],[-123.103031,48.489825],[-123.103129,48.490474],[-123.10508,48.490269],[-123.10679,48.490654],[-123.107474,48.490858],[-123.107642,48.49028],[-123.108783,48.490613],[-123.109147,48.491308],[-123.110402,48.491664],[-123.11215,48.492113],[-123.112907,48.491597],[-123.11729,48.492047],[-123.118023,48.492022],[-123.119697,48.492497],[-123.120303,48.493452],[-123.121047,48.493377],[-123.122689,48.494763],[-123.124012,48.49576],[-123.125335,48.496966],[-123.127023,48.498221],[-123.12887,48.497862],[-123.130464,48.498188],[-123.131132,48.497902],[-123.132366,48.498183],[-123.13314,48.498246],[-123.133907,48.499161],[-123.134469,48.499603],[-123.134529,48.500228],[-123.134957,48.501673],[-123.136025,48.502057],[-123.136565,48.50336],[-123.138644,48.504779],[-123.141782,48.505572],[-123.143742,48.507719],[-123.145064,48.508875],[-123.144932,48.510487],[-123.144671,48.512637],[-123.146506,48.513384],[-123.150206,48.513602],[-123.151637,48.514736],[-123.152027,48.516907],[-123.152321,48.519527],[-123.156628,48.520911]],[[-122.602553,48.513273],[-122.604871,48.515437],[-122.606597,48.515913],[-122.607612,48.51578],[-122.608426,48.515387],[-122.608813,48.51489],[-122.609316,48.512568],[-122.60949,48.511166],[-122.608808,48.510746],[-122.607363,48.510763],[-122.606405,48.510523],[-122.605347,48.509177],[-122.607355,48.507794],[-122.604259,48.500035],[-122.60192,48.495628],[-122.591253,48.478767],[-122.584909,48.470687],[-122.584675,48.469722],[-122.585465,48.466829],[-122.584785,48.465932],[-122.582228,48.464755],[-122.57656,48.463988],[-122.574476,48.46364],[-122.573496,48.464024],[-122.57147,48.466626],[-122.571141,48.468701],[-122.571271,48.47084],[-122.573867,48.478289],[-122.576373,48.487376],[-122.576017,48.492976],[-122.573323,48.49664],[-122.569675,48.498596],[-122.563577,48.499986],[-122.558994,48.500721],[-122.557005,48.499977],[-122.557024,48.498865],[-122.547478,48.485385],[-122.541196,48.472271],[-122.540103,48.469391],[-122.538854,48.467816],[-122.536505,48.466685],[-122.531634,48.465179],[-122.524809,48.462296],[-122.521274,48.461155],[-122.522013,48.462952],[-122.521849,48.463167],[-122.521372,48.463309],[-122.520738,48.462988],[-122.517927,48.459724],[-122.516643,48.459483],[-122.515976,48.457179],[-122.515544,48.453007],[-122.514458,48.449995],[-122.513782,48.448862],[-122.510787,48.446489],[-122.509932,48.445463],[-122.502029,48.437365],[-122.49997,48.433958],[-122.499961,48.431264],[-122.500924,48.428872],[-122.50299,48.424597],[-122.50321,48.422417],[-122.501942,48.4184],[-122.499058,48.412311],[-122.498031,48.40806],[-122.49785,48.404742],[-122.498747,48.394526],[-122.499074,48.39156],[-122.49959,48.390443],[-122.500845,48.389016],[-122.50333,48.387222],[-122.505381,48.386673],[-122.506014,48.386323],[-122.507067,48.384948],[-122.508024,48.382499],[-122.508368,48.379771],[-122.50874,48.378525],[-122.509604,48.377212],[-122.510974,48.375295],[-122.510939,48.3749],[-122.509916,48.373351],[-122.510245,48.371646],[-122.511385,48.371293],[-122.515365,48.372184],[-122.521541,48.374072],[-122.521047,48.37502],[-122.522487,48.376188],[-122.524772,48.376386],[-122.527716,48.37596],[-122.533319,48.375046],[-122.535124,48.37546],[-122.533106,48.376298],[-122.533071,48.379721],[-122.533588,48.384061],[-122.534618,48.387689],[-122.536726,48.390381],[-122.538062,48.396153],[-122.540758,48.398212],[-122.546639,48.399524],[-122.548149,48.400138],[-122.548041,48.402312],[-122.549608,48.402946],[-122.549723,48.404249],[-122.552559,48.405086],[-122.553591,48.405563],[-122.55298,48.407199],[-122.552367,48.410357],[-122.552652,48.413549],[-122.554616,48.418479],[-122.556016,48.420053],[-122.557428,48.420762],[-122.558839,48.420875],[-122.561091,48.4196],[-122.567674,48.417282],[-122.571769,48.417576],[-122.573297,48.417136],[-122.572031,48.418225],[-122.571489,48.419372],[-122.569731,48.420533],[-122.5683,48.421272],[-122.565967,48.42164],[-122.563184,48.42164],[-122.560389,48.420857],[-122.559113,48.421377],[-122.558287,48.423101],[-122.558215,48.426144],[-122.554713,48.43336],[-122.549428,48.441874],[-122.547579,48.44707],[-122.547092,48.452161],[-122.547682,48.453446],[-122.54889,48.453065],[-122.552666,48.448633],[-122.554603,48.444534],[-122.555642,48.445201],[-122.561786,48.445811],[-122.564832,48.445096],[-122.571029,48.447743],[-122.574447,48.447584],[-122.57712,48.446314],[-122.579292,48.443984],[-122.580024,48.440165],[-122.578356,48.435479],[-122.579195,48.433242],[-122.580779,48.429962],[-122.582501,48.428021],[-122.585147,48.426764],[-122.588552,48.42591],[-122.596933,48.422978],[-122.599332,48.422674],[-122.602036,48.422919],[-122.605152,48.424921],[-122.609199,48.423514],[-122.61181,48.421962],[-122.613489,48.419968],[-122.614022,48.41855],[-122.614931,48.415932],[-122.61507,48.41393],[-122.616435,48.413174],[-122.619258,48.412947],[-122.620987,48.413524],[-122.623216,48.413154],[-122.625312,48.415168],[-122.627004,48.415381],[-122.628374,48.415131],[-122.632628,48.413032],[-122.635866,48.410496],[-122.637412,48.409586],[-122.640592,48.409517],[-122.642549,48.408644],[-122.644815,48.409041],[-122.645769,48.408946],[-122.648256,48.409567],[-122.648456,48.408512],[-122.648951,48.408443],[-122.649639,48.408759],[-122.650734,48.411465],[-122.651169,48.411179],[-122.65208,48.408685],[-122.652682,48.408043],[-122.654005,48.407843],[-122.655743,48.408006],[-122.656731,48.408837],[-122.658091,48.410619],[-122.658138,48.412119],[-122.657914,48.412737],[-122.657225,48.412813],[-122.652957,48.411812],[-122.651773,48.412132],[-122.650369,48.414293],[-122.650845,48.415541],[-122.652741,48.417555],[-122.653981,48.418222],[-122.654435,48.418125],[-122.655985,48.416838],[-122.660803,48.416468],[-122.663099,48.416874],[-122.663556,48.415674],[-122.664452,48.415609],[-122.66554,48.416627],[-122.663848,48.417409],[-122.663773,48.418756],[-122.664225,48.419456],[-122.665641,48.420266],[-122.669365,48.420753],[-122.672556,48.423287],[-122.674619,48.426125],[-122.675489,48.428915],[-122.675351,48.435082],[-122.675941,48.436982],[-122.678021,48.438316],[-122.678748,48.440743],[-122.678117,48.443011],[-122.67715,48.443763],[-122.67582,48.443655],[-122.671989,48.441788],[-122.668926,48.441825],[-122.666247,48.443516],[-122.663933,48.445964],[-122.660035,48.452806],[-122.659024,48.453056],[-122.657173,48.45313],[-122.655969,48.453535],[-122.654169,48.456146],[-122.654038,48.457636],[-122.656192,48.461687],[-122.656303,48.465763],[-122.657418,48.469147],[-122.656452,48.471197],[-122.661018,48.474568],[-122.66589,48.479916],[-122.666056,48.481334],[-122.665295,48.484199],[-122.666039,48.485349],[-122.669538,48.487468],[-122.675348,48.489312],[-122.683561,48.49057],[-122.687705,48.492558],[-122.688948,48.492475],[-122.692261,48.49082],[-122.693779,48.490444],[-122.699496,48.490885],[-122.703033,48.492367],[-122.703623,48.493285],[-122.701402,48.49561],[-122.701104,48.496468],[-122.702164,48.497814],[-122.700178,48.499877],[-122.698363,48.500396],[-122.693407,48.500054],[-122.692021,48.500658],[-122.690072,48.504079],[-122.686097,48.508204],[-122.68432,48.508918],[-122.680907,48.50868],[-122.677901,48.507626],[-122.677503,48.50714],[-122.677407,48.505372],[-122.676804,48.504922],[-122.672235,48.504008],[-122.66963,48.50433],[-122.656397,48.508626],[-122.638079,48.513329],[-122.632463,48.515173],[-122.621276,48.519498],[-122.618015,48.520851],[-122.615217,48.521574],[-122.612543,48.521774],[-122.609536,48.521789],[-122.602858,48.521218],[-122.600951,48.521073],[-122.599921,48.520564],[-122.599904,48.519938],[-122.59943,48.517399],[-122.598108,48.512575],[-122.598295,48.512238],[-122.599462,48.51217],[-122.602553,48.513273]],[[-122.402151,48.229179],[-122.408615,48.22827],[-122.412891,48.226758],[-122.418831,48.22686],[-122.423893,48.228077],[-122.425309,48.232531],[-122.427129,48.233838],[-122.42869,48.234474],[-122.430562,48.236248],[-122.436098,48.236407],[-122.446614,48.233904],[-122.449993,48.232346],[-122.454055,48.228196],[-122.453426,48.226223],[-122.451626,48.225331],[-122.450808,48.218805],[-122.44914,48.214581],[-122.444111,48.214925],[-122.442012,48.212553],[-122.441578,48.210806],[-122.442584,48.209043],[-122.450517,48.200897],[-122.458872,48.194061],[-122.4614,48.193496],[-122.462739,48.193816],[-122.463874,48.197413],[-122.465402,48.200114],[-122.467396,48.200661],[-122.468829,48.200621],[-122.473348,48.205898],[-122.477071,48.205206],[-122.478294,48.19867],[-122.475187,48.194573],[-122.467969,48.195303],[-122.466034,48.195976],[-122.466186,48.19554],[-122.468598,48.194427],[-122.477744,48.188687],[-122.479156,48.183984],[-122.478417,48.182078],[-122.479227,48.175791],[-122.476149,48.173401],[-122.47409,48.165446],[-122.467102,48.162806],[-122.459332,48.147787],[-122.448683,48.140539],[-122.442052,48.131],[-122.435456,48.12683],[-122.427774,48.124736],[-122.419914,48.115032],[-122.410275,48.112523],[-122.407129,48.109884],[-122.402441,48.106271],[-122.395703,48.100169],[-122.376297,48.084236],[-122.363271,48.066195],[-122.358898,48.060848],[-122.357039,48.056609],[-122.363894,48.05476],[-122.373296,48.057583],[-122.388248,48.064399],[-122.393828,48.07909],[-122.405391,48.087593],[-122.415182,48.093116],[-122.423087,48.103165],[-122.443513,48.107568],[-122.456519,48.119783],[-122.458829,48.121778],[-122.465284,48.128939],[-122.479788,48.127408],[-122.485418,48.122088],[-122.493676,48.121803],[-122.496042,48.126019],[-122.511913,48.133317],[-122.513329,48.138655],[-122.515844,48.141862],[-122.51326,48.146835],[-122.518768,48.155824],[-122.520907,48.156887],[-122.524608,48.16696],[-122.528603,48.169993],[-122.532701,48.176814],[-122.536981,48.183737],[-122.531671,48.190687],[-122.537228,48.200594],[-122.538109,48.21149],[-122.535083,48.220958],[-122.534424,48.226846],[-122.534399,48.23537],[-122.535093,48.240075],[-122.531948,48.246487],[-122.531848,48.246866],[-122.531127,48.248387],[-122.53033,48.250325],[-122.528556,48.251028],[-122.52399,48.251357],[-122.515969,48.253566],[-122.501694,48.257166],[-122.499223,48.255997],[-122.498319,48.253393],[-122.490741,48.251466],[-122.48283,48.251177],[-122.477387,48.253189],[-122.473551,48.256641],[-122.467612,48.267971],[-122.46622,48.269654],[-122.463474,48.270542],[-122.459726,48.269894],[-122.456977,48.26686],[-122.44893,48.266095],[-122.427233,48.259347],[-122.413385,48.254959],[-122.404874,48.251267],[-122.401551,48.250399],[-122.397302,48.249722],[-122.392472,48.24436],[-122.386705,48.241213],[-122.377917,48.237552],[-122.377738,48.23326],[-122.3829,48.230252],[-122.387229,48.225012],[-122.388457,48.226691],[-122.390314,48.227102],[-122.393915,48.227731],[-122.395564,48.227845],[-122.398099,48.229031],[-122.400973,48.229279],[-122.402151,48.229179]],[[-122.433591,47.466667],[-122.433915,47.465615],[-122.438707,47.459497],[-122.44325,47.453904],[-122.443484,47.453345],[-122.443375,47.452656],[-122.44288,47.451929],[-122.440481,47.449487],[-122.440044,47.448654],[-122.439115,47.445744],[-122.438713,47.444086],[-122.438675,47.443427],[-122.438863,47.442236],[-122.440086,47.439153],[-122.440264,47.438199],[-122.440295,47.437571],[-122.440145,47.436875],[-122.439699,47.435789],[-122.438896,47.434386],[-122.438101,47.433323],[-122.437281,47.432175],[-122.433248,47.427669],[-122.431582,47.425482],[-122.431135,47.424886],[-122.430331,47.423765],[-122.429921,47.423048],[-122.429843,47.422646],[-122.429882,47.422342],[-122.430055,47.422071],[-122.430272,47.421888],[-122.430653,47.42173],[-122.431066,47.421613],[-122.432301,47.421396],[-122.432958,47.42119],[-122.436937,47.419136],[-122.437496,47.41895],[-122.438714,47.418673],[-122.439102,47.418483],[-122.439361,47.418281],[-122.439629,47.417939],[-122.439819,47.417534],[-122.439903,47.417162],[-122.439844,47.416613],[-122.43963,47.41603],[-122.439444,47.415645],[-122.438045,47.413442],[-122.437762,47.41286],[-122.43765,47.412256],[-122.437708,47.411532],[-122.438214,47.409769],[-122.438322,47.409117],[-122.438302,47.408581],[-122.438074,47.407985],[-122.437475,47.407131],[-122.437033,47.406683],[-122.436529,47.406187],[-122.43551,47.405403],[-122.433966,47.404562],[-122.431495,47.403584],[-122.42923,47.402985],[-122.421039,47.401541],[-122.411397,47.400585],[-122.402285,47.40007],[-122.397017,47.399913],[-122.394878,47.399341],[-122.384322,47.394065],[-122.374198,47.388867],[-122.373903,47.387977],[-122.37658,47.386117],[-122.379016,47.38533],[-122.382755,47.384824],[-122.386061,47.384834],[-122.391857,47.382641],[-122.393851,47.382457],[-122.397666,47.382375],[-122.39978,47.381966],[-122.403387,47.379439],[-122.411153,47.377113],[-122.417869,47.374854],[-122.420313,47.373219],[-122.421393,47.371138],[-122.423609,47.370009],[-122.426321,47.369553],[-122.429036,47.369907],[-122.430241,47.369352],[-122.434268,47.366862],[-122.437861,47.366134],[-122.440225,47.3646],[-122.443276,47.361324],[-122.444992,47.35755],[-122.447774,47.35591],[-122.449405,47.353922],[-122.450712,47.351356],[-122.450541,47.349495],[-122.453211,47.347343],[-122.453475,47.34643],[-122.453482,47.344128],[-122.45436,47.343422],[-122.456393,47.343126],[-122.463833,47.343472],[-122.466892,47.343981],[-122.47063,47.345195],[-122.473696,47.346742],[-122.474888,47.347722],[-122.475688,47.348783],[-122.476478,47.351189],[-122.476857,47.352871],[-122.476575,47.353939],[-122.474529,47.356921],[-122.473494,47.360841],[-122.470656,47.364781],[-122.466843,47.367792],[-122.46557,47.369605],[-122.465315,47.372657],[-122.465122,47.374039],[-122.46423,47.374443],[-122.46299,47.374522],[-122.46174,47.374152],[-122.456414,47.371047],[-122.455228,47.370698],[-122.454107,47.371017],[-122.452156,47.372045],[-122.45122,47.372964],[-122.450925,47.374807],[-122.448444,47.377776],[-122.445596,47.380461],[-122.438809,47.385553],[-122.437172,47.386201],[-122.43374,47.386907],[-122.432365,47.387664],[-122.431749,47.388644],[-122.431886,47.389566],[-122.432579,47.390591],[-122.43332,47.391209],[-122.43368,47.39168],[-122.435602,47.391777],[-122.436427,47.391801],[-122.43747,47.39239],[-122.438063,47.393409],[-122.438156,47.394098],[-122.438441,47.396612],[-122.439096,47.399442],[-122.439111,47.400618],[-122.438659,47.403431],[-122.438688,47.404022],[-122.438869,47.404659],[-122.439072,47.404959],[-122.439337,47.405131],[-122.439649,47.405282],[-122.440036,47.405396],[-122.441008,47.405448],[-122.4421,47.405392],[-122.443281,47.405215],[-122.444797,47.404855],[-122.44593,47.404468],[-122.446223,47.404275],[-122.446485,47.403938],[-122.447286,47.402642],[-122.447648,47.402314],[-122.44811,47.40216],[-122.448598,47.402147],[-122.449093,47.402246],[-122.450741,47.402825],[-122.451322,47.402965],[-122.451741,47.402988],[-122.455068,47.402861],[-122.457141,47.402679],[-122.459028,47.402337],[-122.460999,47.401759],[-122.463034,47.400605],[-122.464032,47.399801],[-122.464552,47.39893],[-122.464793,47.398161],[-122.465157,47.395676],[-122.465954,47.392583],[-122.466172,47.391368],[-122.465847,47.39066],[-122.465547,47.390349],[-122.465142,47.390154],[-122.464773,47.390149],[-122.464178,47.390385],[-122.462892,47.391299],[-122.455043,47.394767],[-122.453988,47.395015],[-122.452954,47.394901],[-122.45153,47.394582],[-122.449958,47.393756],[-122.447772,47.391861],[-122.447019,47.390614],[-122.447069,47.389639],[-122.447862,47.387843],[-122.449933,47.385599],[-122.451837,47.384076],[-122.452689,47.383772],[-122.453172,47.383873],[-122.454815,47.384784],[-122.460819,47.386363],[-122.465313,47.387115],[-122.468462,47.387347],[-122.471432,47.387293],[-122.473686,47.386933],[-122.474863,47.386586],[-122.476667,47.385866],[-122.477854,47.385392],[-122.479749,47.383403],[-122.483229,47.381137],[-122.484183,47.380108],[-122.485185,47.378019],[-122.485898,47.374729],[-122.487135,47.368796],[-122.488329,47.362049],[-122.488202,47.357995],[-122.490421,47.349425],[-122.491612,47.342798],[-122.491751,47.340202],[-122.491485,47.33278],[-122.491673,47.331875],[-122.492235,47.331162],[-122.493365,47.330621],[-122.49481,47.330444],[-122.497235,47.330369],[-122.501351,47.330524],[-122.503456,47.330696],[-122.506102,47.33116],[-122.50655,47.331457],[-122.507504,47.332722],[-122.507897,47.333017],[-122.509119,47.333353],[-122.510905,47.333437],[-122.516648,47.333058],[-122.518531,47.33333],[-122.519812,47.333917],[-122.522633,47.336275],[-122.525306,47.339489],[-122.527764,47.343164],[-122.528618,47.345736],[-122.528633,47.349682],[-122.528009,47.353024],[-122.526559,47.358176],[-122.525501,47.361627],[-122.52409,47.364204],[-122.523228,47.366319],[-122.522898,47.366653],[-122.522045,47.366997],[-122.519685,47.367422],[-122.519121,47.367688],[-122.516909,47.369347],[-122.516475,47.370171],[-122.51639,47.370775],[-122.516993,47.373085],[-122.516542,47.374456],[-122.515597,47.376078],[-122.51522,47.377023],[-122.515245,47.377923],[-122.51618,47.379774],[-122.518087,47.381923],[-122.521591,47.384698],[-122.524067,47.387525],[-122.526001,47.390371],[-122.527282,47.39361],[-122.527433,47.39518],[-122.527551,47.396954],[-122.52704,47.397442],[-122.527027,47.398406],[-122.523623,47.401208],[-122.520618,47.40327],[-122.520177,47.403438],[-122.520432,47.403578],[-122.521583,47.404807],[-122.52211,47.404979],[-122.522375,47.405128],[-122.521629,47.406683],[-122.520777,47.408468],[-122.519872,47.409691],[-122.517442,47.411812],[-122.513855,47.414319],[-122.514557,47.418435],[-122.512456,47.422559],[-122.512406,47.427348],[-122.511264,47.432613],[-122.512059,47.433653],[-122.513521,47.437785],[-122.514369,47.440362],[-122.51273,47.442105],[-122.513239,47.443798],[-122.512934,47.446614],[-122.514217,47.448286],[-122.512605,47.450532],[-122.511832,47.454628],[-122.50949,47.454768],[-122.509389,47.458329],[-122.507855,47.459886],[-122.508759,47.461545],[-122.507084,47.461843],[-122.505413,47.462318],[-122.503446,47.463684],[-122.503008,47.464094],[-122.503014,47.464373],[-122.502863,47.466518],[-122.501467,47.467432],[-122.499911,47.467425],[-122.499413,47.46847],[-122.49839,47.469258],[-122.497872,47.472747],[-122.497043,47.474023],[-122.498149,47.475684],[-122.496901,47.476418],[-122.487626,47.47968],[-122.484906,47.480091],[-122.484141,47.480961],[-122.480816,47.483184],[-122.480686,47.483433],[-122.480445,47.48587],[-122.480509,47.488531],[-122.479815,47.489223],[-122.479304,47.492496],[-122.477541,47.501796],[-122.476023,47.506099],[-122.475928,47.507675],[-122.476408,47.50905],[-122.476943,47.510126],[-122.476444,47.510838],[-122.476075,47.511229],[-122.475633,47.511448],[-122.475276,47.511532],[-122.474648,47.511532],[-122.473465,47.511348],[-122.46928,47.510885],[-122.467623,47.51046],[-122.459897,47.507232],[-122.453457,47.504609],[-122.451549,47.503497],[-122.451138,47.502884],[-122.451471,47.502136],[-122.454215,47.500539],[-122.457863,47.497735],[-122.458948,47.496656],[-122.459913,47.495485],[-122.460098,47.495096],[-122.46013,47.494463],[-122.459073,47.492184],[-122.458944,47.491266],[-122.45925,47.490541],[-122.460567,47.488843],[-122.460698,47.488095],[-122.459808,47.486111],[-122.458418,47.484506],[-122.457076,47.48338],[-122.454332,47.481518],[-122.452602,47.480615],[-122.448942,47.479034],[-122.447294,47.478111],[-122.446433,47.477236],[-122.446046,47.476509],[-122.445179,47.473736],[-122.444661,47.472824],[-122.443704,47.471974],[-122.442628,47.471405],[-122.43648,47.468862],[-122.434339,47.467604],[-122.433591,47.466667]],[[-122.870066,48.564916],[-122.869697,48.564682],[-122.868719,48.564015],[-122.86755,48.563759],[-122.866908,48.562861],[-122.866276,48.562326],[-122.865824,48.560972],[-122.86566,48.560067],[-122.865828,48.559724],[-122.86609,48.559491],[-122.865825,48.557782],[-122.866322,48.557201],[-122.86604,48.556888],[-122.86575,48.556348],[-122.865268,48.555963],[-122.865233,48.55544],[-122.86578,48.554448],[-122.866354,48.5538],[-122.867034,48.5537],[-122.867864,48.554051],[-122.868624,48.554313],[-122.86917,48.554306],[-122.869652,48.553948],[-122.870587,48.553067],[-122.872641,48.551659],[-122.874089,48.549976],[-122.874807,48.548878],[-122.875447,48.547509],[-122.877042,48.545545],[-122.876704,48.544767],[-122.876165,48.543289],[-122.87599,48.543009],[-122.875293,48.54257],[-122.874308,48.541855],[-122.871764,48.540942],[-122.869304,48.540885],[-122.867214,48.541428],[-122.865929,48.542161],[-122.864113,48.542544],[-122.862734,48.54278],[-122.861807,48.542665],[-122.861074,48.542598],[-122.860746,48.542362],[-122.859437,48.541291],[-122.85857,48.538773],[-122.858572,48.538211],[-122.856788,48.537424],[-122.853635,48.536879],[-122.85155,48.536651],[-122.852226,48.53622],[-122.854201,48.535737],[-122.857046,48.535034],[-122.858169,48.534648],[-122.859006,48.533723],[-122.860948,48.531204],[-122.861908,48.528937],[-122.862955,48.525463],[-122.863525,48.521827],[-122.864645,48.517911],[-122.865641,48.515177],[-122.866536,48.513131],[-122.867916,48.510506],[-122.869527,48.509129],[-122.871973,48.507383],[-122.873811,48.505723],[-122.874303,48.503993],[-122.87369,48.501824],[-122.872963,48.500383],[-122.872557,48.499627],[-122.871882,48.499255],[-122.870061,48.498437],[-122.868886,48.498032],[-122.867495,48.497489],[-122.866413,48.496661],[-122.866589,48.495535],[-122.86549,48.494145],[-122.863649,48.492695],[-122.862469,48.491549],[-122.862993,48.490327],[-122.86206,48.489135],[-122.861715,48.488226],[-122.858826,48.487072],[-122.856906,48.486466],[-122.855317,48.486347],[-122.854345,48.485658],[-122.855059,48.484805],[-122.855772,48.483953],[-122.854794,48.483053],[-122.855294,48.482133],[-122.854421,48.481232],[-122.853259,48.481247],[-122.85208,48.480701],[-122.851613,48.479233],[-122.851357,48.477455],[-122.852882,48.475844],[-122.854144,48.474428],[-122.854443,48.47396],[-122.856192,48.473552],[-122.855337,48.473212],[-122.854147,48.472315],[-122.854608,48.470131],[-122.855746,48.469343],[-122.85516,48.467095],[-122.856166,48.465825],[-122.85792,48.464467],[-122.858515,48.463194],[-122.859639,48.461985],[-122.860783,48.461408],[-122.862347,48.460754],[-122.86297,48.460394],[-122.862224,48.460194],[-122.860953,48.460071],[-122.859023,48.459113],[-122.858137,48.457791],[-122.857062,48.457173],[-122.855067,48.457552],[-122.853829,48.458482],[-122.850597,48.459478],[-122.849839,48.459238],[-122.847831,48.459195],[-122.845726,48.459434],[-122.844901,48.460078],[-122.844384,48.460436],[-122.843839,48.459881],[-122.844979,48.457772],[-122.845961,48.456762],[-122.847405,48.455618],[-122.849042,48.45391],[-122.849938,48.452142],[-122.85116,48.450651],[-122.85334,48.449427],[-122.854574,48.448356],[-122.852238,48.445686],[-122.848399,48.445661],[-122.848008,48.445596],[-122.845953,48.445761],[-122.844845,48.446599],[-122.843867,48.446956],[-122.842736,48.447955],[-122.841805,48.448599],[-122.839602,48.449051],[-122.836687,48.450425],[-122.835028,48.45143],[-122.833705,48.453064],[-122.83136,48.455835],[-122.829091,48.457621],[-122.825199,48.460292],[-122.822962,48.460602],[-122.821898,48.460738],[-122.822141,48.461788],[-122.823311,48.462886],[-122.826858,48.464113],[-122.829217,48.465276],[-122.828947,48.466825],[-122.82974,48.468779],[-122.831097,48.46806],[-122.832355,48.467762],[-122.833565,48.468826],[-122.832134,48.470926],[-122.830078,48.47278],[-122.827164,48.474224],[-122.82439,48.47651],[-122.822504,48.477306],[-122.820757,48.47822],[-122.820275,48.478382],[-122.819776,48.478434],[-122.819386,48.478305],[-122.819091,48.477987],[-122.818952,48.477483],[-122.818819,48.47725],[-122.817505,48.475196],[-122.815181,48.472842],[-122.812882,48.472518],[-122.813147,48.471709],[-122.814626,48.469494],[-122.817388,48.465683],[-122.819056,48.46285],[-122.819696,48.460168],[-122.819214,48.457843],[-122.818204,48.456508],[-122.816125,48.454525],[-122.814658,48.453722],[-122.812151,48.45259],[-122.805744,48.452804],[-122.803488,48.451499],[-122.802295,48.450389],[-122.802619,48.449625],[-122.802575,48.449426],[-122.80142,48.448687],[-122.800718,48.447859],[-122.800531,48.447571],[-122.800052,48.447214],[-122.80097,48.446632],[-122.802256,48.445318],[-122.803859,48.444208],[-122.805095,48.443829],[-122.805972,48.444492],[-122.807205,48.444183],[-122.807974,48.443687],[-122.808477,48.442281],[-122.808431,48.440726],[-122.809482,48.439416],[-122.809202,48.437864],[-122.808316,48.436891],[-122.809466,48.435558],[-122.811034,48.434003],[-122.813164,48.432264],[-122.814223,48.431213],[-122.813885,48.430336],[-122.812798,48.430454],[-122.810094,48.431216],[-122.807284,48.431046],[-122.805029,48.431179],[-122.803635,48.430684],[-122.803562,48.429021],[-122.803603,48.427776],[-122.803386,48.427044],[-122.807227,48.426536],[-122.809969,48.425368],[-122.810495,48.423796],[-122.812151,48.423237],[-122.812169,48.421508],[-122.816126,48.421958],[-122.818,48.422619],[-122.82028,48.423069],[-122.82499,48.423966],[-122.82758,48.424605],[-122.828312,48.425632],[-122.826471,48.42659],[-122.824001,48.427349],[-122.82442,48.428329],[-122.825225,48.4292],[-122.827738,48.42984],[-122.829265,48.430628],[-122.830997,48.429987],[-122.830739,48.428607],[-122.830712,48.427386],[-122.833509,48.427481],[-122.836347,48.428584],[-122.837636,48.429966],[-122.836388,48.430994],[-122.837306,48.431169],[-122.838227,48.431437],[-122.841599,48.431532],[-122.84204,48.431307],[-122.843192,48.431263],[-122.842577,48.4285],[-122.840585,48.427023],[-122.839548,48.425253],[-122.841694,48.42509],[-122.843958,48.425973],[-122.843154,48.426988],[-122.844418,48.427542],[-122.847625,48.427965],[-122.849557,48.427827],[-122.850095,48.427866],[-122.851196,48.428047],[-122.85233,48.428369],[-122.853155,48.4287],[-122.853812,48.429022],[-122.853951,48.429296],[-122.853853,48.429524],[-122.853652,48.429681],[-122.854124,48.429825],[-122.854943,48.42994],[-122.856042,48.429696],[-122.856338,48.429713],[-122.856969,48.429964],[-122.858698,48.430459],[-122.860267,48.4308],[-122.861495,48.429552],[-122.862962,48.427785],[-122.862839,48.426397],[-122.860731,48.425993],[-122.858459,48.425137],[-122.857587,48.424719],[-122.856098,48.424428],[-122.854932,48.424495],[-122.852823,48.424317],[-122.852327,48.42339],[-122.853335,48.423221],[-122.855598,48.423401],[-122.855825,48.423135],[-122.856348,48.42269],[-122.855629,48.421842],[-122.854355,48.420926],[-122.854165,48.42015],[-122.8564,48.419793],[-122.857446,48.420106],[-122.859166,48.420342],[-122.860713,48.419958],[-122.861623,48.419167],[-122.862723,48.419463],[-122.863988,48.420068],[-122.86555,48.420229],[-122.865671,48.421601],[-122.867544,48.421731],[-122.869243,48.421241],[-122.871091,48.420542],[-122.872077,48.419698],[-122.872402,48.418864],[-122.87274,48.418471],[-122.87418,48.418425],[-122.876474,48.41829],[-122.880537,48.418701],[-122.883351,48.419025],[-122.885192,48.419362],[-122.88728,48.420111],[-122.890769,48.420841],[-122.89139,48.42078],[-122.892352,48.420404],[-122.894428,48.422009],[-122.893779,48.422432],[-122.892581,48.422734],[-122.891577,48.423007],[-122.88932,48.42309],[-122.887472,48.42379],[-122.885796,48.425006],[-122.884079,48.425253],[-122.883251,48.425819],[-122.884386,48.427255],[-122.882438,48.42723],[-122.880684,48.426654],[-122.87869,48.42697],[-122.877717,48.428228],[-122.877286,48.429427],[-122.877348,48.431422],[-122.878198,48.432447],[-122.879873,48.43245],[-122.880902,48.432955],[-122.882289,48.433125],[-122.88493,48.434079],[-122.885714,48.434858],[-122.887967,48.435281],[-122.888819,48.435749],[-122.889485,48.436478],[-122.887033,48.437173],[-122.886758,48.437735],[-122.884563,48.437933],[-122.883392,48.436987],[-122.882353,48.437031],[-122.881094,48.437579],[-122.878682,48.436772],[-122.877998,48.437298],[-122.878943,48.438403],[-122.87792,48.439153],[-122.877064,48.439216],[-122.874122,48.437922],[-122.873506,48.437357],[-122.875175,48.436715],[-122.875842,48.435617],[-122.875451,48.434434],[-122.875701,48.43345],[-122.87309,48.432284],[-122.870285,48.432271],[-122.868974,48.432704],[-122.8683,48.433594],[-122.869181,48.43436],[-122.869051,48.435191],[-122.867658,48.435522],[-122.866473,48.435099],[-122.865157,48.435659],[-122.864487,48.436654],[-122.86367,48.437961],[-122.863152,48.43824],[-122.862565,48.439415],[-122.86221,48.440535],[-122.864262,48.441997],[-122.86537,48.442552],[-122.867247,48.442786],[-122.869996,48.443474],[-122.872902,48.444212],[-122.874948,48.444858],[-122.87765,48.445923],[-122.879207,48.445875],[-122.881271,48.445821],[-122.881776,48.446423],[-122.88297,48.446601],[-122.885414,48.446256],[-122.886994,48.446299],[-122.886549,48.445787],[-122.888259,48.445634],[-122.89067,48.445497],[-122.891809,48.445766],[-122.892636,48.446066],[-122.890911,48.446971],[-122.890471,48.447858],[-122.891421,48.448312],[-122.892145,48.449054],[-122.89245,48.45006],[-122.893199,48.450361],[-122.894681,48.450392],[-122.896619,48.450054],[-122.897836,48.449104],[-122.89835,48.448112],[-122.897471,48.447398],[-122.896133,48.447267],[-122.89743,48.446103],[-122.898466,48.446069],[-122.899783,48.446589],[-122.899963,48.447364],[-122.899598,48.448147],[-122.901005,48.448159],[-122.903578,48.448299],[-122.905749,48.447957],[-122.906747,48.447477],[-122.906331,48.447125],[-122.905801,48.446653],[-122.909681,48.446606],[-122.911564,48.446994],[-122.913377,48.447643],[-122.914487,48.44825],[-122.915281,48.448705],[-122.914985,48.449228],[-122.914771,48.449853],[-122.91526,48.45052],[-122.916916,48.451119],[-122.916954,48.452311],[-122.91627,48.452891],[-122.914177,48.453231],[-122.913331,48.453606],[-122.913036,48.454129],[-122.912739,48.4546],[-122.912912,48.455116],[-122.913525,48.454796],[-122.914776,48.454934],[-122.916189,48.455225],[-122.917771,48.455981],[-122.919528,48.457304],[-122.920498,48.458379],[-122.921857,48.459449],[-122.925169,48.460646],[-122.928061,48.460917],[-122.929608,48.460532],[-122.929663,48.459805],[-122.930263,48.459071],[-122.931194,48.458954],[-122.932214,48.459147],[-122.934369,48.458287],[-122.935511,48.457441],[-122.935178,48.456772],[-122.935075,48.455996],[-122.936085,48.455878],[-122.936718,48.45618],[-122.937893,48.456371],[-122.93908,48.456924],[-122.940123,48.457842],[-122.941502,48.459534],[-122.942545,48.460452],[-122.94259,48.461851],[-122.942801,48.463559],[-122.942902,48.464284],[-122.943845,48.464529],[-122.944944,48.464773],[-122.945508,48.465335],[-122.944842,48.466434],[-122.943735,48.468368],[-122.943146,48.469465],[-122.942226,48.469944],[-122.942097,48.470776],[-122.942129,48.47176],[-122.942729,48.473463],[-122.944341,48.475099],[-122.945152,48.476072],[-122.945033,48.477214],[-122.944531,48.478569],[-122.944267,48.480077],[-122.94449,48.482422],[-122.944708,48.484303],[-122.943824,48.486201],[-122.943402,48.487778],[-122.943014,48.490401],[-122.942474,48.494377],[-122.941799,48.496701],[-122.940281,48.498503],[-122.939145,48.499862],[-122.937866,48.502314],[-122.936193,48.503954],[-122.934519,48.505594],[-122.93375,48.508524],[-122.933345,48.510563],[-122.933161,48.512321],[-122.933291,48.512676],[-122.933898,48.51342],[-122.933916,48.513715],[-122.933684,48.514034],[-122.933297,48.514377],[-122.932538,48.515071],[-122.931924,48.515801],[-122.931855,48.516043],[-122.9322,48.516944],[-122.932068,48.517237],[-122.929734,48.518435],[-122.926712,48.52074],[-122.924059,48.521668],[-122.920671,48.522196],[-122.918816,48.52229],[-122.917484,48.522583],[-122.919028,48.521713],[-122.921912,48.521099],[-122.923831,48.520986],[-122.921507,48.519305],[-122.920268,48.519254],[-122.920228,48.518021],[-122.921543,48.51718],[-122.918651,48.517083],[-122.917479,48.515934],[-122.921719,48.515054],[-122.921925,48.512993],[-122.92375,48.511519],[-122.926364,48.51061],[-122.929911,48.509453],[-122.932337,48.507911],[-122.932659,48.506298],[-122.9331,48.505353],[-122.933784,48.504666],[-122.935543,48.503341],[-122.93712,48.501056],[-122.936383,48.500587],[-122.933906,48.500554],[-122.930841,48.501681],[-122.930087,48.502738],[-122.930932,48.504506],[-122.930657,48.505767],[-122.929384,48.505366],[-122.928223,48.504953],[-122.927881,48.504072],[-122.926964,48.50362],[-122.924164,48.503134],[-122.923396,48.503666],[-122.920763,48.504745],[-122.916517,48.50689],[-122.916076,48.508066],[-122.913489,48.510374],[-122.913141,48.512499],[-122.913787,48.513381],[-122.913128,48.514495],[-122.912319,48.518001],[-122.91625,48.519447],[-122.918521,48.519484],[-122.917226,48.520942],[-122.916508,48.521672],[-122.916112,48.524086],[-122.919171,48.531058],[-122.92212,48.539497],[-122.921606,48.543169],[-122.920439,48.546117],[-122.920093,48.5501],[-122.91969,48.550946],[-122.917808,48.550218],[-122.914272,48.549377],[-122.906739,48.549482],[-122.903896,48.550961],[-122.9009,48.554155],[-122.898081,48.556456],[-122.894476,48.556712],[-122.891599,48.557163],[-122.891144,48.557204],[-122.890704,48.558257],[-122.891387,48.559922],[-122.891784,48.563794],[-122.891999,48.566615],[-122.890623,48.568827],[-122.889236,48.570697],[-122.886279,48.571903],[-122.884445,48.572682],[-122.883736,48.572609],[-122.884474,48.571087],[-122.883513,48.570395],[-122.882701,48.569652],[-122.884152,48.568329],[-122.884734,48.566862],[-122.884312,48.565673],[-122.883928,48.56348],[-122.884,48.560757],[-122.884814,48.559355],[-122.884093,48.558662],[-122.882645,48.55804],[-122.882927,48.556689],[-122.883097,48.555938],[-122.883872,48.555615],[-122.884126,48.554683],[-122.881998,48.553868],[-122.880234,48.55355],[-122.877598,48.553304],[-122.876446,48.553099],[-122.875757,48.5531],[-122.874323,48.553119],[-122.873094,48.553237],[-122.872355,48.553509],[-122.871892,48.554014],[-122.87157,48.554653],[-122.871836,48.556116],[-122.872172,48.556414],[-122.873013,48.557128],[-122.873318,48.558121],[-122.873351,48.559209],[-122.873106,48.560119],[-122.873062,48.56089],[-122.872659,48.561123],[-122.872787,48.561642],[-122.872561,48.562348],[-122.872191,48.563515],[-122.872084,48.563798],[-122.87103,48.564579],[-122.870066,48.564916]],[[-122.530673,47.704772],[-122.530209,47.704532],[-122.529707,47.703968],[-122.529565,47.703743],[-122.529479,47.703489],[-122.52956,47.702482],[-122.529829,47.701647],[-122.530371,47.700883],[-122.530829,47.700505],[-122.53135,47.700278],[-122.531987,47.700236],[-122.532403,47.700299],[-122.532756,47.700408],[-122.533134,47.700765],[-122.532827,47.701306],[-122.533018,47.701714],[-122.533259,47.701844],[-122.533617,47.701749],[-122.534245,47.701645],[-122.534568,47.700999],[-122.534799,47.700798],[-122.535469,47.700605],[-122.53563,47.70041],[-122.534565,47.699845],[-122.534471,47.699157],[-122.534639,47.698729],[-122.534812,47.698512],[-122.535279,47.69833],[-122.535626,47.698438],[-122.536495,47.698724],[-122.53732,47.698296],[-122.538099,47.698676],[-122.538551,47.698732],[-122.539292,47.698791],[-122.539609,47.698776],[-122.539966,47.69869],[-122.541089,47.698229],[-122.54185,47.698108],[-122.54237,47.698292],[-122.542786,47.698102],[-122.543157,47.697861],[-122.543455,47.697612],[-122.544018,47.696991],[-122.544477,47.696414],[-122.545156,47.695381],[-122.545359,47.694684],[-122.54565,47.694408],[-122.546,47.69435],[-122.546324,47.693981],[-122.546271,47.693771],[-122.546024,47.693564],[-122.545438,47.693157],[-122.545204,47.692969],[-122.544842,47.692624],[-122.544274,47.692082],[-122.54379,47.691715],[-122.543237,47.691415],[-122.542851,47.691644],[-122.542762,47.691927],[-122.542815,47.692332],[-122.543141,47.693449],[-122.543258,47.693882],[-122.54324,47.694113],[-122.543093,47.694422],[-122.542887,47.69473],[-122.542118,47.695751],[-122.54184,47.696231],[-122.541334,47.696377],[-122.541051,47.696368],[-122.540263,47.696277],[-122.539847,47.696254],[-122.539519,47.696128],[-122.539298,47.695968],[-122.539019,47.695549],[-122.538634,47.695257],[-122.53831,47.695196],[-122.537794,47.695205],[-122.537505,47.695179],[-122.53711,47.695092],[-122.536718,47.694947],[-122.536153,47.69458],[-122.536233,47.69508],[-122.536093,47.69552],[-122.535789,47.695561],[-122.535047,47.69558],[-122.534682,47.695612],[-122.534128,47.695714],[-122.533719,47.695868],[-122.533413,47.696064],[-122.533232,47.696227],[-122.532813,47.696711],[-122.532253,47.69712],[-122.531833,47.697295],[-122.531158,47.697443],[-122.529954,47.69757],[-122.527724,47.697701],[-122.527418,47.697761],[-122.52697,47.697916],[-122.526238,47.698315],[-122.525659,47.698814],[-122.525633,47.699051],[-122.525766,47.699387],[-122.526421,47.700668],[-122.526726,47.701349],[-122.52682,47.7017],[-122.52683,47.702065],[-122.526638,47.702933],[-122.525665,47.705216],[-122.525511,47.706824],[-122.525345,47.707268],[-122.525008,47.707605],[-122.524555,47.70786],[-122.523783,47.708092],[-122.523181,47.708146],[-122.52289,47.708068],[-122.522475,47.70778],[-122.521788,47.706815],[-122.521298,47.706071],[-122.520673,47.705536],[-122.520233,47.70535],[-122.519235,47.705122],[-122.518695,47.705169],[-122.516748,47.705794],[-122.515901,47.705994],[-122.515128,47.706072],[-122.51407,47.706067],[-122.51297,47.705933],[-122.511706,47.705645],[-122.509708,47.70492],[-122.509158,47.704882],[-122.509063,47.705176],[-122.50914,47.705473],[-122.510912,47.707347],[-122.511448,47.708138],[-122.511961,47.70845],[-122.512414,47.708562],[-122.512953,47.70837],[-122.513741,47.708463],[-122.514373,47.708007],[-122.514889,47.707889],[-122.515067,47.707726],[-122.515211,47.707363],[-122.515948,47.707023],[-122.516326,47.706567],[-122.516657,47.706342],[-122.516927,47.706655],[-122.516885,47.707138],[-122.515764,47.707992],[-122.51478,47.708642],[-122.514315,47.708785],[-122.513044,47.708863],[-122.511888,47.709142],[-122.511518,47.709109],[-122.511093,47.708871],[-122.510375,47.708244],[-122.509638,47.707322],[-122.508269,47.705039],[-122.507703,47.704294],[-122.506755,47.703338],[-122.506022,47.701783],[-122.503884,47.695791],[-122.5035,47.695008],[-122.503513,47.694583],[-122.503763,47.693824],[-122.504213,47.692475],[-122.50615,47.687649],[-122.506036,47.687284],[-122.504656,47.686128],[-122.504547,47.685696],[-122.505009,47.684936],[-122.506924,47.682969],[-122.507519,47.68207],[-122.508227,47.680177],[-122.507917,47.674536],[-122.508194,47.670989],[-122.508083,47.669971],[-122.507072,47.667517],[-122.506579,47.666836],[-122.505203,47.665801],[-122.503886,47.66511],[-122.500668,47.663751],[-122.499351,47.663042],[-122.498598,47.662465],[-122.498353,47.661847],[-122.498514,47.661088],[-122.49898,47.660342],[-122.500046,47.659564],[-122.501268,47.659124],[-122.505839,47.657665],[-122.511087,47.655584],[-122.51243,47.655041],[-122.516395,47.653684],[-122.517773,47.653105],[-122.518127,47.652497],[-122.51826,47.651855],[-122.518276,47.651441],[-122.517996,47.651152],[-122.517423,47.650952],[-122.515896,47.65102],[-122.515378,47.650961],[-122.513639,47.650391],[-122.513114,47.650133],[-122.51148,47.648812],[-122.508218,47.646325],[-122.50764,47.645723],[-122.506456,47.643152],[-122.505689,47.642167],[-122.502786,47.639956],[-122.499709,47.638061],[-122.496404,47.636458],[-122.491698,47.634555],[-122.491134,47.634385],[-122.489591,47.634053],[-122.488963,47.633836],[-122.488642,47.633612],[-122.488665,47.633361],[-122.489067,47.632941],[-122.489595,47.632348],[-122.491391,47.630605],[-122.492408,47.629492],[-122.493205,47.628241],[-122.493438,47.627521],[-122.493656,47.625991],[-122.494397,47.623786],[-122.494398,47.623549],[-122.49432,47.623296],[-122.49367,47.622717],[-122.492096,47.621857],[-122.491166,47.621316],[-122.490826,47.620932],[-122.490783,47.620653],[-122.492908,47.620805],[-122.494469,47.621029],[-122.495521,47.621371],[-122.495829,47.622083],[-122.497387,47.623456],[-122.498581,47.624361],[-122.501127,47.625844],[-122.501862,47.626187],[-122.502334,47.626315],[-122.502617,47.626334],[-122.503076,47.626281],[-122.504421,47.625796],[-122.506133,47.625067],[-122.507302,47.624516],[-122.511401,47.622356],[-122.512647,47.621762],[-122.513864,47.621263],[-122.514275,47.621176],[-122.514676,47.621171],[-122.515316,47.621315],[-122.515454,47.621494],[-122.515797,47.62222],[-122.516066,47.622297],[-122.516468,47.62235],[-122.516985,47.622351],[-122.518561,47.622247],[-122.519513,47.622313],[-122.519689,47.622574],[-122.519982,47.623062],[-122.52101,47.622112],[-122.521346,47.621858],[-122.521994,47.621678],[-122.52262,47.621391],[-122.523907,47.620666],[-122.524899,47.620175],[-122.525466,47.619977],[-122.526019,47.620145],[-122.525559,47.620331],[-122.525627,47.620528],[-122.526215,47.620999],[-122.526176,47.621708],[-122.526996,47.622535],[-122.527192,47.623318],[-122.527365,47.623574],[-122.528013,47.624062],[-122.529186,47.62479],[-122.529803,47.625131],[-122.530362,47.625381],[-122.530614,47.624984],[-122.530986,47.624829],[-122.531807,47.624829],[-122.532119,47.624782],[-122.532738,47.624389],[-122.533099,47.624314],[-122.533517,47.624302],[-122.533896,47.624374],[-122.535143,47.624825],[-122.535475,47.624898],[-122.53612,47.624693],[-122.536751,47.624922],[-122.536931,47.625313],[-122.537232,47.626422],[-122.537389,47.626795],[-122.537546,47.627004],[-122.538019,47.627339],[-122.538811,47.627433],[-122.539013,47.627768],[-122.539239,47.627398],[-122.539154,47.62653],[-122.539,47.625831],[-122.538623,47.625107],[-122.5381,47.624752],[-122.537883,47.624458],[-122.537486,47.623351],[-122.537148,47.62299],[-122.536801,47.622929],[-122.536258,47.623081],[-122.53586,47.623088],[-122.535605,47.622968],[-122.534825,47.622305],[-122.534569,47.622204],[-122.534108,47.622158],[-122.533675,47.62224],[-122.533358,47.62254],[-122.531971,47.622646],[-122.531195,47.622861],[-122.530891,47.622832],[-122.530562,47.622688],[-122.530308,47.622417],[-122.530354,47.621719],[-122.530284,47.621468],[-122.529213,47.620113],[-122.528762,47.619644],[-122.528202,47.619067],[-122.527321,47.618346],[-122.526943,47.618095],[-122.526434,47.617919],[-122.525932,47.61787],[-122.524699,47.617949],[-122.524262,47.617918],[-122.518636,47.616822],[-122.516418,47.616487],[-122.512985,47.616294],[-122.511893,47.616038],[-122.510915,47.616057],[-122.508129,47.616657],[-122.507475,47.616721],[-122.504678,47.616181],[-122.503237,47.616429],[-122.502607,47.61677],[-122.501741,47.617762],[-122.501195,47.618122],[-122.500498,47.618134],[-122.499957,47.617831],[-122.499754,47.617318],[-122.497118,47.610527],[-122.497008,47.608922],[-122.497385,47.607678],[-122.498514,47.604944],[-122.498853,47.603305],[-122.498527,47.600241],[-122.497869,47.597938],[-122.497619,47.597502],[-122.497461,47.597222],[-122.497557,47.59703],[-122.497809,47.596908],[-122.498381,47.5969],[-122.501443,47.596972],[-122.50234,47.597113],[-122.503764,47.596901],[-122.504936,47.597311],[-122.505943,47.597488],[-122.506458,47.597472],[-122.511113,47.596878],[-122.512094,47.596777],[-122.513684,47.596925],[-122.514705,47.596687],[-122.515573,47.596541],[-122.516368,47.596062],[-122.516513,47.595699],[-122.516171,47.595306],[-122.515601,47.594969],[-122.514003,47.594474],[-122.51158,47.593879],[-122.509589,47.593641],[-122.50713,47.593647],[-122.506181,47.593907],[-122.505471,47.593699],[-122.503565,47.592541],[-122.498576,47.59009],[-122.498179,47.590002],[-122.497701,47.589998],[-122.495789,47.589259],[-122.493973,47.58882],[-122.492267,47.588516],[-122.491478,47.58849],[-122.490742,47.588304],[-122.489341,47.587708],[-122.488452,47.587458],[-122.48603,47.587091],[-122.484106,47.587072],[-122.483773,47.586814],[-122.483118,47.586315],[-122.482537,47.586005],[-122.480688,47.585302],[-122.48022,47.585021],[-122.479625,47.584504],[-122.479099,47.583716],[-122.479044,47.583512],[-122.479332,47.583414],[-122.480199,47.583466],[-122.481692,47.583138],[-122.483714,47.582531],[-122.484059,47.582232],[-122.484745,47.582179],[-122.48525,47.581915],[-122.487054,47.581913],[-122.488785,47.581638],[-122.490568,47.581272],[-122.4915,47.581106],[-122.492481,47.580897],[-122.493218,47.580588],[-122.495229,47.580021],[-122.496587,47.579372],[-122.49774,47.578371],[-122.497689,47.577912],[-122.497988,47.577622],[-122.500389,47.576572],[-122.5018,47.57561],[-122.502707,47.57526],[-122.504254,47.575032],[-122.508109,47.574725],[-122.512696,47.574143],[-122.515829,47.574182],[-122.519794,47.574305],[-122.521689,47.574801],[-122.522511,47.57526],[-122.523375,47.576108],[-122.524588,47.578335],[-122.527713,47.582014],[-122.532677,47.589558],[-122.53551,47.593227],[-122.536912,47.594489],[-122.540634,47.596577],[-122.541605,47.596898],[-122.544203,47.597006],[-122.545122,47.597241],[-122.54585,47.597728],[-122.546463,47.598789],[-122.547039,47.602469],[-122.547623,47.603426],[-122.548428,47.603851],[-122.55006,47.604173],[-122.551461,47.603978],[-122.554324,47.602694],[-122.556339,47.601306],[-122.55738,47.600248],[-122.560643,47.595421],[-122.562255,47.593881],[-122.56541,47.591366],[-122.566459,47.590943],[-122.567292,47.590759],[-122.568137,47.590872],[-122.569012,47.591277],[-122.571389,47.593041],[-122.573831,47.595095],[-122.575508,47.596987],[-122.576184,47.598512],[-122.57651,47.599846],[-122.57568,47.605154],[-122.575695,47.60735],[-122.575454,47.608765],[-122.573908,47.613004],[-122.573873,47.614866],[-122.574288,47.61591],[-122.57629,47.619039],[-122.577552,47.622043],[-122.578147,47.624354],[-122.577339,47.627774],[-122.577753,47.631463],[-122.578658,47.637333],[-122.578611,47.638279],[-122.578196,47.640365],[-122.578623,47.641712],[-122.578678,47.642136],[-122.578408,47.642477],[-122.577929,47.642722],[-122.576987,47.64291],[-122.574761,47.643432],[-122.573566,47.643901],[-122.572665,47.644527],[-122.57234,47.645392],[-122.570556,47.646613],[-122.569199,47.64719],[-122.568543,47.64694],[-122.567356,47.645834],[-122.567081,47.646027],[-122.567093,47.646509],[-122.56736,47.646963],[-122.568341,47.647578],[-122.568662,47.648044],[-122.569041,47.648002],[-122.569608,47.647763],[-122.571011,47.646816],[-122.571596,47.646522],[-122.572784,47.646143],[-122.573077,47.645948],[-122.573681,47.64516],[-122.574469,47.644864],[-122.575659,47.644592],[-122.577605,47.644491],[-122.579324,47.644705],[-122.580449,47.645112],[-122.581112,47.645654],[-122.581723,47.646622],[-122.583357,47.650039],[-122.585747,47.653166],[-122.588128,47.657918],[-122.590199,47.661393],[-122.590721,47.662668],[-122.590592,47.663248],[-122.589725,47.663749],[-122.587163,47.664658],[-122.586308,47.665129],[-122.579964,47.670294],[-122.576798,47.672546],[-122.574474,47.673365],[-122.573012,47.674387],[-122.571641,47.674898],[-122.570803,47.674824],[-122.570215,47.674449],[-122.569925,47.674012],[-122.569672,47.672556],[-122.569459,47.669435],[-122.569749,47.664925],[-122.569627,47.664408],[-122.569379,47.664031],[-122.56905,47.66376],[-122.568701,47.663751],[-122.567151,47.665012],[-122.565891,47.666776],[-122.565092,47.668453],[-122.565048,47.670156],[-122.563863,47.672132],[-122.562316,47.673538],[-122.561798,47.673795],[-122.561154,47.673883],[-122.5607,47.673837],[-122.560208,47.673752],[-122.559815,47.673582],[-122.559142,47.672859],[-122.558834,47.67233],[-122.558622,47.672111],[-122.558278,47.671902],[-122.557878,47.671671],[-122.557599,47.671765],[-122.556932,47.671971],[-122.556647,47.672489],[-122.557124,47.67238],[-122.55734,47.672199],[-122.557895,47.6725],[-122.557841,47.673087],[-122.558332,47.673782],[-122.559008,47.674657],[-122.559182,47.675004],[-122.559324,47.675713],[-122.559435,47.676046],[-122.559555,47.676261],[-122.559849,47.676439],[-122.560146,47.676422],[-122.560494,47.676511],[-122.560702,47.676162],[-122.561018,47.676074],[-122.561285,47.67622],[-122.561751,47.676492],[-122.56203,47.676816],[-122.562682,47.677598],[-122.563002,47.678054],[-122.563194,47.678676],[-122.563692,47.679974],[-122.563903,47.68027],[-122.564627,47.680924],[-122.56489,47.681319],[-122.564944,47.68185],[-122.564804,47.682864],[-122.564808,47.683265],[-122.565172,47.684566],[-122.565255,47.685018],[-122.565257,47.685392],[-122.565044,47.686519],[-122.565052,47.686915],[-122.565184,47.687508],[-122.565825,47.689417],[-122.565974,47.690013],[-122.566153,47.691277],[-122.566131,47.69222],[-122.565807,47.693702],[-122.565186,47.695583],[-122.564298,47.697813],[-122.563542,47.699111],[-122.563413,47.699549],[-122.563413,47.70088],[-122.563914,47.702178],[-122.564131,47.7032],[-122.564373,47.704692],[-122.564369,47.705509],[-122.564047,47.707377],[-122.564028,47.707924],[-122.564114,47.708264],[-122.564547,47.708995],[-122.564897,47.709495],[-122.565038,47.710018],[-122.564925,47.710575],[-122.56467,47.711078],[-122.56419,47.711693],[-122.563491,47.71234],[-122.562642,47.713037],[-122.560567,47.714351],[-122.559973,47.714638],[-122.558062,47.71655],[-122.556104,47.718989],[-122.555746,47.719159],[-122.55482,47.719333],[-122.554504,47.719449],[-122.553827,47.719904],[-122.553221,47.720449],[-122.553145,47.720644],[-122.55299,47.721301],[-122.55269,47.721303],[-122.551835,47.721218],[-122.549455,47.720988],[-122.548372,47.720817],[-122.547277,47.720482],[-122.546289,47.719883],[-122.544061,47.717858],[-122.543429,47.716611],[-122.543283,47.714925],[-122.543593,47.712084],[-122.543242,47.710565],[-122.542306,47.709679],[-122.537462,47.707369],[-122.533504,47.705795],[-122.530673,47.704772]],[[-123.581106,49.01204],[-123.578019,49.01288],[-123.573472,49.011886],[-123.569693,49.009892],[-123.551614,48.99388],[-123.53129,48.976069],[-123.517599,48.966168],[-123.501754,48.959291],[-123.462436,48.946455],[-123.414191,48.926416],[-123.384452,48.91349],[-123.375317,48.911279],[-123.350418,48.909616],[-123.343372,48.906201],[-123.33674,48.898682],[-123.331507,48.891685],[-123.325972,48.883966],[-123.324215,48.883317],[-123.319278,48.883763],[-123.317684,48.883379],[-123.313528,48.880581],[-123.311664,48.877302],[-123.314912,48.875794],[-123.312739,48.869471],[-123.312348,48.865904],[-123.313842,48.862366],[-123.315033,48.861341],[-123.317855,48.860418],[-123.32131,48.860351],[-123.327561,48.861044],[-123.32931,48.861788],[-123.333588,48.864905],[-123.335437,48.865272],[-123.341697,48.864329],[-123.349888,48.861573],[-123.354446,48.858406],[-123.358608,48.858108],[-123.366824,48.859315],[-123.37396,48.861542],[-123.381414,48.864848],[-123.386577,48.868143],[-123.389374,48.87107],[-123.388526,48.877444],[-123.39317,48.88336],[-123.39353,48.884817],[-123.392996,48.885906],[-123.392259,48.886238],[-123.391462,48.886117],[-123.387499,48.884719],[-123.38662,48.884927],[-123.384364,48.886156],[-123.383679,48.887158],[-123.383809,48.888238],[-123.386577,48.890742],[-123.38854,48.891616],[-123.39475,48.895324],[-123.397897,48.895662],[-123.40162,48.894841],[-123.402802,48.89138],[-123.403141,48.891544],[-123.406932,48.896747],[-123.406828,48.897495],[-123.404903,48.899171],[-123.404853,48.899872],[-123.407656,48.902831],[-123.411682,48.905203],[-123.465159,48.925514],[-123.533357,48.95389],[-123.546944,48.961193],[-123.570673,48.981356],[-123.58145,48.992767],[-123.585293,49.000338],[-123.584189,49.006715],[-123.581106,49.01204]],[[-122.8529,47.295017],[-122.853882,47.294637],[-122.855004,47.294241],[-122.855356,47.293766],[-122.857378,47.288449],[-122.858591,47.286521],[-122.860108,47.285052],[-122.863417,47.283394],[-122.865435,47.282628],[-122.870183,47.279869],[-122.87107,47.278893],[-122.871255,47.276736],[-122.872089,47.275393],[-122.872036,47.274256],[-122.870994,47.272878],[-122.869661,47.272307],[-122.865207,47.272289],[-122.864395,47.271694],[-122.864183,47.267855],[-122.865409,47.263228],[-122.870423,47.250884],[-122.871002,47.247318],[-122.870997,47.2458],[-122.87061,47.244701],[-122.870121,47.244327],[-122.868178,47.243858],[-122.867713,47.243571],[-122.867056,47.242517],[-122.86507,47.238787],[-122.863717,47.237147],[-122.859842,47.234605],[-122.858892,47.234545],[-122.856301,47.235228],[-122.855691,47.235018],[-122.855311,47.233867],[-122.856487,47.230327],[-122.855263,47.226335],[-122.853786,47.223558],[-122.849499,47.219434],[-122.846661,47.215006],[-122.842178,47.209501],[-122.841629,47.207818],[-122.841676,47.205411],[-122.84319,47.201546],[-122.848455,47.191805],[-122.850026,47.186559],[-122.852474,47.180725],[-122.855156,47.177235],[-122.860245,47.173511],[-122.86275,47.17121],[-122.863672,47.170553],[-122.864327,47.170253],[-122.866534,47.169591],[-122.868528,47.168697],[-122.868903,47.168615],[-122.870015,47.16857],[-122.870367,47.168435],[-122.870732,47.16818],[-122.871499,47.166993],[-122.871815,47.166683],[-122.873457,47.165597],[-122.873729,47.165329],[-122.87447,47.164343],[-122.874683,47.164143],[-122.87491,47.164001],[-122.875276,47.163941],[-122.876003,47.164073],[-122.876297,47.16406],[-122.877018,47.163847],[-122.877725,47.163568],[-122.879028,47.162762],[-122.879263,47.162654],[-122.879775,47.162786],[-122.879913,47.163112],[-122.879858,47.163459],[-122.879531,47.163841],[-122.879147,47.164168],[-122.877992,47.16492],[-122.876915,47.165565],[-122.876456,47.16583],[-122.876237,47.166047],[-122.876088,47.166398],[-122.876029,47.166924],[-122.876116,47.167781],[-122.876058,47.169656],[-122.875996,47.171495],[-122.876169,47.172968],[-122.876441,47.173915],[-122.877159,47.175281],[-122.879844,47.178556],[-122.881845,47.180779],[-122.882356,47.182089],[-122.883098,47.186148],[-122.886853,47.195392],[-122.889085,47.200139],[-122.892254,47.205846],[-122.892882,47.206601],[-122.893912,47.207379],[-122.895079,47.208143],[-122.895461,47.208292],[-122.896958,47.208183],[-122.89758,47.208189],[-122.897993,47.20835],[-122.898414,47.208864],[-122.899046,47.210593],[-122.899344,47.210931],[-122.901134,47.212366],[-122.9013,47.212811],[-122.90169,47.214201],[-122.90202,47.214641],[-122.902632,47.215066],[-122.903045,47.215226],[-122.903947,47.215271],[-122.90448,47.215439],[-122.905733,47.216239],[-122.907281,47.21778],[-122.906575,47.218161],[-122.907191,47.218545],[-122.907206,47.219016],[-122.908232,47.218558],[-122.909022,47.219879],[-122.909038,47.220567],[-122.909174,47.220756],[-122.90995,47.220262],[-122.910622,47.220508],[-122.910736,47.220703],[-122.910492,47.221673],[-122.911273,47.22135],[-122.912835,47.222076],[-122.91481,47.223368],[-122.913734,47.223582],[-122.913487,47.223761],[-122.913455,47.223955],[-122.91408,47.224002],[-122.914874,47.224104],[-122.915745,47.223768],[-122.917182,47.223343],[-122.917697,47.22335],[-122.918085,47.223416],[-122.918671,47.223657],[-122.919462,47.224289],[-122.920157,47.225361],[-122.919928,47.226045],[-122.920687,47.226374],[-122.92091,47.227438],[-122.921845,47.227176],[-122.921706,47.227558],[-122.921143,47.228749],[-122.921231,47.229144],[-122.922463,47.228616],[-122.923138,47.22973],[-122.923767,47.230769],[-122.924946,47.233708],[-122.925873,47.237365],[-122.925511,47.23737],[-122.925857,47.238036],[-122.925688,47.239285],[-122.924822,47.240885],[-122.925003,47.242017],[-122.924949,47.243241],[-122.92468,47.244145],[-122.924068,47.2451],[-122.922961,47.246051],[-122.921972,47.246733],[-122.921675,47.246742],[-122.921316,47.246634],[-122.921297,47.246294],[-122.922022,47.24548],[-122.922065,47.245262],[-122.921844,47.244869],[-122.921505,47.244728],[-122.921036,47.244793],[-122.920572,47.245063],[-122.920258,47.245402],[-122.92005,47.247417],[-122.919818,47.247988],[-122.919575,47.248145],[-122.918585,47.248516],[-122.919142,47.248721],[-122.919909,47.248564],[-122.920172,47.248663],[-122.920483,47.249082],[-122.920515,47.249792],[-122.919884,47.251445],[-122.918016,47.253654],[-122.9178,47.25456],[-122.917806,47.255567],[-122.918227,47.259094],[-122.917876,47.259864],[-122.918558,47.26142],[-122.918525,47.264674],[-122.918787,47.265874],[-122.918468,47.27023],[-122.918846,47.272351],[-122.918851,47.273853],[-122.918706,47.274041],[-122.917992,47.274515],[-122.918799,47.274846],[-122.918896,47.275298],[-122.918835,47.275934],[-122.918746,47.276274],[-122.918259,47.27691],[-122.91603,47.278188],[-122.915483,47.27872],[-122.915411,47.27977],[-122.915045,47.280103],[-122.914632,47.280858],[-122.91375,47.281296],[-122.911778,47.283047],[-122.91109,47.283488],[-122.910657,47.283581],[-122.910002,47.283561],[-122.909635,47.283594],[-122.908706,47.28397],[-122.908151,47.283887],[-122.906802,47.283279],[-122.906333,47.283216],[-122.905627,47.283283],[-122.904045,47.283293],[-122.90364,47.283364],[-122.902599,47.283723],[-122.902349,47.28313],[-122.901289,47.284219],[-122.900981,47.284428],[-122.900539,47.284643],[-122.898017,47.285063],[-122.896184,47.285431],[-122.89326,47.285225],[-122.89235,47.285348],[-122.890452,47.285806],[-122.889062,47.285873],[-122.888453,47.285764],[-122.887852,47.285587],[-122.887522,47.285149],[-122.88756,47.284897],[-122.887894,47.284432],[-122.888399,47.283932],[-122.88869,47.283719],[-122.889157,47.283107],[-122.889879,47.28164],[-122.890196,47.281189],[-122.890582,47.280858],[-122.890745,47.280583],[-122.890892,47.279686],[-122.891076,47.27932],[-122.891814,47.278941],[-122.89201,47.278729],[-122.892518,47.277783],[-122.892929,47.277481],[-122.892384,47.277502],[-122.891201,47.277604],[-122.891246,47.278396],[-122.890749,47.278684],[-122.89026,47.278864],[-122.889295,47.278508],[-122.888959,47.278542],[-122.888867,47.278791],[-122.889053,47.279004],[-122.889821,47.27972],[-122.889758,47.279947],[-122.889477,47.280156],[-122.888872,47.280274],[-122.888887,47.280612],[-122.887272,47.280933],[-122.886129,47.281116],[-122.885542,47.280886],[-122.881497,47.279696],[-122.881129,47.279609],[-122.880822,47.279716],[-122.881216,47.28004],[-122.883578,47.281123],[-122.885425,47.281869],[-122.885832,47.281971],[-122.887046,47.282195],[-122.887174,47.282368],[-122.886968,47.282567],[-122.886143,47.283201],[-122.885883,47.283472],[-122.884983,47.285075],[-122.883759,47.286612],[-122.883045,47.28735],[-122.882554,47.287666],[-122.87903,47.288459],[-122.876597,47.290125],[-122.87572,47.290344],[-122.871688,47.290415],[-122.870492,47.290777],[-122.86923,47.29231],[-122.865374,47.294159],[-122.862645,47.29613],[-122.861805,47.296499],[-122.861374,47.29612],[-122.861237,47.295045],[-122.861742,47.294439],[-122.861693,47.294232],[-122.86128,47.294392],[-122.86079,47.294715],[-122.860384,47.295085],[-122.860224,47.295329],[-122.860016,47.295997],[-122.859795,47.296217],[-122.859069,47.296364],[-122.856819,47.297062],[-122.855708,47.297531],[-122.854565,47.298298],[-122.853295,47.299732],[-122.851967,47.300601],[-122.851322,47.301304],[-122.850544,47.301623],[-122.849739,47.301839],[-122.84944,47.301798],[-122.849195,47.301584],[-122.84858,47.300846],[-122.847996,47.300855],[-122.84716,47.300795],[-122.846759,47.300602],[-122.846558,47.300233],[-122.846564,47.299721],[-122.846784,47.299163],[-122.847382,47.29844],[-122.848758,47.297004],[-122.849534,47.296423],[-122.850248,47.296046],[-122.8529,47.295017]],[[-123.240008,48.771602],[-123.237839,48.769653],[-123.237809,48.769101],[-123.238516,48.769324],[-123.240364,48.770341],[-123.241098,48.770395],[-123.243689,48.769773],[-123.24458,48.769901],[-123.245232,48.770515],[-123.246059,48.770514],[-123.24853,48.770799],[-123.249429,48.771149],[-123.250855,48.771399],[-123.251296,48.7716],[-123.254407,48.774497],[-123.25555,48.775147],[-123.265842,48.77825],[-123.270822,48.77998],[-123.272819,48.780331],[-123.274162,48.780111],[-123.274789,48.779148],[-123.27375,48.776483],[-123.271779,48.773],[-123.269957,48.770729],[-123.267223,48.767948],[-123.265594,48.766824],[-123.263473,48.766474],[-123.257709,48.766751],[-123.251029,48.767102],[-123.249093,48.767075],[-123.246823,48.766769],[-123.244935,48.766239],[-123.237362,48.762668],[-123.235252,48.762026],[-123.23087,48.760614],[-123.227632,48.760182],[-123.224936,48.75904],[-123.219542,48.759575],[-123.208054,48.757255],[-123.203441,48.755781],[-123.198877,48.753715],[-123.19711,48.753646],[-123.192187,48.752787],[-123.189446,48.751818],[-123.189106,48.751601],[-123.189269,48.750327],[-123.188972,48.750003],[-123.185998,48.749645],[-123.177751,48.746383],[-123.173792,48.745501],[-123.172833,48.744966],[-123.172349,48.744142],[-123.172662,48.743866],[-123.174454,48.744074],[-123.179476,48.744702],[-123.183426,48.745348],[-123.186298,48.745775],[-123.187245,48.745593],[-123.188396,48.74456],[-123.188434,48.743701],[-123.187257,48.74269],[-123.184011,48.741797],[-123.180957,48.740139],[-123.181171,48.739888],[-123.183645,48.739756],[-123.184299,48.73941],[-123.183196,48.73796],[-123.183103,48.737404],[-123.1839,48.736192],[-123.185546,48.734924],[-123.186903,48.734272],[-123.189404,48.733861],[-123.192491,48.734554],[-123.194561,48.733595],[-123.195106,48.733499],[-123.197642,48.733787],[-123.201547,48.733801],[-123.202933,48.732631],[-123.204113,48.732217],[-123.206161,48.731884],[-123.207631,48.731976],[-123.208429,48.732206],[-123.208742,48.732744],[-123.208243,48.73437],[-123.208523,48.73477],[-123.211768,48.735595],[-123.213006,48.737575],[-123.213699,48.738129],[-123.217856,48.739837],[-123.223643,48.741869],[-123.230209,48.744343],[-123.230453,48.744713],[-123.230197,48.745305],[-123.228256,48.746423],[-123.227955,48.746878],[-123.228089,48.747263],[-123.228729,48.74807],[-123.228884,48.748396],[-123.22905,48.749731],[-123.228975,48.750159],[-123.229353,48.751422],[-123.229606,48.751983],[-123.229989,48.752325],[-123.230334,48.752539],[-123.231122,48.752862],[-123.232151,48.753133],[-123.233253,48.753233],[-123.236271,48.753356],[-123.237413,48.753456],[-123.23987,48.753936],[-123.240856,48.752931],[-123.24143,48.753701],[-123.241904,48.753591],[-123.244394,48.754547],[-123.246139,48.755291],[-123.246737,48.756556],[-123.250546,48.758419],[-123.251579,48.75965],[-123.253616,48.760944],[-123.256559,48.762107],[-123.260718,48.763169],[-123.263776,48.763321],[-123.264716,48.763],[-123.265124,48.761845],[-123.264255,48.759033],[-123.262234,48.756422],[-123.260294,48.755075],[-123.254211,48.752607],[-123.251602,48.751353],[-123.248297,48.749653],[-123.247872,48.749241],[-123.244576,48.747904],[-123.241686,48.747007],[-123.239551,48.745744],[-123.241454,48.744768],[-123.238392,48.74205],[-123.236192,48.740533],[-123.235533,48.740446],[-123.233906,48.740843],[-123.233241,48.740783],[-123.23167,48.739885],[-123.231766,48.739525],[-123.23287,48.739034],[-123.234221,48.739687],[-123.234724,48.739373],[-123.235798,48.738176],[-123.235511,48.737997],[-123.233655,48.737842],[-123.233124,48.737612],[-123.232785,48.736978],[-123.232981,48.736534],[-123.233785,48.736184],[-123.234935,48.736908],[-123.235896,48.736141],[-123.23623,48.736076],[-123.236425,48.736271],[-123.237143,48.737739],[-123.237632,48.738079],[-123.239585,48.73854],[-123.243911,48.73965],[-123.244241,48.740132],[-123.247398,48.739945],[-123.249808,48.740922],[-123.250874,48.74151],[-123.252284,48.742295],[-123.271654,48.750161],[-123.282554,48.755359],[-123.296032,48.762298],[-123.304475,48.767781],[-123.314584,48.774833],[-123.314016,48.776754],[-123.312173,48.778909],[-123.310231,48.778517],[-123.307607,48.777074],[-123.306035,48.77795],[-123.305195,48.78115],[-123.306584,48.783888],[-123.313783,48.787378],[-123.315116,48.78863],[-123.302556,48.796062],[-123.310012,48.797849],[-123.314258,48.799689],[-123.317566,48.802182],[-123.318611,48.804288],[-123.321627,48.8199],[-123.319827,48.821685],[-123.312939,48.823014],[-123.304082,48.821597],[-123.295719,48.818829],[-123.278034,48.809673],[-123.268227,48.803399],[-123.25995,48.797067],[-123.255037,48.79207],[-123.252689,48.788919],[-123.250725,48.785019],[-123.251085,48.782482],[-123.24988,48.780558],[-123.244103,48.776924],[-123.243381,48.775857],[-123.244025,48.773957],[-123.243555,48.773281],[-123.242714,48.772917],[-123.241895,48.772332],[-123.241613,48.771895],[-123.240369,48.771778],[-123.240008,48.771602]],[[-123.187334,48.813631],[-123.183342,48.812696],[-123.172105,48.808555],[-123.168302,48.807358],[-123.130785,48.798041],[-123.128234,48.796142],[-123.120855,48.794913],[-123.114962,48.793815],[-123.114534,48.794124],[-123.114174,48.794324],[-123.113778,48.794443],[-123.11339,48.794432],[-123.110661,48.793877],[-123.107705,48.793252],[-123.107435,48.791988],[-123.104692,48.790964],[-123.092792,48.787841],[-123.077704,48.785473],[-123.064427,48.783784],[-123.050848,48.783971],[-123.046581,48.784287],[-123.044471,48.785263],[-123.043479,48.786179],[-123.043272,48.783487],[-123.044832,48.78195],[-123.050031,48.780694],[-123.058931,48.779336],[-123.064341,48.779295],[-123.071438,48.779901],[-123.078246,48.780507],[-123.082556,48.78115],[-123.08361,48.780661],[-123.082512,48.779468],[-123.084165,48.778325],[-123.087667,48.777655],[-123.092414,48.77749],[-123.096374,48.77787],[-123.103921,48.779172],[-123.108233,48.779374],[-123.111411,48.778821],[-123.111449,48.778216],[-123.108837,48.776735],[-123.104487,48.774995],[-123.099239,48.773845],[-123.098264,48.774978],[-123.092275,48.773517],[-123.090052,48.772419],[-123.091594,48.771351],[-123.088605,48.770197],[-123.088427,48.76937],[-123.088543,48.767968],[-123.092027,48.765896],[-123.092318,48.764002],[-123.097,48.764632],[-123.104853,48.764991],[-123.117022,48.765749],[-123.11824,48.765574],[-123.12029,48.765832],[-123.121029,48.76603],[-123.121841,48.766313],[-123.122751,48.766707],[-123.125095,48.766438],[-123.131028,48.765153],[-123.131678,48.764397],[-123.131077,48.763362],[-123.133198,48.762733],[-123.145174,48.763292],[-123.161317,48.763635],[-123.169268,48.765205],[-123.181289,48.768465],[-123.184594,48.769382],[-123.186933,48.771657],[-123.193613,48.772296],[-123.201413,48.774259],[-123.203207,48.775498],[-123.200547,48.776808],[-123.201955,48.778277],[-123.203274,48.783476],[-123.206896,48.783791],[-123.210271,48.786452],[-123.21302,48.790094],[-123.213945,48.792825],[-123.213696,48.794342],[-123.212969,48.795475],[-123.211905,48.796289],[-123.210977,48.796551],[-123.209593,48.796528],[-123.204862,48.794928],[-123.203574,48.794731],[-123.201784,48.794877],[-123.201093,48.79477],[-123.200502,48.794034],[-123.200101,48.79226],[-123.200022,48.788446],[-123.199821,48.787782],[-123.199449,48.787809],[-123.198478,48.788592],[-123.196285,48.791251],[-123.19604,48.792391],[-123.196395,48.792783],[-123.198752,48.793795],[-123.199387,48.794425],[-123.199893,48.795908],[-123.200523,48.797688],[-123.199733,48.7977],[-123.194688,48.797029],[-123.183871,48.794941],[-123.177833,48.79447],[-123.175401,48.794808],[-123.174533,48.795074],[-123.173439,48.795485],[-123.173767,48.795946],[-123.174288,48.796316],[-123.179418,48.797726],[-123.191527,48.801709],[-123.199623,48.803596],[-123.201897,48.804376],[-123.202829,48.80524],[-123.202793,48.80727],[-123.201483,48.808484],[-123.202812,48.81061],[-123.202702,48.810925],[-123.201723,48.81089],[-123.198974,48.809208],[-123.197994,48.808763],[-123.194766,48.807731],[-123.192752,48.80743],[-123.191917,48.807484],[-123.191251,48.807646],[-123.189976,48.808272],[-123.188195,48.809367],[-123.1878,48.809739],[-123.187618,48.810206],[-123.187651,48.811084],[-123.188032,48.813167],[-123.187772,48.813575],[-123.187334,48.813631]],[[-122.719377,48.072436],[-122.718065,48.070983],[-122.717604,48.069951],[-122.717665,48.069254],[-122.719064,48.06759],[-122.719538,48.066524],[-122.719825,48.062319],[-122.719307,48.058362],[-122.717125,48.052947],[-122.714788,48.046077],[-122.712909,48.046248],[-122.71266,48.045186],[-122.715965,48.041205],[-122.715746,48.040036],[-122.713605,48.038295],[-122.710579,48.036699],[-122.70855,48.036724],[-122.706596,48.03515],[-122.705302,48.03233],[-122.706147,48.030198],[-122.703194,48.026585],[-122.701406,48.017931],[-122.7009,48.017086],[-122.698029,48.023247],[-122.691669,48.029571],[-122.690124,48.030831],[-122.690227,48.031652],[-122.695308,48.034849],[-122.700588,48.042268],[-122.703289,48.046898],[-122.703964,48.049881],[-122.703162,48.052322],[-122.701792,48.05367],[-122.700496,48.054333],[-122.697906,48.05523],[-122.696136,48.055093],[-122.694843,48.054588],[-122.693812,48.053476],[-122.692019,48.048855],[-122.691648,48.049184],[-122.690747,48.053278],[-122.690768,48.055072],[-122.691401,48.056593],[-122.692909,48.058014],[-122.693753,48.058445],[-122.694834,48.058696],[-122.698001,48.058631],[-122.699585,48.057813],[-122.700011,48.057925],[-122.70028,48.058363],[-122.700068,48.059966],[-122.703302,48.066729],[-122.703397,48.07013],[-122.704819,48.072179],[-122.709348,48.075825],[-122.710711,48.077522],[-122.710749,48.078882],[-122.711433,48.079855],[-122.713988,48.081858],[-122.714924,48.082912],[-122.713892,48.084651],[-122.713967,48.084965],[-122.714963,48.084272],[-122.715572,48.085159],[-122.716195,48.090177],[-122.717185,48.091048],[-122.721284,48.092356],[-122.723612,48.093522],[-122.724387,48.094358],[-122.723749,48.095283],[-122.720986,48.096817],[-122.718392,48.097836],[-122.710327,48.099979],[-122.709253,48.100218],[-122.694177,48.103583],[-122.692109,48.103727],[-122.690079,48.103253],[-122.688047,48.102299],[-122.687585,48.101851],[-122.687305,48.101267],[-122.688069,48.100346],[-122.691246,48.097926],[-122.691957,48.096807],[-122.692423,48.0898],[-122.691598,48.083885],[-122.690485,48.081558],[-122.686378,48.075731],[-122.685206,48.073079],[-122.68607,48.067625],[-122.68498,48.064917],[-122.68483,48.059476],[-122.682688,48.05542],[-122.682799,48.053702],[-122.684408,48.050081],[-122.684528,48.048593],[-122.68335,48.04509],[-122.681673,48.042282],[-122.67709,48.036437],[-122.67537,48.035312],[-122.670177,48.033605],[-122.668864,48.032456],[-122.66879,48.029735],[-122.671571,48.020174],[-122.670267,48.017716],[-122.670463,48.016785],[-122.672903,48.014861],[-122.679457,48.01191],[-122.685005,48.009126],[-122.688488,48.008395],[-122.691226,48.009284],[-122.69787,48.014805],[-122.710121,48.020373],[-122.714253,48.023043],[-122.718328,48.023671],[-122.721428,48.025674],[-122.722804,48.025891],[-122.72447,48.025635],[-122.725484,48.025622],[-122.726736,48.028663],[-122.727628,48.029678],[-122.729695,48.031012],[-122.733868,48.035042],[-122.733906,48.036402],[-122.735993,48.038417],[-122.736129,48.043178],[-122.738196,48.044513],[-122.739288,48.04722],[-122.742409,48.049902],[-122.740478,48.053329],[-122.739619,48.058784],[-122.739176,48.066305],[-122.740964,48.070333],[-122.742293,48.071085],[-122.748087,48.070922],[-122.749121,48.071589],[-122.74715,48.073656],[-122.740222,48.079868],[-122.735224,48.082654],[-122.728235,48.086825],[-122.726733,48.087633],[-122.726224,48.087531],[-122.725912,48.086527],[-122.727124,48.083437],[-122.725954,48.078009],[-122.724476,48.076075],[-122.719377,48.072436]],[[-123.26841,48.857376],[-123.26394,48.855428],[-123.251315,48.850399],[-123.244212,48.847756],[-123.243205,48.846863],[-123.243138,48.846208],[-123.243699,48.846002],[-123.247025,48.846706],[-123.248245,48.84646],[-123.24978,48.845242],[-123.248033,48.841208],[-123.247661,48.839946],[-123.247947,48.838898],[-123.246185,48.837473],[-123.245721,48.836399],[-123.244609,48.835336],[-123.246174,48.833782],[-123.24585,48.831551],[-123.245758,48.830956],[-123.247306,48.830465],[-123.25027,48.829689],[-123.254706,48.828685],[-123.255211,48.8284],[-123.254404,48.82807],[-123.247736,48.827028],[-123.245477,48.826487],[-123.243004,48.823769],[-123.242253,48.824825],[-123.24039,48.825029],[-123.238474,48.824924],[-123.234663,48.824166],[-123.231933,48.823531],[-123.230664,48.822889],[-123.229962,48.822272],[-123.229758,48.8213],[-123.23082,48.819494],[-123.231809,48.818769],[-123.231918,48.818203],[-123.231405,48.817525],[-123.227333,48.814806],[-123.226758,48.814149],[-123.227334,48.813809],[-123.228811,48.814046],[-123.233996,48.815341],[-123.238782,48.816531],[-123.239787,48.817066],[-123.241753,48.819799],[-123.242419,48.8202],[-123.243284,48.819179],[-123.245687,48.818827],[-123.248014,48.818841],[-123.250744,48.819393],[-123.277452,48.823312],[-123.312923,48.829626],[-123.318938,48.831202],[-123.323114,48.833362],[-123.322839,48.83691],[-123.326577,48.841027],[-123.326083,48.841661],[-123.321676,48.843067],[-123.321586,48.843655],[-123.328115,48.848724],[-123.338695,48.851724],[-123.34039,48.852761],[-123.341946,48.855021],[-123.341204,48.856043],[-123.336902,48.85659],[-123.326989,48.855194],[-123.313496,48.851605],[-123.308002,48.850214],[-123.303795,48.849951],[-123.300946,48.850859],[-123.296461,48.856161],[-123.296435,48.857926],[-123.300929,48.862841],[-123.301267,48.864162],[-123.300814,48.865537],[-123.293562,48.871342],[-123.289091,48.872274],[-123.285377,48.871566],[-123.277288,48.867712],[-123.27498,48.866966],[-123.263521,48.865546],[-123.260296,48.864664],[-123.256429,48.862725],[-123.248866,48.857372],[-123.244866,48.85617],[-123.244728,48.85562],[-123.245496,48.854892],[-123.247809,48.85519],[-123.251409,48.855914],[-123.252797,48.856467],[-123.256382,48.859459],[-123.258194,48.860027],[-123.26018,48.860374],[-123.261906,48.860472],[-123.264041,48.860294],[-123.265481,48.859763],[-123.266997,48.858761],[-123.267855,48.858068],[-123.26841,48.857376]],[[-122.689009,48.734781],[-122.689513,48.733466],[-122.690223,48.732353],[-122.691122,48.731361],[-122.69128,48.730378],[-122.689945,48.729045],[-122.687095,48.726627],[-122.682541,48.72288],[-122.682702,48.722019],[-122.683227,48.720909],[-122.681724,48.720191],[-122.681305,48.718479],[-122.682126,48.717262],[-122.682634,48.716107],[-122.680252,48.713953],[-122.677808,48.712756],[-122.672954,48.710485],[-122.671162,48.708415],[-122.66816,48.705758],[-122.667215,48.704419],[-122.665556,48.700529],[-122.664646,48.697594],[-122.661621,48.696929],[-122.661235,48.697584],[-122.659302,48.697365],[-122.6599,48.696694],[-122.659884,48.695419],[-122.655603,48.694011],[-122.65207,48.694378],[-122.650996,48.693867],[-122.648146,48.692383],[-122.645132,48.690579],[-122.642101,48.688162],[-122.638905,48.686482],[-122.635313,48.683826],[-122.632081,48.680797],[-122.629802,48.678739],[-122.628475,48.67765],[-122.627216,48.679015],[-122.625863,48.676945],[-122.624493,48.674262],[-122.624259,48.672425],[-122.624222,48.671076],[-122.622364,48.670852],[-122.620912,48.671974],[-122.619411,48.671255],[-122.618072,48.669676],[-122.617652,48.667841],[-122.618187,48.667098],[-122.618326,48.665379],[-122.616081,48.664547],[-122.614703,48.661496],[-122.613698,48.658563],[-122.612105,48.65441],[-122.610945,48.652583],[-122.609795,48.651124],[-122.609746,48.649284],[-122.61007,48.647563],[-122.609469,48.645852],[-122.609215,48.645376],[-122.608689,48.644389],[-122.608111,48.643537],[-122.608819,48.642302],[-122.608733,48.640984],[-122.608393,48.640462],[-122.610848,48.642032],[-122.612729,48.643115],[-122.614791,48.644072],[-122.616341,48.645337],[-122.618199,48.646854],[-122.620655,48.648665],[-122.624575,48.649846],[-122.626995,48.650308],[-122.631074,48.650505],[-122.633497,48.65109],[-122.635749,48.652167],[-122.640484,48.656037],[-122.644822,48.658929],[-122.648791,48.661826],[-122.649976,48.664511],[-122.651127,48.66597],[-122.653925,48.666672],[-122.655635,48.668247],[-122.658656,48.670296],[-122.66208,48.673567],[-122.666452,48.677563],[-122.671507,48.679464],[-122.673225,48.681283],[-122.675324,48.683466],[-122.677433,48.686017],[-122.678235,48.688215],[-122.678101,48.690057],[-122.679624,48.691511],[-122.681926,48.694304],[-122.683842,48.697315],[-122.686198,48.701244],[-122.687046,48.705037],[-122.688785,48.707592],[-122.690411,48.710246],[-122.692797,48.711836],[-122.696472,48.712983],[-122.699489,48.713372],[-122.699951,48.713787],[-122.699174,48.714456],[-122.698788,48.715073],[-122.699675,48.716296],[-122.701885,48.717054],[-122.705368,48.717239],[-122.706849,48.71706],[-122.711559,48.716674],[-122.713684,48.716239],[-122.716433,48.71637],[-122.717973,48.716259],[-122.718513,48.716546],[-122.71872,48.71728],[-122.718428,48.718494],[-122.718412,48.719492],[-122.718832,48.721204],[-122.719965,48.721865],[-122.720768,48.722168],[-122.721495,48.723828],[-122.720612,48.725107],[-122.719902,48.72622],[-122.719563,48.727159],[-122.720539,48.729033],[-122.722068,48.730609],[-122.721365,48.731967],[-122.721052,48.733312],[-122.719805,48.735789],[-122.719563,48.739244],[-122.71842,48.741148],[-122.717455,48.742867],[-122.716182,48.744673],[-122.715207,48.74685],[-122.715243,48.747273],[-122.715642,48.748368],[-122.715649,48.748597],[-122.715157,48.748694],[-122.71483,48.748717],[-122.713572,48.748059],[-122.711727,48.747213],[-122.71008,48.746822],[-122.709169,48.746391],[-122.706178,48.745158],[-122.701277,48.742398],[-122.699927,48.740575],[-122.698228,48.739492],[-122.695738,48.736701],[-122.69422,48.735493],[-122.691234,48.734794],[-122.69003,48.734732],[-122.689009,48.734781]],[[-123.978534,46.496305],[-123.979599,46.4933],[-123.979717,46.491917],[-123.978788,46.489544],[-123.977177,46.487176],[-123.976298,46.486739],[-123.973533,46.486642],[-123.972602,46.486236],[-123.971281,46.483775],[-123.971083,46.482247],[-123.97131,46.480215],[-123.972548,46.478727],[-123.972019,46.477139],[-123.970677,46.475362],[-123.968124,46.473173],[-123.965579,46.471861],[-123.965046,46.471912],[-123.963962,46.472691],[-123.96351,46.472811],[-123.958541,46.472023],[-123.955685,46.471174],[-123.953523,46.470185],[-123.950666,46.468096],[-123.945825,46.466248],[-123.944077,46.465146],[-123.943072,46.463926],[-123.942561,46.46192],[-123.943322,46.458525],[-123.947682,46.45083],[-123.948165,46.446946],[-123.944509,46.440848],[-123.943755,46.438632],[-123.94579,46.432026],[-123.945523,46.430083],[-123.943924,46.428472],[-123.943432,46.426984],[-123.941879,46.425646],[-123.939768,46.424437],[-123.93725,46.424207],[-123.936697,46.423913],[-123.936323,46.422033],[-123.935684,46.421215],[-123.935288,46.419808],[-123.935537,46.418778],[-123.937228,46.416446],[-123.939331,46.413917],[-123.939512,46.413035],[-123.940464,46.411674],[-123.940736,46.411405],[-123.941774,46.411141],[-123.944374,46.410774],[-123.945142,46.410625],[-123.946088,46.410494],[-123.94782,46.410236],[-123.949719,46.410127],[-123.950968,46.410186],[-123.954051,46.410725],[-123.955104,46.41079],[-123.9559,46.410543],[-123.957644,46.409195],[-123.958385,46.408942],[-123.959441,46.408979],[-123.961966,46.409518],[-123.962734,46.40947],[-123.964817,46.408867],[-123.965805,46.408531],[-123.966211,46.408658],[-123.966702,46.409294],[-123.966502,46.410059],[-123.965377,46.411639],[-123.965279,46.412264],[-123.965841,46.414244],[-123.967595,46.416444],[-123.967583,46.417542],[-123.968312,46.419546],[-123.970073,46.421878],[-123.969985,46.423354],[-123.969165,46.424769],[-123.965734,46.429224],[-123.965147,46.430768],[-123.965103,46.43303],[-123.966145,46.43506],[-123.968021,46.437042],[-123.971363,46.439618],[-123.974127,46.440893],[-123.979629,46.442368],[-123.987688,46.444689],[-123.989902,46.445855],[-123.991981,46.448208],[-123.993005,46.449799],[-123.993962,46.451779],[-123.994166,46.453408],[-123.994473,46.454063],[-123.995232,46.454978],[-123.995008,46.455135],[-123.991776,46.454472],[-123.991293,46.454491],[-123.990993,46.454755],[-123.991017,46.457549],[-123.990327,46.462085],[-123.990818,46.466038],[-123.993843,46.468264],[-123.994008,46.468574],[-123.993695,46.478873],[-123.992851,46.488628],[-123.992285,46.489813],[-123.989245,46.49323],[-123.988596,46.496514],[-123.987542,46.49765],[-123.985557,46.498251],[-123.98166,46.498896],[-123.979951,46.498259],[-123.978972,46.497427],[-123.978534,46.496305]],[[-122.711864,48.608698],[-122.710417,48.606675],[-122.709327,48.606008],[-122.705176,48.604431],[-122.704617,48.603929],[-122.703592,48.601992],[-122.703091,48.601444],[-122.702191,48.601061],[-122.698904,48.600236],[-122.698405,48.599695],[-122.697429,48.597578],[-122.696776,48.597063],[-122.695544,48.597149],[-122.694491,48.59663],[-122.693894,48.596049],[-122.694023,48.595628],[-122.695751,48.594467],[-122.695879,48.594064],[-122.695657,48.593681],[-122.695211,48.592812],[-122.694473,48.592175],[-122.692352,48.59126],[-122.691574,48.590435],[-122.691468,48.58987],[-122.692113,48.589462],[-122.694724,48.589359],[-122.696175,48.589578],[-122.696919,48.591693],[-122.699575,48.5903],[-122.699563,48.58991],[-122.69338,48.585559],[-122.687088,48.580202],[-122.685331,48.579258],[-122.679197,48.57729],[-122.67755,48.576201],[-122.675436,48.57333],[-122.671417,48.568847],[-122.670528,48.56761],[-122.670283,48.566357],[-122.670825,48.564497],[-122.671234,48.564189],[-122.672695,48.563947],[-122.673068,48.564122],[-122.674639,48.566436],[-122.675139,48.566623],[-122.675496,48.566547],[-122.678447,48.564006],[-122.683467,48.560548],[-122.68526,48.558896],[-122.68677,48.558177],[-122.688857,48.557124],[-122.695591,48.554963],[-122.696511,48.554014],[-122.697008,48.552489],[-122.696654,48.551996],[-122.696316,48.551935],[-122.694129,48.552359],[-122.690219,48.553788],[-122.689043,48.55433],[-122.68893,48.553804],[-122.687854,48.553501],[-122.684514,48.553365],[-122.683572,48.553181],[-122.682831,48.552854],[-122.682446,48.552501],[-122.681882,48.550072],[-122.681863,48.547141],[-122.682837,48.545187],[-122.683983,48.544212],[-122.685767,48.54357],[-122.686733,48.543535],[-122.690119,48.544114],[-122.691038,48.544098],[-122.694196,48.543532],[-122.699452,48.543533],[-122.706534,48.541469],[-122.716046,48.54021],[-122.720466,48.53973],[-122.721775,48.540356],[-122.722617,48.542061],[-122.721935,48.545803],[-122.722098,48.548188],[-122.723922,48.549548],[-122.724136,48.55121],[-122.722646,48.55694],[-122.721601,48.558371],[-122.718794,48.561018],[-122.718732,48.562323],[-122.720393,48.563485],[-122.724544,48.565471],[-122.727469,48.566032],[-122.728435,48.565098],[-122.729331,48.565219],[-122.731253,48.566511],[-122.73385,48.567162],[-122.736704,48.56948],[-122.738891,48.57244],[-122.739494,48.575028],[-122.73785,48.579018],[-122.738298,48.582327],[-122.740259,48.584353],[-122.740459,48.584968],[-122.739455,48.58566],[-122.738018,48.586081],[-122.733642,48.586691],[-122.73233,48.587109],[-122.729865,48.588438],[-122.729318,48.589185],[-122.730374,48.590644],[-122.730794,48.59302],[-122.729624,48.594451],[-122.729642,48.594748],[-122.729965,48.595648],[-122.729368,48.5958],[-122.729396,48.596039],[-122.728447,48.595855],[-122.728076,48.595853],[-122.726064,48.596412],[-122.72452,48.597076],[-122.723761,48.597685],[-122.723642,48.597946],[-122.723799,48.598248],[-122.724505,48.598901],[-122.724699,48.599254],[-122.724371,48.600991],[-122.724544,48.601202],[-122.725503,48.601771],[-122.725598,48.60205],[-122.724166,48.603655],[-122.723339,48.604272],[-122.722762,48.604418],[-122.721683,48.604396],[-122.721163,48.604486],[-122.720292,48.604824],[-122.719216,48.60538],[-122.71901,48.605691],[-122.719315,48.606912],[-122.719056,48.607127],[-122.716507,48.60785],[-122.713853,48.608805],[-122.712484,48.608957],[-122.711864,48.608698]],[[-123.376156,46.18774],[-123.367287,46.184131],[-123.36232,46.181098],[-123.360718,46.179979],[-123.357964,46.177296],[-123.356637,46.175873],[-123.356906,46.173735],[-123.357028,46.173042],[-123.355369,46.172154],[-123.355041,46.171719],[-123.354184,46.170602],[-123.352472,46.170067],[-123.351744,46.170689],[-123.351905,46.171278],[-123.353394,46.172925],[-123.352854,46.172848],[-123.35173,46.172558],[-123.349115,46.17078],[-123.341951,46.165158],[-123.340284,46.164143],[-123.334585,46.159147],[-123.332272,46.157577],[-123.328851,46.15485],[-123.328049,46.152914],[-123.329623,46.151285],[-123.333209,46.150643],[-123.336216,46.148908],[-123.339665,46.148776],[-123.344218,46.14827],[-123.34755,46.147716],[-123.354334,46.149854],[-123.35606,46.150459],[-123.363743,46.149874],[-123.369478,46.150368],[-123.371784,46.15055],[-123.375797,46.152293],[-123.377486,46.1534],[-123.380047,46.155743],[-123.382079,46.157185],[-123.393741,46.165047],[-123.397978,46.168154],[-123.400437,46.169293],[-123.408028,46.171952],[-123.420466,46.176281],[-123.42527,46.180369],[-123.426265,46.184366],[-123.425442,46.189396],[-123.426102,46.193338],[-123.425151,46.200348],[-123.424658,46.20253],[-123.423812,46.204224],[-123.422667,46.205765],[-123.421831,46.206553],[-123.421436,46.206702],[-123.421122,46.206637],[-123.420832,46.206296],[-123.420674,46.205009],[-123.420348,46.204637],[-123.41451,46.201173],[-123.407734,46.197769],[-123.402931,46.195773],[-123.400783,46.195475],[-123.399256,46.195811],[-123.396799,46.195361],[-123.394955,46.194736],[-123.392678,46.194212],[-123.376156,46.18774]],[[-122.651765,48.570283],[-122.65161,48.576516],[-122.652312,48.584014],[-122.651666,48.5858],[-122.650201,48.587604],[-122.648668,48.588667],[-122.647249,48.589159],[-122.645529,48.589245],[-122.644328,48.588873],[-122.641264,48.587165],[-122.639118,48.585539],[-122.637675,48.584058],[-122.636939,48.582813],[-122.635869,48.579435],[-122.635084,48.578196],[-122.631341,48.575541],[-122.629392,48.572925],[-122.628517,48.572081],[-122.624634,48.569662],[-122.617079,48.565424],[-122.610831,48.561422],[-122.602556,48.558122],[-122.597351,48.554787],[-122.590137,48.552833],[-122.583872,48.551439],[-122.581648,48.550395],[-122.578928,48.548091],[-122.580425,48.548268],[-122.580134,48.547388],[-122.579255,48.546404],[-122.578462,48.545935],[-122.577603,48.544841],[-122.576629,48.54307],[-122.575426,48.538058],[-122.575776,48.53702],[-122.577228,48.535263],[-122.577385,48.534707],[-122.577198,48.534219],[-122.576688,48.533867],[-122.574848,48.533391],[-122.574343,48.533126],[-122.573115,48.531888],[-122.572685,48.529903],[-122.572829,48.529263],[-122.573343,48.52882],[-122.574026,48.528665],[-122.574604,48.52868],[-122.575739,48.528971],[-122.576812,48.529356],[-122.578059,48.529996],[-122.578801,48.530452],[-122.579271,48.53098],[-122.579611,48.531075],[-122.580514,48.531924],[-122.581677,48.53254],[-122.582335,48.532645],[-122.584181,48.532403],[-122.584784,48.532442],[-122.586673,48.532937],[-122.588275,48.533416],[-122.589654,48.534497],[-122.589766,48.534873],[-122.589434,48.535798],[-122.589688,48.536202],[-122.590684,48.53668],[-122.59192,48.536864],[-122.594509,48.536772],[-122.597252,48.537178],[-122.598996,48.536975],[-122.601979,48.536391],[-122.606669,48.535152],[-122.609531,48.533557],[-122.612645,48.532254],[-122.61448,48.531495],[-122.61689,48.530688],[-122.619491,48.529757],[-122.622283,48.528936],[-122.627765,48.527807],[-122.633375,48.526238],[-122.635443,48.525939],[-122.638059,48.526004],[-122.641464,48.526503],[-122.644393,48.527189],[-122.647701,48.528194],[-122.649592,48.52894],[-122.650568,48.529661],[-122.652258,48.532061],[-122.65347,48.534904],[-122.653533,48.547125],[-122.653382,48.549437],[-122.652749,48.551223],[-122.651511,48.553046],[-122.649062,48.5561],[-122.645747,48.558018],[-122.644813,48.559907],[-122.644743,48.56201],[-122.645475,48.564283],[-122.64659,48.565751],[-122.650779,48.569232],[-122.651765,48.570283]],[[-122.674827,47.168915],[-122.674571,47.165612],[-122.674165,47.163854],[-122.674292,47.163382],[-122.675369,47.162267],[-122.675508,47.161841],[-122.675344,47.161357],[-122.674411,47.159884],[-122.674304,47.159324],[-122.67448,47.158029],[-122.6756,47.153636],[-122.67553,47.152962],[-122.67393,47.150744],[-122.673924,47.150537],[-122.674622,47.150184],[-122.676919,47.149536],[-122.677698,47.149156],[-122.678089,47.148502],[-122.67844,47.147058],[-122.678448,47.145412],[-122.67814,47.144868],[-122.676564,47.143777],[-122.676246,47.143362],[-122.676311,47.143026],[-122.676928,47.142443],[-122.677926,47.141992],[-122.678757,47.141764],[-122.681972,47.141179],[-122.683353,47.140808],[-122.683793,47.140845],[-122.684436,47.141225],[-122.68525,47.141928],[-122.686552,47.143723],[-122.687263,47.144337],[-122.687876,47.144621],[-122.689834,47.144923],[-122.690649,47.145068],[-122.69125,47.145285],[-122.692297,47.145972],[-122.692532,47.146162],[-122.692901,47.146106],[-122.693938,47.14607],[-122.695787,47.146218],[-122.696254,47.146294],[-122.697577,47.14621],[-122.698706,47.146256],[-122.698437,47.146437],[-122.698165,47.146538],[-122.697639,47.14647],[-122.697326,47.146522],[-122.697392,47.146719],[-122.697768,47.146781],[-122.697979,47.14692],[-122.69801,47.147167],[-122.698421,47.147216],[-122.698659,47.147544],[-122.698487,47.147771],[-122.698903,47.147727],[-122.699257,47.147838],[-122.699495,47.148063],[-122.699862,47.148541],[-122.700334,47.148651],[-122.700191,47.148208],[-122.700199,47.147968],[-122.70013,47.147712],[-122.699967,47.147475],[-122.700145,47.146997],[-122.699611,47.147026],[-122.699312,47.147048],[-122.698971,47.146785],[-122.698993,47.146482],[-122.69915,47.146155],[-122.699207,47.145921],[-122.699131,47.1457],[-122.69878,47.14507],[-122.698736,47.144676],[-122.699078,47.144285],[-122.698731,47.144095],[-122.698096,47.144021],[-122.697059,47.144019],[-122.696771,47.143874],[-122.696529,47.14343],[-122.696172,47.142719],[-122.696315,47.142375],[-122.696103,47.141826],[-122.696154,47.141244],[-122.696445,47.140749],[-122.69756,47.140107],[-122.698202,47.140034],[-122.700608,47.140364],[-122.701114,47.140198],[-122.702368,47.139235],[-122.702918,47.13903],[-122.703724,47.13909],[-122.704405,47.139367],[-122.705113,47.14011],[-122.705359,47.140948],[-122.705342,47.141932],[-122.705417,47.143666],[-122.706151,47.143948],[-122.706551,47.144291],[-122.706701,47.144671],[-122.706727,47.145221],[-122.706968,47.145513],[-122.707485,47.1458],[-122.708547,47.145921],[-122.708719,47.14611],[-122.708894,47.147128],[-122.709254,47.146798],[-122.709479,47.146035],[-122.70948,47.14491],[-122.709099,47.144342],[-122.708937,47.14342],[-122.708385,47.14301],[-122.709186,47.142732],[-122.709296,47.142457],[-122.708893,47.142006],[-122.708628,47.14117],[-122.708411,47.139671],[-122.707418,47.138389],[-122.706939,47.137278],[-122.705845,47.136383],[-122.705044,47.135455],[-122.703367,47.134404],[-122.703131,47.133766],[-122.703594,47.13312],[-122.703602,47.132537],[-122.703343,47.131964],[-122.702974,47.131995],[-122.70248,47.133104],[-122.701552,47.134278],[-122.701055,47.135685],[-122.700984,47.136439],[-122.700726,47.136742],[-122.700381,47.136633],[-122.69998,47.136459],[-122.698721,47.136162],[-122.698419,47.13627],[-122.697727,47.135727],[-122.696392,47.134821],[-122.69617,47.134497],[-122.695921,47.13356],[-122.69449,47.131135],[-122.694265,47.130906],[-122.693037,47.130123],[-122.693759,47.129133],[-122.695079,47.12709],[-122.696125,47.126069],[-122.697728,47.1252],[-122.698454,47.124922],[-122.699584,47.124619],[-122.701108,47.124481],[-122.70208,47.124459],[-122.702922,47.124532],[-122.703364,47.124765],[-122.703427,47.125195],[-122.703261,47.126554],[-122.703361,47.127819],[-122.703302,47.128038],[-122.702975,47.128591],[-122.703017,47.128807],[-122.70335,47.128995],[-122.703766,47.129035],[-122.704291,47.128574],[-122.705322,47.128479],[-122.704031,47.128095],[-122.704443,47.127892],[-122.705351,47.128198],[-122.705708,47.128221],[-122.706512,47.128076],[-122.70787,47.127587],[-122.708502,47.12744],[-122.709225,47.12752],[-122.711422,47.128043],[-122.713068,47.128805],[-122.714925,47.1301],[-122.71611,47.131192],[-122.719597,47.13579],[-122.721243,47.137392],[-122.728185,47.140773],[-122.731077,47.143767],[-122.732409,47.146358],[-122.733471,47.146859],[-122.73843,47.14877],[-122.741084,47.150375],[-122.742029,47.152001],[-122.741711,47.152948],[-122.740685,47.154194],[-122.737418,47.156884],[-122.73478,47.158201],[-122.732987,47.158779],[-122.730991,47.159091],[-122.727873,47.159851],[-122.726712,47.160047],[-122.726189,47.160017],[-122.726325,47.159515],[-122.724311,47.158889],[-122.722074,47.156709],[-122.721349,47.156523],[-122.719319,47.156759],[-122.718765,47.156766],[-122.71891,47.157232],[-122.719086,47.157877],[-122.719575,47.158541],[-122.720977,47.159472],[-122.723223,47.160559],[-122.723544,47.160893],[-122.724094,47.161952],[-122.724484,47.16227],[-122.725079,47.16246],[-122.72692,47.162507],[-122.727713,47.16266],[-122.728708,47.163246],[-122.729039,47.164191],[-122.72913,47.167451],[-122.729185,47.168147],[-122.728812,47.169398],[-122.727786,47.171025],[-122.726096,47.173423],[-122.724855,47.174842],[-122.72269,47.17651],[-122.719579,47.178215],[-122.716025,47.1793],[-122.7134,47.181742],[-122.712775,47.181845],[-122.712648,47.181598],[-122.713402,47.180213],[-122.713315,47.179936],[-122.71293,47.179893],[-122.711113,47.183554],[-122.709685,47.185367],[-122.708742,47.186174],[-122.707452,47.18693],[-122.706543,47.187248],[-122.705526,47.187237],[-122.703734,47.186597],[-122.701615,47.185602],[-122.698441,47.184409],[-122.696705,47.184134],[-122.692145,47.184486],[-122.6907,47.184266],[-122.686189,47.182171],[-122.682189,47.181452],[-122.681105,47.180975],[-122.677628,47.177536],[-122.674164,47.174874],[-122.673355,47.174088],[-122.673269,47.173558],[-122.673741,47.172294],[-122.674069,47.171359],[-122.674827,47.168915]],[[-123.013962,48.586859],[-123.011603,48.587103],[-123.009498,48.586461],[-123.009962,48.584877],[-123.007372,48.584641],[-123.006218,48.58411],[-123.005417,48.584876],[-123.003975,48.584999],[-123.003069,48.585698],[-123.001215,48.585862],[-123.000265,48.585259],[-122.999384,48.586711],[-122.998191,48.58709],[-122.995099,48.58835],[-122.993957,48.587885],[-122.992713,48.588426],[-122.991012,48.589498],[-122.989936,48.590351],[-122.987508,48.59151],[-122.985068,48.59105],[-122.981818,48.59125],[-122.98154,48.592213],[-122.977627,48.592613],[-122.975628,48.591919],[-122.972285,48.591025],[-122.97054,48.590736],[-122.969037,48.590543],[-122.967778,48.593097],[-122.968844,48.59411],[-122.967504,48.594198],[-122.966713,48.595305],[-122.965722,48.593401],[-122.966826,48.592426],[-122.965866,48.589904],[-122.96262,48.589803],[-122.959642,48.589102],[-122.959599,48.587801],[-122.951443,48.587917],[-122.949645,48.587429],[-122.947327,48.587599],[-122.943662,48.585286],[-122.942244,48.586129],[-122.94181,48.584696],[-122.941222,48.584087],[-122.940626,48.583205],[-122.941684,48.582402],[-122.943174,48.582141],[-122.944607,48.580955],[-122.943603,48.57864],[-122.942048,48.578456],[-122.941569,48.576407],[-122.940778,48.576692],[-122.940047,48.576463],[-122.939773,48.575953],[-122.93805,48.576183],[-122.938474,48.574968],[-122.936723,48.57346],[-122.932442,48.573797],[-122.929654,48.575205],[-122.929717,48.577191],[-122.931613,48.57833],[-122.931406,48.579121],[-122.932084,48.580961],[-122.93121,48.581077],[-122.929458,48.581992],[-122.92995,48.582663],[-122.930379,48.583247],[-122.928382,48.584951],[-122.926645,48.585287],[-122.924816,48.584593],[-122.923147,48.584891],[-122.9215,48.586827],[-122.919916,48.58664],[-122.917343,48.585106],[-122.91637,48.584282],[-122.914852,48.583911],[-122.910368,48.583356],[-122.905892,48.58223],[-122.903802,48.581003],[-122.902936,48.579417],[-122.904441,48.578025],[-122.904991,48.575824],[-122.907911,48.573453],[-122.909801,48.571165],[-122.91143,48.570457],[-122.91554,48.566562],[-122.916867,48.566064],[-122.918102,48.564367],[-122.919491,48.564176],[-122.921171,48.565044],[-122.92318,48.566523],[-122.926226,48.564904],[-122.924251,48.564281],[-122.923285,48.563666],[-122.922789,48.56294],[-122.92355,48.562092],[-122.925452,48.562379],[-122.925447,48.563133],[-122.929141,48.564041],[-122.932767,48.564401],[-122.936168,48.564216],[-122.939959,48.562279],[-122.940083,48.561231],[-122.938298,48.559685],[-122.937929,48.558016],[-122.939488,48.55747],[-122.940931,48.558182],[-122.943155,48.558674],[-122.944158,48.559031],[-122.945298,48.561575],[-122.947645,48.561517],[-122.950302,48.560248],[-122.945045,48.557716],[-122.94468,48.556008],[-122.942556,48.554187],[-122.941745,48.554088],[-122.941169,48.552768],[-122.945036,48.547846],[-122.947405,48.547675],[-122.948752,48.54645],[-122.951177,48.5483],[-122.957291,48.550139],[-122.959963,48.549758],[-122.960544,48.55026],[-122.960525,48.551189],[-122.962706,48.551569],[-122.963076,48.550262],[-122.965725,48.549558],[-122.96721,48.550408],[-122.967986,48.553618],[-122.968412,48.5556],[-122.969189,48.555691],[-122.97045,48.554201],[-122.973088,48.552907],[-122.97511,48.55204],[-122.976603,48.551952],[-122.97814,48.551587],[-122.979206,48.552634],[-122.980481,48.553712],[-122.980407,48.554604],[-122.981167,48.555758],[-122.98411,48.555784],[-122.986977,48.558045],[-122.987982,48.558915],[-122.987978,48.559706],[-122.988325,48.56148],[-122.984901,48.562054],[-122.982124,48.561296],[-122.979436,48.559621],[-122.979615,48.558796],[-122.978022,48.557449],[-122.974906,48.558453],[-122.972267,48.558251],[-122.971344,48.558436],[-122.971986,48.559146],[-122.975093,48.561149],[-122.976714,48.562486],[-122.97984,48.565647],[-122.979867,48.566469],[-122.980183,48.567252],[-122.979609,48.569625],[-122.982246,48.567641],[-122.982695,48.566901],[-122.984422,48.566667],[-122.985145,48.56838],[-122.983944,48.569563],[-122.987072,48.570502],[-122.988704,48.572153],[-122.989702,48.573709],[-122.99,48.574683],[-122.992401,48.575471],[-122.994116,48.577365],[-122.996114,48.578432],[-122.998013,48.579638],[-122.997434,48.58088],[-123.000776,48.581997],[-123.001452,48.580761],[-123.002216,48.580017],[-123.00341,48.58045],[-123.004663,48.580843],[-123.008685,48.580027],[-123.009419,48.580979],[-123.01097,48.581025],[-123.012782,48.579627],[-123.01383,48.580092],[-123.016991,48.58069],[-123.016605,48.580958],[-123.015697,48.582123],[-123.013496,48.582364],[-123.012121,48.581488],[-123.011857,48.582862],[-123.012764,48.58405],[-123.014053,48.584869],[-123.014099,48.586229],[-123.013962,48.586859]],[[-122.795432,48.581981],[-122.792901,48.581595],[-122.791721,48.580723],[-122.789624,48.579118],[-122.787106,48.577156],[-122.78458,48.574922],[-122.78177,48.572329],[-122.779652,48.569998],[-122.778251,48.568838],[-122.775387,48.564622],[-122.773639,48.563804],[-122.771659,48.563029],[-122.770478,48.561557],[-122.770315,48.559147],[-122.770674,48.557419],[-122.771711,48.555501],[-122.772212,48.552336],[-122.773589,48.551338],[-122.776219,48.549903],[-122.778561,48.548238],[-122.780538,48.546111],[-122.784907,48.544047],[-122.787872,48.542047],[-122.787644,48.541489],[-122.789032,48.540864],[-122.790169,48.541269],[-122.792969,48.539989],[-122.792687,48.538435],[-122.794066,48.537529],[-122.796175,48.537502],[-122.797177,48.539117],[-122.799061,48.538185],[-122.800519,48.536978],[-122.800339,48.535672],[-122.801028,48.535196],[-122.804029,48.534456],[-122.803299,48.533776],[-122.802592,48.532969],[-122.802856,48.532312],[-122.806998,48.531736],[-122.809105,48.531343],[-122.809944,48.532238],[-122.812764,48.535569],[-122.81266,48.536283],[-122.81379,48.537703],[-122.814886,48.538302],[-122.817227,48.54041],[-122.817605,48.54169],[-122.819595,48.544353],[-122.820114,48.545063],[-122.821798,48.546239],[-122.82093,48.547872],[-122.819863,48.548909],[-122.819844,48.549582],[-122.81637,48.550653],[-122.815823,48.551526],[-122.815541,48.552399],[-122.816563,48.553101],[-122.817569,48.553292],[-122.818754,48.55462],[-122.821665,48.55412],[-122.823427,48.552784],[-122.824,48.55283],[-122.826053,48.55359],[-122.827048,48.554978],[-122.827677,48.558665],[-122.828141,48.560472],[-122.828721,48.561553],[-122.829163,48.562635],[-122.829533,48.565804],[-122.828742,48.566328],[-122.828476,48.567712],[-122.82925,48.569979],[-122.829968,48.571149],[-122.831373,48.572399],[-122.830029,48.573143],[-122.828816,48.573703],[-122.828158,48.574528],[-122.827634,48.575261],[-122.827407,48.576805],[-122.828423,48.57831],[-122.829086,48.579448],[-122.827247,48.580984],[-122.825943,48.581992],[-122.824639,48.583052],[-122.822419,48.583582],[-122.820772,48.583332],[-122.819676,48.583256],[-122.818053,48.583821],[-122.816449,48.585022],[-122.815652,48.585758],[-122.815655,48.585985],[-122.816133,48.586188],[-122.814343,48.587679],[-122.812859,48.588334],[-122.811258,48.58865],[-122.809757,48.588357],[-122.808927,48.587569],[-122.807938,48.586494],[-122.804777,48.585901],[-122.802698,48.584931],[-122.8009,48.584229],[-122.795432,48.581981]],[[-122.667042,47.223136],[-122.667754,47.220666],[-122.668677,47.216836],[-122.668777,47.215304],[-122.668414,47.214878],[-122.665282,47.213095],[-122.66259,47.212715],[-122.661382,47.212937],[-122.65888,47.215863],[-122.658144,47.2167],[-122.657843,47.216807],[-122.657305,47.216882],[-122.656632,47.216925],[-122.653692,47.21672],[-122.650821,47.21591],[-122.648878,47.215456],[-122.648568,47.21436],[-122.647229,47.211506],[-122.64474,47.209002],[-122.644023,47.206947],[-122.641999,47.20466],[-122.642204,47.203212],[-122.643133,47.200029],[-122.646253,47.198555],[-122.649101,47.197468],[-122.655232,47.195765],[-122.658562,47.195478],[-122.659977,47.194477],[-122.67274,47.192353],[-122.68167,47.191551],[-122.685359,47.19321],[-122.691339,47.193159],[-122.694041,47.194566],[-122.696798,47.197357],[-122.697624,47.197967],[-122.698537,47.198023],[-122.702836,47.199088],[-122.70568,47.198485],[-122.711967,47.199354],[-122.716287,47.199797],[-122.719176,47.200491],[-122.725185,47.203967],[-122.726369,47.204787],[-122.726772,47.205477],[-122.726911,47.207963],[-122.726121,47.20772],[-122.725573,47.207789],[-122.723505,47.209155],[-122.721431,47.209756],[-122.720879,47.210068],[-122.718431,47.212554],[-122.716133,47.215738],[-122.715132,47.217347],[-122.713122,47.218282],[-122.707838,47.222702],[-122.705819,47.223807],[-122.705965,47.224783],[-122.705265,47.22616],[-122.705277,47.227881],[-122.704585,47.229045],[-122.704431,47.230503],[-122.703613,47.231175],[-122.70278,47.23152],[-122.699859,47.23127],[-122.698434,47.230869],[-122.694723,47.230182],[-122.69097,47.229279],[-122.690343,47.2296],[-122.685296,47.231599],[-122.682771,47.231678],[-122.680051,47.231198],[-122.678211,47.229801],[-122.675652,47.225502],[-122.674537,47.224056],[-122.672657,47.223818],[-122.667042,47.223136]],[[-122.651715,47.271902],[-122.651737,47.271669],[-122.651704,47.271381],[-122.651281,47.27112],[-122.65165,47.270689],[-122.652161,47.26975],[-122.652276,47.269423],[-122.651992,47.269144],[-122.651671,47.269158],[-122.651222,47.26945],[-122.650511,47.269612],[-122.650246,47.269726],[-122.649421,47.270417],[-122.648359,47.271611],[-122.647799,47.271639],[-122.647312,47.271514],[-122.646946,47.271341],[-122.646753,47.271144],[-122.646536,47.270639],[-122.646511,47.269975],[-122.646639,47.268929],[-122.646848,47.268517],[-122.647178,47.268305],[-122.647522,47.268377],[-122.648536,47.268862],[-122.648884,47.268816],[-122.64931,47.268553],[-122.649402,47.268354],[-122.649171,47.267981],[-122.648889,47.26759],[-122.648091,47.266345],[-122.646739,47.265692],[-122.643137,47.263979],[-122.640171,47.26209],[-122.639182,47.261911],[-122.638886,47.26201],[-122.638107,47.263419],[-122.637645,47.263867],[-122.634597,47.266833],[-122.634307,47.266923],[-122.633877,47.266866],[-122.633712,47.266512],[-122.633698,47.264716],[-122.633056,47.26537],[-122.632045,47.266661],[-122.630533,47.267612],[-122.630318,47.26777],[-122.629912,47.268027],[-122.629386,47.267925],[-122.628727,47.267395],[-122.628446,47.267064],[-122.627917,47.266975],[-122.627623,47.2665],[-122.62759,47.265245],[-122.627453,47.264039],[-122.627628,47.261923],[-122.628573,47.260558],[-122.628456,47.260312],[-122.626082,47.259452],[-122.625471,47.259448],[-122.625147,47.259847],[-122.624701,47.259884],[-122.620586,47.257644],[-122.613891,47.253527],[-122.611836,47.251495],[-122.608868,47.250813],[-122.607657,47.249827],[-122.603942,47.245037],[-122.603648,47.243176],[-122.603459,47.242993],[-122.60321,47.24286],[-122.60225,47.242557],[-122.602015,47.242392],[-122.601865,47.242199],[-122.601767,47.241739],[-122.601485,47.241002],[-122.601605,47.240786],[-122.602102,47.24042],[-122.602849,47.240794],[-122.602967,47.240602],[-122.602955,47.240131],[-122.602355,47.239341],[-122.601676,47.238786],[-122.601131,47.23851],[-122.600613,47.238525],[-122.600492,47.239334],[-122.600464,47.241588],[-122.600318,47.242044],[-122.599906,47.242219],[-122.59913,47.241893],[-122.598549,47.241539],[-122.59718,47.240138],[-122.596667,47.239772],[-122.595101,47.239237],[-122.590344,47.237237],[-122.589879,47.237041],[-122.589651,47.236241],[-122.58937,47.234857],[-122.589411,47.234356],[-122.589923,47.233035],[-122.590017,47.232277],[-122.590064,47.229767],[-122.590219,47.228902],[-122.590448,47.228291],[-122.590671,47.227986],[-122.591271,47.227516],[-122.592375,47.226762],[-122.598595,47.222908],[-122.599524,47.222076],[-122.601562,47.21953],[-122.602776,47.218535],[-122.603623,47.218186],[-122.604939,47.218024],[-122.6068,47.218179],[-122.609351,47.218839],[-122.61168,47.219858],[-122.613102,47.220782],[-122.614594,47.222104],[-122.617395,47.225003],[-122.618364,47.225779],[-122.619459,47.226433],[-122.619871,47.226747],[-122.620914,47.228048],[-122.623744,47.232793],[-122.626191,47.235443],[-122.626937,47.236073],[-122.630182,47.238001],[-122.631151,47.238702],[-122.631882,47.239561],[-122.632432,47.240642],[-122.633007,47.242059],[-122.633676,47.243254],[-122.634291,47.243881],[-122.635466,47.244708],[-122.63906,47.246474],[-122.640172,47.247228],[-122.64162,47.248578],[-122.646073,47.253442],[-122.647878,47.255048],[-122.651597,47.257537],[-122.653623,47.259326],[-122.657162,47.262956],[-122.658482,47.264091],[-122.659683,47.264993],[-122.663251,47.267174],[-122.667159,47.269288],[-122.667965,47.269909],[-122.668403,47.270468],[-122.669293,47.272526],[-122.669757,47.27344],[-122.66986,47.274063],[-122.669677,47.274672],[-122.669418,47.275202],[-122.668636,47.276169],[-122.668221,47.276575],[-122.667771,47.276973],[-122.667313,47.277319],[-122.667001,47.277521],[-122.666753,47.277653],[-122.666467,47.277782],[-122.665943,47.277936],[-122.665879,47.27753],[-122.665775,47.277325],[-122.665306,47.277143],[-122.664862,47.27707],[-122.663754,47.276923],[-122.66226,47.276669],[-122.660983,47.276419],[-122.660659,47.276333],[-122.660348,47.276198],[-122.659977,47.27598],[-122.659573,47.275656],[-122.658718,47.274871],[-122.658213,47.274493],[-122.657846,47.274299],[-122.657417,47.274156],[-122.656863,47.27407],[-122.65626,47.274054],[-122.655097,47.274125],[-122.654763,47.274224],[-122.654155,47.274457],[-122.653817,47.274369],[-122.653703,47.273918],[-122.653712,47.273539],[-122.653648,47.273309],[-122.653171,47.272842],[-122.652543,47.272803],[-122.652219,47.273013],[-122.652023,47.273173],[-122.651661,47.273554],[-122.650822,47.274549],[-122.650713,47.274745],[-122.650383,47.275351],[-122.649847,47.275225],[-122.649992,47.273887],[-122.65104,47.273428],[-122.652012,47.272617],[-122.651575,47.272331],[-122.651715,47.271902]],[[-123.043061,48.675757],[-123.044037,48.676764],[-123.042966,48.678028],[-123.036184,48.685067],[-123.0372,48.687421],[-123.036841,48.689469],[-123.045254,48.694905],[-123.051146,48.696747],[-123.059166,48.698159],[-123.068445,48.698757],[-123.071623,48.698936],[-123.071304,48.699622],[-123.064159,48.701262],[-123.056333,48.703025],[-123.05101,48.705317],[-123.046048,48.708944],[-123.042186,48.715606],[-123.040454,48.717618],[-123.039848,48.717457],[-123.033814,48.716525],[-123.027904,48.716726],[-123.019655,48.72133],[-123.016823,48.721258],[-123.013707,48.721151],[-123.012738,48.721202],[-123.011738,48.721376],[-123.011004,48.721627],[-123.010673,48.721852],[-123.010349,48.722545],[-123.00997,48.722441],[-123.009653,48.722271],[-123.009541,48.721951],[-123.009761,48.721523],[-123.009793,48.721305],[-123.009527,48.720925],[-123.007662,48.719123],[-123.009664,48.717448],[-123.009415,48.712572],[-123.007932,48.709246],[-123.004707,48.705094],[-123.004658,48.703619],[-123.005844,48.703205],[-123.009534,48.703321],[-123.011235,48.702899],[-123.009817,48.699719],[-123.005647,48.697306],[-123.005552,48.69447],[-123.006585,48.692015],[-123.015259,48.684851],[-123.021735,48.68118],[-123.032336,48.677902],[-123.037674,48.676121],[-123.040754,48.675961],[-123.043061,48.675757]],[[-123.665187,48.982674],[-123.669613,48.979787],[-123.669757,48.977894],[-123.667449,48.974468],[-123.667779,48.972826],[-123.671154,48.970942],[-123.673462,48.97072],[-123.676513,48.977855],[-123.684903,48.98092],[-123.688277,48.982825],[-123.702332,49.00474],[-123.708279,49.013519],[-123.708053,49.017225],[-123.704537,49.020086],[-123.702993,49.020025],[-123.699414,49.016726],[-123.697362,49.01603],[-123.688266,49.016413],[-123.684578,49.016656],[-123.68445,49.019279],[-123.683302,49.020476],[-123.681377,49.020918],[-123.680164,49.021279],[-123.678737,49.020794],[-123.672032,49.013525],[-123.652024,48.993924],[-123.65118,48.991175],[-123.654168,48.987682],[-123.665187,48.982674]],[[-123.628127,48.969645],[-123.625969,48.961038],[-123.62507,48.950663],[-123.626823,48.939026],[-123.628748,48.934595],[-123.632119,48.933677],[-123.636668,48.93524],[-123.653053,48.9446],[-123.657072,48.948736],[-123.659742,48.954652],[-123.65904,48.960601],[-123.657478,48.96643],[-123.663559,48.979244],[-123.656885,48.981361],[-123.651457,48.98114],[-123.641249,48.979504],[-123.635133,48.976254],[-123.628127,48.969645]],[[-122.783796,48.510926],[-122.784961,48.510168],[-122.786479,48.509498],[-122.788277,48.508871],[-122.789726,48.508249],[-122.791229,48.507115],[-122.792376,48.505753],[-122.792946,48.503749],[-122.79304,48.502216],[-122.793433,48.501329],[-122.794036,48.500485],[-122.794645,48.499827],[-122.795171,48.499582],[-122.795956,48.49894],[-122.798561,48.496369],[-122.799489,48.495522],[-122.799876,48.494323],[-122.802079,48.493802],[-122.806683,48.492266],[-122.812207,48.489735],[-122.815331,48.488218],[-122.81678,48.4874],[-122.817322,48.484404],[-122.817883,48.483843],[-122.817424,48.481974],[-122.818504,48.481293],[-122.819471,48.481842],[-122.819907,48.482582],[-122.821921,48.482007],[-122.822249,48.481209],[-122.825049,48.481135],[-122.825805,48.481687],[-122.825524,48.482885],[-122.824367,48.48389],[-122.822457,48.483448],[-122.822016,48.4828],[-122.820255,48.483307],[-122.820086,48.484714],[-122.820659,48.486741],[-122.819533,48.487831],[-122.816487,48.488866],[-122.8162,48.490303],[-122.816153,48.490947],[-122.815104,48.491252],[-122.814957,48.49335],[-122.815229,48.495384],[-122.815402,48.497629],[-122.815975,48.499096],[-122.817048,48.499644],[-122.818064,48.499713],[-122.819898,48.499536],[-122.820875,48.499844],[-122.821934,48.501277],[-122.823068,48.502542],[-122.824235,48.503428],[-122.825704,48.503721],[-122.826897,48.504014],[-122.828801,48.506201],[-122.829877,48.507485],[-122.830115,48.50841],[-122.830776,48.509469],[-122.833765,48.509988],[-122.835461,48.509592],[-122.837823,48.509396],[-122.839252,48.510171],[-122.84032,48.511744],[-122.839228,48.51281],[-122.83953,48.513506],[-122.838469,48.514431],[-122.838285,48.515321],[-122.836779,48.516167],[-122.835572,48.515534],[-122.834683,48.514762],[-122.834206,48.512947],[-122.832731,48.512967],[-122.831489,48.513731],[-122.831924,48.515072],[-122.83248,48.516846],[-122.832102,48.518644],[-122.831302,48.519909],[-122.829226,48.52198],[-122.827004,48.522874],[-122.823514,48.523495],[-122.817817,48.524771],[-122.816582,48.524624],[-122.812044,48.524497],[-122.81046,48.523993],[-122.805007,48.523926],[-122.801719,48.52383],[-122.800477,48.524357],[-122.798746,48.52489],[-122.796298,48.52483],[-122.794196,48.524672],[-122.792312,48.524743],[-122.791053,48.524713],[-122.789994,48.524355],[-122.78895,48.524508],[-122.787901,48.524476],[-122.787524,48.523552],[-122.787358,48.522672],[-122.788778,48.522428],[-122.789897,48.522187],[-122.790823,48.521698],[-122.792403,48.520749],[-122.794491,48.520489],[-122.795531,48.520197],[-122.796349,48.518769],[-122.796222,48.517588],[-122.79682,48.516559],[-122.797294,48.516042],[-122.797133,48.515348],[-122.795166,48.512634],[-122.793932,48.511072],[-122.792085,48.510075],[-122.789552,48.509458],[-122.787709,48.509671],[-122.787469,48.509903],[-122.787819,48.509945],[-122.787829,48.51027],[-122.787355,48.510787],[-122.787518,48.511574],[-122.787112,48.511997],[-122.786154,48.512706],[-122.785186,48.513044],[-122.783989,48.512734],[-122.783473,48.511813],[-122.783796,48.510926]],[[-123.315723,48.63479],[-123.309779,48.622888],[-123.301729,48.613203],[-123.291889,48.614095],[-123.277924,48.607418],[-123.27036,48.595904],[-123.270689,48.590078],[-123.282278,48.592068],[-123.290949,48.589377],[-123.302956,48.60227],[-123.322769,48.618304],[-123.328419,48.636757],[-123.329809,48.64436],[-123.32759,48.643682],[-123.326394,48.641156],[-123.321839,48.636869],[-123.315723,48.63479]],[[-123.226099,48.675885],[-123.228903,48.67628],[-123.230501,48.677006],[-123.231463,48.677793],[-123.230692,48.678116],[-123.230123,48.678729],[-123.229914,48.679257],[-123.230065,48.679573],[-123.232997,48.681187],[-123.234744,48.681884],[-123.23732,48.683811],[-123.236107,48.684867],[-123.236994,48.686072],[-123.237057,48.687769],[-123.237191,48.688919],[-123.235813,48.688821],[-123.2318,48.689311],[-123.229387,48.689328],[-123.223935,48.689681],[-123.22071,48.689187],[-123.217186,48.689526],[-123.212967,48.689698],[-123.207764,48.688642],[-123.205375,48.688221],[-123.204354,48.687788],[-123.203025,48.686456],[-123.20337,48.686009],[-123.205,48.685498],[-123.208113,48.685448],[-123.20904,48.685108],[-123.209636,48.684513],[-123.209719,48.683986],[-123.209221,48.683186],[-123.207793,48.68216],[-123.207513,48.681807],[-123.207486,48.681082],[-123.207245,48.680109],[-123.206639,48.679334],[-123.2058,48.67893],[-123.204584,48.678745],[-123.203797,48.67873],[-123.201918,48.679003],[-123.201096,48.678949],[-123.200271,48.678656],[-123.199348,48.678097],[-123.199206,48.677885],[-123.199155,48.677311],[-123.198946,48.677133],[-123.198399,48.67707],[-123.197156,48.677232],[-123.196704,48.677214],[-123.19244,48.676142],[-123.188824,48.675682],[-123.188504,48.675517],[-123.188125,48.674746],[-123.187838,48.674551],[-123.18734,48.674506],[-123.186202,48.674635],[-123.185812,48.67459],[-123.183749,48.673794],[-123.182723,48.673661],[-123.182029,48.673821],[-123.180699,48.674561],[-123.180593,48.674939],[-123.181951,48.675998],[-123.182151,48.676219],[-123.181407,48.676872],[-123.179267,48.678145],[-123.17781,48.679017],[-123.176597,48.68031],[-123.175888,48.680552],[-123.175141,48.680576],[-123.173393,48.680248],[-123.17227,48.679712],[-123.17121,48.678871],[-123.169437,48.676191],[-123.168704,48.675431],[-123.167706,48.674664],[-123.167041,48.674396],[-123.166534,48.674367],[-123.165325,48.674658],[-123.164944,48.674671],[-123.163555,48.674585],[-123.162629,48.674275],[-123.163444,48.673725],[-123.164993,48.672851],[-123.165491,48.672909],[-123.166709,48.673728],[-123.167108,48.673727],[-123.168258,48.673178],[-123.169145,48.672421],[-123.169482,48.671627],[-123.169645,48.671066],[-123.169468,48.670596],[-123.168163,48.66995],[-123.166331,48.66806],[-123.165766,48.667027],[-123.165567,48.665896],[-123.16566,48.665624],[-123.16687,48.664571],[-123.166853,48.664375],[-123.166555,48.663732],[-123.166719,48.663573],[-123.16711,48.663486],[-123.169203,48.663867],[-123.169795,48.663878],[-123.170164,48.663852],[-123.170468,48.663654],[-123.17082,48.663545],[-123.171255,48.663653],[-123.171315,48.664021],[-123.171101,48.664356],[-123.170971,48.664658],[-123.17139,48.665182],[-123.171325,48.66539],[-123.17036,48.666072],[-123.170389,48.666305],[-123.170712,48.666561],[-123.171186,48.666808],[-123.171915,48.666728],[-123.171993,48.666977],[-123.17118,48.667263],[-123.171167,48.667672],[-123.171983,48.668592],[-123.172628,48.668974],[-123.174915,48.669903],[-123.175814,48.670731],[-123.176259,48.670974],[-123.176677,48.67101],[-123.177404,48.670867],[-123.177743,48.67086],[-123.18074,48.671419],[-123.184208,48.672334],[-123.185407,48.672557],[-123.18664,48.672477],[-123.189969,48.673334],[-123.193962,48.67421],[-123.194308,48.674233],[-123.19511,48.674089],[-123.195538,48.674094],[-123.196707,48.674427],[-123.199366,48.675485],[-123.200453,48.675774],[-123.203221,48.676306],[-123.204118,48.676413],[-123.204514,48.67627],[-123.204863,48.67581],[-123.204878,48.674962],[-123.204428,48.674499],[-123.202681,48.673802],[-123.199676,48.672663],[-123.19699,48.671857],[-123.196574,48.671622],[-123.196205,48.671123],[-123.195617,48.670032],[-123.19508,48.669704],[-123.194488,48.669575],[-123.193071,48.669558],[-123.192325,48.669505],[-123.190307,48.668956],[-123.188963,48.668345],[-123.188515,48.667352],[-123.18791,48.667088],[-123.187769,48.667637],[-123.184837,48.666955],[-123.181523,48.666492],[-123.180589,48.666291],[-123.179947,48.665972],[-123.180296,48.665356],[-123.179662,48.664636],[-123.179848,48.66392],[-123.180395,48.663277],[-123.181036,48.663164],[-123.18034,48.662347],[-123.180264,48.662084],[-123.180671,48.660682],[-123.180963,48.659252],[-123.182413,48.660087],[-123.183068,48.659219],[-123.183678,48.65836],[-123.184032,48.658103],[-123.184862,48.657877],[-123.18547,48.657868],[-123.185863,48.658022],[-123.186338,48.658934],[-123.18795,48.660255],[-123.189813,48.66087],[-123.191179,48.661109],[-123.195269,48.661235],[-123.196598,48.661464],[-123.196899,48.661653],[-123.197281,48.662516],[-123.197571,48.662687],[-123.19856,48.662909],[-123.201599,48.663133],[-123.202727,48.663454],[-123.205799,48.664943],[-123.210738,48.667147],[-123.216596,48.669539],[-123.220599,48.671294],[-123.2207,48.671551],[-123.220462,48.672272],[-123.220977,48.673507],[-123.221823,48.674672],[-123.222908,48.675221],[-123.224884,48.675714],[-123.226099,48.675885]],[[-123.397442,48.848611],[-123.386046,48.844122],[-123.374172,48.83647],[-123.359856,48.832045],[-123.354576,48.828525],[-123.35189,48.825598],[-123.353033,48.821968],[-123.355577,48.821287],[-123.359422,48.821009],[-123.358481,48.817831],[-123.360885,48.818205],[-123.364083,48.819563],[-123.367241,48.819924],[-123.371004,48.819693],[-123.372737,48.818998],[-123.372516,48.816592],[-123.365601,48.81023],[-123.365049,48.808993],[-123.365661,48.808567],[-123.367777,48.808032],[-123.369417,48.80817],[-123.373536,48.810592],[-123.378063,48.813754],[-123.38837,48.823132],[-123.399412,48.835072],[-123.401848,48.83935],[-123.40115,48.840775],[-123.398249,48.843734],[-123.397442,48.848611]],[[-122.927828,47.225696],[-122.924802,47.225437],[-122.924509,47.225312],[-122.924373,47.225089],[-122.92418,47.224391],[-122.924016,47.224198],[-122.923763,47.224072],[-122.922811,47.223788],[-122.922543,47.2236],[-122.922114,47.222911],[-122.921317,47.221042],[-122.920762,47.220051],[-122.919857,47.218923],[-122.918257,47.217791],[-122.916477,47.215407],[-122.911905,47.210851],[-122.911615,47.211714],[-122.910474,47.210305],[-122.910129,47.209368],[-122.909782,47.207624],[-122.90965,47.203354],[-122.9093,47.202623],[-122.90761,47.200616],[-122.907229,47.199847],[-122.906553,47.196292],[-122.906041,47.194203],[-122.905461,47.192703],[-122.905152,47.192448],[-122.904518,47.192735],[-122.902469,47.194356],[-122.901603,47.194763],[-122.901069,47.194623],[-122.900008,47.193749],[-122.899362,47.192713],[-122.899205,47.19132],[-122.899835,47.189907],[-122.901234,47.188393],[-122.902395,47.185962],[-122.902802,47.185992],[-122.903342,47.185139],[-122.903443,47.184536],[-122.903377,47.184002],[-122.90319,47.183756],[-122.901094,47.183849],[-122.899232,47.183939],[-122.898513,47.184085],[-122.898212,47.184119],[-122.897695,47.18389],[-122.897762,47.183574],[-122.897478,47.181176],[-122.897028,47.178976],[-122.896009,47.176478],[-122.894726,47.174536],[-122.894365,47.174536],[-122.893382,47.17574],[-122.892342,47.174862],[-122.891178,47.172572],[-122.891001,47.170417],[-122.891135,47.169829],[-122.891361,47.169341],[-122.891763,47.168903],[-122.892691,47.168019],[-122.893455,47.168117],[-122.89425,47.168326],[-122.896444,47.16912],[-122.89914,47.170455],[-122.901011,47.171812],[-122.901469,47.172371],[-122.901815,47.174033],[-122.902111,47.174468],[-122.90438,47.175922],[-122.904889,47.176992],[-122.904638,47.178631],[-122.904928,47.179221],[-122.905833,47.179886],[-122.907758,47.180551],[-122.909926,47.18113],[-122.911867,47.181474],[-122.913724,47.181484],[-122.915096,47.180922],[-122.915452,47.181013],[-122.915689,47.181424],[-122.915664,47.181995],[-122.914754,47.183946],[-122.914774,47.186258],[-122.915306,47.188582],[-122.9152,47.190669],[-122.915708,47.189728],[-122.915968,47.189439],[-122.918311,47.188089],[-122.919009,47.18791],[-122.919246,47.188401],[-122.918705,47.189831],[-122.918717,47.190205],[-122.918863,47.190492],[-122.919093,47.19064],[-122.920068,47.191015],[-122.919885,47.191938],[-122.919086,47.193191],[-122.918654,47.193806],[-122.918373,47.193978],[-122.917755,47.193893],[-122.916833,47.19396],[-122.916336,47.194089],[-122.915588,47.194509],[-122.914249,47.195532],[-122.913571,47.195829],[-122.913296,47.195992],[-122.913141,47.196353],[-122.913471,47.197027],[-122.913786,47.197804],[-122.914413,47.198202],[-122.917493,47.19671],[-122.918928,47.19659],[-122.918714,47.196995],[-122.91851,47.198702],[-122.918614,47.199015],[-122.918933,47.198772],[-122.920792,47.19706],[-122.920867,47.196471],[-122.920462,47.196207],[-122.92076,47.196044],[-122.921273,47.19602],[-122.921792,47.195857],[-122.92378,47.194903],[-122.924319,47.195108],[-122.923782,47.196325],[-122.923339,47.198196],[-122.921858,47.204443],[-122.921525,47.206155],[-122.921627,47.207268],[-122.923089,47.209897],[-122.924909,47.212904],[-122.925274,47.213215],[-122.926584,47.21367],[-122.927031,47.213554],[-122.927637,47.213414],[-122.928136,47.213489],[-122.92832,47.213689],[-122.928385,47.214039],[-122.928278,47.214376],[-122.927968,47.215097],[-122.927915,47.215477],[-122.928023,47.21572],[-122.930282,47.218226],[-122.931069,47.219371],[-122.931309,47.220185],[-122.93045,47.220478],[-122.929685,47.222918],[-122.929468,47.223354],[-122.928596,47.224767],[-122.927828,47.225696]],[[-123.303018,48.701569],[-123.306474,48.701935],[-123.31012,48.703253],[-123.320442,48.70937],[-123.327102,48.714604],[-123.329336,48.717649],[-123.33001,48.72037],[-123.329371,48.722466],[-123.326854,48.725132],[-123.323152,48.727758],[-123.319918,48.729516],[-123.317525,48.730414],[-123.315712,48.730809],[-123.314292,48.730926],[-123.313347,48.730908],[-123.31318,48.731069],[-123.312472,48.731239],[-123.31122,48.731],[-123.308861,48.728836],[-123.308901,48.725215],[-123.308616,48.724244],[-123.308156,48.723648],[-123.307105,48.722893],[-123.296388,48.717664],[-123.293365,48.710442],[-123.294432,48.707329],[-123.298577,48.703083],[-123.303018,48.701569]],[[-123.178764,48.622452],[-123.178597,48.621737],[-123.179732,48.621476],[-123.179341,48.620785],[-123.177673,48.620495],[-123.175287,48.619393],[-123.174449,48.618375],[-123.175066,48.618335],[-123.175857,48.617829],[-123.174965,48.616183],[-123.17474,48.613759],[-123.175547,48.613585],[-123.178277,48.61161],[-123.180332,48.610242],[-123.181642,48.609238],[-123.181601,48.608099],[-123.180645,48.607596],[-123.178597,48.607813],[-123.178271,48.606392],[-123.179513,48.60531],[-123.181321,48.604683],[-123.183192,48.60455],[-123.185348,48.603686],[-123.187235,48.601941],[-123.185366,48.599574],[-123.18606,48.598532],[-123.183267,48.598018],[-123.181706,48.598043],[-123.181427,48.598981],[-123.180958,48.600373],[-123.180403,48.601474],[-123.177184,48.603527],[-123.174556,48.603443],[-123.172339,48.602649],[-123.170941,48.602879],[-123.17114,48.602106],[-123.170078,48.600612],[-123.170898,48.600442],[-123.173176,48.599837],[-123.177025,48.597857],[-123.178099,48.597202],[-123.178765,48.596009],[-123.180838,48.593913],[-123.17851,48.591771],[-123.177204,48.590237],[-123.178081,48.588565],[-123.177088,48.587026],[-123.176545,48.58585],[-123.179067,48.584779],[-123.1798,48.583553],[-123.180926,48.58308],[-123.182552,48.583783],[-123.18296,48.584929],[-123.184779,48.585932],[-123.184405,48.586287],[-123.186078,48.588945],[-123.184612,48.590788],[-123.184404,48.592612],[-123.183155,48.593481],[-123.183725,48.594049],[-123.184749,48.594548],[-123.183866,48.595442],[-123.184156,48.595862],[-123.185647,48.596627],[-123.188696,48.596821],[-123.189585,48.596109],[-123.190882,48.593419],[-123.191267,48.592684],[-123.194581,48.591387],[-123.194369,48.589965],[-123.193745,48.587882],[-123.195832,48.586179],[-123.198945,48.586573],[-123.200522,48.586962],[-123.202159,48.589009],[-123.203023,48.591276],[-123.203445,48.594275],[-123.202176,48.597728],[-123.199519,48.600106],[-123.198835,48.600672],[-123.197383,48.603701],[-123.196525,48.605891],[-123.195746,48.607023],[-123.192844,48.607816],[-123.192818,48.609527],[-123.191828,48.609998],[-123.19035,48.609597],[-123.188898,48.610561],[-123.187242,48.611558],[-123.186343,48.613271],[-123.18277,48.615664],[-123.182084,48.617109],[-123.180295,48.619521],[-123.180917,48.621366],[-123.179448,48.622482],[-123.178764,48.622452]],[[-122.6568,48.610042],[-122.658491,48.609381],[-122.660438,48.608986],[-122.664987,48.608262],[-122.667093,48.608049],[-122.667339,48.608964],[-122.66884,48.609255],[-122.672579,48.60958],[-122.677925,48.610628],[-122.684607,48.61255],[-122.687563,48.615035],[-122.689625,48.615756],[-122.690216,48.616538],[-122.69162,48.616707],[-122.692517,48.616627],[-122.693018,48.616689],[-122.693279,48.616837],[-122.693498,48.617178],[-122.693771,48.617946],[-122.694684,48.617904],[-122.696398,48.617451],[-122.698179,48.61701],[-122.69832,48.617451],[-122.698472,48.61823],[-122.698461,48.619475],[-122.699004,48.621242],[-122.698399,48.622251],[-122.698143,48.62312],[-122.696841,48.62326],[-122.694524,48.623783],[-122.690728,48.624819],[-122.687414,48.626406],[-122.682435,48.628508],[-122.680121,48.629155],[-122.675847,48.629826],[-122.673704,48.629914],[-122.673126,48.629241],[-122.672521,48.62764],[-122.671893,48.625174],[-122.671311,48.624377],[-122.667903,48.622563],[-122.664604,48.621367],[-122.662897,48.620336],[-122.662749,48.618359],[-122.662857,48.615512],[-122.661502,48.613735],[-122.659613,48.612892],[-122.657561,48.612133],[-122.657323,48.611003],[-122.6568,48.610042]],[[-122.620836,48.693551],[-122.624555,48.695102],[-122.626876,48.696502],[-122.628409,48.696904],[-122.629933,48.696969],[-122.634185,48.699438],[-122.637938,48.702164],[-122.640686,48.705237],[-122.642611,48.706054],[-122.645573,48.707697],[-122.648134,48.710007],[-122.648836,48.711017],[-122.650258,48.712007],[-122.650388,48.712433],[-122.648983,48.71177],[-122.646408,48.710374],[-122.64409,48.709142],[-122.641407,48.708419],[-122.64003,48.709107],[-122.638146,48.709801],[-122.635501,48.710504],[-122.633221,48.710615],[-122.62926,48.709571],[-122.627446,48.708165],[-122.624234,48.706692],[-122.621567,48.706556],[-122.619499,48.706793],[-122.617914,48.707303],[-122.616823,48.708097],[-122.617086,48.710118],[-122.616124,48.712246],[-122.614038,48.714816],[-122.614445,48.715302],[-122.615105,48.715723],[-122.617266,48.716429],[-122.616351,48.716368],[-122.612992,48.715549],[-122.612175,48.715344],[-122.611629,48.714859],[-122.608666,48.709757],[-122.6079,48.707808],[-122.606247,48.703782],[-122.606165,48.699852],[-122.610251,48.69611],[-122.615513,48.693697],[-122.620836,48.693551]],[[-122.211928,48.037998],[-122.21163,48.039126],[-122.208519,48.04098],[-122.204959,48.042318],[-122.202893,48.042426],[-122.199352,48.041419],[-122.197532,48.041319],[-122.195635,48.041636],[-122.194154,48.042177],[-122.192915,48.043038],[-122.190745,48.045259],[-122.189817,48.045881],[-122.18869,48.04626],[-122.187448,48.046493],[-122.183934,48.046889],[-122.18055,48.046583],[-122.178095,48.045687],[-122.176514,48.044613],[-122.175282,48.043229],[-122.174733,48.042194],[-122.173771,48.038068],[-122.173332,48.037284],[-122.172892,48.03704],[-122.172295,48.036957],[-122.171566,48.036875],[-122.170345,48.03696],[-122.169086,48.03728],[-122.16718,48.038036],[-122.165885,48.037702],[-122.162694,48.03547],[-122.158277,48.03459],[-122.156698,48.033986],[-122.155352,48.032756],[-122.155486,48.032269],[-122.1569,48.030673],[-122.156703,48.02961],[-122.155546,48.029029],[-122.152835,48.028909],[-122.151659,48.028589],[-122.150243,48.027212],[-122.148565,48.023599],[-122.145884,48.021541],[-122.148129,48.02118],[-122.148518,48.020987],[-122.148569,48.02046],[-122.147945,48.018479],[-122.148104,48.017738],[-122.149267,48.016498],[-122.14958,48.016543],[-122.151951,48.020721],[-122.156005,48.027307],[-122.158653,48.030126],[-122.159913,48.030853],[-122.161012,48.031157],[-122.165883,48.032046],[-122.167074,48.032537],[-122.171069,48.034512],[-122.173859,48.036273],[-122.176996,48.037241],[-122.178508,48.037365],[-122.181051,48.037206],[-122.183608,48.03684],[-122.184151,48.036765],[-122.189867,48.036005],[-122.195998,48.035064],[-122.199756,48.034829],[-122.203763,48.03535],[-122.20961,48.036817],[-122.211928,48.037998]],[[-122.887897,48.766669],[-122.888022,48.766065],[-122.889067,48.765752],[-122.888949,48.76441],[-122.889405,48.764553],[-122.895149,48.765171],[-122.89952,48.76526],[-122.902696,48.765664],[-122.905281,48.766425],[-122.906364,48.767306],[-122.907794,48.767296],[-122.909959,48.766659],[-122.911181,48.766063],[-122.910364,48.765209],[-122.911871,48.762848],[-122.911621,48.76171],[-122.910901,48.76077],[-122.904538,48.757348],[-122.892928,48.752056],[-122.885831,48.749155],[-122.884514,48.748212],[-122.885953,48.74785],[-122.891916,48.749755],[-122.893801,48.750414],[-122.894625,48.750265],[-122.894668,48.749738],[-122.889447,48.748099],[-122.889642,48.747764],[-122.891435,48.747695],[-122.894259,48.7489],[-122.89804,48.750597],[-122.898408,48.751028],[-122.898477,48.751332],[-122.898115,48.751367],[-122.896624,48.750683],[-122.895565,48.750526],[-122.895054,48.750739],[-122.89821,48.75227],[-122.901115,48.753785],[-122.901741,48.753832],[-122.902903,48.753301],[-122.902956,48.752465],[-122.903569,48.752365],[-122.905669,48.75304],[-122.906311,48.75298],[-122.90726,48.752079],[-122.907092,48.751463],[-122.89907,48.748635],[-122.895712,48.74751],[-122.895482,48.747091],[-122.897474,48.746302],[-122.899986,48.746445],[-122.902888,48.747935],[-122.904136,48.749312],[-122.906882,48.750419],[-122.908722,48.750618],[-122.912157,48.750545],[-122.913622,48.75132],[-122.913545,48.751571],[-122.912568,48.751635],[-122.909236,48.751034],[-122.908654,48.751288],[-122.907938,48.752673],[-122.908388,48.753157],[-122.909222,48.752976],[-122.912351,48.754277],[-122.915504,48.75629],[-122.919845,48.760197],[-122.919957,48.761341],[-122.919431,48.761398],[-122.916052,48.759354],[-122.914693,48.759223],[-122.913962,48.759931],[-122.914322,48.761768],[-122.914648,48.7649],[-122.915949,48.765473],[-122.916994,48.765266],[-122.918175,48.764503],[-122.919064,48.764042],[-122.91931,48.764686],[-122.919201,48.765982],[-122.918628,48.766886],[-122.916108,48.768891],[-122.913674,48.769794],[-122.907569,48.769743],[-122.904999,48.770395],[-122.90239,48.770249],[-122.896642,48.769532],[-122.893136,48.768673],[-122.887897,48.766669]],[[-123.206871,48.822985],[-123.202256,48.821341],[-123.196013,48.818336],[-123.19018,48.815324],[-123.188711,48.814268],[-123.190335,48.813972],[-123.191881,48.814722],[-123.193588,48.814975],[-123.194994,48.814766],[-123.196483,48.814414],[-123.197868,48.813177],[-123.198661,48.812489],[-123.199891,48.812605],[-123.202587,48.813524],[-123.204858,48.81428],[-123.207563,48.815586],[-123.208221,48.816791],[-123.208236,48.817195],[-123.206801,48.817083],[-123.205376,48.817241],[-123.204379,48.817932],[-123.204414,48.818877],[-123.206696,48.819785],[-123.209222,48.821769],[-123.211671,48.822065],[-123.214135,48.82196],[-123.21427,48.820068],[-123.21425,48.819528],[-123.215072,48.81965],[-123.220448,48.821318],[-123.223966,48.822476],[-123.228173,48.825648],[-123.231303,48.827352],[-123.232564,48.828276],[-123.232205,48.829632],[-123.231642,48.830991],[-123.232495,48.831922],[-123.233761,48.832981],[-123.233597,48.834064],[-123.231549,48.833962],[-123.227646,48.833485],[-123.22475,48.832587],[-123.222248,48.831278],[-123.217877,48.829189],[-123.213517,48.827369],[-123.21124,48.826596],[-123.208723,48.824882],[-123.206871,48.822985]],[[-124.007458,46.267532],[-124.006193,46.267387],[-124.005386,46.267237],[-124.004753,46.266979],[-124.004179,46.266579],[-124.003431,46.265803],[-124.002965,46.265303],[-124.002921,46.265049],[-124.003211,46.264718],[-124.004298,46.264139],[-124.00555,46.263546],[-124.006499,46.263226],[-124.007299,46.263361],[-124.008393,46.263716],[-124.010019,46.264442],[-124.011312,46.265184],[-124.015555,46.267938],[-124.020952,46.271546],[-124.022834,46.272372],[-124.024491,46.27278],[-124.0275,46.27282],[-124.028638,46.272908],[-124.029417,46.273214],[-124.029978,46.273807],[-124.030334,46.274681],[-124.030508,46.275103],[-124.032475,46.277641],[-124.035287,46.280983],[-124.035292,46.281711],[-124.034602,46.282312],[-124.033861,46.282583],[-124.031924,46.282593],[-124.028636,46.283326],[-124.027116,46.283974],[-124.026488,46.284694],[-124.026311,46.285568],[-124.026137,46.287335],[-124.026463,46.289263],[-124.026269,46.290073],[-124.025004,46.291998],[-124.023936,46.290881],[-124.022292,46.289603],[-124.022143,46.289007],[-124.022523,46.287841],[-124.023373,46.285736],[-124.023042,46.284772],[-124.021818,46.28303],[-124.01999,46.281206],[-124.017891,46.280379],[-124.016068,46.278665],[-124.015611,46.275712],[-124.013395,46.272362],[-124.01151,46.269335],[-124.010567,46.268094],[-124.009164,46.266644],[-124.008398,46.266146],[-124.007379,46.265697],[-124.006458,46.265543],[-124.005641,46.265737],[-124.005363,46.266079],[-124.005515,46.2664],[-124.006811,46.267027],[-124.007458,46.267532]],[[-122.505618,47.544368],[-122.503593,47.544756],[-122.50088,47.545351],[-122.499259,47.545646],[-122.497259,47.545877],[-122.495221,47.545797],[-122.492378,47.545398],[-122.489069,47.544677],[-122.486962,47.544162],[-122.482852,47.542822],[-122.479894,47.541347],[-122.479789,47.541084],[-122.482892,47.539868],[-122.483696,47.53941],[-122.485251,47.537845],[-122.486245,47.536302],[-122.48633,47.535898],[-122.486268,47.535256],[-122.484546,47.532923],[-122.484252,47.532288],[-122.484177,47.531735],[-122.484373,47.531229],[-122.484814,47.530622],[-122.485444,47.530037],[-122.486011,47.52972],[-122.486655,47.52956],[-122.488211,47.529588],[-122.491347,47.530323],[-122.495469,47.531139],[-122.496722,47.531608],[-122.497699,47.532148],[-122.498324,47.532772],[-122.498663,47.533354],[-122.499077,47.535796],[-122.499369,47.536511],[-122.500354,47.538179],[-122.501112,47.53919],[-122.502551,47.540632],[-122.505618,47.544368]],[[-123.163251,48.647339],[-123.163875,48.647608],[-123.164001,48.647788],[-123.163949,48.648062],[-123.163588,48.648338],[-123.161095,48.648585],[-123.158292,48.64894],[-123.156905,48.649077],[-123.155609,48.648257],[-123.152926,48.647573],[-123.149603,48.646485],[-123.143746,48.644505],[-123.138555,48.643653],[-123.135276,48.643808],[-123.132124,48.643131],[-123.128264,48.643034],[-123.126152,48.642291],[-123.12267,48.641102],[-123.118623,48.639604],[-123.118221,48.639098],[-123.1166,48.637465],[-123.112638,48.635971],[-123.110112,48.635285],[-123.108531,48.634791],[-123.107103,48.634191],[-123.106293,48.633374],[-123.107841,48.632936],[-123.110199,48.633314],[-123.11101,48.634131],[-123.113975,48.633982],[-123.11676,48.633505],[-123.118756,48.632989],[-123.121069,48.633681],[-123.130145,48.635804],[-123.136473,48.637882],[-123.142526,48.641],[-123.147601,48.642993],[-123.154713,48.645058],[-123.159915,48.64622],[-123.161465,48.646688],[-123.163251,48.647339]],[[-122.303299,48.006052],[-122.306099,48.00448],[-122.318926,48.007981],[-122.32579,48.010053],[-122.328334,48.013],[-122.331304,48.015169],[-122.331418,48.016297],[-122.334759,48.018938],[-122.334245,48.019716],[-122.329148,48.021549],[-122.323475,48.021367],[-122.32231,48.020784],[-122.321938,48.019956],[-122.321212,48.019131],[-122.321536,48.017761],[-122.320366,48.016881],[-122.317875,48.01637],[-122.316531,48.01567],[-122.316422,48.01472],[-122.315695,48.013896],[-122.312847,48.01321],[-122.309744,48.013062],[-122.309723,48.012111],[-122.310139,48.010859],[-122.307886,48.009039],[-122.30589,48.0068],[-122.303299,48.006052]],[[-122.345835,47.590451],[-122.346125,47.571223],[-122.346161,47.570862],[-122.34787,47.569824],[-122.350984,47.570153],[-122.35622,47.574096],[-122.358563,47.575634],[-122.358407,47.58666],[-122.34991,47.587947],[-122.349883,47.588759],[-122.345835,47.590451]],[[-122.946166,48.118579],[-122.946435,48.118819],[-122.946553,48.119237],[-122.944225,48.121579],[-122.944092,48.122315],[-122.941972,48.124618],[-122.935301,48.129994],[-122.931567,48.13246],[-122.928879,48.133372],[-122.9274,48.132834],[-122.925606,48.132265],[-122.923853,48.131345],[-122.922908,48.131184],[-122.919409,48.129555],[-122.915253,48.1286],[-122.913052,48.128386],[-122.91074,48.127929],[-122.909571,48.127316],[-122.908803,48.126138],[-122.908847,48.125857],[-122.910468,48.12594],[-122.911418,48.126241],[-122.914372,48.127178],[-122.918123,48.126881],[-122.921811,48.126234],[-122.92935,48.123504],[-122.933939,48.121656],[-122.937471,48.121046],[-122.939867,48.120837],[-122.941756,48.121125],[-122.944143,48.120636],[-122.94552,48.119602],[-122.946016,48.118791],[-122.946166,48.118579]],[[-123.050251,48.793285],[-123.052561,48.791989],[-123.055385,48.791003],[-123.06071,48.789979],[-123.064114,48.789842],[-123.068217,48.790102],[-123.076122,48.791399],[-123.084467,48.793531],[-123.094332,48.794873],[-123.096071,48.795365],[-123.09763,48.795957],[-123.099481,48.796882],[-123.100481,48.797497],[-123.101215,48.798066],[-123.099447,48.797826],[-123.096677,48.797372],[-123.094061,48.796815],[-123.084475,48.795286],[-123.078737,48.794665],[-123.073712,48.794032],[-123.071561,48.793829],[-123.071594,48.794773],[-123.071219,48.795521],[-123.074882,48.796848],[-123.075254,48.797995],[-123.073859,48.79828],[-123.068481,48.797948],[-123.065271,48.797937],[-123.060985,48.798001],[-123.060961,48.797293],[-123.061985,48.796107],[-123.060803,48.794559],[-123.058688,48.79355],[-123.053776,48.793695],[-123.050613,48.793593],[-123.050251,48.793285]],[[-122.827841,47.331377],[-122.826136,47.33111],[-122.822783,47.329824],[-122.819654,47.329645],[-122.819539,47.325754],[-122.823559,47.319042],[-122.830816,47.314845],[-122.833978,47.314802],[-122.834479,47.316434],[-122.833181,47.318398],[-122.83213,47.318515],[-122.830366,47.319973],[-122.829538,47.322545],[-122.831391,47.324056],[-122.833056,47.324341],[-122.830943,47.329286],[-122.828742,47.33077],[-122.827841,47.331377]],[[-122.825505,47.270758],[-122.831431,47.262481],[-122.834721,47.256698],[-122.83742,47.256354],[-122.840459,47.257337],[-122.84126,47.258965],[-122.841754,47.260392],[-122.840406,47.260616],[-122.841004,47.265525],[-122.840908,47.26737],[-122.840005,47.267383],[-122.838378,47.268327],[-122.835998,47.269282],[-122.834548,47.271146],[-122.832776,47.272297],[-122.831729,47.272517],[-122.830501,47.271714],[-122.828523,47.271024],[-122.825505,47.270758]],[[-124.049896,46.624769],[-124.049791,46.625376],[-124.049361,46.625591],[-124.049468,46.626808],[-124.049005,46.628555],[-124.048483,46.62931],[-124.048299,46.630356],[-124.048414,46.631078],[-124.048645,46.631994],[-124.048512,46.633749],[-124.047833,46.634632],[-124.047212,46.635646],[-124.04676,46.6364],[-124.04668,46.636957],[-124.047072,46.637416],[-124.047424,46.638053],[-124.046402,46.638407],[-124.044686,46.637903],[-124.043403,46.637216],[-124.041385,46.636689],[-124.039165,46.636332],[-124.037393,46.635971],[-124.035415,46.635033],[-124.03428,46.633722],[-124.033265,46.632286],[-124.03282,46.631531],[-124.032944,46.630557],[-124.033663,46.630901],[-124.035146,46.630977],[-124.037506,46.630198],[-124.039708,46.629056],[-124.041798,46.628286],[-124.044028,46.6273],[-124.044402,46.626102],[-124.044568,46.625442],[-124.045278,46.625111],[-124.049896,46.624769]],[[-122.990555,48.593587],[-122.991653,48.593362],[-122.993768,48.592912],[-122.99565,48.592571],[-122.996595,48.592505],[-122.997248,48.593176],[-122.999548,48.593508],[-123.001517,48.593427],[-123.002917,48.593581],[-123.003622,48.593023],[-123.004131,48.59281],[-123.004199,48.593388],[-123.006354,48.594142],[-123.00741,48.595092],[-123.007041,48.595806],[-123.007807,48.596936],[-123.007034,48.598524],[-123.005796,48.598703],[-123.004303,48.598882],[-123.003916,48.599529],[-123.003426,48.600324],[-123.002916,48.599897],[-123.002878,48.599373],[-123.0011,48.599871],[-123.000267,48.600096],[-122.999744,48.600337],[-122.998496,48.601231],[-122.99801,48.601363],[-122.995707,48.601415],[-122.993418,48.601396],[-122.99313,48.6014],[-122.992852,48.601199],[-122.992726,48.600633],[-122.992415,48.600576],[-122.991817,48.600768],[-122.991791,48.599988],[-122.992045,48.598115],[-122.991741,48.597654],[-122.991448,48.597415],[-122.990609,48.597506],[-122.989891,48.59641],[-122.989148,48.595804],[-122.988719,48.59533],[-122.98855,48.594977],[-122.989788,48.594226],[-122.990555,48.593587]],[[-123.134455,48.659661],[-123.134634,48.658911],[-123.134744,48.658615],[-123.135137,48.658562],[-123.136122,48.658821],[-123.136435,48.65871],[-123.13714,48.658211],[-123.137656,48.658114],[-123.138875,48.658914],[-123.141152,48.659849],[-123.141798,48.659971],[-123.142698,48.65993],[-123.144061,48.659785],[-123.144863,48.659796],[-123.145575,48.660104],[-123.145157,48.660454],[-123.146377,48.661284],[-123.150654,48.663735],[-123.152463,48.664404],[-123.153636,48.665174],[-123.155057,48.665691],[-123.156665,48.666006],[-123.157123,48.666029],[-123.158469,48.665887],[-123.158921,48.666041],[-123.159551,48.667125],[-123.159918,48.66735],[-123.16032,48.66745],[-123.161658,48.667566],[-123.162252,48.667738],[-123.163155,48.668263],[-123.163937,48.668955],[-123.164006,48.669352],[-123.163787,48.669757],[-123.163562,48.669992],[-123.163289,48.670075],[-123.162468,48.670131],[-123.162091,48.671107],[-123.161731,48.671295],[-123.161335,48.671319],[-123.160338,48.671122],[-123.15994,48.671141],[-123.159659,48.671305],[-123.159141,48.672058],[-123.158321,48.671955],[-123.155956,48.671272],[-123.154855,48.67086],[-123.152307,48.669623],[-123.150395,48.66865],[-123.148309,48.667957],[-123.14746,48.667543],[-123.146718,48.667011],[-123.146565,48.666736],[-123.146832,48.666342],[-123.147139,48.666239],[-123.147866,48.666192],[-123.14827,48.666093],[-123.14888,48.665669],[-123.148939,48.665427],[-123.148677,48.665003],[-123.148218,48.664643],[-123.147527,48.664401],[-123.1468,48.664354],[-123.145747,48.664629],[-123.145396,48.664606],[-123.1434,48.663848],[-123.140952,48.662684],[-123.139512,48.661774],[-123.139745,48.661034],[-123.13902,48.660758],[-123.137859,48.660776],[-123.137336,48.660698],[-123.135216,48.660005],[-123.134455,48.659661]],[[-122.631207,47.167329],[-122.630445,47.166266],[-122.629441,47.16399],[-122.629909,47.16184],[-122.630822,47.160685],[-122.629297,47.158487],[-122.629068,47.157775],[-122.629879,47.156693],[-122.630706,47.156253],[-122.63046,47.154898],[-122.630442,47.154183],[-122.631873,47.152807],[-122.63435,47.151347],[-122.635779,47.1499],[-122.637082,47.147667],[-122.638425,47.146936],[-122.639797,47.147276],[-122.640063,47.149418],[-122.638876,47.152078],[-122.637892,47.154521],[-122.637855,47.157095],[-122.636561,47.159685],[-122.634887,47.163781],[-122.633568,47.165441],[-122.631207,47.167329]],[[-122.610828,48.616331],[-122.610562,48.615938],[-122.610359,48.615762],[-122.609407,48.615486],[-122.60907,48.615331],[-122.608827,48.615143],[-122.608728,48.614707],[-122.608485,48.614352],[-122.608231,48.614189],[-122.607797,48.614057],[-122.606993,48.613912],[-122.605935,48.61375],[-122.605058,48.613818],[-122.604141,48.614033],[-122.603178,48.614161],[-122.602205,48.61391],[-122.601325,48.613833],[-122.601011,48.613574],[-122.601091,48.613282],[-122.600336,48.61297],[-122.599404,48.612632],[-122.59909,48.612373],[-122.599033,48.611879],[-122.59861,48.610835],[-122.598329,48.610198],[-122.598492,48.609701],[-122.598642,48.608738],[-122.598965,48.607656],[-122.599731,48.606745],[-122.600638,48.606151],[-122.601903,48.605845],[-122.602998,48.605745],[-122.603389,48.605566],[-122.604355,48.605555],[-122.605725,48.605888],[-122.606754,48.606575],[-122.607822,48.607116],[-122.607968,48.607638],[-122.609556,48.607911],[-122.611647,48.608906],[-122.613301,48.609993],[-122.614248,48.610914],[-122.614475,48.611174],[-122.614698,48.611317],[-122.614405,48.611844],[-122.614244,48.61237],[-122.614487,48.61327],[-122.614201,48.61406],[-122.613825,48.614793],[-122.613304,48.615003],[-122.612729,48.614864],[-122.612499,48.614459],[-122.612097,48.614231],[-122.61131,48.614356],[-122.610923,48.614681],[-122.611197,48.615057],[-122.611387,48.615608],[-122.611353,48.6158],[-122.611222,48.615988],[-122.610828,48.616331]],[[-122.940879,48.785307],[-122.943568,48.782957],[-122.946234,48.781637],[-122.949798,48.780954],[-122.956565,48.781915],[-122.959539,48.783141],[-122.961349,48.78316],[-122.964421,48.784078],[-122.964165,48.784864],[-122.967021,48.785942],[-122.968493,48.786107],[-122.971315,48.788075],[-122.971824,48.789016],[-122.971597,48.789296],[-122.968945,48.788741],[-122.964377,48.788016],[-122.960755,48.786961],[-122.956922,48.785937],[-122.952517,48.785813],[-122.949616,48.785071],[-122.947613,48.78592],[-122.94686,48.786211],[-122.944714,48.787005],[-122.943155,48.785908],[-122.942568,48.785208],[-122.940879,48.785307]],[[-122.810002,48.592193],[-122.811557,48.591629],[-122.812434,48.591254],[-122.813443,48.590697],[-122.814592,48.590274],[-122.815533,48.589762],[-122.816842,48.590108],[-122.817801,48.590186],[-122.818945,48.589581],[-122.820359,48.588882],[-122.821432,48.588233],[-122.821886,48.588029],[-122.822587,48.587991],[-122.822627,48.588229],[-122.822601,48.588444],[-122.822136,48.588904],[-122.822154,48.589493],[-122.821892,48.589859],[-122.821304,48.590774],[-122.820848,48.591505],[-122.819915,48.592289],[-122.818557,48.592579],[-122.817945,48.592677],[-122.817414,48.593229],[-122.817652,48.594314],[-122.817618,48.595447],[-122.816627,48.596594],[-122.815914,48.597873],[-122.815335,48.599059],[-122.815332,48.599384],[-122.815781,48.599925],[-122.814982,48.600796],[-122.8145,48.600839],[-122.813342,48.60099],[-122.812917,48.600497],[-122.811395,48.6004],[-122.810626,48.599303],[-122.808759,48.598602],[-122.805331,48.59824],[-122.804498,48.597797],[-122.803987,48.596716],[-122.804714,48.59589],[-122.804154,48.595444],[-122.805359,48.594612],[-122.806013,48.594504],[-122.807017,48.593917],[-122.807573,48.593223],[-122.809745,48.592741],[-122.810002,48.592193]],[[-122.659381,47.327673],[-122.659545,47.327503],[-122.660024,47.32736],[-122.660311,47.327349],[-122.6606,47.327338],[-122.66113,47.327238],[-122.661365,47.327134],[-122.661586,47.327008],[-122.661795,47.326877],[-122.66199,47.326725],[-122.662277,47.326442],[-122.662461,47.326293],[-122.66294,47.32621],[-122.663408,47.326359],[-122.663817,47.326556],[-122.664043,47.326678],[-122.664314,47.326968],[-122.664714,47.327208],[-122.665207,47.327097],[-122.665629,47.326928],[-122.666094,47.326744],[-122.666353,47.326661],[-122.666616,47.326579],[-122.66687,47.326489],[-122.667283,47.326253],[-122.667385,47.326066],[-122.667537,47.325719],[-122.667968,47.325532],[-122.668249,47.325483],[-122.668546,47.325456],[-122.669331,47.325494],[-122.669591,47.325571],[-122.669851,47.32566],[-122.670382,47.325777],[-122.670669,47.32575],[-122.670956,47.325712],[-122.671452,47.325829],[-122.671674,47.325949],[-122.671892,47.326079],[-122.672116,47.326201],[-122.67256,47.3264],[-122.673072,47.326536],[-122.673538,47.326369],[-122.673961,47.326146],[-122.674374,47.325967],[-122.674635,47.325887],[-122.675263,47.326004],[-122.675496,47.326113],[-122.675726,47.326236],[-122.675956,47.326365],[-122.676187,47.326488],[-122.676423,47.326597],[-122.676906,47.32676],[-122.67716,47.326857],[-122.677482,47.327127],[-122.677572,47.32749],[-122.677577,47.327688],[-122.677576,47.32789],[-122.677586,47.328089],[-122.677621,47.328281],[-122.677697,47.328473],[-122.677859,47.328783],[-122.677949,47.328972],[-122.677989,47.329324],[-122.677707,47.329615],[-122.677279,47.329842],[-122.677043,47.329968],[-122.676391,47.330399],[-122.676067,47.330649],[-122.675746,47.330902],[-122.675416,47.331144],[-122.67521,47.331281],[-122.674996,47.331407],[-122.674529,47.331617],[-122.674268,47.331695],[-122.673802,47.33179],[-122.673315,47.331854],[-122.672831,47.331898],[-122.672545,47.331913],[-122.672059,47.331897],[-122.671569,47.33186],[-122.670624,47.331875],[-122.670171,47.332057],[-122.669768,47.332254],[-122.669503,47.332328],[-122.669228,47.332383],[-122.66895,47.332432],[-122.668669,47.332476],[-122.668197,47.332542],[-122.667722,47.332605],[-122.667247,47.332669],[-122.666777,47.332741],[-122.666309,47.332861],[-122.665807,47.332959],[-122.665328,47.332852],[-122.664922,47.332647],[-122.664521,47.332412],[-122.66417,47.332187],[-122.663831,47.331953],[-122.663507,47.33171],[-122.663321,47.33156],[-122.663032,47.331296],[-122.662759,47.33102],[-122.66249,47.330743],[-122.662183,47.33045],[-122.662004,47.3303],[-122.661813,47.330159],[-122.661359,47.329996],[-122.660878,47.329908],[-122.660398,47.329789],[-122.659905,47.329667],[-122.659538,47.329429],[-122.659502,47.329066],[-122.659581,47.328718],[-122.659634,47.328371],[-122.659605,47.328177],[-122.659531,47.327988],[-122.659381,47.327673]],[[-123.044143,48.619642],[-123.043698,48.619183],[-123.043254,48.618902],[-123.042618,48.618755],[-123.042053,48.618397],[-123.041524,48.617934],[-123.040805,48.617683],[-123.040317,48.617245],[-123.040099,48.616646],[-123.040029,48.615731],[-123.039638,48.614691],[-123.039292,48.61378],[-123.038866,48.61287],[-123.038375,48.612354],[-123.038678,48.611983],[-123.038903,48.61164],[-123.038717,48.610779],[-123.038822,48.610385],[-123.039185,48.610615],[-123.040016,48.610707],[-123.040778,48.611062],[-123.041111,48.611554],[-123.041439,48.611942],[-123.042317,48.612217],[-123.043069,48.612284],[-123.043372,48.611913],[-123.043881,48.611801],[-123.04425,48.612188],[-123.04509,48.612516],[-123.045952,48.612346],[-123.04617,48.611793],[-123.045996,48.611325],[-123.047004,48.610786],[-123.047521,48.610909],[-123.04789,48.611322],[-123.048173,48.611501],[-123.049117,48.611409],[-123.050238,48.611889],[-123.051187,48.613105],[-123.051697,48.61417],[-123.051697,48.615322],[-123.052046,48.616311],[-123.052774,48.616823],[-123.054303,48.617664],[-123.054132,48.618452],[-123.053366,48.619143],[-123.052039,48.619582],[-123.051673,48.620399],[-123.051105,48.621114],[-123.04997,48.621393],[-123.048585,48.621309],[-123.04808,48.620374],[-123.047575,48.619466],[-123.048029,48.618883],[-123.048405,48.618328],[-123.048186,48.617703],[-123.046993,48.617433],[-123.04569,48.6174],[-123.044749,48.617598],[-123.044793,48.618879],[-123.044415,48.619382],[-123.044143,48.619642]],[[-122.824153,48.489998],[-122.825746,48.488126],[-122.827566,48.486936],[-122.828997,48.486505],[-122.830823,48.485521],[-122.831732,48.484892],[-122.833791,48.484796],[-122.835391,48.48772],[-122.835545,48.489333],[-122.836237,48.49122],[-122.836072,48.492768],[-122.835646,48.493899],[-122.834391,48.494216],[-122.833532,48.494229],[-122.830245,48.493686],[-122.827042,48.493381],[-122.826355,48.492898],[-122.824965,48.492355],[-122.824188,48.491163],[-122.824153,48.489998]],[[-122.831052,48.743036],[-122.832127,48.743022],[-122.833333,48.743401],[-122.835502,48.744004],[-122.838013,48.74405],[-122.840178,48.744495],[-122.842352,48.745256],[-122.844041,48.745787],[-122.845723,48.74608],[-122.847166,48.746377],[-122.848258,48.746915],[-122.848397,48.747546],[-122.848273,48.74778],[-122.847439,48.74748],[-122.846483,48.747492],[-122.84661,48.747728],[-122.846622,48.748123],[-122.846203,48.748527],[-122.845166,48.748473],[-122.842788,48.747779],[-122.842093,48.7485],[-122.841997,48.749291],[-122.840574,48.749626],[-122.838292,48.749262],[-122.835523,48.748588],[-122.832157,48.747921],[-122.828783,48.747018],[-122.827211,48.746407],[-122.826712,48.745702],[-122.82778,48.745451],[-122.828363,48.744969],[-122.8281,48.744182],[-122.828035,48.743702],[-122.829075,48.743825],[-122.831814,48.744528],[-122.833382,48.744981],[-122.8347,48.745121],[-122.834569,48.744728],[-122.833477,48.74419],[-122.83179,48.743738],[-122.831052,48.743036]],[[-124.029693,46.716596],[-124.027566,46.715672],[-124.025401,46.714552],[-124.02349,46.713822],[-124.021732,46.712469],[-124.020166,46.710971],[-124.018905,46.709795],[-124.01705,46.7089],[-124.015151,46.708416],[-124.013042,46.708103],[-124.011595,46.707174],[-124.01273,46.706238],[-124.015276,46.70624],[-124.017647,46.70703],[-124.020124,46.707977],[-124.023176,46.709383],[-124.025838,46.710855],[-124.027996,46.712005],[-124.030448,46.713649],[-124.03286,46.714963],[-124.034714,46.715918],[-124.036233,46.716739],[-124.03686,46.717465],[-124.036915,46.718098],[-124.036488,46.718326],[-124.035948,46.717907],[-124.034548,46.717247],[-124.032115,46.716967],[-124.029693,46.716596]],[[-122.217721,48.019507],[-122.221395,48.017572],[-122.226693,48.012354],[-122.228213,47.99992],[-122.22919,48.00003],[-122.229734,48.000679],[-122.230178,48.000734],[-122.230543,48.001266],[-122.230453,48.005605],[-122.229235,48.006686],[-122.228111,48.008003],[-122.228044,48.009074],[-122.228822,48.012216],[-122.227488,48.016328],[-122.225322,48.018725],[-122.221892,48.019945],[-122.219062,48.020148],[-122.217721,48.019507]],[[-123.184702,48.682822],[-123.186549,48.681964],[-123.187551,48.681774],[-123.187877,48.681434],[-123.187893,48.681035],[-123.187781,48.680557],[-123.186866,48.679935],[-123.187256,48.679429],[-123.187069,48.678887],[-123.186727,48.678633],[-123.185896,48.678464],[-123.18563,48.678284],[-123.185607,48.678074],[-123.185814,48.677897],[-123.186612,48.677642],[-123.187486,48.677597],[-123.187972,48.678249],[-123.188358,48.678311],[-123.189361,48.678245],[-123.189876,48.67834],[-123.190905,48.67893],[-123.190948,48.679148],[-123.190235,48.680033],[-123.190694,48.680111],[-123.192133,48.679942],[-123.193839,48.68019],[-123.195109,48.680687],[-123.195512,48.681019],[-123.194263,48.681463],[-123.193959,48.681671],[-123.194043,48.682537],[-123.194319,48.683007],[-123.194724,48.683176],[-123.19536,48.683131],[-123.196905,48.682731],[-123.198597,48.682474],[-123.199305,48.682654],[-123.198483,48.683267],[-123.198047,48.684512],[-123.197767,48.684893],[-123.197081,48.685194],[-123.196122,48.685229],[-123.195182,48.685049],[-123.194147,48.68433],[-123.193454,48.684237],[-123.193056,48.684451],[-123.192364,48.6847],[-123.191906,48.68484],[-123.189965,48.685193],[-123.188671,48.685237],[-123.186844,48.685],[-123.184833,48.684451],[-123.183591,48.683717],[-123.184702,48.682822]],[[-122.770005,48.511863],[-122.769858,48.511428],[-122.769144,48.510349],[-122.769306,48.509251],[-122.76968,48.50896],[-122.770424,48.508236],[-122.771837,48.508313],[-122.772171,48.508292],[-122.772767,48.508215],[-122.773494,48.508561],[-122.773877,48.508588],[-122.774535,48.508011],[-122.775209,48.50773],[-122.777117,48.507615],[-122.778219,48.507963],[-122.778923,48.50868],[-122.778674,48.509499],[-122.777874,48.510145],[-122.77706,48.510337],[-122.776233,48.511037],[-122.776104,48.511975],[-122.776029,48.512675],[-122.776735,48.513078],[-122.777542,48.512779],[-122.778781,48.513126],[-122.779634,48.514294],[-122.779698,48.516281],[-122.779292,48.516566],[-122.777817,48.517492],[-122.776051,48.517787],[-122.775072,48.516983],[-122.774101,48.516452],[-122.773526,48.515462],[-122.773777,48.514733],[-122.77437,48.513983],[-122.77488,48.513436],[-122.774367,48.513062],[-122.773767,48.512148],[-122.772542,48.511957],[-122.772051,48.512361],[-122.770005,48.511863]],[[-122.547295,48.519911],[-122.548912,48.520464],[-122.551148,48.521581],[-122.551708,48.522578],[-122.552809,48.524726],[-122.552688,48.52579],[-122.552538,48.526828],[-122.551886,48.527662],[-122.55063,48.528354],[-122.549745,48.5286],[-122.548664,48.527983],[-122.547548,48.527486],[-122.546082,48.526655],[-122.5447,48.525768],[-122.544429,48.52515],[-122.544064,48.524138],[-122.543933,48.522912],[-122.544593,48.521593],[-122.545263,48.52119],[-122.54525,48.520682],[-122.546186,48.520155],[-122.547295,48.519911]],[[-122.925442,47.191397],[-122.924871,47.191144],[-122.924663,47.190523],[-122.924719,47.189715],[-122.9254,47.188237],[-122.925648,47.187555],[-122.925498,47.187061],[-122.925647,47.186674],[-122.925904,47.186285],[-122.925724,47.1857],[-122.925738,47.185278],[-122.926254,47.184555],[-122.927125,47.183992],[-122.928537,47.18355],[-122.930195,47.183195],[-122.930522,47.183319],[-122.930663,47.183519],[-122.930595,47.183942],[-122.930761,47.184122],[-122.931577,47.183523],[-122.932006,47.18348],[-122.932641,47.183966],[-122.932938,47.184017],[-122.933242,47.184269],[-122.933235,47.184893],[-122.933147,47.185537],[-122.932561,47.186573],[-122.931472,47.187909],[-122.931088,47.188539],[-122.930706,47.18926],[-122.929943,47.189822],[-122.928975,47.190716],[-122.926925,47.191443],[-122.925442,47.191397]],[[-122.821513,47.346617],[-122.821301,47.346],[-122.821298,47.345081],[-122.821719,47.342011],[-122.822373,47.340662],[-122.82493,47.338101],[-122.82793,47.335532],[-122.828717,47.334866],[-122.829144,47.334707],[-122.82971,47.33479],[-122.830359,47.335307],[-122.83038,47.335719],[-122.828905,47.338702],[-122.826654,47.342419],[-122.825336,47.343975],[-122.823663,47.345464],[-122.822584,47.346666],[-122.822253,47.346809],[-122.821849,47.346835],[-122.821513,47.346617]],[[-122.845324,48.533417],[-122.846127,48.533253],[-122.847015,48.533368],[-122.847254,48.533621],[-122.847037,48.534084],[-122.847056,48.534697],[-122.847537,48.535329],[-122.848168,48.535832],[-122.848603,48.536209],[-122.848855,48.536896],[-122.849067,48.537532],[-122.849078,48.537889],[-122.849275,48.53804],[-122.849553,48.538317],[-122.849677,48.538622],[-122.849416,48.538881],[-122.849007,48.539347],[-122.848751,48.539785],[-122.848227,48.540277],[-122.847475,48.540824],[-122.846989,48.541316],[-122.846506,48.541859],[-122.846247,48.542195],[-122.845985,48.542454],[-122.845526,48.542537],[-122.844909,48.542494],[-122.844482,48.542372],[-122.844282,48.542119],[-122.844275,48.541889],[-122.844075,48.541637],[-122.843722,48.541437],[-122.843638,48.541208],[-122.843631,48.540978],[-122.843395,48.540802],[-122.843077,48.540475],[-122.84287,48.539992],[-122.842772,48.539303],[-122.842792,48.53869],[-122.843279,48.538274],[-122.84388,48.537781],[-122.844289,48.537341],[-122.844775,48.536848],[-122.845114,48.536614],[-122.845179,48.53623],[-122.845405,48.536073],[-122.84563,48.535866],[-122.845612,48.535278],[-122.845375,48.535103],[-122.845445,48.534846],[-122.845245,48.534619],[-122.845007,48.534392],[-122.844887,48.534215],[-122.845068,48.533855],[-122.845175,48.533598],[-122.845324,48.533417]],[[-122.555748,48.536388],[-122.555516,48.536595],[-122.555153,48.537004],[-122.554761,48.536999],[-122.554234,48.536327],[-122.554127,48.535482],[-122.554537,48.534913],[-122.554993,48.534398],[-122.555451,48.535048],[-122.555904,48.535179],[-122.556572,48.53472],[-122.55735,48.534348],[-122.558279,48.534314],[-122.558781,48.534695],[-122.559033,48.53517],[-122.559017,48.535448],[-122.558567,48.536278],[-122.558355,48.536821],[-122.557818,48.537614],[-122.557448,48.537704],[-122.557109,48.537622],[-122.556991,48.537107],[-122.556714,48.53692],[-122.556532,48.53647],[-122.555748,48.536388]],[[-122.940442,47.184416],[-122.9411,47.1836],[-122.94187,47.184584],[-122.941804,47.185194],[-122.941361,47.185181],[-122.940782,47.185975],[-122.940421,47.186335],[-122.940102,47.186455],[-122.939479,47.186771],[-122.939152,47.186852],[-122.938811,47.186747],[-122.938749,47.186551],[-122.938855,47.186353],[-122.939285,47.185963],[-122.939505,47.185577],[-122.940442,47.184416]]]},"properties":{"OBJECTID":1}},{"type":"Feature","id":4,"geometry":{"type":"Polygon","coordinates":[[[-122.256639,47.753791],[-122.257382,47.754148],[-122.257585,47.754308],[-122.257946,47.754924],[-122.258369,47.755204],[-122.2588,47.755268],[-122.260039,47.755307],[-122.263564,47.755984],[-122.267872,47.756358],[-122.270925,47.755441],[-122.275933,47.751112],[-122.280597,47.747892],[-122.28358,47.741531],[-122.284583,47.739154],[-122.285365,47.737085],[-122.284513,47.73584],[-122.283676,47.733539],[-122.281355,47.731667],[-122.281485,47.729476],[-122.279899,47.724933],[-122.281016,47.721726],[-122.27759,47.71726],[-122.272577,47.699727],[-122.270619,47.694122],[-122.266479,47.691083],[-122.262908,47.687979],[-122.26147,47.687597],[-122.257039,47.688211],[-122.250243,47.686458],[-122.245638,47.6837],[-122.245098,47.682461],[-122.246151,47.680344],[-122.248419,47.678161],[-122.251346,47.673449],[-122.254927,47.670232],[-122.261664,47.66585],[-122.265837,47.665223],[-122.267084,47.664713],[-122.267644,47.663334],[-122.267951,47.659359],[-122.269422,47.657429],[-122.274344,47.653949],[-122.276069,47.65263],[-122.276226,47.651457],[-122.275114,47.650272],[-122.275212,47.649322],[-122.275254,47.648829],[-122.275618,47.648383],[-122.276878,47.647935],[-122.277692,47.648129],[-122.278115,47.648664],[-122.278671,47.65005],[-122.281232,47.652285],[-122.28179,47.653642],[-122.286375,47.655196],[-122.287525,47.655718],[-122.288365,47.655656],[-122.290818,47.653969],[-122.292507,47.653724],[-122.2972,47.65366],[-122.299041,47.653141],[-122.299249,47.652906],[-122.29925,47.652433],[-122.298378,47.652052],[-122.298261,47.651303],[-122.29851,47.649959],[-122.299627,47.647905],[-122.300752,47.647243],[-122.300387,47.646533],[-122.299745,47.64613],[-122.298301,47.646404],[-122.292146,47.64626],[-122.290496,47.646986],[-122.288727,47.646174],[-122.286576,47.646433],[-122.286014,47.646262],[-122.28554,47.645517],[-122.28549,47.645172],[-122.285881,47.644863],[-122.288162,47.644455],[-122.28943,47.643485],[-122.289458,47.643203],[-122.289,47.64322],[-122.286448,47.644067],[-122.284922,47.644024],[-122.283569,47.643591],[-122.283679,47.642696],[-122.282213,47.642998],[-122.278826,47.642939],[-122.277343,47.642257],[-122.276256,47.640951],[-122.276394,47.639004],[-122.276494,47.635602],[-122.276614,47.632435],[-122.277545,47.630356],[-122.281315,47.626712],[-122.282502,47.625167],[-122.282899,47.623901],[-122.282789,47.62257],[-122.282385,47.622131],[-122.280674,47.621395],[-122.280368,47.620979],[-122.280007,47.619878],[-122.280004,47.619119],[-122.281764,47.61142],[-122.283739,47.604539],[-122.285939,47.597913],[-122.287259,47.594972],[-122.287492,47.593446],[-122.287126,47.592782],[-122.285206,47.588892],[-122.285726,47.587462],[-122.2856,47.585887],[-122.286608,47.585304],[-122.287102,47.584913],[-122.287303,47.58449],[-122.287243,47.584052],[-122.286656,47.583197],[-122.284469,47.581145],[-122.283888,47.580259],[-122.282415,47.57678],[-122.280934,47.573525],[-122.279536,47.570885],[-122.279261,47.570682],[-122.278185,47.570504],[-122.277312,47.57183],[-122.276187,47.570799],[-122.274299,47.569466],[-122.271868,47.568234],[-122.271466,47.568175],[-122.270436,47.568283],[-122.270096,47.568192],[-122.269068,47.566929],[-122.267086,47.565635],[-122.266444,47.565087],[-122.266528,47.564879],[-122.267826,47.564186],[-122.268026,47.563708],[-122.267981,47.563237],[-122.267378,47.562487],[-122.266287,47.561713],[-122.265825,47.561578],[-122.264435,47.561582],[-122.264093,47.561379],[-122.263773,47.56076],[-122.261747,47.556841],[-122.260374,47.55324],[-122.259451,47.551532],[-122.259091,47.551352],[-122.258678,47.551444],[-122.256843,47.552327],[-122.255131,47.553074],[-122.254769,47.55359],[-122.255072,47.555541],[-122.256059,47.56104],[-122.255869,47.561385],[-122.255112,47.561818],[-122.254152,47.562208],[-122.252809,47.562534],[-122.251447,47.562582],[-122.25057,47.562402],[-122.250042,47.562043],[-122.249493,47.560864],[-122.24743,47.558337],[-122.247314,47.557817],[-122.247474,47.556204],[-122.247175,47.555515],[-122.246126,47.554037],[-122.24593,47.553376],[-122.246339,47.552108],[-122.249066,47.549497],[-122.249645,47.549128],[-122.250359,47.54898],[-122.251261,47.548862],[-122.255603,47.548992],[-122.256697,47.548784],[-122.257161,47.54852],[-122.257437,47.548235],[-122.257983,47.547105],[-122.257892,47.54673],[-122.257441,47.546026],[-122.257384,47.54563],[-122.257772,47.544441],[-122.258898,47.542654],[-122.261737,47.540377],[-122.261952,47.539557],[-122.261946,47.537769],[-122.263647,47.535476],[-122.26398,47.534611],[-122.263685,47.53375],[-122.262702,47.531958],[-122.262747,47.529885],[-122.262299,47.529367],[-122.260345,47.527894],[-122.259894,47.526933],[-122.259704,47.525393],[-122.260094,47.524165],[-122.260523,47.524023],[-122.261395,47.523979],[-122.261923,47.523851],[-122.262567,47.523089],[-122.262886,47.521903],[-122.262483,47.521299],[-122.261837,47.52107],[-122.25908,47.520738],[-122.258403,47.520437],[-122.25432,47.517585],[-122.249509,47.513188],[-122.248322,47.51261],[-122.246196,47.512091],[-122.240472,47.511499],[-122.238185,47.510865],[-122.228895,47.505483],[-122.225192,47.503699],[-122.221411,47.502549],[-122.217794,47.500864],[-122.215627,47.500441],[-122.213434,47.500514],[-122.212025,47.500857],[-122.206411,47.503551],[-122.204571,47.504064],[-122.203388,47.50532],[-122.202989,47.507086],[-122.203548,47.509442],[-122.205541,47.513413],[-122.20696,47.514902],[-122.211005,47.517855],[-122.211252,47.519344],[-122.208935,47.521556],[-122.205385,47.527807],[-122.205526,47.53053],[-122.202967,47.534095],[-122.199146,47.545676],[-122.198424,47.552032],[-122.197497,47.553817],[-122.193622,47.562911],[-122.192024,47.565946],[-122.192023,47.567042],[-122.194611,47.570157],[-122.194926,47.571191],[-122.194371,47.571611],[-122.190776,47.571851],[-122.190383,47.572016],[-122.190249,47.572318],[-122.190702,47.572814],[-122.190673,47.573005],[-122.190093,47.57341],[-122.189498,47.573686],[-122.189198,47.574338],[-122.188679,47.575096],[-122.1882,47.575297],[-122.186647,47.575146],[-122.18613,47.575185],[-122.185972,47.575386],[-122.185897,47.576061],[-122.186275,47.57636],[-122.186557,47.57645],[-122.187502,47.57642],[-122.187854,47.576524],[-122.187994,47.576755],[-122.187745,47.577504],[-122.187768,47.577739],[-122.188409,47.578118],[-122.188066,47.578476],[-122.189071,47.578738],[-122.1922,47.57814],[-122.193442,47.578133],[-122.196361,47.578887],[-122.198528,47.579711],[-122.200859,47.581501],[-122.201873,47.58184],[-122.203101,47.582009],[-122.203696,47.583371],[-122.207864,47.590073],[-122.210659,47.594736],[-122.210175,47.596872],[-122.211104,47.599588],[-122.21394,47.601339],[-122.215288,47.60401],[-122.215816,47.607657],[-122.214788,47.608792],[-122.213181,47.608861],[-122.210641,47.608116],[-122.207304,47.606668],[-122.20743,47.608621],[-122.211677,47.610892],[-122.218314,47.614385],[-122.220868,47.615131],[-122.222061,47.613892],[-122.223882,47.608176],[-122.224656,47.607824],[-122.229052,47.613021],[-122.231618,47.614086],[-122.234501,47.613763],[-122.237498,47.614096],[-122.239368,47.614961],[-122.241331,47.617628],[-122.242626,47.621504],[-122.242859,47.624403],[-122.243335,47.626294],[-122.241474,47.633777],[-122.242056,47.640989],[-122.241957,47.642588],[-122.240757,47.643902],[-122.239873,47.645686],[-122.23743,47.643992],[-122.234525,47.641117],[-122.233628,47.639744],[-122.232341,47.639438],[-122.231465,47.639876],[-122.232721,47.64291],[-122.232608,47.647032],[-122.231641,47.650202],[-122.230098,47.651933],[-122.229353,47.651881],[-122.228263,47.650261],[-122.227378,47.64734],[-122.227452,47.642283],[-122.226807,47.640655],[-122.226141,47.640285],[-122.22423,47.64029],[-122.223394,47.640864],[-122.22224,47.644486],[-122.221322,47.648143],[-122.219983,47.650388],[-122.217494,47.652581],[-122.215286,47.653283],[-122.214172,47.652966],[-122.212788,47.649426],[-122.211125,47.648342],[-122.208212,47.648472],[-122.205443,47.650144],[-122.20498,47.65182],[-122.207438,47.655894],[-122.20773,47.657287],[-122.207099,47.658666],[-122.208266,47.662255],[-122.207865,47.669042],[-122.206261,47.67214],[-122.206545,47.673529],[-122.208914,47.675155],[-122.213031,47.678485],[-122.215601,47.682546],[-122.217349,47.687692],[-122.217228,47.693241],[-122.215884,47.696837],[-122.212793,47.698009],[-122.210169,47.701082],[-122.210982,47.702249],[-122.216218,47.70419],[-122.219613,47.704124],[-122.222397,47.702974],[-122.224647,47.701474],[-122.227377,47.698022],[-122.228945,47.697173],[-122.23112,47.697107],[-122.237132,47.698814],[-122.244328,47.7009],[-122.245336,47.703745],[-122.258942,47.71641],[-122.25908,47.719329],[-122.260503,47.720262],[-122.261434,47.722858],[-122.26077,47.724699],[-122.262928,47.729414],[-122.265345,47.735962],[-122.266969,47.738137],[-122.265584,47.739037],[-122.263404,47.743971],[-122.262206,47.747016],[-122.25959,47.74854],[-122.257591,47.752144],[-122.257824,47.752621],[-122.257797,47.75296],[-122.257506,47.753271],[-122.257132,47.753542],[-122.256639,47.753791]],[[-122.253112,47.593656],[-122.252832,47.593758],[-122.249207,47.595492],[-122.248114,47.596336],[-122.247017,47.596931],[-122.245023,47.597605],[-122.243282,47.597695],[-122.241658,47.597257],[-122.237859,47.594931],[-122.236114,47.594362],[-122.232093,47.594127],[-122.230198,47.594116],[-122.229255,47.594291],[-122.228863,47.594571],[-122.22834,47.595164],[-122.22805,47.595322],[-122.22735,47.595317],[-122.226861,47.595122],[-122.225519,47.593897],[-122.224443,47.592421],[-122.224105,47.590244],[-122.223513,47.589646],[-122.210596,47.583733],[-122.206154,47.581721],[-122.204434,47.579878],[-122.202561,47.578117],[-122.201967,47.577761],[-122.201427,47.576996],[-122.20155,47.576499],[-122.20292,47.575017],[-122.203128,47.574493],[-122.203205,47.573175],[-122.203705,47.572652],[-122.2042,47.571108],[-122.207143,47.569483],[-122.207969,47.566988],[-122.207344,47.566343],[-122.209303,47.56366],[-122.209534,47.556492],[-122.209104,47.543527],[-122.209483,47.540981],[-122.211151,47.536943],[-122.216825,47.53054],[-122.224018,47.52598],[-122.225126,47.524548],[-122.22687,47.524295],[-122.230226,47.525982],[-122.238005,47.530175],[-122.241459,47.532879],[-122.243632,47.535986],[-122.243871,47.537364],[-122.243415,47.538775],[-122.241293,47.541456],[-122.240707,47.541839],[-122.238393,47.542559],[-122.237956,47.542967],[-122.235302,47.550158],[-122.23129,47.556235],[-122.231059,47.560155],[-122.23262,47.565817],[-122.234075,47.568587],[-122.241333,47.573762],[-122.247582,47.578766],[-122.251684,47.580938],[-122.252749,47.582606],[-122.253642,47.585574],[-122.25457,47.588886],[-122.254761,47.590875],[-122.253946,47.592622],[-122.253112,47.593656]]]},"properties":{"OBJECTID":4}}]}