{"type":"FeatureCollection","crs":{"type":"name","properties":{"name":"EPSG:4326"}},"features":[{"type":"Feature","geometry":{"type":"LineString","coordinates":[[-122.330268110819,47.6008771144809],[-122.330337303655,47.600050923375],[-122.330342447037,47.5999913145263]]},"properties":{"STNAME_ORD":"3RD AVE S","ARTDESCRIPT":"Minor Arterial"}},{"type":"Feature","geometry":{"type":"LineString","coordinates":[[-122.333172245935,47.6030193934401],[-122.333172140307,47.6030194376518],[-122.332677345893,47.6032264846999],[-122.332062246334,47.6034838897075]]},"properties":{"STNAME_ORD":"CHERRY ST","ARTDESCRIPT":"Principal Arterial"}},{"type":"Feature","geometry":{"type":"LineString","coordinates":[[-122.332519439884,47.6023056011811],[-122.332064683367,47.602495369388],[-122.331408527643,47.6027691759459]]},"properties":{"STNAME_ORD":"JAMES ST","ARTDESCRIPT":"Principal Arterial"}},{"type":"Feature","geometry":{"type":"LineString","coordinates":[[-122.327666994408,47.5991949241283],[-122.326360524294,47.5991927557729]]},"properties":{"STNAME_ORD":"S JACKSON ST","ARTDESCRIPT":"Principal Arterial"}},{"type":"Feature","geometry":{"type":"LineString","coordinates":[[-122.343898965968,47.6085982381669],[-122.34480573192,47.6091235838859]]},"properties":{"STNAME_ORD":"ALASKAN WAY","ARTDESCRIPT":"Principal Arterial"}},{"type":"Feature","geometry":{"type":"LineString","coordinates":[[-122.321655682818,47.598717425647],[-122.321551056699,47.5983396683022],[-122.32146119482,47.5980331681124],[-122.321384133198,47.5976018118601],[-122.321365254147,47.5972244243737],[-122.321353526324,47.5968141045893],[-122.321353439497,47.5962449168003],[-122.321370994967,47.5958315465409]]},"properties":{"STNAME_ORD":"DEARBORN OFF RP","ARTDESCRIPT":"Interstate/Freeway"}},{"type":"Feature","geometry":{"type":"LineString","coordinates":[[-122.319638583166,47.5991840475015],[-122.317222846923,47.599189062752]]},"properties":{"STNAME_ORD":"S JACKSON ST","ARTDESCRIPT":"Principal Arterial"}},{"type":"Feature","geometry":{"type":"LineString","coordinates":[[-122.327395289485,47.5923937796663],[-122.327255673224,47.592399415197],[-122.325968373904,47.5923932394486]]},"properties":{"STNAME_ORD":"S ROYAL BROUGHAM WAY","ARTDESCRIPT":"Principal Arterial"}},{"type":"Feature","geometry":{"type":"LineString","coordinates":[[-122.322477205068,47.5932023598636],[-122.322137655438,47.5933243416316],[-122.32164247877,47.5935147234186],[-122.321320513872,47.5936385082793],[-122.321084400322,47.5937037580817],[-122.320793566233,47.5937980249788],[-122.320726135192,47.5938198810612],[-122.320557375687,47.5938997783197],[-122.320425399934,47.593963356291],[-122.320342783,47.5940283006739],[-122.320206579805,47.5941309200928],[-122.320114642139,47.594250702636],[-122.320016885056,47.5945883089425],[-122.319763553843,47.5953740157985]]},"properties":{"STNAME_ORD":"I90 EB - I5 NB ON RP","ARTDESCRIPT":"Interstate/Freeway"}},{"type":"Feature","geometry":{"type":"LineString","coordinates":[[-122.328276812661,47.6060533207321],[-122.328276850013,47.6060533202413],[-122.32892921732,47.6067662726854]]},"properties":{"STNAME_ORD":"7TH AVE","ARTDESCRIPT":"Principal Arterial"}},{"type":"Feature","geometry":{"type":"LineString","coordinates":[[-122.336483966219,47.6116720097474],[-122.3368701825,47.61209418953],[-122.337393604364,47.6126653472821]]},"properties":{"STNAME_ORD":"5TH AVE","ARTDESCRIPT":"Minor Arterial"}},{"type":"Feature","geometry":{"type":"LineString","coordinates":[[-122.337995359023,47.6082921650284],[-122.336884603407,47.6087562245948]]},"properties":{"STNAME_ORD":"UNION ST","ARTDESCRIPT":"Principal Arterial"}},{"type":"Feature","geometry":{"type":"LineString","coordinates":[[-122.339457799751,47.6053152186002],[-122.338653927598,47.605657056825]]},"properties":{"STNAME_ORD":"SENECA ST","ARTDESCRIPT":"Not Designated"}},{"type":"Feature","geometry":{"type":"LineString","coordinates":[[-122.323746732492,47.6000277793826],[-122.323426932368,47.6000273427035]]},"properties":{"STNAME_ORD":"S MAIN ST","ARTDESCRIPT":"Not Designated"}},{"type":"Feature","geometry":{"type":"LineString","coordinates":[[-122.32074489645,47.6045306921344],[-122.320748740789,47.6052268173494]]},"properties":{"STNAME_ORD":"BROADWAY","ARTDESCRIPT":"Minor Arterial"}},{"type":"Feature","geometry":{"type":"LineString","coordinates":[[-122.338542650183,47.6121815402486],[-122.338499583625,47.6121996974138],[-122.337393604364,47.6126653472821]]},"properties":{"STNAME_ORD":"OLIVE WAY","ARTDESCRIPT":"Principal Arterial"}},{"type":"Feature","geometry":{"type":"LineString","coordinates":[[-122.3270968064,47.6114790146712],[-122.328004996446,47.6124723146976]]},"properties":{"STNAME_ORD":"BOREN AVE","ARTDESCRIPT":"Principal Arterial"}},{"type":"Feature","geometry":{"type":"LineString","coordinates":[[-122.318102833575,47.6035165282851],[-122.316781524063,47.6035141600006]]},"properties":{"STNAME_ORD":"E SPRUCE ST","ARTDESCRIPT":"Not Designated"}},{"type":"Feature","geometry":{"type":"LineString","coordinates":[[-122.322989230661,47.605304512133],[-122.323641157932,47.6060183966882]]},"properties":{"STNAME_ORD":"TERRY AVE","ARTDESCRIPT":"Not Designated"}},{"type":"Feature","geometry":{"type":"LineString","coordinates":[[-122.322143723192,47.6026999386764],[-122.320739892842,47.6026932998557]]},"properties":{"STNAME_ORD":"FIR ST","ARTDESCRIPT":"Not Designated"}},{"type":"Feature","geometry":{"type":"LineString","coordinates":[[-122.337995359023,47.6082921650284],[-122.338903693621,47.6092851430891]]},"properties":{"STNAME_ORD":"2ND AVE","ARTDESCRIPT":"Principal Arterial"}},{"type":"Feature","geometry":{"type":"LineString","coordinates":[[-122.339812457115,47.6102783213513],[-122.338838573279,47.6106856643326],[-122.3387015086,47.6107429511726]]},"properties":{"STNAME_ORD":"PINE ST","ARTDESCRIPT":"Principal Arterial"}},{"type":"Feature","geometry":{"type":"LineString","coordinates":[[-122.324443993109,47.6129869690668],[-122.323869192075,47.6129869795986],[-122.323440089675,47.6129867430469]]},"properties":{"STNAME_ORD":"E UNION ST","ARTDESCRIPT":"Not Designated"}},{"type":"Feature","geometry":{"type":"LineString","coordinates":[[-122.32309891407,47.5975086368816],[-122.322496250696,47.5975088285938],[-122.322451705191,47.5975087560819]]},"properties":{"STNAME_ORD":"S WELLER ST","ARTDESCRIPT":"Not Designated"}},{"type":"Feature","geometry":{"type":"LineString","coordinates":[[-122.3172279786,47.5983375933153],[-122.315311298555,47.5983344137771],[-122.314096992866,47.598332395167],[-122.314008725628,47.5983322475496],[-122.313407141859,47.5983312418849]]},"properties":{"STNAME_ORD":"S KING ST","ARTDESCRIPT":"Not Designated"}},{"type":"Feature","geometry":{"type":"LineString","coordinates":[[-122.334190814938,47.595459665185],[-122.333272126679,47.5954558094775]]},"properties":{"STNAME_ORD":"S CHARLES ST","ARTDESCRIPT":"Not Designated"}},{"type":"Feature","geometry":{"type":"LineString","coordinates":[[-122.330264793185,47.6017161563463],[-122.329504383196,47.6013706473531],[-122.328962557205,47.6008754407166]]},"properties":{"STNAME_ORD":"PREFONTAINE PL S","ARTDESCRIPT":"Minor Arterial"}},{"type":"Feature","geometry":{"type":"LineString","coordinates":[[-122.339105334884,47.6078281615312],[-122.338540531993,47.6080642693313],[-122.337995359023,47.6082921650284]]},"properties":{"STNAME_ORD":"UNION ST","ARTDESCRIPT":"Minor Arterial"}},{"type":"Feature","geometry":{"type":"LineString","coordinates":[[-122.324499832868,47.5932785586798],[-122.323755833704,47.5930889596287],[-122.323443630674,47.5930093974227],[-122.323236342984,47.5929604412128]]},"properties":{"STNAME_ORD":"AIRPORT WAY S","ARTDESCRIPT":"Principal Arterial"}},{"type":"Feature","geometry":{"type":"LineString","coordinates":[[-122.324749252122,47.6055546978817],[-122.323641157932,47.6060183966882]]},"properties":{"STNAME_ORD":"JAMES ST","ARTDESCRIPT":"Principal Arterial"}},{"type":"Feature","geometry":{"type":"LineString","coordinates":[[-122.333152641342,47.6130639349122],[-122.33390041857,47.6138812053116],[-122.334060832022,47.614056560906]]},"properties":{"STNAME_ORD":"8TH AVE","ARTDESCRIPT":"Minor Arterial"}},{"type":"Feature","geometry":{"type":"LineString","coordinates":[[-122.332882413169,47.5992028870009],[-122.331577686352,47.5992007850502]]},"properties":{"STNAME_ORD":"S JACKSON ST","ARTDESCRIPT":"Principal Arterial"}},{"type":"Feature","geometry":{"type":"LineString","coordinates":[[-122.334192276819,47.5964686659068],[-122.333493861418,47.5955610137876],[-122.333436656703,47.5955111428294],[-122.333376078934,47.5954800230703],[-122.333272126679,47.5954558094775]]},"properties":{"STNAME_ORD":"RAILROAD WAY S","ARTDESCRIPT":"Not Designated"}},{"type":"Feature","geometry":{"type":"LineString","coordinates":[[-122.324404364577,47.598350647133],[-122.324406484735,47.5975117248046]]},"properties":{"STNAME_ORD":"MAYNARD AL S","ARTDESCRIPT":"Not Designated"}},{"type":"Feature","geometry":{"type":"LineString","coordinates":[[-122.327818446778,47.6072310070584],[-122.328470752597,47.6079445252975]]},"properties":{"STNAME_ORD":"8TH AVE","ARTDESCRIPT":"Not Designated"}},{"type":"Feature","geometry":{"type":"LineString","coordinates":[[-122.323834497225,47.6079109773028],[-122.323976875573,47.6080667925341],[-122.324486997722,47.6086244808168]]},"properties":{"STNAME_ORD":"BOREN AVE","ARTDESCRIPT":"Principal Arterial"}},{"type":"Feature","geometry":{"type":"LineString","coordinates":[[-122.340452139106,47.6109639487705],[-122.339591913956,47.6116291351253]]},"properties":{"STNAME_ORD":"STEWART ST","ARTDESCRIPT":"Principal Arterial"}},{"type":"Feature","geometry":{"type":"LineString","coordinates":[[-122.333152641342,47.6130639349122],[-122.332041866863,47.6135279307568]]},"properties":{"STNAME_ORD":"PINE ST","ARTDESCRIPT":"Principal Arterial"}},{"type":"Feature","geometry":{"type":"LineString","coordinates":[[-122.341123683676,47.6083568853214],[-122.34195730577,47.6092672857954],[-122.341977658576,47.609289533999],[-122.342069333982,47.6093334212573]]},"properties":{"STNAME_ORD":"WESTERN AVE","ARTDESCRIPT":"Minor Arterial"}},{"type":"Feature","geometry":{"type":"LineString","coordinates":[[-122.325967058469,47.5949226524807],[-122.325371580953,47.5946200298325],[-122.325278169448,47.594476731927],[-122.325071455869,47.594157866122]]},"properties":{"STNAME_ORD":"AIRPORT WAY S","ARTDESCRIPT":"Principal Arterial"}},{"type":"Feature","geometry":{"type":"LineString","coordinates":[[-122.322337343019,47.604591057355],[-122.322762062186,47.6050560473583],[-122.322989230661,47.605304512133]]},"properties":{"STNAME_ORD":"TERRY AVE","ARTDESCRIPT":"Not Designated"}},{"type":"Feature","geometry":{"type":"LineString","coordinates":[[-122.335906217797,47.5982402106325],[-122.33616833037,47.5981179476204],[-122.336181732982,47.5977720031425],[-122.336166184304,47.5969673726651],[-122.336174021681,47.5962629295492],[-122.336190865763,47.5953824989977],[-122.336209716656,47.5940927276671],[-122.336249775111,47.5937944587507],[-122.336254303215,47.5937314156214],[-122.336263061437,47.5936849917284],[-122.336280430048,47.5935736118124],[-122.336304850893,47.5934666468458],[-122.336407205735,47.5931639763263],[-122.336454129517,47.5930302321702],[-122.336507960612,47.5928792196863],[-122.336731909909,47.5924640050394],[-122.337093700893,47.5918029072038],[-122.337161171141,47.591684636999],[-122.337243346138,47.591483396844],[-122.337253203214,47.591464409707],[-122.337266628613,47.5914468619557],[-122.337481606273,47.5912037302651],[-122.337508982781,47.5911625721547],[-122.337513287103,47.5911446673086],[-122.337506602152,47.5911167975178],[-122.337486531693,47.5910812768771],[-122.337461194012,47.5910465417047],[-122.337335801567,47.5907320849333]]},"properties":{"STNAME_ORD":"PORTSIDE TRL","ARTDESCRIPT":"Not Designated"}},{"type":"Feature","geometry":{"type":"LineString","coordinates":[[-122.326353923021,47.6008709130266],[-122.326357078566,47.6000320567247]]},"properties":{"STNAME_ORD":"6TH AVE S","ARTDESCRIPT":"Collector Arterial"}},{"type":"Feature","geometry":{"type":"LineString","coordinates":[[-122.31940619702,47.6026909157753],[-122.318858453003,47.6026898822087]]},"properties":{"STNAME_ORD":"E FIR ST","ARTDESCRIPT":"Not Designated"}},{"type":"Feature","geometry":{"type":"LineString","coordinates":[[-122.323834497225,47.6079109773028],[-122.323455390032,47.6080694816989],[-122.322949137348,47.6082810408017],[-122.322724668883,47.6083749032103]]},"properties":{"STNAME_ORD":"COLUMBIA ST","ARTDESCRIPT":"Not Designated"}},{"type":"Feature","geometry":{"type":"LineString","coordinates":[[-122.352172879568,47.6133344172145],[-122.352055656752,47.6134246959185],[-122.351958655911,47.6134994005399],[-122.351667691148,47.6137146553743],[-122.351401561608,47.6139202596319]]},"properties":{"STNAME_ORD":"VINE ST","ARTDESCRIPT":"Not Designated"}},{"type":"Feature","geometry":{"type":"LineString","coordinates":[[-122.329278983224,47.6064393485309],[-122.32938863501,47.606575244104],[-122.329967194584,47.6073187030592],[-122.330536683489,47.6080671150999],[-122.330793736983,47.6084127622913],[-122.330903558825,47.6086219095151],[-122.331007177106,47.6088596818653],[-122.331103512535,47.6091574589911],[-122.331143487751,47.6093441264507],[-122.33117814604,47.609546463421],[-122.331185125941,47.609741667866],[-122.331193519878,47.6100805430429],[-122.331096919756,47.6108467615883],[-122.330310815712,47.6130297538279],[-122.329733766343,47.614360690427],[-122.329689510533,47.6145126578757],[-122.329407911089,47.6152574040203],[-122.32929424559,47.6155580078672],[-122.329052742023,47.61615119981],[-122.328823184465,47.6169894547107],[-122.328644205285,47.6176684590888],[-122.32848199895,47.6184986597842],[-122.3284858736,47.6194337368451]]},"properties":{"STNAME_ORD":"I5 EXPRESS","ARTDESCRIPT":"Interstate/Freeway"}},{"type":"Feature","geometry":{"type":"LineString","coordinates":[[-122.331395749379,47.6106014578084],[-122.331504712728,47.6103775454446],[-122.331545891562,47.6102258117644],[-122.331563346535,47.6099929270547],[-122.331554849545,47.6097842801582],[-122.331568094035,47.6093570130263],[-122.331497854159,47.6088853683141],[-122.331440179732,47.6085221213423],[-122.331402036176,47.6082812100287],[-122.331321663405,47.6080836108933],[-122.330957770709,47.6075496692394],[-122.330442067959,47.6069453040275],[-122.329865592562,47.6062789769013],[-122.329493504019,47.6058184137642],[-122.329444795445,47.6057480158118],[-122.329386103512,47.6055893239587]]},"properties":{"STNAME_ORD":"JAMES ST OFF RP","ARTDESCRIPT":"Interstate/Freeway"}},{"type":"Feature","geometry":{"type":"LineString","coordinates":[[-122.324282067215,47.6027914513535],[-122.324142118279,47.6028511272676],[-122.322791106699,47.6034148339535]]},"properties":{"STNAME_ORD":"ALDER ST","ARTDESCRIPT":"Not Designated"}},{"type":"Feature","geometry":{"type":"LineString","coordinates":[[-122.341333145712,47.6138311865379],[-122.342634087922,47.6146003983076]]},"properties":{"STNAME_ORD":"4TH AVE","ARTDESCRIPT":"Principal Arterial"}},{"type":"Feature","geometry":{"type":"LineString","coordinates":[[-122.336154768391,47.6142879469664],[-122.335295375755,47.614952517659]]},"properties":{"STNAME_ORD":"STEWART ST","ARTDESCRIPT":"Principal Arterial"}},{"type":"Feature","geometry":{"type":"LineString","coordinates":[[-122.325967058469,47.5949226524807],[-122.325833975779,47.5949967476143],[-122.325602978566,47.594995943391],[-122.32507132723,47.5949959433585]]},"properties":{"STNAME_ORD":"S CHARLES ST","ARTDESCRIPT":"Not Designated"}},{"type":"Feature","geometry":{"type":"LineString","coordinates":[[-122.331837234254,47.6109096893871],[-122.331730544672,47.6110205978343],[-122.33168065347,47.6110955601834],[-122.331642775038,47.6111860080873],[-122.331584688368,47.611345878602],[-122.331133851864,47.6125353697869]]},"properties":{"STNAME_ORD":"CONVENTION PL","ARTDESCRIPT":"Minor Arterial"}},{"type":"Feature","geometry":{"type":"LineString","coordinates":[[-122.322455208632,47.5966701116036],[-122.322455833702,47.5965194502783],[-122.322458662891,47.5958311666173]]},"properties":{"STNAME_ORD":"8TH AVE S","ARTDESCRIPT":"Not Designated"}},{"type":"Feature","geometry":{"type":"LineString","coordinates":[[-122.327423612215,47.6034458066361],[-122.328078578054,47.6041612345606]]},"properties":{"STNAME_ORD":"6TH AVE","ARTDESCRIPT":"Principal Arterial"}},{"type":"Feature","geometry":{"type":"LineString","coordinates":[[-122.342192705683,47.6131668320918],[-122.341333145712,47.6138311865379]]},"properties":{"STNAME_ORD":"LENORA ST","ARTDESCRIPT":"Minor Arterial"}},{"type":"Feature","geometry":{"type":"LineString","coordinates":[[-122.31782315609,47.601695163537],[-122.317916622513,47.6017857929462],[-122.317964313324,47.601832037147],[-122.318098483107,47.6019621352867],[-122.31876460637,47.6026084098474],[-122.318858453003,47.6026898822087]]},"properties":{"STNAME_ORD":"BOREN AVE","ARTDESCRIPT":"Principal Arterial"}},{"type":"Feature","geometry":{"type":"LineString","coordinates":[[-122.336884603407,47.6087562245948],[-122.33779291612,47.6097497331808]]},"properties":{"STNAME_ORD":"3RD AVE","ARTDESCRIPT":"Minor Arterial"}},{"type":"Feature","geometry":{"type":"LineString","coordinates":[[-122.327683359717,47.5957940473242],[-122.327360118716,47.5958365074846],[-122.326373798211,47.5958372733756]]},"properties":{"STNAME_ORD":"S DEARBORN ST","ARTDESCRIPT":"Principal Arterial"}},{"type":"Feature","geometry":{"type":"LineString","coordinates":[[-122.32053257749,47.5899612593867],[-122.320659571011,47.590834128052],[-122.320644294092,47.5914902232876],[-122.320542680424,47.5921014203259],[-122.320350538549,47.59311654324],[-122.320096325928,47.5937477733066],[-122.320037917752,47.5938789945873],[-122.320021806096,47.5939345716693],[-122.320013065168,47.5939567581055],[-122.319942220492,47.5941365871231],[-122.319927246979,47.5941970313949],[-122.319902130605,47.594293292675],[-122.319878787642,47.5943827611429],[-122.319867530304,47.5944521530644],[-122.319853530496,47.5945384494438]]},"properties":{"STNAME_ORD":"I5 NB COLLECTOR","ARTDESCRIPT":"Interstate/Freeway"}},{"type":"Feature","geometry":{"type":"LineString","coordinates":[[-122.326249628921,47.6088733801829],[-122.3269020111,47.6095873577316]]},"properties":{"STNAME_ORD":"TERRY AVE","ARTDESCRIPT":"Not Designated"}},{"type":"Feature","geometry":{"type":"LineString","coordinates":[[-122.349532500952,47.6128147655174],[-122.350465546695,47.6133669632782]]},"properties":{"STNAME_ORD":"ELLIOTT AVE","ARTDESCRIPT":"Principal Arterial"}},{"type":"Feature","geometry":{"type":"LineString","coordinates":[[-122.328913101671,47.6134658203127],[-122.327804575635,47.6139302296862]]},"properties":{"STNAME_ORD":"PIKE ST","ARTDESCRIPT":"Minor Arterial"}},{"type":"Feature","geometry":{"type":"LineString","coordinates":[[-122.335655375327,47.5992073307472],[-122.335635723618,47.5982704978836]]},"properties":{"STNAME_ORD":"ALASKAN WAY S","ARTDESCRIPT":"Principal Arterial"}},{"type":"Feature","geometry":{"type":"LineString","coordinates":[[-122.332519439884,47.6023056011811],[-122.333161583042,47.6030077383598],[-122.333172245935,47.6030193934401]]},"properties":{"STNAME_ORD":"2ND AVE","ARTDESCRIPT":"Principal Arterial"}},{"type":"Feature","geometry":{"type":"LineString","coordinates":[[-122.329776500599,47.6093718051348],[-122.328665722754,47.6098362678392]]},"properties":{"STNAME_ORD":"SENECA ST","ARTDESCRIPT":"Minor Arterial"}},{"type":"Feature","geometry":{"type":"LineString","coordinates":[[-122.327670677426,47.598355878048],[-122.327675197081,47.5975166981212]]},"properties":{"STNAME_ORD":"5TH AVE S","ARTDESCRIPT":"Minor Arterial"}},{"type":"Feature","geometry":{"type":"LineString","coordinates":[[-122.322446852659,47.6017034768203],[-122.322494720017,47.6023564329966],[-122.322494955389,47.6023781876474],[-122.322493064124,47.6023999048526],[-122.322489054942,47.6024214904361],[-122.322482945879,47.6024428493981],[-122.322474762294,47.6024638887484],[-122.322464539941,47.6024845160628],[-122.322452325012,47.6025046408861],[-122.32243817002,47.6025241761901],[-122.322422135821,47.6025430362412],[-122.322404294764,47.6025611379633],[-122.32238472349,47.6025784031376],[-122.322363508034,47.6025947555281],[-122.322340740801,47.6026101237293],[-122.322316520521,47.6026244397626],[-122.322290955459,47.6026376425443],[-122.322264156041,47.6026496737699],[-122.322143723192,47.6026999386764]]},"properties":{"STNAME_ORD":"8TH AVE","ARTDESCRIPT":"Minor Arterial"}},{"type":"Feature","geometry":{"type":"LineString","coordinates":[[-122.319581706793,47.6016983192544],[-122.319565474438,47.602122062698],[-122.319563521355,47.6021329354822],[-122.319559611109,47.60214356288],[-122.31955380146,47.6021537868994],[-122.319546180294,47.6021634505586],[-122.31953686387,47.6021724091402],[-122.319525991513,47.6021805260489],[-122.319513728926,47.6021876797878],[-122.319500261904,47.6021937619346],[-122.319485792268,47.6021986800026],[-122.319470539995,47.6022023595188],[-122.319454269076,47.6022060944561],[-122.319438742503,47.6022110719512],[-122.319424165906,47.6022172240367],[-122.319410733165,47.6022244709657],[-122.319398623114,47.6022327149372],[-122.31938799661,47.6022418464519],[-122.319378995514,47.6022517450271],[-122.319371737486,47.6022622785634],[-122.31936632129,47.6022733074863],[-122.319362817439,47.6022846841673],[-122.31936127352,47.6022962577669],[-122.319361709029,47.6023078750052],[-122.319376141263,47.6026143750854],[-122.31940619702,47.6026909157753]]},"properties":{"STNAME_ORD":"10TH AVE","ARTDESCRIPT":"Not Designated"}},{"type":"Feature","geometry":{"type":"LineString","coordinates":[[-122.318105241756,47.6043578173236],[-122.318107634998,47.6051989801924]]},"properties":{"STNAME_ORD":"11TH AVE","ARTDESCRIPT":"Not Designated"}},{"type":"Feature","geometry":{"type":"LineString","coordinates":[[-122.321027663129,47.5995993430801],[-122.321025353231,47.5991906122103]]},"properties":{"STNAME_ORD":"9TH AVE S","ARTDESCRIPT":"Not Designated"}},{"type":"Feature","geometry":{"type":"LineString","coordinates":[[-122.32468142446,47.6105161413498],[-122.324372592524,47.6106452626041],[-122.323570718385,47.6109806802096]]},"properties":{"STNAME_ORD":"SPRING ST","ARTDESCRIPT":"Not Designated"}},{"type":"Feature","geometry":{"type":"LineString","coordinates":[[-122.318284031546,47.5943754935429],[-122.317334760703,47.5946379716348],[-122.316944910523,47.5947350160921],[-122.31665302413,47.5947880055635],[-122.316269873579,47.5948387683708],[-122.316023262598,47.5948611856111],[-122.315814848463,47.5948586288697],[-122.315614926676,47.5948446891452],[-122.315192221178,47.5948185868849],[-122.314837350171,47.5947442621052],[-122.314570448726,47.5946815754165],[-122.314346992002,47.5946078767479],[-122.314091663916,47.5945174480683],[-122.313584028594,47.5942662928006],[-122.313043693892,47.5939394656618],[-122.312207878031,47.5928400658987],[-122.311963298086,47.5925051401548]]},"properties":{"STNAME_ORD":"I90 EB","ARTDESCRIPT":"Interstate/Freeway"}},{"type":"Feature","geometry":{"type":"LineString","coordinates":[[-122.32505232327,47.6000300365855],[-122.325055208446,47.5991907573386]]},"properties":{"STNAME_ORD":"MAYNARD AVE S","ARTDESCRIPT":"Not Designated"}},{"type":"Feature","geometry":{"type":"LineString","coordinates":[[-122.336387476187,47.6017202992591],[-122.336251650993,47.6015474704883],[-122.336097132895,47.6013150601308],[-122.335956423026,47.6010010991789],[-122.335930624453,47.600881667572]]},"properties":{"STNAME_ORD":"ALASKAN WAY S","ARTDESCRIPT":"Principal Arterial"}},{"type":"Feature","geometry":{"type":"LineString","coordinates":[[-122.332256555685,47.6053742451995],[-122.33114608142,47.6058391633764]]},"properties":{"STNAME_ORD":"MARION ST","ARTDESCRIPT":"Minor Arterial"}},{"type":"Feature","geometry":{"type":"LineString","coordinates":[[-122.337478397064,47.6031906543284],[-122.336696536254,47.6035175767937]]},"properties":{"STNAME_ORD":"MARION ST","ARTDESCRIPT":"Minor Arterial"}},{"type":"Feature","geometry":{"type":"LineString","coordinates":[[-122.32375678449,47.597510885906],[-122.32309891407,47.5975086368816]]},"properties":{"STNAME_ORD":"S WELLER ST","ARTDESCRIPT":"Not Designated"}},{"type":"Feature","geometry":{"type":"LineString","coordinates":[[-122.330748737902,47.6095763073789],[-122.330783660761,47.6100482040333],[-122.33076837982,47.6102617009464],[-122.330743678562,47.6104316237689],[-122.330742475958,47.610444121043],[-122.330741246266,47.6104501220871],[-122.330740001986,47.6104561212173],[-122.330738743138,47.6104621191353],[-122.330737465572,47.6104681158956],[-122.330736173418,47.6104741107421],[-122.330734865639,47.6104801036883],[-122.330733543291,47.6104860954223],[-122.330732204301,47.6104920859714],[-122.330730849686,47.6104980746202],[-122.330729478407,47.6105040613824],[-122.33072809256,47.6105100469324],[-122.330726691088,47.6105160305821],[-122.33072527399,47.6105220123316],[-122.330723841267,47.6105279921808],[-122.3307223919,47.6105339708451],[-122.330720927946,47.6105399475954],[-122.330719447328,47.6105459224592],[-122.330717952123,47.6105518954091],[-122.330716440274,47.610557867174],[-122.330714913838,47.610563837025],[-122.330713370718,47.6105698042877],[-122.33071181303,47.6105757703382],[-122.330710238679,47.610581734502],[-122.330708650778,47.6105876967383],[-122.330707044117,47.6105936564136],[-122.330705423927,47.610599614863],[-122.330703787073,47.6106055714258],[-122.330702135612,47.610611525373],[-122.330700467507,47.6106174781352],[-122.330698784794,47.6106234282819],[-122.330697085417,47.6106293765419],[-122.330695371453,47.610635322888],[-122.330693641842,47.6106412666321],[-122.330691896626,47.6106472091777],[-122.330690134727,47.6106531491349],[-122.33068835824,47.6106590871782],[-122.330686566106,47.6106650226196],[-122.330684758347,47.6106709561606],[-122.330682934963,47.6106768878014],[-122.33068109697,47.6106828168266],[-122.330679243351,47.6106887439515],[-122.330677372031,47.6106946692034],[-122.330675488158,47.6107005911107],[-122.330673586625,47.6107065125484],[-122.330671669405,47.6107124299808],[-122.330669737597,47.6107183454992],[-122.330667790143,47.6107242584157],[-122.330665828101,47.6107301694182],[-122.330663849396,47.6107360785341],[-122.330661855024,47.6107419843463],[-122.330659846065,47.6107478882446],[-122.330657821479,47.6107537902426],[-122.330655781228,47.6107596889369],[-122.33065372535,47.6107655857309],[-122.330651654864,47.6107714799093],[-122.330649567695,47.6107773714994],[-122.330647465917,47.6107832604738],[-122.330645348494,47.6107891468463],[-122.330643215444,47.6107950313185],[-122.330641066728,47.610800912487],[-122.330638903404,47.6108067910398],[-122.330636724455,47.6108126676924],[-122.330634529838,47.6108185410413],[-122.330632319617,47.6108244131916],[-122.330630094726,47.6108302806211],[-122.330627854209,47.6108361461504],[-122.330625598047,47.6108420090777],[-122.330623327276,47.6108478693893],[-122.330621039821,47.6108537271126],[-122.330618737758,47.6108595822203],[-122.330616421066,47.6108654340106],[-122.330614087691,47.6108712832126],[-122.330611739707,47.610877129799],[-122.330609377095,47.610882973068],[-122.330606997819,47.6108888144503],[-122.330604603894,47.6108946518136],[-122.330602195381,47.610900487263],[-122.330599770164,47.6109063194223],[-122.330597330319,47.6109121482642],[-122.330594875864,47.6109179744906],[-122.330592404727,47.6109237981285],[-122.330589919998,47.6109296184355],[-122.330587418585,47.6109354361542],[-122.330584902544,47.6109412505554],[-122.330582370836,47.610947061653],[-122.33057982452,47.6109528701349],[-122.330577263555,47.6109586745977],[-122.330574685927,47.610964477174],[-122.330572094707,47.6109702764192],[-122.330569486784,47.6109760723744],[-122.330566864232,47.6109818650122],[-122.330564226033,47.6109876550479],[-122.330561573206,47.6109934417664],[-122.33055890575,47.6109992251675],[-122.330556222628,47.6110050052648],[-122.33055352384,47.6110107820585],[-122.330550810422,47.6110165555348],[-122.330548082377,47.6110223256937],[-122.330545338684,47.6110280932507],[-122.330542579306,47.6110338568021],[-122.330539805298,47.6110396170363],[-122.330537016682,47.6110453746548],[-122.3305342124,47.6110511289696],[-122.330531393448,47.6110568785636],[-122.330528558871,47.6110626262572],[-122.330525709644,47.6110683699319],[-122.330522845768,47.6110741095874],[-122.330519966247,47.6110798466409],[-122.330517072096,47.6110855803771],[-122.330514162259,47.6110913101079],[-122.330511237793,47.6110970365212],[-122.330508298658,47.6111027582138],[-122.330505344955,47.6111084786941],[-122.330502375545,47.6111141944673],[-122.330499390448,47.6111199062351],[-122.33049639178,47.6111256153735],[-122.330493377406,47.6111313198048],[-122.330490348423,47.6111370216204],[-122.330487302715,47.6111427194443],[-122.330484244434,47.6111484132218],[-122.330481170486,47.6111541036955],[-122.33047808193,47.6111597915536],[-122.330474978664,47.6111654732874],[-122.330471859772,47.611171153121],[-122.330468727248,47.6111768282201],[-122.330465578021,47.6111825000291],[-122.330462414164,47.6111881685207],[-122.330459236676,47.6111938322779],[-122.330456043521,47.6111994927314],[-122.330452835738,47.6112051498675],[-122.330449613285,47.6112108022827],[-122.330446375166,47.6112164513943],[-122.330443123415,47.6112220957714],[-122.33043985496,47.6112277368583],[-122.330436574968,47.6112333738853],[-122.330433278273,47.6112390076221],[-122.330429966908,47.6112446366382],[-122.330426640895,47.6112502616351],[-122.330423300252,47.6112558833147],[-122.33041994494,47.6112615002734],[-122.330416574979,47.6112671132131],[-122.330413189351,47.611272722849],[-122.330409790092,47.6112783277505],[-122.330406376164,47.6112839279311],[-122.330402946609,47.6112895262114],[-122.330399503382,47.6112951183538],[-122.330396044489,47.6113007071925],[-122.330392571984,47.6113062919984],[-122.33038908481,47.6113118720835],[-122.330385582987,47.6113174481495],[-122.330382065477,47.6113230202101],[-122.330378533318,47.6113285882515],[-122.330374988564,47.6113341515448],[-122.330371428124,47.6113397108326],[-122.330367853035,47.6113452661013],[-122.330364263277,47.6113508166493],[-122.330360658889,47.6113563638797],[-122.33035704083,47.6113619049724],[-122.330353407104,47.6113674427612],[-122.330349759746,47.6113729758156],[-122.330346096701,47.6113785048645],[-122.330342421062,47.6113840291653],[-122.330338729737,47.6113895494605],[-122.330335023742,47.611395065035],[-122.330331304136,47.6114005765767],[-122.33032756986,47.6114060833976],[-122.330323820915,47.6114115854976],[-122.33032005732,47.6114170835786],[-122.330316280094,47.611422576925],[-122.330312488198,47.6114280655506],[-122.330308681633,47.6114335494553],[-122.330304860399,47.6114390286393],[-122.330301025573,47.6114445044921],[-122.330297176038,47.6114499742207],[-122.330293311873,47.6114554406319],[-122.330289434057,47.6114609016068],[-122.330285541591,47.6114663585627],[-122.330281634436,47.6114718100959],[-122.330277713669,47.6114772575964],[-122.330273778213,47.6114826996743],[-122.330269829145,47.6114881377195],[-122.330265864369,47.6114935710574],[-122.330261887,47.6114989996472],[-122.330257894921,47.6115044221128],[-122.330253888213,47.6115098412609],[-122.330249867853,47.6115152549728],[-122.330245832823,47.6115206639639],[-122.330241784162,47.6115260682204],[-122.330237720831,47.6115314677561],[-122.330225404246,47.6115429052688]]},"properties":{"STNAME_ORD":"HUBBELL PL","ARTDESCRIPT":"Collector Arterial"}},{"type":"Feature","geometry":{"type":"LineString","coordinates":[[-122.320762378176,47.6129633627869],[-122.320780367438,47.6140756667707]]},"properties":{"STNAME_ORD":"BROADWAY","ARTDESCRIPT":"Minor Arterial"}},{"type":"Feature","geometry":{"type":"LineString","coordinates":[[-122.34175261335,47.6117330915067],[-122.340892455109,47.6123980257179]]},"properties":{"STNAME_ORD":"VIRGINIA ST","ARTDESCRIPT":"Minor Arterial"}},{"type":"Feature","geometry":{"type":"LineString","coordinates":[[-122.325334380843,47.6112296226371],[-122.325986777806,47.6119432755067]]},"properties":{"STNAME_ORD":"MINOR AVE","ARTDESCRIPT":"Not Designated"}},{"type":"Feature","geometry":{"type":"LineString","coordinates":[[-122.322085903596,47.6127357484394],[-122.3220194174,47.6128261537239],[-122.32195217216,47.6128813280659],[-122.321877062351,47.6129288493694],[-122.321753901474,47.6129809041035]]},"properties":{"STNAME_ORD":"SENECA ST","ARTDESCRIPT":"Minor Arterial"}},{"type":"Feature","geometry":{"type":"LineString","coordinates":[[-122.349606084318,47.6140312181106],[-122.348746107387,47.6146958043263]]},"properties":{"STNAME_ORD":"WALL ST","ARTDESCRIPT":"Minor Arterial"}},{"type":"Feature","geometry":{"type":"LineString","coordinates":[[-122.329435618267,47.6022897560915],[-122.329645382506,47.6025199381209]]},"properties":{"STNAME_ORD":"4TH AVE","ARTDESCRIPT":"Principal Arterial"}},{"type":"Feature","geometry":{"type":"LineString","coordinates":[[-122.336696536254,47.6035175767937],[-122.337348688383,47.6042302722569]]},"properties":{"STNAME_ORD":"WESTERN AVE","ARTDESCRIPT":"Minor Arterial"}},{"type":"Feature","geometry":{"type":"LineString","coordinates":[[-122.317230949007,47.5966866923985],[-122.31727148508,47.5950149781212],[-122.317251591423,47.5949343106352],[-122.317207778925,47.5948367376813],[-122.317155000083,47.5947423011182],[-122.317067708537,47.5946535266964],[-122.316969270885,47.594579231446],[-122.31657709206,47.5942816837734]]},"properties":{"STNAME_ORD":"12TH AVE S","ARTDESCRIPT":"Minor Arterial"}},{"type":"Feature","geometry":{"type":"LineString","coordinates":[[-122.335422992044,47.5946850522812],[-122.335454040232,47.5958421905806],[-122.335629973118,47.597135883477],[-122.335732812913,47.5978489310276],[-122.335766033613,47.5983158606138],[-122.335750353785,47.5989125187501],[-122.335758821349,47.6003456697293],[-122.335768918323,47.6005814461759],[-122.335787663067,47.6007748226303],[-122.335837937991,47.6010345494983],[-122.336195874331,47.6026549432283],[-122.337231048791,47.6052297535286],[-122.337732305273,47.6061335612004],[-122.338133956272,47.6066959323239],[-122.341293457318,47.6101723889136],[-122.342331202867,47.611476272373],[-122.343643694684,47.6135422394938],[-122.344199285927,47.6148558883382],[-122.34471347255,47.6165789031927],[-122.344935419554,47.6183843156711],[-122.344922314925,47.621022967899],[-122.344364929053,47.6222501078709]]},"properties":{"STNAME_ORD":"SR99 TUNNEL NB","ARTDESCRIPT":"State Route/Freeway"}},{"type":"Feature","geometry":{"type":"LineString","coordinates":[[-122.334019081065,47.6056238993081],[-122.333479252159,47.6058495100636],[-122.33290910388,47.6060878574652]]},"properties":{"STNAME_ORD":"MADISON ST","ARTDESCRIPT":"Principal Arterial"}},{"type":"Feature","geometry":{"type":"LineString","coordinates":[[-122.33199536332,47.6084435648745],[-122.332640195007,47.6091602205163]]},"properties":{"STNAME_ORD":"6TH AVE","ARTDESCRIPT":"Principal Arterial"}},{"type":"Feature","geometry":{"type":"LineString","coordinates":[[-122.325055208446,47.5991907573386],[-122.324409600956,47.5991896902813],[-122.323750053488,47.5991885965181]]},"properties":{"STNAME_ORD":"S JACKSON ST","ARTDESCRIPT":"Principal Arterial"}},{"type":"Feature","geometry":{"type":"LineString","coordinates":[[-122.326513407755,47.6058046661939],[-122.325402694214,47.60626897612]]},"properties":{"STNAME_ORD":"CHERRY ST","ARTDESCRIPT":"Not Designated"}},{"type":"Feature","geometry":{"type":"LineString","coordinates":[[-122.323182216697,47.6071972048604],[-122.323834497225,47.6079109773028]]},"properties":{"STNAME_ORD":"BOREN AVE","ARTDESCRIPT":"Principal Arterial"}},{"type":"Feature","geometry":{"type":"LineString","coordinates":[[-122.337586865325,47.6031444721588],[-122.338231840067,47.6038584189464]]},"properties":{"STNAME_ORD":"ALASKAN WAY","ARTDESCRIPT":"Principal Arterial"}},{"type":"Feature","geometry":{"type":"LineString","coordinates":[[-122.319215450101,47.5958249775053],[-122.318617803897,47.5958233278105],[-122.318575330541,47.5958232316577],[-122.318542907337,47.5958231587032],[-122.318453825003,47.5958229585461],[-122.318445558886,47.5958229408133],[-122.318273310765,47.595822553596],[-122.317371662326,47.5958205300604],[-122.31729351019,47.5958203534657],[-122.317255464177,47.5958202685582],[-122.315922822885,47.5958199324301]]},"properties":{"STNAME_ORD":"S DEARBORN ST","ARTDESCRIPT":"Principal Arterial"}},{"type":"Feature","geometry":{"type":"LineString","coordinates":[[-122.343493771712,47.6139361067601],[-122.344793519535,47.6147045857335]]},"properties":{"STNAME_ORD":"3RD AVE","ARTDESCRIPT":"Minor Arterial"}},{"type":"Feature","geometry":{"type":"LineString","coordinates":[[-122.32609440522,47.6029364916205],[-122.326869805155,47.6036470130857],[-122.32715702376,47.6038944609982]]},"properties":{"STNAME_ORD":"I5 EXPRESS","ARTDESCRIPT":"Interstate/Freeway"}},{"type":"Feature","geometry":{"type":"LineString","coordinates":[[-122.32853489031,47.6029846329185],[-122.329187043257,47.6036975160912]]},"properties":{"STNAME_ORD":"5TH AVE","ARTDESCRIPT":"Minor Arterial"}},{"type":"Feature","geometry":{"type":"LineString","coordinates":[[-122.331101913163,47.6115760670726],[-122.331265045284,47.6113239495796],[-122.33133216818,47.6112448492863],[-122.33142484441,47.6111568739583],[-122.331564017483,47.6110618985632],[-122.331837234254,47.6109096893871]]},"properties":{"STNAME_ORD":"UNION ST OFF RP","ARTDESCRIPT":"Interstate/Freeway"}},{"type":"Feature","geometry":{"type":"LineString","coordinates":[[-122.342069333982,47.6093334212573],[-122.342347801507,47.6094979545021],[-122.342370081,47.6095111422075],[-122.342457960176,47.6095631583235],[-122.343550673266,47.6102099302517],[-122.34363652385,47.6103205422612]]},"properties":{"STNAME_ORD":"WESTERN AVE","ARTDESCRIPT":"Minor Arterial"}},{"type":"Feature","geometry":{"type":"LineString","coordinates":[[-122.329049659469,47.5942879388249],[-122.329048342238,47.5930427126378],[-122.3290487435,47.5923943831953]]},"properties":{"STNAME_ORD":"4TH AVE S","ARTDESCRIPT":"Principal Arterial"}},{"type":"Feature","geometry":{"type":"LineString","coordinates":[[-122.32892921732,47.6067662726854],[-122.327818446778,47.6072310070584]]},"properties":{"STNAME_ORD":"MARION ST","ARTDESCRIPT":"Not Designated"}},{"type":"Feature","geometry":{"type":"LineString","coordinates":[[-122.323570718385,47.6109806802096],[-122.32311676623,47.611170388732],[-122.322461527048,47.6114444216092]]},"properties":{"STNAME_ORD":"SPRING ST","ARTDESCRIPT":"Not Designated"}},{"type":"Feature","geometry":{"type":"LineString","coordinates":[[-122.32684494478,47.592262823901],[-122.327129376633,47.5921774369795]]},"properties":{"STNAME_ORD":"I90 WB ATLANTIC OFF RP","ARTDESCRIPT":"Interstate/Freeway"}},{"type":"Feature","geometry":{"type":"LineString","coordinates":[[-122.326350826064,47.6017099700056],[-122.326351162169,47.6016194851827],[-122.326353923021,47.6008709130266]]},"properties":{"STNAME_ORD":"6TH AVE S","ARTDESCRIPT":"Collector Arterial"}},{"type":"Feature","geometry":{"type":"LineString","coordinates":[[-122.326350826064,47.6017099700056],[-122.325273991521,47.6017026223537],[-122.323944878882,47.6017047568398]]},"properties":{"STNAME_ORD":"YESLER WAY","ARTDESCRIPT":"Minor Arterial"}},{"type":"Feature","geometry":{"type":"LineString","coordinates":[[-122.320757341524,47.6095771222623],[-122.320758338789,47.6101837976213]]},"properties":{"STNAME_ORD":"BROADWAY","ARTDESCRIPT":"Minor Arterial"}},{"type":"Feature","geometry":{"type":"LineString","coordinates":[[-122.335592583699,47.5952535374847],[-122.335472207744,47.5949091528489],[-122.335405844095,47.593888104433],[-122.335349113499,47.5932718162503],[-122.335342673974,47.593048658619],[-122.335369498313,47.5928417008965],[-122.335423679692,47.5926593408061],[-122.335449129597,47.5925650929359],[-122.335421610582,47.5924884207796]]},"properties":{"STNAME_ORD":"SR99SB ROYAL BRO OFF RP","ARTDESCRIPT":"Principal Arterial"}},{"type":"Feature","geometry":{"type":"LineString","coordinates":[[-122.335129273106,47.605159321435],[-122.335781723739,47.6058726171615]]},"properties":{"STNAME_ORD":"2ND AVE","ARTDESCRIPT":"Principal Arterial"}},{"type":"Feature","geometry":{"type":"LineString","coordinates":[[-122.31940619702,47.6026909157753],[-122.319407255644,47.6031011551813]]},"properties":{"STNAME_ORD":"10TH AVE","ARTDESCRIPT":"Not Designated"}},{"type":"Feature","geometry":{"type":"LineString","coordinates":[[-122.329318373978,47.6105498930451],[-122.329314290437,47.6105515935159],[-122.329277036247,47.6105671900458],[-122.328960251165,47.6106995963711],[-122.328207682227,47.6110141742623]]},"properties":{"STNAME_ORD":"UNIVERSITY ST","ARTDESCRIPT":"Not Designated"}},{"type":"Feature","geometry":{"type":"LineString","coordinates":[[-122.335606249447,47.5975604795974],[-122.33547883912,47.5975529852335],[-122.335444668988,47.5975442594191],[-122.335415518462,47.5975331731505],[-122.335398036292,47.5975150501364],[-122.334866645975,47.5968487064173],[-122.334810482832,47.5967559306264],[-122.334802077658,47.5967268168914],[-122.334793452485,47.5966041891391],[-122.334796310366,47.596471882713]]},"properties":{"STNAME_ORD":"RAILROAD WAY S","ARTDESCRIPT":"Not Designated"}},{"type":"Feature","geometry":{"type":"LineString","coordinates":[[-122.325588708295,47.6019691701316],[-122.32500282819,47.6015018218511],[-122.323613542208,47.6004727423137],[-122.323253750329,47.6001975419459],[-122.322674136551,47.5997029745595],[-122.322342453548,47.5994227207213],[-122.322079712407,47.5991855235805],[-122.321655682818,47.598717425647]]},"properties":{"STNAME_ORD":"I5 SB COLLECTOR","ARTDESCRIPT":"Interstate/Freeway"}},{"type":"Feature","geometry":{"type":"LineString","coordinates":[[-122.324096854172,47.6048412749624],[-122.324749252122,47.6055546978817]]},"properties":{"STNAME_ORD":"9TH AVE","ARTDESCRIPT":"Minor Arterial"}},{"type":"Feature","geometry":{"type":"LineString","coordinates":[[-122.335172702179,47.6135955281604],[-122.336154768391,47.6142879469664]]},"properties":{"STNAME_ORD":"7TH AVE","ARTDESCRIPT":"Minor Arterial"}},{"type":"Feature","geometry":{"type":"LineString","coordinates":[[-122.322461527048,47.6114444216092],[-122.323113439086,47.6121584976273]]},"properties":{"STNAME_ORD":"BOYLSTON AVE","ARTDESCRIPT":"Not Designated"}},{"type":"Feature","geometry":{"type":"LineString","coordinates":[[-122.31943466554,47.6129400164216],[-122.318122378224,47.6129312525649]]},"properties":{"STNAME_ORD":"E UNION ST","ARTDESCRIPT":"Minor Arterial"}},{"type":"Feature","geometry":{"type":"LineString","coordinates":[[-122.335586466815,47.603982238495],[-122.336238433074,47.6046950465344]]},"properties":{"STNAME_ORD":"1ST AVE","ARTDESCRIPT":"Minor Arterial"}},{"type":"Feature","geometry":{"type":"LineString","coordinates":[[-122.332451281314,47.6072663098637],[-122.331342546777,47.6077300503903]]},"properties":{"STNAME_ORD":"SPRING ST","ARTDESCRIPT":"Principal Arterial"}},{"type":"Feature","geometry":{"type":"LineString","coordinates":[[-122.322477205068,47.5932023598636],[-122.321401713033,47.5935069755132],[-122.32111835149,47.5935828175218],[-122.320753173343,47.5936845335868],[-122.320592574252,47.5937295108555],[-122.320037917752,47.5938789945873],[-122.318929406055,47.5941928022748],[-122.318284031546,47.5943754935429]]},"properties":{"STNAME_ORD":"I90 EB ON RP","ARTDESCRIPT":"Interstate/Freeway"}},{"type":"Feature","geometry":{"type":"LineString","coordinates":[[-122.323096772837,47.5983475591855],[-122.32309891407,47.5975086368816]]},"properties":{"STNAME_ORD":"CANTON AL S","ARTDESCRIPT":"Not Designated"}},{"type":"Feature","geometry":{"type":"LineString","coordinates":[[-122.326187701535,47.6140849472469],[-122.326186429402,47.6152147613703]]},"properties":{"STNAME_ORD":"CRAWFORD PL","ARTDESCRIPT":"Not Designated"}},{"type":"Feature","geometry":{"type":"LineString","coordinates":[[-122.335930624453,47.600881667572],[-122.335916513773,47.6007475456773],[-122.335910104318,47.6005997766113],[-122.335909914517,47.6004702455538],[-122.335910764643,47.6000461108318]]},"properties":{"STNAME_ORD":"ALASKAN WAY S","ARTDESCRIPT":"Principal Arterial"}},{"type":"Feature","geometry":{"type":"LineString","coordinates":[[-122.326370457156,47.5966762648529],[-122.326371289428,47.5964681036149],[-122.32637318164,47.5959922489686],[-122.326373798211,47.5958372733756]]},"properties":{"STNAME_ORD":"6TH AVE S","ARTDESCRIPT":"Collector Arterial"}},{"type":"Feature","geometry":{"type":"LineString","coordinates":[[-122.320737352624,47.6017003551609],[-122.320737763975,47.6018607291014],[-122.320739696861,47.6026165389905],[-122.320739892842,47.6026932998557]]},"properties":{"STNAME_ORD":"BROADWAY","ARTDESCRIPT":"Minor Arterial"}},{"type":"Feature","geometry":{"type":"LineString","coordinates":[[-122.326249628921,47.6088733801829],[-122.325139076793,47.6093379722991]]},"properties":{"STNAME_ORD":"MADISON ST","ARTDESCRIPT":"Principal Arterial"}},{"type":"Feature","geometry":{"type":"LineString","coordinates":[[-122.319865821204,47.6115419635424],[-122.319347794597,47.6117578813272]]},"properties":{"STNAME_ORD":"E MADISON ST","ARTDESCRIPT":"Principal Arterial"}},{"type":"Feature","geometry":{"type":"LineString","coordinates":[[-122.334060832022,47.614056560906],[-122.33403979455,47.6140653004095],[-122.333921250562,47.6141148942272],[-122.332950313074,47.6145210611538]]},"properties":{"STNAME_ORD":"OLIVE WAY","ARTDESCRIPT":"Principal Arterial"}},{"type":"Feature","geometry":{"type":"LineString","coordinates":[[-122.335657407606,47.6008845256006],[-122.33536114387,47.6008855520844],[-122.334181526414,47.6008831837607]]},"properties":{"STNAME_ORD":"S WASHINGTON ST","ARTDESCRIPT":"Not Designated"}},{"type":"Feature","geometry":{"type":"LineString","coordinates":[[-122.328965090886,47.6000360177672],[-122.327940093888,47.6000344806924],[-122.327663334026,47.6000340758918]]},"properties":{"STNAME_ORD":"S MAIN ST","ARTDESCRIPT":"Not Designated"}},{"type":"Feature","geometry":{"type":"LineString","coordinates":[[-122.319138565699,47.60021337171],[-122.318873397582,47.60007780063],[-122.318575405825,47.600030246727],[-122.318354619994,47.600022839908],[-122.317229777128,47.600014558454]]},"properties":{"STNAME_ORD":"S MAIN ST","ARTDESCRIPT":"Not Designated"}},{"type":"Feature","geometry":{"type":"LineString","coordinates":[[-122.324223471998,47.6116943388646],[-122.32487608473,47.6124079951436]]},"properties":{"STNAME_ORD":"SUMMIT AVE","ARTDESCRIPT":"Not Designated"}},{"type":"Feature","geometry":{"type":"LineString","coordinates":[[-122.335523445269,47.6030221059],[-122.33536271657,47.6030893483632],[-122.334934565995,47.6032685577635]]},"properties":{"STNAME_ORD":"COLUMBIA ST","ARTDESCRIPT":"Collector Arterial"}},{"type":"Feature","geometry":{"type":"LineString","coordinates":[[-122.33310387059,47.607979458203],[-122.333554862075,47.6084720326081],[-122.333756830497,47.6086925967336]]},"properties":{"STNAME_ORD":"5TH AVE","ARTDESCRIPT":"Minor Arterial"}},{"type":"Feature","geometry":{"type":"LineString","coordinates":[[-122.325158573943,47.5924688224566],[-122.323998738305,47.5925441551488],[-122.323661899311,47.5925566034522],[-122.323312436471,47.5925457659661],[-122.322985230867,47.5924766939133],[-122.322677042231,47.5923900203597],[-122.322470260603,47.5922978495575],[-122.322273621807,47.5921814426621],[-122.322127088225,47.5920424162374],[-122.322013864328,47.5919177894694],[-122.321899368621,47.591748670511],[-122.321794139197,47.5915200856887],[-122.321764617668,47.5914487352196]]},"properties":{"STNAME_ORD":"I90 EB - I5 SB ON RP","ARTDESCRIPT":"Interstate/Freeway"}},{"type":"Feature","geometry":{"type":"LineString","coordinates":[[-122.325058631619,47.5983518943006],[-122.325062040645,47.5975129759795]]},"properties":{"STNAME_ORD":"MAYNARD AVE S","ARTDESCRIPT":"Not Designated"}},{"type":"Feature","geometry":{"type":"LineString","coordinates":[[-122.344353398896,47.6132712230353],[-122.344889296369,47.6135879991525],[-122.345653456998,47.6140398228033]]},"properties":{"STNAME_ORD":"2ND AVE","ARTDESCRIPT":"Principal Arterial"}},{"type":"Feature","geometry":{"type":"LineString","coordinates":[[-122.341343433261,47.6102747132111],[-122.341429278253,47.610368602092],[-122.341897273681,47.6106451653995],[-122.342612495345,47.6110682243529]]},"properties":{"STNAME_ORD":"1ST AVE","ARTDESCRIPT":"Minor Arterial"}},{"type":"Feature","geometry":{"type":"LineString","coordinates":[[-122.342171691523,47.609634113679],[-122.341771942493,47.6099314549495]]},"properties":{"STNAME_ORD":"STEWART ST","ARTDESCRIPT":"Not Designated"}},{"type":"Feature","geometry":{"type":"LineString","coordinates":[[-122.341832216052,47.609432512672],[-122.34148699709,47.609578641832]]},"properties":{"STNAME_ORD":"PINE ST","ARTDESCRIPT":"Not Designated"}},{"type":"Feature","geometry":{"type":"LineString","coordinates":[[-122.333556055953,47.610149836822],[-122.333604760781,47.6102031342694],[-122.334102053137,47.6107459817296],[-122.334463769863,47.6111423979938]]},"properties":{"STNAME_ORD":"6TH AVE","ARTDESCRIPT":"Principal Arterial"}},{"type":"Feature","geometry":{"type":"LineString","coordinates":[[-122.329772689826,47.6110469787666],[-122.330055398184,47.6113562176236],[-122.330225404246,47.6115429052688]]},"properties":{"STNAME_ORD":"9TH AVE","ARTDESCRIPT":"Not Designated"}},{"type":"Feature","geometry":{"type":"LineString","coordinates":[[-122.338812343059,47.6046146523925],[-122.338001054286,47.6049434576639]]},"properties":{"STNAME_ORD":"SPRING ST","ARTDESCRIPT":"Minor Arterial"}},{"type":"Feature","geometry":{"type":"LineString","coordinates":[[-122.327663334026,47.6000340758918],[-122.326357078566,47.6000320567247]]},"properties":{"STNAME_ORD":"S MAIN ST","ARTDESCRIPT":"Not Designated"}},{"type":"Feature","geometry":{"type":"LineString","coordinates":[[-122.347608843185,47.6107624846944],[-122.348904011143,47.6115232503319]]},"properties":{"STNAME_ORD":"ALASKAN WAY","ARTDESCRIPT":"Principal Arterial"}},{"type":"Feature","geometry":{"type":"LineString","coordinates":[[-122.340032897739,47.6130625948948],[-122.339173571234,47.6137270692875]]},"properties":{"STNAME_ORD":"VIRGINIA ST","ARTDESCRIPT":"Minor Arterial"}},{"type":"Feature","geometry":{"type":"LineString","coordinates":[[-122.329050519502,47.5914665420826],[-122.329256617282,47.5910935684884],[-122.329279433184,47.5903078588536]]},"properties":{"STNAME_ORD":"4TH AV SB ON RP","ARTDESCRIPT":"Principal Arterial"}},{"type":"Feature","geometry":{"type":"LineString","coordinates":[[-122.334190814938,47.595459665185],[-122.334194505249,47.592395717056]]},"properties":{"STNAME_ORD":"1ST AVE S","ARTDESCRIPT":"Minor Arterial"}},{"type":"Feature","geometry":{"type":"LineString","coordinates":[[-122.329841605043,47.6044129086506],[-122.328733504746,47.6048763674432]]},"properties":{"STNAME_ORD":"CHERRY ST","ARTDESCRIPT":"Principal Arterial"}},{"type":"Feature","geometry":{"type":"LineString","coordinates":[[-122.334866328699,47.6082279219945],[-122.335704353314,47.6091436442652],[-122.335775246139,47.6092211081664]]},"properties":{"STNAME_ORD":"4TH AVE","ARTDESCRIPT":"Principal Arterial"}},{"type":"Feature","geometry":{"type":"LineString","coordinates":[[-122.349532500952,47.6128147655174],[-122.348673307899,47.6134795881013]]},"properties":{"STNAME_ORD":"BATTERY ST","ARTDESCRIPT":"Not Designated"}},{"type":"Feature","geometry":{"type":"LineString","coordinates":[[-122.336238433074,47.6046950465344],[-122.335129273106,47.605159321435]]},"properties":{"STNAME_ORD":"MADISON ST","ARTDESCRIPT":"Principal Arterial"}},{"type":"Feature","geometry":{"type":"LineString","coordinates":[[-122.334194505249,47.592395717056],[-122.333352846707,47.5923952637128],[-122.33326238897,47.5923952169094]]},"properties":{"STNAME_ORD":"S ROYAL BROUGHAM WAY","ARTDESCRIPT":"Principal Arterial"}},{"type":"Feature","geometry":{"type":"LineString","coordinates":[[-122.334934565995,47.6032685577635],[-122.334580696659,47.6034166357121],[-122.333824571889,47.6037327926091]]},"properties":{"STNAME_ORD":"COLUMBIA ST","ARTDESCRIPT":"Principal Arterial"}},{"type":"Feature","geometry":{"type":"LineString","coordinates":[[-122.329776500599,47.6093718051348],[-122.330232470773,47.6098708165258],[-122.330428567642,47.6100854296814],[-122.331696437031,47.6114686952113]]},"properties":{"STNAME_ORD":"8TH AVE","ARTDESCRIPT":"Minor Arterial"}},{"type":"Feature","geometry":{"type":"LineString","coordinates":[[-122.336483966219,47.6116720097474],[-122.335373136651,47.6121364586989]]},"properties":{"STNAME_ORD":"PINE ST","ARTDESCRIPT":"Principal Arterial"}},{"type":"Feature","geometry":{"type":"LineString","coordinates":[[-122.326884372864,47.6129590903169],[-122.326188679099,47.6129871277814]]},"properties":{"STNAME_ORD":"E UNION ST","ARTDESCRIPT":"Not Designated"}},{"type":"Feature","geometry":{"type":"LineString","coordinates":[[-122.327804575635,47.6139302296862],[-122.328585626976,47.6147835193378],[-122.328673571314,47.6148794860747],[-122.328711698349,47.6149210910614]]},"properties":{"STNAME_ORD":"MINOR AVE","ARTDESCRIPT":"Not Designated"}},{"type":"Feature","geometry":{"type":"LineString","coordinates":[[-122.329776500599,47.6093718051348],[-122.329799969961,47.6094787459335],[-122.330137829317,47.6098765336773]]},"properties":{"STNAME_ORD":"8TH AVE","ARTDESCRIPT":"Not Designated"}},{"type":"Feature","geometry":{"type":"LineString","coordinates":[[-122.34079021017,47.6088178392131],[-122.34148699709,47.609578641832]]},"properties":{"STNAME_ORD":"POST AL","ARTDESCRIPT":"Not Designated"}},{"type":"Feature","geometry":{"type":"LineString","coordinates":[[-122.3194541192,47.5966769934684],[-122.319444660995,47.5966610172239],[-122.319271438624,47.5963684130041],[-122.31926789547,47.5963629875672],[-122.319264439771,47.5963575357175],[-122.319261069534,47.5963520602889],[-122.319257784757,47.5963465612815],[-122.319254588554,47.5963410386545],[-122.319251477831,47.5963354931503],[-122.319248455702,47.5963299247283],[-122.319245521188,47.5963243355072],[-122.319242675328,47.5963187254732],[-122.319239917103,47.5963130953418],[-122.319237248609,47.5963074457876],[-122.319234668807,47.5963017768239],[-122.319232178756,47.5962960891391],[-122.319229778536,47.5962903855399],[-122.319227468086,47.5962846639212],[-122.319225248484,47.5962789256728],[-122.319223118733,47.5962731722118],[-122.319221079869,47.5962674035244],[-122.319219132951,47.596261620299],[-122.319217275943,47.5962558239659],[-122.3192155109,47.5962500137965],[-122.319213837903,47.5962441925973],[-122.319212255833,47.5962383575754],[-122.319210766886,47.5962325129136],[-122.319209368947,47.5962266572358],[-122.31920806413,47.5962207919181],[-122.319206252776,47.5962118326931],[-122.319215450101,47.5958249775053]]},"properties":{"STNAME_ORD":"10TH AVE S","ARTDESCRIPT":"Not Designated"}},{"type":"Feature","geometry":{"type":"LineString","coordinates":[[-122.335555422209,47.5964759207519],[-122.335240407435,47.5963137389794],[-122.335005022981,47.5948572768354],[-122.334996064859,47.594546776582],[-122.335028026174,47.5938251481439],[-122.335054480113,47.5932785385804],[-122.3350803944,47.5928961713615],[-122.335119420917,47.5926586561954],[-122.335140643036,47.5926262045181],[-122.33516095031,47.5925983258696],[-122.335206609579,47.5925710645125],[-122.335421610582,47.5924884207796]]},"properties":{"STNAME_ORD":"CITYSIDE TRL","ARTDESCRIPT":"Not Designated"}},{"type":"Feature","geometry":{"type":"LineString","coordinates":[[-122.333261434015,47.5982902789001],[-122.333272126679,47.5954558094775]]},"properties":{"STNAME_ORD":"OCCIDENTAL AVE S","ARTDESCRIPT":"Not Designated"}},{"type":"Feature","geometry":{"type":"LineString","coordinates":[[-122.326353923021,47.6008709130266],[-122.325050359522,47.6008684438434]]},"properties":{"STNAME_ORD":"S WASHINGTON ST","ARTDESCRIPT":"Not Designated"}},{"type":"Feature","geometry":{"type":"LineString","coordinates":[[-122.322337343019,47.604591057355],[-122.321224835108,47.6050559486124]]},"properties":{"STNAME_ORD":"TERRACE ST","ARTDESCRIPT":"Not Designated"}},{"type":"Feature","geometry":{"type":"LineString","coordinates":[[-122.329156372384,47.6163930303237],[-122.329247884167,47.616069528824],[-122.329400388255,47.6156740557088],[-122.329693544875,47.6147625608101],[-122.329754121745,47.6145682383399],[-122.329919197103,47.6141358328478],[-122.330211941121,47.6135374596271],[-122.330606098078,47.6127571882568],[-122.331101913163,47.6115760670726]]},"properties":{"STNAME_ORD":"I5 SB","ARTDESCRIPT":"Interstate/Freeway"}},{"type":"Feature","geometry":{"type":"LineString","coordinates":[[-122.319865821204,47.6115419635424],[-122.319862060121,47.6121737872795]]},"properties":{"STNAME_ORD":"BROADWAY CT","ARTDESCRIPT":"Not Designated"}},{"type":"Feature","geometry":{"type":"LineString","coordinates":[[-122.319347794597,47.6117578813272],[-122.318328824099,47.6121824601814]]},"properties":{"STNAME_ORD":"E MADISON ST","ARTDESCRIPT":"Principal Arterial"}},{"type":"Feature","geometry":{"type":"LineString","coordinates":[[-122.338542650183,47.6121815402486],[-122.338732428458,47.6122938738909]]},"properties":{"STNAME_ORD":"4TH AVE","ARTDESCRIPT":"Principal Arterial"}},{"type":"Feature","geometry":{"type":"LineString","coordinates":[[-122.331403512262,47.6128190836072],[-122.331539401417,47.612980806398],[-122.332041866863,47.6135279307568]]},"properties":{"STNAME_ORD":"9TH AVE","ARTDESCRIPT":"Minor Arterial"}},{"type":"Feature","geometry":{"type":"LineString","coordinates":[[-122.334188031538,47.5992048288577],[-122.334190768086,47.5984622773856],[-122.334190950574,47.5984118521457],[-122.334191123007,47.598365756697],[-122.334191161017,47.5982917153848]]},"properties":{"STNAME_ORD":"1ST AVE S","ARTDESCRIPT":"Minor Arterial"}},{"type":"Feature","geometry":{"type":"LineString","coordinates":[[-122.333366405538,47.6049105230911],[-122.333454986518,47.6050073487823],[-122.334019081065,47.6056238993081]]},"properties":{"STNAME_ORD":"3RD AVE","ARTDESCRIPT":"Minor Arterial"}},{"type":"Feature","geometry":{"type":"LineString","coordinates":[[-122.322458662891,47.5958311666173],[-122.321370994967,47.5958315465409]]},"properties":{"STNAME_ORD":"S DEARBORN ST","ARTDESCRIPT":"Principal Arterial"}},{"type":"Feature","geometry":{"type":"LineString","coordinates":[[-122.326360524294,47.5991927557729],[-122.325055208446,47.5991907573386]]},"properties":{"STNAME_ORD":"S JACKSON ST","ARTDESCRIPT":"Principal Arterial"}},{"type":"Feature","geometry":{"type":"LineString","coordinates":[[-122.32487608473,47.6124079951436],[-122.325318699718,47.6129179380502],[-122.325458252488,47.6129889597513]]},"properties":{"STNAME_ORD":"SUMMIT AVE","ARTDESCRIPT":"Not Designated"}},{"type":"Feature","geometry":{"type":"LineString","coordinates":[[-122.328078578054,47.6041612345606],[-122.327903778304,47.6042344142164],[-122.32774304599,47.6043017040456],[-122.327582876927,47.6043688156701],[-122.327447242355,47.6044256469579],[-122.327278653542,47.6044962858242],[-122.32715566477,47.6045478180211],[-122.326970314754,47.6046251793857]]},"properties":{"STNAME_ORD":"JAMES ST","ARTDESCRIPT":"Principal Arterial"}},{"type":"Feature","geometry":{"type":"LineString","coordinates":[[-122.321420759956,47.606947338732],[-122.320752364081,47.6072184191762]]},"properties":{"STNAME_ORD":"JAMES ST","ARTDESCRIPT":"Principal Arterial"}},{"type":"Feature","geometry":{"type":"LineString","coordinates":[[-122.333556055953,47.610149836822],[-122.332446723514,47.6106141540371]]},"properties":{"STNAME_ORD":"UNION ST","ARTDESCRIPT":"Principal Arterial"}},{"type":"Feature","geometry":{"type":"LineString","coordinates":[[-122.327129376633,47.5921774369795],[-122.327708189863,47.5920742526628],[-122.328442550648,47.5919245844387],[-122.328810131459,47.5918446888428],[-122.329203709336,47.5917501520577],[-122.329401650578,47.5916510384983],[-122.329566460513,47.5915023180825],[-122.329709628963,47.5913360103639],[-122.329805568096,47.5911810468808],[-122.329843919377,47.5910447127466],[-122.329895753849,47.5908259890064],[-122.329932674457,47.5903086352894]]},"properties":{"STNAME_ORD":"S ATLANTIC ST OFF RP","ARTDESCRIPT":"Interstate/Freeway"}},{"type":"Feature","geometry":{"type":"LineString","coordinates":[[-122.31678068558,47.6055672839234],[-122.315475267399,47.6055616433201]]},"properties":{"STNAME_ORD":"E REMINGTON CT","ARTDESCRIPT":"Not Designated"}},{"type":"Feature","geometry":{"type":"LineString","coordinates":[[-122.347372432621,47.6127103909949],[-122.347525385044,47.6127900383619],[-122.348673307899,47.6134795881013]]},"properties":{"STNAME_ORD":"WESTERN AVE","ARTDESCRIPT":"Principal Arterial"}},{"type":"Feature","geometry":{"type":"LineString","coordinates":[[-122.337873476967,47.6129582674818],[-122.337431233835,47.6133006087862]]},"properties":{"STNAME_ORD":"STEWART ST","ARTDESCRIPT":"Principal Arterial"}},{"type":"Feature","geometry":{"type":"LineString","coordinates":[[-122.326820472814,47.6140881268882],[-122.326804188374,47.6152181529602]]},"properties":{"STNAME_ORD":"BELLEVUE AVE","ARTDESCRIPT":"Collector Arterial"}},{"type":"Feature","geometry":{"type":"LineString","coordinates":[[-122.330656383732,47.6136914804099],[-122.330718454678,47.6137593231985],[-122.330931848994,47.6139924537634]]},"properties":{"STNAME_ORD":"TERRY AVE","ARTDESCRIPT":"Not Designated"}},{"type":"Feature","geometry":{"type":"LineString","coordinates":[[-122.32853489031,47.6029846329185],[-122.328030857303,47.6031954591758],[-122.327423612215,47.6034458066361]]},"properties":{"STNAME_ORD":"JEFFERSON ST","ARTDESCRIPT":"Not Designated"}},{"type":"Feature","geometry":{"type":"LineString","coordinates":[[-122.320572486473,47.6043624782039],[-122.319410791575,47.6043602528215]]},"properties":{"STNAME_ORD":"E ALDER ST","ARTDESCRIPT":"Not Designated"}},{"type":"Feature","geometry":{"type":"LineString","coordinates":[[-122.322085903596,47.6127357484394],[-122.322093464661,47.6129869085587]]},"properties":{"STNAME_ORD":"HARVARD AVE","ARTDESCRIPT":"Not Designated"}},{"type":"Feature","geometry":{"type":"LineString","coordinates":[[-122.332885632772,47.5982896933571],[-122.331580821675,47.5982876539249]]},"properties":{"STNAME_ORD":"S KING ST","ARTDESCRIPT":"Minor Arterial"}},{"type":"Feature","geometry":{"type":"LineString","coordinates":[[-122.34001342746,47.6088209600346],[-122.340922043966,47.6098142298394]]},"properties":{"STNAME_ORD":"1ST AVE","ARTDESCRIPT":"Minor Arterial"}},{"type":"Feature","geometry":{"type":"LineString","coordinates":[[-122.328013175236,47.6091223738177],[-122.3269020111,47.6095873577316]]},"properties":{"STNAME_ORD":"SPRING ST","ARTDESCRIPT":"Not Designated"}},{"type":"Feature","geometry":{"type":"LineString","coordinates":[[-122.341832216052,47.609432512672],[-122.341940871991,47.6094970391614],[-122.342077627568,47.6095782526084],[-122.342171691523,47.609634113679]]},"properties":{"STNAME_ORD":"PIKE PL","ARTDESCRIPT":"Not Designated"}},{"type":"Feature","geometry":{"type":"LineString","coordinates":[[-122.330402131095,47.6074123484551],[-122.33017064756,47.6070404160009],[-122.33003738087,47.6068617663708],[-122.329349109475,47.606008578449]]},"properties":{"STNAME_ORD":"I5 SB COLLECTOR","ARTDESCRIPT":"Interstate/Freeway"}},{"type":"Feature","geometry":{"type":"LineString","coordinates":[[-122.323376623834,47.6090889381431],[-122.324028677086,47.6098023702123]]},"properties":{"STNAME_ORD":"MINOR AVE","ARTDESCRIPT":"Not Designated"}},{"type":"Feature","geometry":{"type":"LineString","coordinates":[[-122.34363652385,47.6103205422612],[-122.343471789762,47.6104036768871]]},"properties":{"STNAME_ORD":"VIRGINIA ST","ARTDESCRIPT":"Minor Arterial"}},{"type":"Feature","geometry":{"type":"LineString","coordinates":[[-122.326444272201,47.6107654351168],[-122.325334380843,47.6112296226371]]},"properties":{"STNAME_ORD":"SENECA ST","ARTDESCRIPT":"Minor Arterial"}},{"type":"Feature","geometry":{"type":"LineString","coordinates":[[-122.318122378224,47.6129312525649],[-122.318140950053,47.6140944324229]]},"properties":{"STNAME_ORD":"11TH AVE","ARTDESCRIPT":"Not Designated"}},{"type":"Feature","geometry":{"type":"LineString","coordinates":[[-122.335906217797,47.5982402106325],[-122.335660348908,47.5966366281498],[-122.335634215354,47.5965846084658],[-122.335555422209,47.5964759207519]]},"properties":{"STNAME_ORD":"ALASKAN WAY S","ARTDESCRIPT":"Principal Arterial"}},{"type":"Feature","geometry":{"type":"LineString","coordinates":[[-122.330038975143,47.6063022284417],[-122.330688998166,47.607016837543]]},"properties":{"STNAME_ORD":"6TH AVE","ARTDESCRIPT":"Principal Arterial"}},{"type":"Feature","geometry":{"type":"LineString","coordinates":[[-122.338104534962,47.6039104443904],[-122.337348688383,47.6042302722569]]},"properties":{"STNAME_ORD":"MADISON ST","ARTDESCRIPT":"Minor Arterial"}},{"type":"Feature","geometry":{"type":"LineString","coordinates":[[-122.337393604364,47.6126653472821],[-122.337431233835,47.6133006087862]]},"properties":{"STNAME_ORD":"WESTLAKE AVE","ARTDESCRIPT":"Principal Arterial"}},{"type":"Feature","geometry":{"type":"LineString","coordinates":[[-122.338653927598,47.605657056825],[-122.338664529807,47.6056687051967],[-122.339306816504,47.6063704648382]]},"properties":{"STNAME_ORD":"WESTERN AVE","ARTDESCRIPT":"Minor Arterial"}},{"type":"Feature","geometry":{"type":"LineString","coordinates":[[-122.325402694214,47.60626897612],[-122.326055655646,47.6069822968644]]},"properties":{"STNAME_ORD":"9TH AVE","ARTDESCRIPT":"Minor Arterial"}},{"type":"Feature","geometry":{"type":"LineString","coordinates":[[-122.31696510421,47.6008528586973],[-122.317228089672,47.6002943637854]]},"properties":{"STNAME_ORD":"12TH AVE S","ARTDESCRIPT":"Principal Arterial"}},{"type":"Feature","geometry":{"type":"LineString","coordinates":[[-122.334477235079,47.6044464645966],[-122.335129273106,47.605159321435]]},"properties":{"STNAME_ORD":"2ND AVE","ARTDESCRIPT":"Principal Arterial"}},{"type":"Feature","geometry":{"type":"LineString","coordinates":[[-122.335586466815,47.603982238495],[-122.334477235079,47.6044464645966]]},"properties":{"STNAME_ORD":"MARION ST","ARTDESCRIPT":"Minor Arterial"}},{"type":"Feature","geometry":{"type":"LineString","coordinates":[[-122.320961675672,47.5944154353385],[-122.320992045546,47.5940712083839],[-122.321084400322,47.5937037580817],[-122.321106012903,47.5936177662759],[-122.32111835149,47.5935828175218],[-122.321190615854,47.5932739593439],[-122.321311921061,47.5927077603816],[-122.321420486234,47.5920490034619],[-122.321436219027,47.5916582949617],[-122.321431909026,47.5913437985615],[-122.321433238,47.5911141036107],[-122.321410888483,47.590884718437],[-122.321370922698,47.5905914684099],[-122.321284513062,47.5900951943431]]},"properties":{"STNAME_ORD":"I5 SB COLLECTOR","ARTDESCRIPT":"Interstate/Freeway"}},{"type":"Feature","geometry":{"type":"LineString","coordinates":[[-122.339591913956,47.6116291351253],[-122.340892455109,47.6123980257179]]},"properties":{"STNAME_ORD":"3RD AVE","ARTDESCRIPT":"Minor Arterial"}},{"type":"Feature","geometry":{"type":"LineString","coordinates":[[-122.316780466471,47.6062030452542],[-122.316780289839,47.6068377116799]]},"properties":{"STNAME_ORD":"12TH AVE","ARTDESCRIPT":"Minor Arterial"}},{"type":"Feature","geometry":{"type":"LineString","coordinates":[[-122.330342447037,47.5999913145263],[-122.330400143208,47.6000499869626],[-122.331214864796,47.6008784901375]]},"properties":{"STNAME_ORD":"2ND AV ET S","ARTDESCRIPT":"Principal Arterial"}},{"type":"Feature","geometry":{"type":"LineString","coordinates":[[-122.332873705586,47.6017207358704],[-122.331983505372,47.6017187039658]]},"properties":{"STNAME_ORD":"YESLER WAY","ARTDESCRIPT":"Minor Arterial"}},{"type":"Feature","geometry":{"type":"LineString","coordinates":[[-122.336890899053,47.6054082909039],[-122.337544269659,47.6061217584634]]},"properties":{"STNAME_ORD":"1ST AVE","ARTDESCRIPT":"Minor Arterial"}},{"type":"Feature","geometry":{"type":"LineString","coordinates":[[-122.320750327763,47.606468989347],[-122.320752289668,47.6071910138171],[-122.320752364081,47.6072184191762]]},"properties":{"STNAME_ORD":"BROADWAY","ARTDESCRIPT":"Minor Arterial"}},{"type":"Feature","geometry":{"type":"LineString","coordinates":[[-122.334879710586,47.6017232979911],[-122.334877337897,47.6023059646624],[-122.335240401993,47.6027083849295],[-122.335253747431,47.6027231772445],[-122.335483899611,47.602978274298],[-122.335523445269,47.6030221059]]},"properties":{"STNAME_ORD":"POST AVE","ARTDESCRIPT":"Not Designated"}},{"type":"Feature","geometry":{"type":"LineString","coordinates":[[-122.335781723739,47.6058726171615],[-122.33467152672,47.6063373543613]]},"properties":{"STNAME_ORD":"SPRING ST","ARTDESCRIPT":"Principal Arterial"}},{"type":"Feature","geometry":{"type":"LineString","coordinates":[[-122.328962557205,47.6008754407166],[-122.328965090886,47.6000360177672]]},"properties":{"STNAME_ORD":"4TH AVE S","ARTDESCRIPT":"Principal Arterial"}},{"type":"Feature","geometry":{"type":"LineString","coordinates":[[-122.330493841715,47.6051261515069],[-122.329498381179,47.6055423798938],[-122.329386103512,47.6055893239587]]},"properties":{"STNAME_ORD":"COLUMBIA ST","ARTDESCRIPT":"Principal Arterial"}},{"type":"Feature","geometry":{"type":"LineString","coordinates":[[-122.327361009477,47.6084086762364],[-122.328013175236,47.6091223738177]]},"properties":{"STNAME_ORD":"9TH AVE","ARTDESCRIPT":"Minor Arterial"}},{"type":"Feature","geometry":{"type":"LineString","coordinates":[[-122.333353807343,47.6116063496155],[-122.332244084376,47.6120705726858]]},"properties":{"STNAME_ORD":"PIKE ST","ARTDESCRIPT":"Principal Arterial"}},{"type":"Feature","geometry":{"type":"LineString","coordinates":[[-122.323440089675,47.6129867430469],[-122.323223143,47.6129868383869],[-122.322093464661,47.6129869085587]]},"properties":{"STNAME_ORD":"E UNION ST","ARTDESCRIPT":"Not Designated"}},{"type":"Feature","geometry":{"type":"LineString","coordinates":[[-122.317228089672,47.6002943637854],[-122.317229777128,47.600014558454]]},"properties":{"STNAME_ORD":"12TH AVE S","ARTDESCRIPT":"Principal Arterial"}},{"type":"Feature","geometry":{"type":"LineString","coordinates":[[-122.323401479388,47.6140700109547],[-122.323401951982,47.6141059061461],[-122.32341547054,47.6152311420802]]},"properties":{"STNAME_ORD":"BOYLSTON AVE","ARTDESCRIPT":"Not Designated"}},{"type":"Feature","geometry":{"type":"LineString","coordinates":[[-122.335906217797,47.5982402106325],[-122.335635723618,47.5982704978836]]},"properties":{"STNAME_ORD":"S KING ST","ARTDESCRIPT":"Not Designated"}},{"type":"Feature","geometry":{"type":"LineString","coordinates":[[-122.32074489645,47.6045306921344],[-122.321224835108,47.6050559486124]]},"properties":{"STNAME_ORD":"BOREN AVE","ARTDESCRIPT":"Principal Arterial"}},{"type":"Feature","geometry":{"type":"LineString","coordinates":[[-122.329582065417,47.6074797621138],[-122.328470752597,47.6079445252975]]},"properties":{"STNAME_ORD":"MADISON ST","ARTDESCRIPT":"Principal Arterial"}},{"type":"Feature","geometry":{"type":"LineString","coordinates":[[-122.322917821738,47.610266798791],[-122.322078107528,47.6106180585092],[-122.321809835145,47.6107302268877]]},"properties":{"STNAME_ORD":"MADISON ST","ARTDESCRIPT":"Principal Arterial"}},{"type":"Feature","geometry":{"type":"LineString","coordinates":[[-122.335775246139,47.6092211081664],[-122.336683428228,47.6102140417194]]},"properties":{"STNAME_ORD":"4TH AVE","ARTDESCRIPT":"Principal Arterial"}},{"type":"Feature","geometry":{"type":"LineString","coordinates":[[-122.323753751882,47.598349839694],[-122.323096772837,47.5983475591855]]},"properties":{"STNAME_ORD":"S KING ST","ARTDESCRIPT":"Not Designated"}},{"type":"Feature","geometry":{"type":"LineString","coordinates":[[-122.314659828561,47.5950255702528],[-122.31484026419,47.5950161714477],[-122.315440793384,47.5950159178592],[-122.316196175025,47.5949356732946],[-122.317169859968,47.5947781834056],[-122.317213486788,47.594766499607],[-122.31792413791,47.594576166319]]},"properties":{"STNAME_ORD":"I90 WB OFF RP","ARTDESCRIPT":"Interstate/Freeway"}},{"type":"Feature","geometry":{"type":"LineString","coordinates":[[-122.320678283813,47.5897005119136],[-122.320965712235,47.5909172481116],[-122.320992310747,47.5911572607944],[-122.321003505837,47.5914108267769],[-122.320979793204,47.5916862160477],[-122.320914228453,47.5923202433145],[-122.320657645595,47.5935384996681],[-122.320592574252,47.5937295108555],[-122.320584904165,47.5937666117655],[-122.320577235064,47.5938037112582],[-122.320557375687,47.5938997783197],[-122.320499841867,47.594178080488],[-122.320384857406,47.5947342828071],[-122.320304860499,47.5952002478934],[-122.320252550461,47.5955449354609],[-122.320232264879,47.5958266835979],[-122.320257250126,47.5965514326044],[-122.320388798051,47.5972991562517],[-122.320582221804,47.597855604454],[-122.320829324276,47.5983438191548],[-122.321140328138,47.5987615057088],[-122.321481127965,47.5991871268741],[-122.321856939279,47.5995932358876],[-122.322330340304,47.5999955780624],[-122.324514443995,47.6017090067407],[-122.32609440522,47.6029364916205]]},"properties":{"STNAME_ORD":"I5 NB","ARTDESCRIPT":"Interstate/Freeway"}},{"type":"Feature","geometry":{"type":"LineString","coordinates":[[-122.326357078566,47.6000320567247],[-122.326360524294,47.5991927557729]]},"properties":{"STNAME_ORD":"6TH AVE S","ARTDESCRIPT":"Collector Arterial"}},{"type":"Feature","geometry":{"type":"LineString","coordinates":[[-122.335910764643,47.6000461108318],[-122.335668872729,47.6000463396633],[-122.335638762229,47.6000459825101]]},"properties":{"STNAME_ORD":"S MAIN ST","ARTDESCRIPT":"Not Designated"}},{"type":"Feature","geometry":{"type":"LineString","coordinates":[[-122.339457799751,47.6053152186002],[-122.340097512428,47.6060400949214]]},"properties":{"STNAME_ORD":"ALASKAN WAY","ARTDESCRIPT":"Principal Arterial"}},{"type":"Feature","geometry":{"type":"LineString","coordinates":[[-122.32487608473,47.6124079951436],[-122.323765048543,47.6128726527156]]},"properties":{"STNAME_ORD":"UNIVERSITY ST","ARTDESCRIPT":"Not Designated"}},{"type":"Feature","geometry":{"type":"LineString","coordinates":[[-122.31943466554,47.6129400164216],[-122.319446782497,47.614085161956]]},"properties":{"STNAME_ORD":"10TH AVE","ARTDESCRIPT":"Not Designated"}},{"type":"Feature","geometry":{"type":"LineString","coordinates":[[-122.330952062736,47.6039484404794],[-122.331604308503,47.6046615583507]]},"properties":{"STNAME_ORD":"4TH AVE","ARTDESCRIPT":"Principal Arterial"}},{"type":"Feature","geometry":{"type":"LineString","coordinates":[[-122.326357078566,47.6000320567247],[-122.32561980961,47.6000309171855],[-122.32505232327,47.6000300365855]]},"properties":{"STNAME_ORD":"S MAIN ST","ARTDESCRIPT":"Not Designated"}},{"type":"Feature","geometry":{"type":"LineString","coordinates":[[-122.329835497187,47.5923907788411],[-122.329417659562,47.5923945070385],[-122.3290487435,47.5923943831953]]},"properties":{"STNAME_ORD":"S ROYAL BROUGHAM WAY","ARTDESCRIPT":"Principal Arterial"}},{"type":"Feature","geometry":{"type":"LineString","coordinates":[[-122.34148699709,47.609578641832],[-122.340922043966,47.6098142298394]]},"properties":{"STNAME_ORD":"PINE ST","ARTDESCRIPT":"Not Designated"}},{"type":"Feature","geometry":{"type":"LineString","coordinates":[[-122.318328824099,47.6121824601814],[-122.318100112423,47.6122777555628]]},"properties":{"STNAME_ORD":"E MADISON ST","ARTDESCRIPT":"Principal Arterial"}},{"type":"Feature","geometry":{"type":"LineString","coordinates":[[-122.33326238897,47.5923952169094],[-122.33169785889,47.5923365396731],[-122.331465520347,47.592335570033],[-122.331391495908,47.5923506486287],[-122.331354528205,47.5923806660135],[-122.331329896625,47.5924131083314],[-122.331338264201,47.5924500578269],[-122.331383239506,47.5924776861968],[-122.331455097618,47.5924908434841],[-122.331639453752,47.5924803561319],[-122.33326238897,47.5923952169094]]},"properties":{"STNAME_ORD":"S ROYAL BROUGHAM WAY","ARTDESCRIPT":"Principal Arterial"}},{"type":"Feature","geometry":{"type":"LineString","coordinates":[[-122.31792413791,47.594576166319],[-122.318487029315,47.5943615061565],[-122.318929406055,47.5941928022748],[-122.320096325928,47.5937477733066],[-122.320657645595,47.5935384996681],[-122.320797336973,47.5934856937631],[-122.320926176806,47.5934236620372],[-122.320973525876,47.5934008646151],[-122.321113541255,47.5933269252975],[-122.321190615854,47.5932739593439],[-122.321460303828,47.5930619992408],[-122.32153808327,47.5929862026321],[-122.321638657484,47.5928676971336],[-122.321709531806,47.592768970905],[-122.321750500725,47.5926829734718],[-122.32179928592,47.5925942035131],[-122.32183638504,47.5925109269123],[-122.321864750521,47.5923983878591],[-122.32188522215,47.5922859520995],[-122.321890595435,47.5921977494892],[-122.321891641184,47.5920962509625],[-122.321879244188,47.5919388437203],[-122.321764617668,47.5914487352196]]},"properties":{"STNAME_ORD":"I90 WB - I5 SB ON RP","ARTDESCRIPT":"Interstate/Freeway"}},{"type":"Feature","geometry":{"type":"LineString","coordinates":[[-122.320793082368,47.595294120613],[-122.32080437695,47.5951520282651],[-122.320831257279,47.5949601237095],[-122.32083952901,47.5949315113515]]},"properties":{"STNAME_ORD":"I5 SB COLLECTOR","ARTDESCRIPT":"Interstate/Freeway"}},{"type":"Feature","geometry":{"type":"LineString","coordinates":[[-122.333756830497,47.6086925967336],[-122.334195678434,47.6091720415813],[-122.334584510222,47.6095968363131],[-122.334595193885,47.6096085057475],[-122.334665597537,47.6096854208313]]},"properties":{"STNAME_ORD":"5TH AVE","ARTDESCRIPT":"Minor Arterial"}},{"type":"Feature","geometry":{"type":"LineString","coordinates":[[-122.326970314754,47.6046251793857],[-122.327624254389,47.6053401763488]]},"properties":{"STNAME_ORD":"7TH AVE","ARTDESCRIPT":"Principal Arterial"}},{"type":"Feature","geometry":{"type":"LineString","coordinates":[[-122.341771942493,47.6099314549495],[-122.341343433261,47.6102747132111]]},"properties":{"STNAME_ORD":"STEWART ST","ARTDESCRIPT":"Not Designated"}},{"type":"Feature","geometry":{"type":"LineString","coordinates":[[-122.331133851864,47.6125353697869],[-122.330606098078,47.6127571882568],[-122.330389521852,47.6128482151107],[-122.330157065234,47.6129459161318],[-122.330025030754,47.6130014091681]]},"properties":{"STNAME_ORD":"PIKE ST","ARTDESCRIPT":"Principal Arterial"}},{"type":"Feature","geometry":{"type":"LineString","coordinates":[[-122.329115987544,47.612006650526],[-122.328004996446,47.6124723146976]]},"properties":{"STNAME_ORD":"UNION ST","ARTDESCRIPT":"Not Designated"}},{"type":"Feature","geometry":{"type":"LineString","coordinates":[[-122.319347794597,47.6117578813272],[-122.319368822982,47.6121773783353]]},"properties":{"STNAME_ORD":"10TH AVE","ARTDESCRIPT":"Not Designated"}},{"type":"Feature","geometry":{"type":"LineString","coordinates":[[-122.323750053488,47.5991885965181],[-122.322585364528,47.5991863993562],[-122.32247527803,47.5991861887294],[-122.3224446921,47.5991861300132]]},"properties":{"STNAME_ORD":"S JACKSON ST","ARTDESCRIPT":"Principal Arterial"}},{"type":"Feature","geometry":{"type":"LineString","coordinates":[[-122.32244834018,47.5983475636928],[-122.320942950565,47.5983445799673],[-122.319643589875,47.5983479012904]]},"properties":{"STNAME_ORD":"S KING ST","ARTDESCRIPT":"Not Designated"}},{"type":"Feature","geometry":{"type":"LineString","coordinates":[[-122.326884372864,47.6129590903169],[-122.326836951499,47.6131364976009],[-122.326820472814,47.6140881268882]]},"properties":{"STNAME_ORD":"BELLEVUE AVE","ARTDESCRIPT":"Not Designated"}},{"type":"Feature","geometry":{"type":"LineString","coordinates":[[-122.339173571234,47.6137270692875],[-122.338314342455,47.6143914036311]]},"properties":{"STNAME_ORD":"VIRGINIA ST","ARTDESCRIPT":"Minor Arterial"}},{"type":"Feature","geometry":{"type":"LineString","coordinates":[[-122.334194505249,47.592395717056],[-122.334195453145,47.5903121642401]]},"properties":{"STNAME_ORD":"1ST AVE S","ARTDESCRIPT":"Principal Arterial"}},{"type":"Feature","geometry":{"type":"LineString","coordinates":[[-122.332873705586,47.6017207358704],[-122.332876718587,47.6008815857797]]},"properties":{"STNAME_ORD":"OCCIDENTAL AVE S","ARTDESCRIPT":"Not Designated"}},{"type":"Feature","geometry":{"type":"LineString","coordinates":[[-122.323766572505,47.5949941572102],[-122.32376854783,47.594408792905],[-122.32376940262,47.5941551400368]]},"properties":{"STNAME_ORD":"7TH AVE S","ARTDESCRIPT":"Principal Arterial"}},{"type":"Feature","geometry":{"type":"LineString","coordinates":[[-122.328733504746,47.6048763674432],[-122.328522712391,47.6049645038025],[-122.32836571039,47.60503014712],[-122.328198413103,47.605100101406],[-122.328060253007,47.6051578714079],[-122.327905246896,47.6052226855205],[-122.327800840243,47.6052663419589]]},"properties":{"STNAME_ORD":"CHERRY ST","ARTDESCRIPT":"Principal Arterial"}},{"type":"Feature","geometry":{"type":"LineString","coordinates":[[-122.31941304729,47.6052017125546],[-122.319415797681,47.6062086019289]]},"properties":{"STNAME_ORD":"10TH AVE","ARTDESCRIPT":"Not Designated"}},{"type":"Feature","geometry":{"type":"LineString","coordinates":[[-122.319368822982,47.6121773783353],[-122.318328824099,47.6121824601814]]},"properties":{"STNAME_ORD":"E SENECA ST","ARTDESCRIPT":"Not Designated"}},{"type":"Feature","geometry":{"type":"LineString","coordinates":[[-122.331571729209,47.6008792515124],[-122.331214864796,47.6008784901375]]},"properties":{"STNAME_ORD":"S WASHINGTON ST","ARTDESCRIPT":"Not Designated"}},{"type":"Feature","geometry":{"type":"LineString","coordinates":[[-122.32074193134,47.6035214354387],[-122.320744183109,47.6042706041745]]},"properties":{"STNAME_ORD":"BROADWAY","ARTDESCRIPT":"Minor Arterial"}},{"type":"Feature","geometry":{"type":"LineString","coordinates":[[-122.331696437031,47.6114686952113],[-122.332244084376,47.6120705726858]]},"properties":{"STNAME_ORD":"8TH AVE","ARTDESCRIPT":"Minor Arterial"}},{"type":"Feature","geometry":{"type":"LineString","coordinates":[[-122.335421610582,47.5924884207796],[-122.335330880932,47.5922928421938],[-122.33542987573,47.5920654140984],[-122.335565140643,47.5918755904318],[-122.335809825363,47.5913320486948],[-122.335822658052,47.5912890351636],[-122.335828456291,47.5912461147262],[-122.335837240972,47.5904533854023],[-122.336017994729,47.5903126405884]]},"properties":{"STNAME_ORD":"CITYSIDE TRL","ARTDESCRIPT":"Not Designated"}},{"type":"Feature","geometry":{"type":"LineString","coordinates":[[-122.321224835108,47.6050559486124],[-122.320919356971,47.6051900998015],[-122.320866570407,47.6052132808663],[-122.32083494393,47.605221451279],[-122.320748740789,47.6052268173494]]},"properties":{"STNAME_ORD":"TERRACE ST","ARTDESCRIPT":"Not Designated"}},{"type":"Feature","geometry":{"type":"LineString","coordinates":[[-122.325458252488,47.6129889597513],[-122.325506251002,47.613047401829],[-122.325514174552,47.6140885079959]]},"properties":{"STNAME_ORD":"SUMMIT AVE","ARTDESCRIPT":"Not Designated"}},{"type":"Feature","geometry":{"type":"LineString","coordinates":[[-122.318749147501,47.6080661144222],[-122.318094301877,47.6080633066747],[-122.316779914121,47.6080587778913]]},"properties":{"STNAME_ORD":"E CHERRY ST","ARTDESCRIPT":"Minor Arterial"}},{"type":"Feature","geometry":{"type":"LineString","coordinates":[[-122.332062246334,47.6034838897075],[-122.332714379347,47.6041971207597]]},"properties":{"STNAME_ORD":"3RD AVE","ARTDESCRIPT":"Minor Arterial"}},{"type":"Feature","geometry":{"type":"LineString","coordinates":[[-122.335373136651,47.6121364586989],[-122.334262399638,47.6126004383479]]},"properties":{"STNAME_ORD":"PINE ST","ARTDESCRIPT":"Principal Arterial"}},{"type":"Feature","geometry":{"type":"LineString","coordinates":[[-122.339306816504,47.6063704648382],[-122.339945441987,47.6070680992331],[-122.340216143631,47.607363805991]]},"properties":{"STNAME_ORD":"WESTERN AVE","ARTDESCRIPT":"Minor Arterial"}},{"type":"Feature","geometry":{"type":"LineString","coordinates":[[-122.327800840243,47.6052663419589],[-122.327772267577,47.6052782889692],[-122.327624254389,47.6053401763488]]},"properties":{"STNAME_ORD":"CHERRY ST","ARTDESCRIPT":"Principal Arterial"}},{"type":"Feature","geometry":{"type":"LineString","coordinates":[[-122.316781803662,47.6026859072],[-122.316781524063,47.6035141600006]]},"properties":{"STNAME_ORD":"12TH AVE","ARTDESCRIPT":"Minor Arterial"}},{"type":"Feature","geometry":{"type":"LineString","coordinates":[[-122.326708321287,47.6076953891316],[-122.325842906541,47.6080571503455],[-122.325597863795,47.6081595517729]]},"properties":{"STNAME_ORD":"MARION ST","ARTDESCRIPT":"Not Designated"}},{"type":"Feature","geometry":{"type":"LineString","coordinates":[[-122.335655375327,47.5992073307472],[-122.335362103669,47.5992068149608],[-122.334188031538,47.5992048288577]]},"properties":{"STNAME_ORD":"S JACKSON ST","ARTDESCRIPT":"Principal Arterial"}},{"type":"Feature","geometry":{"type":"LineString","coordinates":[[-122.322446852659,47.6017034768203],[-122.320737352624,47.6017003551609]]},"properties":{"STNAME_ORD":"YESLER WAY","ARTDESCRIPT":"Minor Arterial"}},{"type":"Feature","geometry":{"type":"LineString","coordinates":[[-122.31696510421,47.6008528586973],[-122.316874804281,47.6007655355673],[-122.316841084202,47.6007329259793],[-122.316709329142,47.6006055065913],[-122.316673347585,47.6005714319875],[-122.316636723256,47.6005376711026],[-122.316599464616,47.6005042294412],[-122.316573275588,47.6004812401127],[-122.316546788048,47.6004584090996],[-122.316520000979,47.6004357371171],[-122.31649895431,47.6004182043895],[-122.316477729919,47.6004007715464],[-122.316456328803,47.6003834371709],[-122.316415373128,47.6003509245985],[-122.316373795778,47.6003187738998],[-122.316331606289,47.6002869919693],[-122.316290563789,47.6002568537849],[-122.316248970854,47.6002270646116],[-122.316206831753,47.6001976286049],[-122.316165718794,47.6001696020647],[-122.31612411106,47.6001419111743],[-122.316082017008,47.6001145614387],[-122.316074076993,47.6001094753943],[-122.316066121817,47.6001044035859],[-122.316058150344,47.6000993425188],[-122.316008713853,47.6000684628712],[-122.31595865141,47.6000380497351],[-122.315907972494,47.6000081078996]]},"properties":{"STNAME_ORD":"BOREN AVE S","ARTDESCRIPT":"Principal Arterial"}},{"type":"Feature","geometry":{"type":"LineString","coordinates":[[-122.326970314754,47.6046251793857],[-122.326742601875,47.6047204944229],[-122.326192408814,47.6049507346622],[-122.325859621228,47.6050900042241]]},"properties":{"STNAME_ORD":"JAMES ST","ARTDESCRIPT":"Principal Arterial"}},{"type":"Feature","geometry":{"type":"LineString","coordinates":[[-122.338732428458,47.6122938738909],[-122.340032897739,47.6130625948948]]},"properties":{"STNAME_ORD":"4TH AVE","ARTDESCRIPT":"Principal Arterial"}},{"type":"Feature","geometry":{"type":"LineString","coordinates":[[-122.345213271396,47.6126064570125],[-122.344869732367,47.6128720350493],[-122.344353398896,47.6132712230353]]},"properties":{"STNAME_ORD":"BLANCHARD ST","ARTDESCRIPT":"Not Designated"}},{"type":"Feature","geometry":{"type":"LineString","coordinates":[[-122.336434187794,47.606585790565],[-122.335323719035,47.6070502912006]]},"properties":{"STNAME_ORD":"SENECA ST","ARTDESCRIPT":"Principal Arterial"}},{"type":"Feature","geometry":{"type":"LineString","coordinates":[[-122.340216143631,47.607363805991],[-122.339755849053,47.6075562268489],[-122.339656306202,47.6075998136921]]},"properties":{"STNAME_ORD":"UNION ST","ARTDESCRIPT":"Not Designated"}},{"type":"Feature","geometry":{"type":"LineString","coordinates":[[-122.338223480149,47.6030008790433],[-122.338082048414,47.6029976289546],[-122.338046826665,47.6030015084057],[-122.338011604932,47.6030053885475],[-122.337968862961,47.6030110745887],[-122.337916177274,47.6030220128823],[-122.337586865325,47.6031444721588]]},"properties":{"STNAME_ORD":"COLMAN DOCK EXIT RD","ARTDESCRIPT":"Not Designated"}},{"type":"Feature","geometry":{"type":"LineString","coordinates":[[-122.326373798211,47.5958372733756],[-122.326376663497,47.595130638685]]},"properties":{"STNAME_ORD":"6TH AVE S","ARTDESCRIPT":"Collector Arterial"}},{"type":"Feature","geometry":{"type":"LineString","coordinates":[[-122.33779291612,47.6097497331808],[-122.336683428228,47.6102140417194]]},"properties":{"STNAME_ORD":"PIKE ST","ARTDESCRIPT":"Principal Arterial"}},{"type":"Feature","geometry":{"type":"LineString","coordinates":[[-122.336310316796,47.5916570069819],[-122.335949129566,47.5921157863008],[-122.335838139528,47.59231830948],[-122.335695956163,47.5926458094978],[-122.335564717935,47.59307156925],[-122.335489464085,47.593318820743],[-122.335427818951,47.5934993413185],[-122.335390424935,47.5936057548945],[-122.33526675199,47.5940807505567],[-122.335211654582,47.5943707671211],[-122.33520558691,47.5948886520601],[-122.335286162087,47.5953624807626],[-122.335352531121,47.5959705646625],[-122.335415417082,47.5962887448923],[-122.335447523309,47.5963523871739],[-122.335457760198,47.5963687639173],[-122.335468336964,47.596384718333],[-122.335555422209,47.5964759207519]]},"properties":{"STNAME_ORD":"SR99NB ALASKAN OFF RP","ARTDESCRIPT":"State Route/Freeway"}},{"type":"Feature","geometry":{"type":"LineString","coordinates":[[-122.336310316796,47.5916570069819],[-122.335768438972,47.5927995929346],[-122.33561865517,47.5933070815554],[-122.335568123125,47.5935448576641],[-122.335494270191,47.5940904323547],[-122.335422992044,47.5946850522812]]},"properties":{"STNAME_ORD":"SR99 TUNNEL NB","ARTDESCRIPT":"State Route/Freeway"}},{"type":"Feature","geometry":{"type":"LineString","coordinates":[[-122.335908866082,47.5992077394492],[-122.335655375327,47.5992073307472]]},"properties":{"STNAME_ORD":"S JACKSON ST","ARTDESCRIPT":"Principal Arterial"}},{"type":"Feature","geometry":{"type":"LineString","coordinates":[[-122.332640195007,47.6091602205163],[-122.332235351209,47.6093756124302],[-122.331757975298,47.6095643554419],[-122.331707174901,47.6095878314379],[-122.331675685422,47.6096038508965],[-122.331651235307,47.6096248378666],[-122.331639356342,47.6096367390368]]},"properties":{"STNAME_ORD":"UNIVERSITY ST","ARTDESCRIPT":"Not Designated"}},{"type":"Feature","geometry":{"type":"LineString","coordinates":[[-122.338104534962,47.6039104443904],[-122.338653802584,47.6045322344619],[-122.338812343059,47.6046146523925]]},"properties":{"STNAME_ORD":"ALASKAN WAY","ARTDESCRIPT":"Principal Arterial"}},{"type":"Feature","geometry":{"type":"LineString","coordinates":[[-122.320780367438,47.6140756667707],[-122.319446782497,47.614085161956]]},"properties":{"STNAME_ORD":"E PIKE ST","ARTDESCRIPT":"Minor Arterial"}},{"type":"Feature","geometry":{"type":"LineString","coordinates":[[-122.337478397064,47.6031906543284],[-122.338104534962,47.6039104443904]]},"properties":{"STNAME_ORD":"ALASKAN WAY","ARTDESCRIPT":"Principal Arterial"}},{"type":"Feature","geometry":{"type":"LineString","coordinates":[[-122.32765971589,47.6008733295707],[-122.327663334026,47.6000340758918]]},"properties":{"STNAME_ORD":"5TH AVE S","ARTDESCRIPT":"Minor Arterial"}},{"type":"Feature","geometry":{"type":"LineString","coordinates":[[-122.331101913163,47.6115760670726],[-122.331304753736,47.6110152527581],[-122.331384076816,47.6106673742494],[-122.331395749379,47.6106014578084]]},"properties":{"STNAME_ORD":"I5 SB","ARTDESCRIPT":"Interstate/Freeway"}},{"type":"Feature","geometry":{"type":"LineString","coordinates":[[-122.332041866863,47.6135279307568],[-122.331044670326,47.6139452408217],[-122.330931848994,47.6139924537634]]},"properties":{"STNAME_ORD":"PINE ST","ARTDESCRIPT":"Principal Arterial"}},{"type":"Feature","geometry":{"type":"LineString","coordinates":[[-122.33748028017,47.6051615094172],[-122.338094711561,47.6058332491817],[-122.338132894439,47.6058749920886]]},"properties":{"STNAME_ORD":"POST AVE","ARTDESCRIPT":"Not Designated"}},{"type":"Feature","geometry":{"type":"LineString","coordinates":[[-122.319410791575,47.6043602528215],[-122.318105241756,47.6043578173236]]},"properties":{"STNAME_ORD":"E ALDER ST","ARTDESCRIPT":"Not Designated"}},{"type":"Feature","geometry":{"type":"LineString","coordinates":[[-122.343912113966,47.6118372882328],[-122.344856714558,47.6123956544693],[-122.345213271396,47.6126064570125]]},"properties":{"STNAME_ORD":"1ST AVE","ARTDESCRIPT":"Minor Arterial"}},{"type":"Feature","geometry":{"type":"LineString","coordinates":[[-122.343912113966,47.6118372882328],[-122.343052605054,47.6125019019768]]},"properties":{"STNAME_ORD":"LENORA ST","ARTDESCRIPT":"Minor Arterial"}},{"type":"Feature","geometry":{"type":"LineString","coordinates":[[-122.334019081065,47.6056238993081],[-122.33467152672,47.6063373543613]]},"properties":{"STNAME_ORD":"3RD AVE","ARTDESCRIPT":"Minor Arterial"}},{"type":"Feature","geometry":{"type":"LineString","coordinates":[[-122.321877154303,47.6057697675994],[-122.320749632604,47.606212553418]]},"properties":{"STNAME_ORD":"JEFFERSON ST","ARTDESCRIPT":"Collector Arterial"}},{"type":"Feature","geometry":{"type":"LineString","coordinates":[[-122.340892455109,47.6123980257179],[-122.340938351207,47.612425095784],[-122.342192705683,47.6131668320918]]},"properties":{"STNAME_ORD":"3RD AVE","ARTDESCRIPT":"Minor Arterial"}},{"type":"Feature","geometry":{"type":"LineString","coordinates":[[-122.342868599038,47.6087241293112],[-122.343982723246,47.6097541094991],[-122.344196521344,47.6099538183429],[-122.344281649198,47.6100202037467],[-122.344393159523,47.610083412311],[-122.344854495091,47.6103595519305],[-122.345389225388,47.6106953938997]]},"properties":{"STNAME_ORD":"ELLIOTT WAY","ARTDESCRIPT":"Principal Arterial"}},{"type":"Feature","geometry":{"type":"LineString","coordinates":[[-122.323753751882,47.598349839694],[-122.32375678449,47.597510885906]]},"properties":{"STNAME_ORD":"7TH AVE S","ARTDESCRIPT":"Not Designated"}},{"type":"Feature","geometry":{"type":"LineString","coordinates":[[-122.323944878882,47.6017047568398],[-122.323740517777,47.6017055652722],[-122.323581304192,47.6017053253415],[-122.323500732678,47.6017052042407],[-122.322616263492,47.6017038733548],[-122.322446852659,47.6017034768203]]},"properties":{"STNAME_ORD":"YESLER WAY","ARTDESCRIPT":"Minor Arterial"}},{"type":"Feature","geometry":{"type":"LineString","coordinates":[[-122.321420759956,47.606947338732],[-122.322072636195,47.6076610412711]]},"properties":{"STNAME_ORD":"MINOR AVE","ARTDESCRIPT":"Not Designated"}},{"type":"Feature","geometry":{"type":"LineString","coordinates":[[-122.337431233835,47.6133006087862],[-122.33743507833,47.6133200512713],[-122.337455388061,47.6134194295974],[-122.337535196015,47.6138099338115],[-122.337563202491,47.6139469734765]]},"properties":{"STNAME_ORD":"WESTLAKE AVE","ARTDESCRIPT":"Principal Arterial"}},{"type":"Feature","geometry":{"type":"LineString","coordinates":[[-122.325334380843,47.6112296226371],[-122.324223471998,47.6116943388646]]},"properties":{"STNAME_ORD":"SENECA ST","ARTDESCRIPT":"Minor Arterial"}},{"type":"Feature","geometry":{"type":"LineString","coordinates":[[-122.324028677086,47.6098023702123],[-122.32468142446,47.6105161413498]]},"properties":{"STNAME_ORD":"MINOR AVE","ARTDESCRIPT":"Not Designated"}},{"type":"Feature","geometry":{"type":"LineString","coordinates":[[-122.317280524416,47.5915397116467],[-122.315987989954,47.5915418819851]]},"properties":{"STNAME_ORD":"S JUDKINS ST","ARTDESCRIPT":"Not Designated"}},{"type":"Feature","geometry":{"type":"LineString","coordinates":[[-122.318100770624,47.602688355617],[-122.318102833575,47.6035165282851]]},"properties":{"STNAME_ORD":"11TH AVE","ARTDESCRIPT":"Not Designated"}},{"type":"Feature","geometry":{"type":"LineString","coordinates":[[-122.335549406584,47.601722255213],[-122.33548235105,47.6021902686218],[-122.336007718202,47.6027648087447],[-122.336043890074,47.6028043663014]]},"properties":{"STNAME_ORD":"WESTERN AVE","ARTDESCRIPT":"Minor Arterial"}},{"type":"Feature","geometry":{"type":"LineString","coordinates":[[-122.327655940795,47.6016837707944],[-122.32765971589,47.6008733295707]]},"properties":{"STNAME_ORD":"5TH AVE S","ARTDESCRIPT":"Minor Arterial"}},{"type":"Feature","geometry":{"type":"LineString","coordinates":[[-122.32609440522,47.6029364916205],[-122.327447242355,47.6044256469579],[-122.328060253007,47.6051578714079],[-122.328492296924,47.6056722701769]]},"properties":{"STNAME_ORD":"I5 NB","ARTDESCRIPT":"Interstate/Freeway"}},{"type":"Feature","geometry":{"type":"LineString","coordinates":[[-122.326055655646,47.6069822968644],[-122.324945792195,47.6074462089211]]},"properties":{"STNAME_ORD":"COLUMBIA ST","ARTDESCRIPT":"Not Designated"}},{"type":"Feature","geometry":{"type":"LineString","coordinates":[[-122.317229777128,47.600014558454],[-122.317222846923,47.599189062752]]},"properties":{"STNAME_ORD":"12TH AVE S","ARTDESCRIPT":"Principal Arterial"}},{"type":"Feature","geometry":{"type":"LineString","coordinates":[[-122.335781723739,47.6058726171615],[-122.336434187794,47.606585790565]]},"properties":{"STNAME_ORD":"2ND AVE","ARTDESCRIPT":"Principal Arterial"}},{"type":"Feature","geometry":{"type":"LineString","coordinates":[[-122.342065951054,47.6079228565519],[-122.342868599038,47.6087241293112]]},"properties":{"STNAME_ORD":"ALASKAN WAY","ARTDESCRIPT":"Principal Arterial"}},{"type":"Feature","geometry":{"type":"LineString","coordinates":[[-122.326350826064,47.6017099700056],[-122.32636342529,47.6018380220983],[-122.326379707551,47.6019765509478],[-122.326411359985,47.6020788053904],[-122.326468176541,47.6022001526254],[-122.326523958796,47.6022854421205],[-122.326703531539,47.6025383709412],[-122.327287261855,47.6032971424908]]},"properties":{"STNAME_ORD":"6TH AVE","ARTDESCRIPT":"Collector Arterial"}},{"type":"Feature","geometry":{"type":"LineString","coordinates":[[-122.33428108231,47.6025553296177],[-122.334934565995,47.6032685577635]]},"properties":{"STNAME_ORD":"1ST AVE","ARTDESCRIPT":"Minor Arterial"}},{"type":"Feature","geometry":{"type":"LineString","coordinates":[[-122.33467152672,47.6063373543613],[-122.333562048854,47.6068012868978]]},"properties":{"STNAME_ORD":"SPRING ST","ARTDESCRIPT":"Principal Arterial"}},{"type":"Feature","geometry":{"type":"LineString","coordinates":[[-122.328967514649,47.5991968896654],[-122.328969825574,47.5984220929131]]},"properties":{"STNAME_ORD":"4TH AVE S","ARTDESCRIPT":"Principal Arterial"}},{"type":"Feature","geometry":{"type":"LineString","coordinates":[[-122.326367113175,47.5975151580811],[-122.325062040645,47.5975129759795]]},"properties":{"STNAME_ORD":"S WELLER ST","ARTDESCRIPT":"Not Designated"}},{"type":"Feature","geometry":{"type":"LineString","coordinates":[[-122.323765048543,47.6128726527156],[-122.323440089675,47.6129867430469]]},"properties":{"STNAME_ORD":"UNIVERSITY ST","ARTDESCRIPT":"Not Designated"}},{"type":"Feature","geometry":{"type":"LineString","coordinates":[[-122.317725160668,47.6115661636359],[-122.31677888952,47.6115626761734]]},"properties":{"STNAME_ORD":"E SPRING ST","ARTDESCRIPT":"Not Designated"}},{"type":"Feature","geometry":{"type":"LineString","coordinates":[[-122.331214864796,47.6008784901375],[-122.331570431619,47.6012671525181],[-122.331703699727,47.6014128380294],[-122.331749852781,47.601463288934],[-122.331752172732,47.6014658240221],[-122.331900576992,47.6016280536817],[-122.331983505372,47.6017187039658]]},"properties":{"STNAME_ORD":"2ND AV ET S","ARTDESCRIPT":"Principal Arterial"}},{"type":"Feature","geometry":{"type":"LineString","coordinates":[[-122.320678283813,47.5897005119136],[-122.320761450821,47.5906768886183],[-122.320781855258,47.59111461151],[-122.320784475554,47.5918970832498],[-122.320808861271,47.5920596735466],[-122.320839842923,47.5921767780892],[-122.320914228453,47.5923202433145],[-122.321006980568,47.5924605987051],[-122.321082864402,47.5925295677492],[-122.321107786213,47.592552219509],[-122.321197814008,47.5926340443621],[-122.321311921061,47.5927077603816],[-122.321638657484,47.5928676971336],[-122.321915567467,47.5929542002252],[-122.322256049239,47.5929909339011],[-122.322564855188,47.5929976038782],[-122.322858765365,47.5929616699974],[-122.32310086323,47.5929056754428],[-122.323803260288,47.5927227665757],[-122.325723548894,47.5924206699458],[-122.327129376633,47.5921774369795]]},"properties":{"STNAME_ORD":"I5 NB ATLANTIC OFF RP","ARTDESCRIPT":"Interstate/Freeway"}},{"type":"Feature","geometry":{"type":"LineString","coordinates":[[-122.32016295038,47.5976764722261],[-122.32051161187,47.5983456151278],[-122.320701842225,47.5986121605941],[-122.320883619586,47.5988429416036],[-122.321070827837,47.5990660070557],[-122.321187428525,47.5991896894499],[-122.321513585105,47.5995303544954],[-122.321861923299,47.5998545119176],[-122.322285673769,47.6001822335271],[-122.322711912991,47.6005110371497],[-122.32322705876,47.6008976832331],[-122.3236307185,47.6012304201164],[-122.323723040135,47.6013021641737]]},"properties":{"STNAME_ORD":"I5 NB COLLECTOR","ARTDESCRIPT":"Interstate/Freeway"}},{"type":"Feature","geometry":{"type":"LineString","coordinates":[[-122.32074193134,47.6035214354387],[-122.319952607776,47.6035199507084]]},"properties":{"STNAME_ORD":"E SPRUCE ST","ARTDESCRIPT":"Not Designated"}},{"type":"Feature","geometry":{"type":"LineString","coordinates":[[-122.340452139106,47.6109639487705],[-122.341651919289,47.6116735856312],[-122.34175261335,47.6117330915067]]},"properties":{"STNAME_ORD":"2ND AVE","ARTDESCRIPT":"Principal Arterial"}},{"type":"Feature","geometry":{"type":"LineString","coordinates":[[-122.34051980324,47.6085444372424],[-122.34001342746,47.6088209600346]]},"properties":{"STNAME_ORD":"PIKE ST","ARTDESCRIPT":"Not Designated"}},{"type":"Feature","geometry":{"type":"LineString","coordinates":[[-122.337348688383,47.6042302722569],[-122.336827945819,47.6044482188854]]},"properties":{"STNAME_ORD":"MADISON ST","ARTDESCRIPT":"Minor Arterial"}},{"type":"Feature","geometry":{"type":"LineString","coordinates":[[-122.321224835108,47.6050559486124],[-122.321877154303,47.6057697675994]]},"properties":{"STNAME_ORD":"BOREN AVE","ARTDESCRIPT":"Principal Arterial"}},{"type":"Feature","geometry":{"type":"LineString","coordinates":[[-122.328013175236,47.6091223738177],[-122.328665722754,47.6098362678392]]},"properties":{"STNAME_ORD":"9TH AVE","ARTDESCRIPT":"Minor Arterial"}},{"type":"Feature","geometry":{"type":"LineString","coordinates":[[-122.346335537815,47.6117386450282],[-122.346072367088,47.6119416074754]]},"properties":{"STNAME_ORD":"BLANCHARD ST","ARTDESCRIPT":"Not Designated"}},{"type":"Feature","geometry":{"type":"LineString","coordinates":[[-122.317290112318,47.600829372987],[-122.317228089672,47.6002943637854]]},"properties":{"STNAME_ORD":"12TH AVE S","ARTDESCRIPT":"Principal Arterial"}},{"type":"Feature","geometry":{"type":"LineString","coordinates":[[-122.316781524063,47.6035141600006],[-122.314190116529,47.6035096837585]]},"properties":{"STNAME_ORD":"E SPRUCE ST","ARTDESCRIPT":"Not Designated"}},{"type":"Feature","geometry":{"type":"LineString","coordinates":[[-122.330931848994,47.6139924537634],[-122.330552570629,47.6141511248284],[-122.330286869819,47.6142625233425],[-122.329822432775,47.6144572420572]]},"properties":{"STNAME_ORD":"PINE ST","ARTDESCRIPT":"Principal Arterial"}},{"type":"Feature","geometry":{"type":"LineString","coordinates":[[-122.331573393993,47.6000410657089],[-122.330342447037,47.5999913145263]]},"properties":{"STNAME_ORD":"S MAIN ST","ARTDESCRIPT":"Minor Arterial"}},{"type":"Feature","geometry":{"type":"LineString","coordinates":[[-122.336387476187,47.6017202992591],[-122.336506475233,47.6018682047507],[-122.336960411943,47.6024217517309]]},"properties":{"STNAME_ORD":"ALASKAN WAY","ARTDESCRIPT":"Principal Arterial"}},{"type":"Feature","geometry":{"type":"LineString","coordinates":[[-122.340097512428,47.6060400949214],[-122.34100692436,47.6070348260059]]},"properties":{"STNAME_ORD":"ALASKAN WAY","ARTDESCRIPT":"Principal Arterial"}},{"type":"Feature","geometry":{"type":"LineString","coordinates":[[-122.319633372178,47.5996563168696],[-122.319638583166,47.5991840475015]]},"properties":{"STNAME_ORD":"10TH AVE S","ARTDESCRIPT":"Not Designated"}},{"type":"Feature","geometry":{"type":"LineString","coordinates":[[-122.329852729004,47.6136949259066],[-122.329628697264,47.6142462783937],[-122.329492068008,47.6145949720562],[-122.329177013925,47.6154143328892],[-122.328927021718,47.615998276285],[-122.32885508704,47.616233921309],[-122.328615051204,47.6169418595485],[-122.328466087352,47.6175142187119],[-122.328326189391,47.6181144180526],[-122.328253224775,47.6184979616308],[-122.328230526386,47.6194463724326]]},"properties":{"STNAME_ORD":"I5 NB","ARTDESCRIPT":"Interstate/Freeway"}},{"type":"Feature","geometry":{"type":"LineString","coordinates":[[-122.329582065417,47.6074797621138],[-122.330089776665,47.608035007884],[-122.330224341183,47.6081978080157]]},"properties":{"STNAME_ORD":"7TH AVE","ARTDESCRIPT":"Collector Arterial"}},{"type":"Feature","geometry":{"type":"LineString","coordinates":[[-122.320737352624,47.6017003551609],[-122.319581706793,47.6016983192544]]},"properties":{"STNAME_ORD":"E YESLER WAY","ARTDESCRIPT":"Minor Arterial"}},{"type":"Feature","geometry":{"type":"LineString","coordinates":[[-122.328492296924,47.6056722701769],[-122.328638324501,47.6057457683464],[-122.329122655126,47.606342989146],[-122.32938863501,47.606575244104],[-122.329687520218,47.6068306913954],[-122.330060331573,47.6072797507008],[-122.330620740239,47.6080319572097],[-122.330749773827,47.6082446036971],[-122.330831555547,47.6083328412497],[-122.330903166236,47.6083735786985],[-122.330992550249,47.6084200368439],[-122.331077212881,47.6084383764114],[-122.331183914378,47.6084619466686],[-122.331304126848,47.6084682196913],[-122.331445250029,47.6084611244182],[-122.331655402435,47.6084308631301],[-122.331763249356,47.6084111141947],[-122.331852120739,47.6084047065152],[-122.331929795939,47.6084128482273],[-122.33199536332,47.6084435648745]]},"properties":{"STNAME_ORD":"I5 NB SENECA ST OFF RP","ARTDESCRIPT":"Interstate/Freeway"}},{"type":"Feature","geometry":{"type":"LineString","coordinates":[[-122.328837895877,47.5903025131116],[-122.328313843448,47.590303146348],[-122.328120044014,47.5903215568302],[-122.327985697332,47.5903529601988],[-122.32782297277,47.5904153569059],[-122.327700764811,47.5905023082079],[-122.327615278082,47.5906083298914],[-122.327578501249,47.5906950199923],[-122.327568645494,47.5910546095413],[-122.327590057138,47.5913318864591],[-122.327562313883,47.5915370073614],[-122.327506258321,47.5916550633839],[-122.32745375671,47.591738639046],[-122.327349963053,47.5918719563717],[-122.327178671499,47.5919970592346],[-122.327072858766,47.5920600600146],[-122.326946472719,47.5921093114203],[-122.326672626111,47.5921766092581],[-122.325963430159,47.5923087708545],[-122.325455162039,47.5924109920623],[-122.325158573943,47.5924688224566]]},"properties":{"STNAME_ORD":"I90 EB ON RP","ARTDESCRIPT":"Interstate/Freeway"}},{"type":"Feature","geometry":{"type":"LineString","coordinates":[[-122.322455208632,47.5966701116036],[-122.321683430984,47.5966685095313]]},"properties":{"STNAME_ORD":"S LANE ST","ARTDESCRIPT":"Not Designated"}},{"type":"Feature","geometry":{"type":"LineString","coordinates":[[-122.346533267528,47.6116096224286],[-122.348111323682,47.6119741734236],[-122.348232009133,47.6120455289444]]},"properties":{"STNAME_ORD":"ELLIOTT AVE","ARTDESCRIPT":"Principal Arterial"}},{"type":"Feature","geometry":{"type":"LineString","coordinates":[[-122.317447634828,47.6092307493875],[-122.31694241697,47.6092272494311],[-122.316779970747,47.6092265946899]]},"properties":{"STNAME_ORD":"E COLUMBIA ST","ARTDESCRIPT":"Not Designated"}},{"type":"Feature","geometry":{"type":"LineString","coordinates":[[-122.331983505372,47.6017187039658],[-122.331561482928,47.6017182887688],[-122.330264793185,47.6017161563463]]},"properties":{"STNAME_ORD":"YESLER WAY","ARTDESCRIPT":"Minor Arterial"}},{"type":"Feature","geometry":{"type":"LineString","coordinates":[[-122.34001342746,47.6088209600346],[-122.339467297996,47.6090493990847],[-122.339460442416,47.6090522667671],[-122.338903693621,47.6092851430891]]},"properties":{"STNAME_ORD":"PIKE ST","ARTDESCRIPT":"Minor Arterial"}},{"type":"Feature","geometry":{"type":"LineString","coordinates":[[-122.315174837598,47.5945218765396],[-122.315349412014,47.5945969427699],[-122.315473733351,47.5946314017415],[-122.315606096808,47.5946556085469],[-122.315738107307,47.5946674178907],[-122.315903184072,47.594669776398],[-122.316042883129,47.5946589358571],[-122.316172425077,47.5946425903481],[-122.316297000409,47.5946274367734],[-122.316429617199,47.5946020311526],[-122.317728345247,47.5942626369488],[-122.317861633585,47.5941840348353],[-122.318132955423,47.5938976960183],[-122.318273347777,47.5937943919818],[-122.318539399298,47.593655623052],[-122.318714971361,47.5935586236554],[-122.318884708188,47.5934323863041],[-122.319092371569,47.5932334957662],[-122.319186263736,47.5930778069975],[-122.319588196828,47.592211174877],[-122.319649375808,47.5920773349498],[-122.319844315679,47.5916666460099],[-122.319927319891,47.5905057736048],[-122.320012163756,47.5899960981087],[-122.319977066226,47.5896977701969],[-122.319968437874,47.5894923544099],[-122.319977070021,47.5892603985746],[-122.319971846775,47.5891988908601],[-122.31995641582,47.5891315794479],[-122.319916975575,47.5889885800243],[-122.319889448168,47.5881770688026],[-122.319874291724,47.5879848172893],[-122.319844527304,47.5878713330937],[-122.319755487556,47.5876116257449],[-122.3197287342,47.5875298853575],[-122.319720799617,47.5869267659278],[-122.319709896522,47.5867734122705],[-122.319675028694,47.5866645639217],[-122.319309162905,47.5860863905881],[-122.319097635689,47.5858705930798],[-122.319072859331,47.5858278828443],[-122.31906008417,47.585792985799],[-122.319061483639,47.5857594970195],[-122.319067775735,47.5857323194587],[-122.319080456577,47.5857110166118]]},"properties":{"STNAME_ORD":"MOUNTAINS TO SOUND TRL","ARTDESCRIPT":"Not Designated"}},{"type":"Feature","geometry":{"type":"LineString","coordinates":[[-122.3224446921,47.5991861300132],[-122.322444819814,47.5991570057188],[-122.32244834018,47.5983475636928]]},"properties":{"STNAME_ORD":"8TH AVE S","ARTDESCRIPT":"Not Designated"}},{"type":"Feature","geometry":{"type":"LineString","coordinates":[[-122.322143723192,47.6026999386764],[-122.322660989708,47.6032671062814],[-122.322791106699,47.6034148339535]]},"properties":{"STNAME_ORD":"9TH AVE","ARTDESCRIPT":"Minor Arterial"}},{"type":"Feature","geometry":{"type":"LineString","coordinates":[[-122.328470752597,47.6079445252975],[-122.328231143227,47.6080447657417],[-122.327361009477,47.6084086762364]]},"properties":{"STNAME_ORD":"MADISON ST","ARTDESCRIPT":"Principal Arterial"}},{"type":"Feature","geometry":{"type":"LineString","coordinates":[[-122.34480573192,47.6091235838859],[-122.345470018928,47.6095103841959],[-122.346300573449,47.6099939848089]]},"properties":{"STNAME_ORD":"ALASKAN WAY","ARTDESCRIPT":"Principal Arterial"}},{"type":"Feature","geometry":{"type":"LineString","coordinates":[[-122.333261434015,47.5982902789001],[-122.332885632772,47.5982896933571]]},"properties":{"STNAME_ORD":"S KING ST","ARTDESCRIPT":"Minor Arterial"}},{"type":"Feature","geometry":{"type":"LineString","coordinates":[[-122.342612495345,47.6110682243529],[-122.34175261335,47.6117330915067]]},"properties":{"STNAME_ORD":"VIRGINIA ST","ARTDESCRIPT":"Minor Arterial"}},{"type":"Feature","geometry":{"type":"LineString","coordinates":[[-122.317222846923,47.599189062752],[-122.315304200444,47.5992020805993],[-122.314137255457,47.5992100867718]]},"properties":{"STNAME_ORD":"S JACKSON ST","ARTDESCRIPT":"Principal Arterial"}},{"type":"Feature","geometry":{"type":"LineString","coordinates":[[-122.332880030993,47.5998835107501],[-122.332882413169,47.5992028870009]]},"properties":{"STNAME_ORD":"OCCIDENTAL AVE S","ARTDESCRIPT":"Not Designated"}},{"type":"Feature","geometry":{"type":"LineString","coordinates":[[-122.314659828561,47.5950255702528],[-122.315064624246,47.5951095218865],[-122.315519470864,47.5951259457186],[-122.315919078987,47.5951080659042],[-122.31646288502,47.5950317287998],[-122.31699488076,47.594940156326],[-122.317571259976,47.5948095303517],[-122.31784305076,47.5947675132598],[-122.318140889258,47.5947528271771],[-122.318381612938,47.5947802365625],[-122.318688404962,47.5948949732444],[-122.318965244459,47.5950298532407],[-122.319173862512,47.595165622997],[-122.31931355771,47.5953554824886],[-122.319422523919,47.5955086127907],[-122.319495798258,47.5956846212373],[-122.319519659924,47.5958253394613],[-122.319623999034,47.5961907611561],[-122.319737482659,47.5967021676741],[-122.319879406126,47.5971207616432],[-122.320030556425,47.5974666122758],[-122.32016295038,47.5976764722261]]},"properties":{"STNAME_ORD":"I90 WB - I5 NB ON RP","ARTDESCRIPT":"Interstate/Freeway"}},{"type":"Feature","geometry":{"type":"LineString","coordinates":[[-122.336387476187,47.6017202992591],[-122.336230467558,47.60172549893],[-122.336131937519,47.6017243787372]]},"properties":{"STNAME_ORD":"YESLER WAY","ARTDESCRIPT":"Minor Arterial"}},{"type":"Feature","geometry":{"type":"LineString","coordinates":[[-122.331408527643,47.6027691759459],[-122.331408410723,47.6027692245163],[-122.330297459253,47.60323265391]]},"properties":{"STNAME_ORD":"JAMES ST","ARTDESCRIPT":"Principal Arterial"}},{"type":"Feature","geometry":{"type":"LineString","coordinates":[[-122.332062246334,47.6034838897075],[-122.330952062736,47.6039484404794]]},"properties":{"STNAME_ORD":"CHERRY ST","ARTDESCRIPT":"Principal Arterial"}},{"type":"Feature","geometry":{"type":"LineString","coordinates":[[-122.325968373904,47.5923932394486],[-122.325968452456,47.5922823894111],[-122.32596988688,47.5882264437971]]},"properties":{"STNAME_ORD":"6TH AVE S","ARTDESCRIPT":"Minor Arterial"}},{"type":"Feature","geometry":{"type":"LineString","coordinates":[[-122.319415797681,47.6062086019289],[-122.31811054808,47.6062059450622]]},"properties":{"STNAME_ORD":"E JEFFERSON ST","ARTDESCRIPT":"Collector Arterial"}},{"type":"Feature","geometry":{"type":"LineString","coordinates":[[-122.329645382506,47.6025199381209],[-122.330297459253,47.60323265391]]},"properties":{"STNAME_ORD":"4TH AVE","ARTDESCRIPT":"Principal Arterial"}},{"type":"Feature","geometry":{"type":"LineString","coordinates":[[-122.329021051602,47.6017212851556],[-122.328986000875,47.6017941602346],[-122.328949797033,47.6018257945158],[-122.328858137928,47.6018656258628],[-122.328734966314,47.6019143544591],[-122.327883427954,47.6022724391148]]},"properties":{"STNAME_ORD":"TERRACE ST","ARTDESCRIPT":"Minor Arterial"}},{"type":"Feature","geometry":{"type":"LineString","coordinates":[[-122.326708321287,47.6076953891316],[-122.327033714337,47.6080509814473],[-122.327361009477,47.6084086762364]]},"properties":{"STNAME_ORD":"9TH AVE","ARTDESCRIPT":"Minor Arterial"}},{"type":"Feature","geometry":{"type":"LineString","coordinates":[[-122.31657709206,47.5942816837734],[-122.316309831884,47.5941201892693],[-122.316198341153,47.5940528212404],[-122.3159847113,47.593923731617],[-122.315483885355,47.5936210998198],[-122.315437382256,47.5935920630144],[-122.315392285958,47.5935620293406],[-122.315348647032,47.5935310255175],[-122.315306513075,47.5934990832165],[-122.315265927596,47.5934662362679],[-122.315226933086,47.5934325192175],[-122.315189569978,47.5933979673396],[-122.315153877672,47.5933626159223],[-122.315119893549,47.5933265023853],[-122.315087653995,47.5932896655657],[-122.315057190168,47.5932521429643],[-122.315028536357,47.5932139727432],[-122.315001720728,47.593175196654],[-122.314976772443,47.5931358550312],[-122.314953717513,47.5930959868467],[-122.314935828342,47.593061810185],[-122.31487221317,47.5929046834917]]},"properties":{"STNAME_ORD":"GOLF DR S","ARTDESCRIPT":"Minor Arterial"}},{"type":"Feature","geometry":{"type":"LineString","coordinates":[[-122.349606084318,47.6140312181106],[-122.350541601471,47.6145847640562]]},"properties":{"STNAME_ORD":"WESTERN AVE","ARTDESCRIPT":"Principal Arterial"}},{"type":"Feature","geometry":{"type":"LineString","coordinates":[[-122.331798123028,47.6065527457321],[-122.332451281314,47.6072663098637]]},"properties":{"STNAME_ORD":"5TH AVE","ARTDESCRIPT":"Minor Arterial"}},{"type":"Feature","geometry":{"type":"LineString","coordinates":[[-122.331798123028,47.6065527457321],[-122.330688998166,47.607016837543]]},"properties":{"STNAME_ORD":"MADISON ST","ARTDESCRIPT":"Principal Arterial"}},{"type":"Feature","geometry":{"type":"LineString","coordinates":[[-122.320748740789,47.6052268173494],[-122.320749632604,47.606212553418]]},"properties":{"STNAME_ORD":"BROADWAY","ARTDESCRIPT":"Minor Arterial"}},{"type":"Feature","geometry":{"type":"LineString","coordinates":[[-122.339812457115,47.6102783213513],[-122.340169039619,47.61066805834],[-122.34042532204,47.6109480684178],[-122.340452139106,47.6109639487705]]},"properties":{"STNAME_ORD":"2ND AVE","ARTDESCRIPT":"Principal Arterial"}},{"type":"Feature","geometry":{"type":"LineString","coordinates":[[-122.31811054808,47.6062059450622],[-122.316780466471,47.6062030452542]]},"properties":{"STNAME_ORD":"E JEFFERSON ST","ARTDESCRIPT":"Collector Arterial"}},{"type":"Feature","geometry":{"type":"LineString","coordinates":[[-122.339078320799,47.6069553562611],[-122.339656306202,47.6075998136921]]},"properties":{"STNAME_ORD":"POST AL","ARTDESCRIPT":"Not Designated"}},{"type":"Feature","geometry":{"type":"LineString","coordinates":[[-122.324404364577,47.598350647133],[-122.323753751882,47.598349839694]]},"properties":{"STNAME_ORD":"S KING ST","ARTDESCRIPT":"Not Designated"}},{"type":"Feature","geometry":{"type":"LineString","coordinates":[[-122.328078578054,47.6041612345606],[-122.328733504746,47.6048763674432]]},"properties":{"STNAME_ORD":"6TH AVE","ARTDESCRIPT":"Principal Arterial"}},{"type":"Feature","geometry":{"type":"LineString","coordinates":[[-122.3387015086,47.6107429511726],[-122.337591981588,47.6112073727931]]},"properties":{"STNAME_ORD":"PINE ST","ARTDESCRIPT":"Principal Arterial"}},{"type":"Feature","geometry":{"type":"LineString","coordinates":[[-122.337393604364,47.6126653472821],[-122.33628183774,47.6131301261658]]},"properties":{"STNAME_ORD":"OLIVE WAY","ARTDESCRIPT":"Principal Arterial"}},{"type":"Feature","geometry":{"type":"LineString","coordinates":[[-122.332244084376,47.6120705726858],[-122.331133851864,47.6125353697869]]},"properties":{"STNAME_ORD":"PIKE ST","ARTDESCRIPT":"Principal Arterial"}},{"type":"Feature","geometry":{"type":"LineString","coordinates":[[-122.331577686352,47.5992007850502],[-122.331557424216,47.5992007528655],[-122.330275807038,47.5991986917404]]},"properties":{"STNAME_ORD":"S JACKSON ST","ARTDESCRIPT":"Principal Arterial"}},{"type":"Feature","geometry":{"type":"LineString","coordinates":[[-122.331408527643,47.6027691759459],[-122.332062246334,47.6034838897075]]},"properties":{"STNAME_ORD":"3RD AVE","ARTDESCRIPT":"Minor Arterial"}},{"type":"Feature","geometry":{"type":"LineString","coordinates":[[-122.335802992889,47.5935861269385],[-122.335998995985,47.5928350194936],[-122.33632603956,47.5922903214105],[-122.337118793456,47.5905168821582],[-122.337872863515,47.5889345777583],[-122.338062576338,47.5886002620205],[-122.338188032349,47.5883881895533],[-122.338310436887,47.5882085280049],[-122.338648801285,47.587775130669],[-122.339063522866,47.5872247252796],[-122.339209525842,47.5870339597992],[-122.339366002013,47.5867918007101],[-122.33943384641,47.5866560221688],[-122.339486215275,47.5865366342235],[-122.339545072088,47.586365905601],[-122.339603227337,47.5861709076777],[-122.339622850764,47.5860222795348]]},"properties":{"STNAME_ORD":"SR99 SB","ARTDESCRIPT":"Principal Arterial"}},{"type":"Feature","geometry":{"type":"LineString","coordinates":[[-122.335775246139,47.6092211081664],[-122.334665597537,47.6096854208313]]},"properties":{"STNAME_ORD":"UNION ST","ARTDESCRIPT":"Principal Arterial"}},{"type":"Feature","geometry":{"type":"LineString","coordinates":[[-122.32765971589,47.6008733295707],[-122.326353923021,47.6008709130266]]},"properties":{"STNAME_ORD":"S WASHINGTON ST","ARTDESCRIPT":"Not Designated"}},{"type":"Feature","geometry":{"type":"LineString","coordinates":[[-122.328470752597,47.6079445252975],[-122.328560931234,47.6080430521297],[-122.329123594826,47.6086580954441]]},"properties":{"STNAME_ORD":"8TH AVE","ARTDESCRIPT":"Minor Arterial"}},{"type":"Feature","geometry":{"type":"LineString","coordinates":[[-122.339591913956,47.6116291351253],[-122.339545258125,47.6116652063875],[-122.339276420657,47.611873128486],[-122.338732428458,47.6122938738909]]},"properties":{"STNAME_ORD":"STEWART ST","ARTDESCRIPT":"Principal Arterial"}},{"type":"Feature","geometry":{"type":"LineString","coordinates":[[-122.320762378176,47.6129633627869],[-122.3198569844,47.6129429826896]]},"properties":{"STNAME_ORD":"E UNION ST","ARTDESCRIPT":"Minor Arterial"}},{"type":"Feature","geometry":{"type":"LineString","coordinates":[[-122.320754791291,47.6080734673788],[-122.319375743401,47.6080665932647]]},"properties":{"STNAME_ORD":"E CHERRY ST","ARTDESCRIPT":"Not Designated"}},{"type":"Feature","geometry":{"type":"LineString","coordinates":[[-122.336683428228,47.6102140417194],[-122.337097602796,47.6106664480677],[-122.337591981588,47.6112073727931]]},"properties":{"STNAME_ORD":"4TH AVE","ARTDESCRIPT":"Principal Arterial"}},{"type":"Feature","geometry":{"type":"LineString","coordinates":[[-122.330954381577,47.6127929505654],[-122.331133851864,47.6125353697869]]},"properties":{"STNAME_ORD":"I5 EXPRESS PIKE ST RP","ARTDESCRIPT":"Interstate/Freeway"}},{"type":"Feature","geometry":{"type":"LineString","coordinates":[[-122.32429358318,47.6067326228852],[-122.324945792195,47.6074462089211]]},"properties":{"STNAME_ORD":"TERRY AVE","ARTDESCRIPT":"Not Designated"}},{"type":"Feature","geometry":{"type":"LineString","coordinates":[[-122.322917821738,47.610266798791],[-122.32307427583,47.6104379314503],[-122.323251858819,47.6106319994303],[-122.323570718385,47.6109806802096]]},"properties":{"STNAME_ORD":"SUMMIT AVE","ARTDESCRIPT":"Not Designated"}},{"type":"Feature","geometry":{"type":"LineString","coordinates":[[-122.33310387059,47.607979458203],[-122.33199536332,47.6084435648745]]},"properties":{"STNAME_ORD":"SENECA ST","ARTDESCRIPT":"Principal Arterial"}},{"type":"Feature","geometry":{"type":"LineString","coordinates":[[-122.326360524294,47.5991927557729],[-122.32636388384,47.5983538188478]]},"properties":{"STNAME_ORD":"6TH AVE S","ARTDESCRIPT":"Collector Arterial"}},{"type":"Feature","geometry":{"type":"LineString","coordinates":[[-122.337393604364,47.6126653472821],[-122.337873476967,47.6129582674818]]},"properties":{"STNAME_ORD":"5TH AVE","ARTDESCRIPT":"Minor Arterial"}},{"type":"Feature","geometry":{"type":"LineString","coordinates":[[-122.321158340895,47.6100165069102],[-122.320758338789,47.6101837976213]]},"properties":{"STNAME_ORD":"MARION ST","ARTDESCRIPT":"Not Designated"}},{"type":"Feature","geometry":{"type":"LineString","coordinates":[[-122.318657517507,47.6026894774572],[-122.318100770624,47.602688355617]]},"properties":{"STNAME_ORD":"E FIR ST","ARTDESCRIPT":"Not Designated"}},{"type":"Feature","geometry":{"type":"LineString","coordinates":[[-122.318140950053,47.6140944324229],[-122.318159433911,47.6152543914462]]},"properties":{"STNAME_ORD":"11TH AVE","ARTDESCRIPT":"Not Designated"}},{"type":"Feature","geometry":{"type":"LineString","coordinates":[[-122.336238433074,47.6046950465344],[-122.336264082703,47.6047230231865],[-122.336890899053,47.6054082909039]]},"properties":{"STNAME_ORD":"1ST AVE","ARTDESCRIPT":"Minor Arterial"}},{"type":"Feature","geometry":{"type":"LineString","coordinates":[[-122.329262489562,47.6048912506253],[-122.329390894421,47.6048718997073],[-122.329478099334,47.6048597884751],[-122.329572101839,47.604858552305],[-122.329708748008,47.6048742998567],[-122.329839162888,47.6048989015276],[-122.330012410869,47.6049470636631],[-122.330267705822,47.6050292346714],[-122.330493841715,47.6051261515069]]},"properties":{"STNAME_ORD":"COLUMBIA ST EXPRESS RP","ARTDESCRIPT":"Interstate/Freeway"}},{"type":"Feature","geometry":{"type":"LineString","coordinates":[[-122.320752364081,47.6072184191762],[-122.320034198406,47.6072162419948]]},"properties":{"STNAME_ORD":"E JAMES ST","ARTDESCRIPT":"Not Designated"}},{"type":"Feature","geometry":{"type":"LineString","coordinates":[[-122.31782315609,47.601695163537],[-122.317445308823,47.6013242561405],[-122.31739320739,47.6012731106799],[-122.317344319982,47.6012251213656],[-122.317311358974,47.60119276524]]},"properties":{"STNAME_ORD":"BOREN AVE S","ARTDESCRIPT":"Principal Arterial"}},{"type":"Feature","geometry":{"type":"LineString","coordinates":[[-122.319638583166,47.5991840475015],[-122.319643589875,47.5983479012904]]},"properties":{"STNAME_ORD":"10TH AVE S","ARTDESCRIPT":"Not Designated"}},{"type":"Feature","geometry":{"type":"LineString","coordinates":[[-122.323641157932,47.6060183966882],[-122.322837395513,47.6063547746793],[-122.322529695178,47.6064834861074]]},"properties":{"STNAME_ORD":"JAMES ST","ARTDESCRIPT":"Principal Arterial"}},{"type":"Feature","geometry":{"type":"LineString","coordinates":[[-122.328004996446,47.6124723146976],[-122.328913101671,47.6134658203127]]},"properties":{"STNAME_ORD":"BOREN AVE","ARTDESCRIPT":"Principal Arterial"}},{"type":"Feature","geometry":{"type":"LineString","coordinates":[[-122.32376363085,47.5958333049911],[-122.323766572505,47.5949941572102]]},"properties":{"STNAME_ORD":"7TH AVE S","ARTDESCRIPT":"Principal Arterial"}},{"type":"Feature","geometry":{"type":"LineString","coordinates":[[-122.323760280818,47.5966721836452],[-122.323760959459,47.5965023245457],[-122.32376363085,47.5958333049911]]},"properties":{"STNAME_ORD":"7TH AVE S","ARTDESCRIPT":"Not Designated"}},{"type":"Feature","geometry":{"type":"LineString","coordinates":[[-122.327663334026,47.6000340758918],[-122.327666994408,47.5991949241283]]},"properties":{"STNAME_ORD":"5TH AVE S","ARTDESCRIPT":"Minor Arterial"}},{"type":"Feature","geometry":{"type":"LineString","coordinates":[[-122.33779291612,47.6097497331808],[-122.338651622658,47.6106881376836],[-122.3387015086,47.6107429511726]]},"properties":{"STNAME_ORD":"3RD AVE","ARTDESCRIPT":"Minor Arterial"}},{"type":"Feature","geometry":{"type":"LineString","coordinates":[[-122.320760061774,47.6112593522822],[-122.320762378176,47.6129633627869]]},"properties":{"STNAME_ORD":"BROADWAY","ARTDESCRIPT":"Minor Arterial"}},{"type":"Feature","geometry":{"type":"LineString","coordinates":[[-122.33752915423,47.6019164547967],[-122.337059944221,47.6017548518785],[-122.336969705186,47.601737597883],[-122.336387476187,47.6017202992591]]},"properties":{"STNAME_ORD":"COLMAN DOCK ACCESS RD","ARTDESCRIPT":"Not Designated"}},{"type":"Feature","geometry":{"type":"LineString","coordinates":[[-122.328733504746,47.6048763674432],[-122.329163674661,47.6053463251815],[-122.329386103512,47.6055893239587]]},"properties":{"STNAME_ORD":"6TH AVE","ARTDESCRIPT":"Principal Arterial"}},{"type":"Feature","geometry":{"type":"LineString","coordinates":[[-122.318858453003,47.6026898822087],[-122.319710560252,47.6035214062104],[-122.320572486473,47.6043624782039]]},"properties":{"STNAME_ORD":"BOREN AVE","ARTDESCRIPT":"Principal Arterial"}},{"type":"Feature","geometry":{"type":"LineString","coordinates":[[-122.329051157378,47.6068995333685],[-122.329411072241,47.6072928564346],[-122.329498110096,47.6073879709194],[-122.329582065417,47.6074797621138]]},"properties":{"STNAME_ORD":"7TH AVE","ARTDESCRIPT":"Principal Arterial"}},{"type":"Feature","geometry":{"type":"LineString","coordinates":[[-122.323641157932,47.6060183966882],[-122.32429358318,47.6067326228852]]},"properties":{"STNAME_ORD":"TERRY AVE","ARTDESCRIPT":"Not Designated"}},{"type":"Feature","geometry":{"type":"LineString","coordinates":[[-122.324443993109,47.6129869690668],[-122.324457984735,47.6140944655583]]},"properties":{"STNAME_ORD":"BELMONT AVE","ARTDESCRIPT":"Not Designated"}},{"type":"Feature","geometry":{"type":"LineString","coordinates":[[-122.341333145712,47.6138311865379],[-122.340473678125,47.614495575085]]},"properties":{"STNAME_ORD":"LENORA ST","ARTDESCRIPT":"Minor Arterial"}},{"type":"Feature","geometry":{"type":"LineString","coordinates":[[-122.326373798211,47.5958372733756],[-122.326051505953,47.5958367977994],[-122.325068451172,47.59583534259]]},"properties":{"STNAME_ORD":"S DEARBORN ST","ARTDESCRIPT":"Principal Arterial"}},{"type":"Feature","geometry":{"type":"LineString","coordinates":[[-122.350465546695,47.6133669632782],[-122.351401561608,47.6139202596319]]},"properties":{"STNAME_ORD":"ELLIOTT AVE","ARTDESCRIPT":"Principal Arterial"}},{"type":"Feature","geometry":{"type":"LineString","coordinates":[[-122.322481493747,47.5914953610773],[-122.322479568962,47.5908489008801],[-122.322479940595,47.5907584458575]]},"properties":{"STNAME_ORD":"AIRPORT WAY S","ARTDESCRIPT":"Principal Arterial"}},{"type":"Feature","geometry":{"type":"LineString","coordinates":[[-122.328194909362,47.596021474185],[-122.328141999493,47.5956951754328],[-122.328071160654,47.595268178993],[-122.327948361051,47.5946635633305],[-122.327395289485,47.5923937796663]]},"properties":{"STNAME_ORD":"5TH AVE S","ARTDESCRIPT":"Not Designated"}},{"type":"Feature","geometry":{"type":"LineString","coordinates":[[-122.319581706793,47.6016983192544],[-122.319579654318,47.6014735219507],[-122.319578522991,47.6014457906583],[-122.319575639348,47.6014181173554],[-122.319571006931,47.6013905532381],[-122.319564636523,47.6013631487061],[-122.319556537827,47.6013359527689],[-122.319479403488,47.6010291999109],[-122.319467057267,47.6009988880332],[-122.319452772137,47.600968967901],[-122.319436578793,47.6009394966729],[-122.319418504737,47.6009105287412],[-122.31941172611,47.600902188945],[-122.319403143684,47.6008946476659],[-122.319392955594,47.6008880834189],[-122.31938140594,47.6008826488486],[-122.31936876304,47.6008784724169],[-122.319366353265,47.6008779669001]]},"properties":{"STNAME_ORD":"10TH AVE S","ARTDESCRIPT":"Not Designated"}},{"type":"Feature","geometry":{"type":"LineString","coordinates":[[-122.325859621228,47.6050900042241],[-122.326513407755,47.6058046661939]]},"properties":{"STNAME_ORD":"8TH AVE","ARTDESCRIPT":"Not Designated"}},{"type":"Feature","geometry":{"type":"LineString","coordinates":[[-122.346944115381,47.6123103648963],[-122.347073890818,47.6124811793051],[-122.347162507708,47.6125718969662],[-122.347372432621,47.6127103909949]]},"properties":{"STNAME_ORD":"WESTERN AVE","ARTDESCRIPT":"Principal Arterial"}},{"type":"Feature","geometry":{"type":"LineString","coordinates":[[-122.328665722754,47.6098362678392],[-122.327555140892,47.6103009330646]]},"properties":{"STNAME_ORD":"SENECA ST","ARTDESCRIPT":"Minor Arterial"}},{"type":"Feature","geometry":{"type":"LineString","coordinates":[[-122.339518337456,47.5860215732321],[-122.339499908728,47.5861830664262],[-122.33945285337,47.5863482435133],[-122.339367966753,47.5865840588738],[-122.339232278506,47.5868556165254],[-122.339079318341,47.5870815424677],[-122.338875399292,47.5873378172304],[-122.338214463238,47.5881990074097],[-122.338031790473,47.5885008582039],[-122.337867563747,47.5887512106728],[-122.337603662335,47.589278035881],[-122.336310316796,47.5916570069819]]},"properties":{"STNAME_ORD":"SR99 NB","ARTDESCRIPT":"Principal Arterial"}},{"type":"Feature","geometry":{"type":"LineString","coordinates":[[-122.318107634998,47.6051989801924],[-122.31811054808,47.6062059450622]]},"properties":{"STNAME_ORD":"11TH AVE","ARTDESCRIPT":"Not Designated"}},{"type":"Feature","geometry":{"type":"LineString","coordinates":[[-122.335975793952,47.6077631769408],[-122.335448491601,47.6079840616895],[-122.335014936483,47.608165673388],[-122.334866328699,47.6082279219945]]},"properties":{"STNAME_ORD":"UNIVERSITY ST","ARTDESCRIPT":"Principal Arterial"}},{"type":"Feature","geometry":{"type":"LineString","coordinates":[[-122.322451705191,47.5975087560819],[-122.321653041921,47.5975069369901]]},"properties":{"STNAME_ORD":"S WELLER ST","ARTDESCRIPT":"Not Designated"}},{"type":"Feature","geometry":{"type":"LineString","coordinates":[[-122.329021051602,47.6017212851556],[-122.328373246375,47.6017132681313],[-122.327988275808,47.6017125556397],[-122.327370280323,47.6017115833877],[-122.326868119576,47.6017107550213],[-122.326350826064,47.6017099700056]]},"properties":{"STNAME_ORD":"YESLER WAY","ARTDESCRIPT":"Minor Arterial"}},{"type":"Feature","geometry":{"type":"LineString","coordinates":[[-122.330225404246,47.6115429052688],[-122.330116715759,47.6116786735704],[-122.330111528668,47.6116852447034],[-122.330107485208,47.6116906502903],[-122.330103601048,47.611696108534],[-122.330099875129,47.6117016187466],[-122.330096309406,47.6117071766907],[-122.330092906951,47.6117127809219],[-122.330089668762,47.6117184300232],[-122.330086595775,47.6117241204725],[-122.330083688988,47.611729850853],[-122.330080950415,47.611735619032],[-122.330078378939,47.6117414222166],[-122.330075977612,47.6117472582609],[-122.330073747431,47.6117531257478],[-122.330071687277,47.611759021884],[-122.330069800184,47.6117649438221],[-122.330068084035,47.6117708901859],[-122.330066543938,47.6117768581004],[-122.3300651767,47.6117828447999],[-122.330063984355,47.6117888488536],[-122.330062966843,47.6117948681565],[-122.330062125101,47.6118008991865],[-122.330061459088,47.6118069405402],[-122.330060968745,47.6118129901126],[-122.330060655007,47.6118190443816],[-122.330060517814,47.611825101242],[-122.330060556089,47.6118311593043],[-122.330060771826,47.6118372157343],[-122.329977084747,47.612533837125],[-122.330025030754,47.6130014091681]]},"properties":{"STNAME_ORD":"HUBBELL PL","ARTDESCRIPT":"Collector Arterial"}},{"type":"Feature","geometry":{"type":"LineString","coordinates":[[-122.345653456998,47.6140398228033],[-122.344917196088,47.6146089839715],[-122.344793519535,47.6147045857335]]},"properties":{"STNAME_ORD":"BELL ST","ARTDESCRIPT":"Not Designated"}},{"type":"Feature","geometry":{"type":"LineString","coordinates":[[-122.333172245935,47.6030193934401],[-122.333405043621,47.603273936046],[-122.333824571889,47.6037327926091]]},"properties":{"STNAME_ORD":"2ND AVE","ARTDESCRIPT":"Principal Arterial"}},{"type":"Feature","geometry":{"type":"LineString","coordinates":[[-122.332256555685,47.6053742451995],[-122.33290910388,47.6060878574652]]},"properties":{"STNAME_ORD":"4TH AVE","ARTDESCRIPT":"Principal Arterial"}},{"type":"Feature","geometry":{"type":"LineString","coordinates":[[-122.3172279786,47.5983375933153],[-122.317226727222,47.5974995715891]]},"properties":{"STNAME_ORD":"12TH AVE S","ARTDESCRIPT":"Minor Arterial"}},{"type":"Feature","geometry":{"type":"LineString","coordinates":[[-122.336696536254,47.6035175767937],[-122.336176021486,47.6037354571218]]},"properties":{"STNAME_ORD":"MARION ST","ARTDESCRIPT":"Minor Arterial"}},{"type":"Feature","geometry":{"type":"LineString","coordinates":[[-122.331342546777,47.6077300503903],[-122.33080547701,47.6079546886156],[-122.330620740239,47.6080319572097],[-122.330536683489,47.6080671150999],[-122.33044145218,47.6081069461585],[-122.330348307932,47.6081459045236],[-122.330287014091,47.6081715411632],[-122.330224341183,47.6081978080157]]},"properties":{"STNAME_ORD":"SPRING ST","ARTDESCRIPT":"Minor Arterial"}},{"type":"Feature","geometry":{"type":"LineString","coordinates":[[-122.337348688383,47.6042302722569],[-122.338001054286,47.6049434576639]]},"properties":{"STNAME_ORD":"WESTERN AVE","ARTDESCRIPT":"Minor Arterial"}},{"type":"Feature","geometry":{"type":"LineString","coordinates":[[-122.320756772223,47.6092414988485],[-122.319868502654,47.6092381519288]]},"properties":{"STNAME_ORD":"E COLUMBIA ST","ARTDESCRIPT":"Not Designated"}},{"type":"Feature","geometry":{"type":"LineString","coordinates":[[-122.329939409453,47.6134815971633],[-122.329852729004,47.6136949259066]]},"properties":{"STNAME_ORD":"I5 NB","ARTDESCRIPT":"Interstate/Freeway"}},{"type":"Feature","geometry":{"type":"LineString","coordinates":[[-122.317280524416,47.5915397116467],[-122.317280196787,47.5899880606085]]},"properties":{"STNAME_ORD":"12TH AVE S","ARTDESCRIPT":"Collector Arterial"}},{"type":"Feature","geometry":{"type":"LineString","coordinates":[[-122.329187043257,47.6036975160912],[-122.329841605043,47.6044129086506]]},"properties":{"STNAME_ORD":"5TH AVE","ARTDESCRIPT":"Minor Arterial"}},{"type":"Feature","geometry":{"type":"LineString","coordinates":[[-122.338231840067,47.6038584189464],[-122.338794761036,47.6044793956456],[-122.338812343059,47.6046146523925]]},"properties":{"STNAME_ORD":"ALASKAN WAY","ARTDESCRIPT":"Principal Arterial"}},{"type":"Feature","geometry":{"type":"LineString","coordinates":[[-122.325065332285,47.5966743469845],[-122.325066037724,47.5964852223585],[-122.325068451172,47.59583534259]]},"properties":{"STNAME_ORD":"MAYNARD AVE S","ARTDESCRIPT":"Not Designated"}},{"type":"Feature","geometry":{"type":"LineString","coordinates":[[-122.335638762229,47.6000459825101],[-122.335423881401,47.6000461568444],[-122.335361624363,47.6000460599773],[-122.334184941078,47.6000442273996]]},"properties":{"STNAME_ORD":"S MAIN ST","ARTDESCRIPT":"Not Designated"}},{"type":"Feature","geometry":{"type":"LineString","coordinates":[[-122.33290910388,47.6060878574652],[-122.331798123028,47.6065527457321]]},"properties":{"STNAME_ORD":"MADISON ST","ARTDESCRIPT":"Principal Arterial"}},{"type":"Feature","geometry":{"type":"LineString","coordinates":[[-122.324749252122,47.6055546978817],[-122.325402694214,47.60626897612]]},"properties":{"STNAME_ORD":"9TH AVE","ARTDESCRIPT":"Minor Arterial"}},{"type":"Feature","geometry":{"type":"LineString","coordinates":[[-122.335574025233,47.610677902842],[-122.33544408142,47.6107294444727],[-122.334481050894,47.6111351862682],[-122.334463769863,47.6111423979938]]},"properties":{"STNAME_ORD":"PIKE ST","ARTDESCRIPT":"Principal Arterial"}},{"type":"Feature","geometry":{"type":"LineString","coordinates":[[-122.347813195275,47.6141440953402],[-122.348746107387,47.6146958043263]]},"properties":{"STNAME_ORD":"1ST AVE","ARTDESCRIPT":"Minor Arterial"}},{"type":"Feature","geometry":{"type":"LineString","coordinates":[[-122.33326238897,47.5923952169094],[-122.331002466879,47.5923900219309],[-122.330251746666,47.5923837862654],[-122.330001371165,47.5923770071697],[-122.329819181444,47.5923592567362],[-122.32969934037,47.5923346412991],[-122.329602912238,47.5922956147965],[-122.329533220375,47.5922542219289],[-122.329481276875,47.5922085656542],[-122.329447022804,47.5921566328646],[-122.32943320354,47.5920903276275],[-122.329425859257,47.5920420701074],[-122.329426869168,47.5919735559176],[-122.329437214145,47.5919190212058],[-122.329456665769,47.5918704112405],[-122.32950594602,47.5918234242345],[-122.329561412705,47.5917844142645],[-122.329649512245,47.5917409457746],[-122.329806202807,47.591700604056],[-122.329974974704,47.5916661476854]]},"properties":{"STNAME_ORD":"S ROYAL BROUGHAM WAY BR","ARTDESCRIPT":"Principal Arterial"}},{"type":"Feature","geometry":{"type":"LineString","coordinates":[[-122.336960411943,47.6024217517309],[-122.336800739926,47.6024875067994]]},"properties":{"STNAME_ORD":"COLUMBIA ST","ARTDESCRIPT":"Collector Arterial"}},{"type":"Feature","geometry":{"type":"LineString","coordinates":[[-122.331577686352,47.5992007850502],[-122.331580256776,47.5984521426521],[-122.331580494872,47.5983829401353],[-122.331580821675,47.5982876539249]]},"properties":{"STNAME_ORD":"2ND AVE S","ARTDESCRIPT":"Minor Arterial"}},{"type":"Feature","geometry":{"type":"LineString","coordinates":[[-122.328969825574,47.5984220929131],[-122.32906678839,47.5985282416336],[-122.329144965775,47.5986138229372],[-122.329195159753,47.5986687710474],[-122.329295384099,47.5987784882527],[-122.329318665005,47.5988039740094],[-122.329445803354,47.5989431526671],[-122.32957070714,47.5990798833846],[-122.32958609331,47.599096727978],[-122.329595791703,47.5991073431274],[-122.329678542095,47.5991979313475]]},"properties":{"STNAME_ORD":"2ND AV ET S","ARTDESCRIPT":"Principal Arterial"}},{"type":"Feature","geometry":{"type":"LineString","coordinates":[[-122.331571729209,47.6008792515124],[-122.331573332066,47.6000722978851],[-122.331573393993,47.6000410657089]]},"properties":{"STNAME_ORD":"2ND AVE S","ARTDESCRIPT":"Not Designated"}},{"type":"Feature","geometry":{"type":"LineString","coordinates":[[-122.337544269659,47.6061217584634],[-122.336434187794,47.606585790565]]},"properties":{"STNAME_ORD":"SENECA ST","ARTDESCRIPT":"Principal Arterial"}},{"type":"Feature","geometry":{"type":"LineString","coordinates":[[-122.334665597537,47.6096854208313],[-122.335037403381,47.6100916347851],[-122.335574025233,47.610677902842]]},"properties":{"STNAME_ORD":"5TH AVE","ARTDESCRIPT":"Minor Arterial"}},{"type":"Feature","geometry":{"type":"LineString","coordinates":[[-122.322999822147,47.5914953008419],[-122.322946035389,47.5914247085672],[-122.322874365285,47.5913827430571],[-122.322768088576,47.591362683049],[-122.32266242445,47.5913640666071],[-122.322540172123,47.591401420523],[-122.322481493747,47.5914953610773]]},"properties":{"STNAME_ORD":"AIRPORT WY NB OFF RP","ARTDESCRIPT":"Interstate/Freeway"}},{"type":"Feature","geometry":{"type":"LineString","coordinates":[[-122.335555422209,47.5964759207519],[-122.335655744479,47.5963917642955],[-122.335705990581,47.5963282629015],[-122.335733642408,47.596262203636],[-122.33574248098,47.5961783032718],[-122.335821956679,47.5954141184597],[-122.335802992889,47.5935861269385]]},"properties":{"STNAME_ORD":"DEARBORN SR99SB ON RP","ARTDESCRIPT":"State Route/Freeway"}},{"type":"Feature","geometry":{"type":"LineString","coordinates":[[-122.330224341183,47.6081978080157],[-122.329123594826,47.6086580954441]]},"properties":{"STNAME_ORD":"SPRING ST","ARTDESCRIPT":"Minor Arterial"}},{"type":"Feature","geometry":{"type":"LineString","coordinates":[[-122.338001054286,47.6049434576639],[-122.33748028017,47.6051615094172]]},"properties":{"STNAME_ORD":"SPRING ST","ARTDESCRIPT":"Minor Arterial"}},{"type":"Feature","geometry":{"type":"LineString","coordinates":[[-122.33628183774,47.6131301261658],[-122.337014615686,47.6136223323041]]},"properties":{"STNAME_ORD":"6TH AVE","ARTDESCRIPT":"Principal Arterial"}},{"type":"Feature","geometry":{"type":"LineString","coordinates":[[-122.3270968064,47.6114790146712],[-122.325986777806,47.6119432755067]]},"properties":{"STNAME_ORD":"UNIVERSITY ST","ARTDESCRIPT":"Not Designated"}},{"type":"Feature","geometry":{"type":"LineString","coordinates":[[-122.321351534409,47.6119086285098],[-122.322085903596,47.6127357484394]]},"properties":{"STNAME_ORD":"HARVARD AVE","ARTDESCRIPT":"Not Designated"}},{"type":"Feature","geometry":{"type":"LineString","coordinates":[[-122.334879710586,47.6017232979911],[-122.334178594784,47.6017223387056]]},"properties":{"STNAME_ORD":"YESLER WAY","ARTDESCRIPT":"Minor Arterial"}},{"type":"Feature","geometry":{"type":"LineString","coordinates":[[-122.327255673224,47.592399415197],[-122.327040092669,47.5923167041416],[-122.327034206461,47.5905871573876],[-122.327034300674,47.5893747190146],[-122.327081955425,47.589059921099],[-122.327161793766,47.5887270014046],[-122.327240551011,47.588432444984],[-122.327294698811,47.5881160868585],[-122.327301877055,47.5863150364367],[-122.327397140848,47.5861754074712]]},"properties":{"STNAME_ORD":"SODO TRL","ARTDESCRIPT":"Not Designated"}},{"type":"Feature","geometry":{"type":"LineString","coordinates":[[-122.327683359717,47.5957940473242],[-122.326392869213,47.5951388690797],[-122.326376663497,47.595130638685]]},"properties":{"STNAME_ORD":"SEATTLE BLVD S","ARTDESCRIPT":"Principal Arterial"}},{"type":"Feature","geometry":{"type":"LineString","coordinates":[[-122.322190722976,47.5933659867484],[-122.323173617175,47.5931255149018],[-122.324211559489,47.5928401011303],[-122.325326070691,47.5925677335709],[-122.325459473966,47.5925441810211],[-122.325597302306,47.5925051188595],[-122.32573553333,47.5924684547339],[-122.325874168134,47.5924341900326],[-122.32601320568,47.5924023240661],[-122.326152645986,47.5923728568328],[-122.326292491145,47.5923457883043],[-122.326432738064,47.5923211185197],[-122.326573389873,47.5922988474367],[-122.326705313527,47.5922801872003],[-122.326837590976,47.5922636259199],[-122.32684494478,47.592262823901]]},"properties":{"STNAME_ORD":"I90 WB OFF RP","ARTDESCRIPT":"Interstate/Freeway"}},{"type":"Feature","geometry":{"type":"LineString","coordinates":[[-122.326370457156,47.5966762648529],[-122.325065332285,47.5966743469845]]},"properties":{"STNAME_ORD":"S LANE ST","ARTDESCRIPT":"Not Designated"}},{"type":"Feature","geometry":{"type":"LineString","coordinates":[[-122.342065951054,47.6079228565519],[-122.342247858679,47.6078691729197],[-122.342485237935,47.6077899850735],[-122.342582323714,47.6077706879335],[-122.342638348223,47.6077639416547],[-122.342697736492,47.6077711579152],[-122.342793779283,47.607817908873],[-122.344890422141,47.6090320696408],[-122.344900682111,47.609044594186],[-122.344903793254,47.6090561704161],[-122.344904145746,47.6090683048474],[-122.34480573192,47.6091235838859]]},"properties":{"STNAME_ORD":"ALASKAN WAY","ARTDESCRIPT":"Not Designated"}},{"type":"Feature","geometry":{"type":"LineString","coordinates":[[-122.329349109475,47.606008578449],[-122.329181193161,47.6057934505132],[-122.327151731823,47.6033873233112],[-122.32645120589,47.6026996391347],[-122.325588708295,47.6019691701316]]},"properties":{"STNAME_ORD":"I5 SB COLLECTOR","ARTDESCRIPT":"Interstate/Freeway"}},{"type":"Feature","geometry":{"type":"LineString","coordinates":[[-122.336154768391,47.6142879469664],[-122.337454236738,47.6150567514884]]},"properties":{"STNAME_ORD":"7TH AVE","ARTDESCRIPT":"Minor Arterial"}},{"type":"Feature","geometry":{"type":"LineString","coordinates":[[-122.325967058469,47.5949226524807],[-122.325967320877,47.5945149705332],[-122.325967343917,47.5944772353112],[-122.325968057872,47.5930325983966],[-122.325968298423,47.5925458472627],[-122.325968373904,47.5923932394486]]},"properties":{"STNAME_ORD":"6TH AVE S","ARTDESCRIPT":"Minor Arterial"}},{"type":"Feature","geometry":{"type":"LineString","coordinates":[[-122.319215450101,47.5958249775053],[-122.318654670552,47.5955682244813],[-122.318510293009,47.5954925290836],[-122.318401984199,47.5953946407247],[-122.318330716535,47.5953086813462],[-122.3182863472,47.5952006481842],[-122.318287835767,47.5950920163848],[-122.318326276356,47.5949922121965],[-122.318361457841,47.5949020651799],[-122.318430051313,47.594815430431],[-122.318493281879,47.5947355692999],[-122.31863808287,47.5946654082159],[-122.31883073382,47.5946093244737],[-122.319070617143,47.5945871258675],[-122.319247652678,47.5946013374168],[-122.319437459701,47.5946553903237],[-122.319605272364,47.594746755479],[-122.319722289276,47.5948379081033],[-122.319827203418,47.5949585582768],[-122.31991648965,47.5951688722296],[-122.319967437832,47.5965576779089],[-122.320144826264,47.5974296463813],[-122.32016295038,47.5976764722261]]},"properties":{"STNAME_ORD":"DEARBORN ST ON RP","ARTDESCRIPT":"Interstate/Freeway"}},{"type":"Feature","geometry":{"type":"LineString","coordinates":[[-122.319366353265,47.6008779669001],[-122.319168447102,47.6002739147702],[-122.319138565699,47.60021337171]]},"properties":{"STNAME_ORD":"10TH AVE S","ARTDESCRIPT":"Not Designated"}},{"type":"Feature","geometry":{"type":"LineString","coordinates":[[-122.331580821675,47.5982876539249],[-122.330731735994,47.5982866803887],[-122.33037191139,47.5982902269602]]},"properties":{"STNAME_ORD":"S KING ST","ARTDESCRIPT":"Not Designated"}},{"type":"Feature","geometry":{"type":"LineString","coordinates":[[-122.325139076793,47.6093379722991],[-122.324028677086,47.6098023702123]]},"properties":{"STNAME_ORD":"MADISON ST","ARTDESCRIPT":"Principal Arterial"}},{"type":"Feature","geometry":{"type":"LineString","coordinates":[[-122.331133851864,47.6125353697869],[-122.331403512262,47.6128190836072]]},"properties":{"STNAME_ORD":"9TH AVE","ARTDESCRIPT":"Minor Arterial"}},{"type":"Feature","geometry":{"type":"LineString","coordinates":[[-122.336131937519,47.6017243787372],[-122.335549406584,47.601722255213]]},"properties":{"STNAME_ORD":"YESLER WAY","ARTDESCRIPT":"Minor Arterial"}},{"type":"Feature","geometry":{"type":"LineString","coordinates":[[-122.329187043257,47.6036975160912],[-122.329108848714,47.6037302289454],[-122.328078578054,47.6041612345606]]},"properties":{"STNAME_ORD":"JAMES ST","ARTDESCRIPT":"Principal Arterial"}},{"type":"Feature","geometry":{"type":"LineString","coordinates":[[-122.316780466471,47.6062030452542],[-122.315470740046,47.6061974640718]]},"properties":{"STNAME_ORD":"E JEFFERSON ST","ARTDESCRIPT":"Collector Arterial"}},{"type":"Feature","geometry":{"type":"LineString","coordinates":[[-122.333824571889,47.6037327926091],[-122.333423094332,47.6039007283026],[-122.332714379347,47.6041971207597]]},"properties":{"STNAME_ORD":"COLUMBIA ST","ARTDESCRIPT":"Collector Arterial"}},{"type":"Feature","geometry":{"type":"LineString","coordinates":[[-122.348673307899,47.6134795881013],[-122.347813195275,47.6141440953402]]},"properties":{"STNAME_ORD":"BATTERY ST","ARTDESCRIPT":"Not Designated"}},{"type":"Feature","geometry":{"type":"LineString","coordinates":[[-122.340892455109,47.6123980257179],[-122.340032897739,47.6130625948948]]},"properties":{"STNAME_ORD":"VIRGINIA ST","ARTDESCRIPT":"Minor Arterial"}},{"type":"Feature","geometry":{"type":"LineString","coordinates":[[-122.330137829317,47.6098765336773],[-122.330110486486,47.6102294505157]]},"properties":{"STNAME_ORD":"UNIVERSITY ST","ARTDESCRIPT":"Not Designated"}},{"type":"Feature","geometry":{"type":"LineString","coordinates":[[-122.345653456998,47.6140398228033],[-122.346854663664,47.6147390717309],[-122.346895569457,47.6147679235226],[-122.346953576355,47.6148088362986]]},"properties":{"STNAME_ORD":"2ND AVE","ARTDESCRIPT":"Principal Arterial"}},{"type":"Feature","geometry":{"type":"LineString","coordinates":[[-122.32211092489,47.6140661962629],[-122.320780367438,47.6140756667707]]},"properties":{"STNAME_ORD":"E PIKE ST","ARTDESCRIPT":"Minor Arterial"}},{"type":"Feature","geometry":{"type":"LineString","coordinates":[[-122.343731456264,47.6086809297844],[-122.343768048086,47.6086849825473],[-122.343806334324,47.608695833893],[-122.343873840358,47.6087267340849],[-122.344494477722,47.6090955849294],[-122.344526537195,47.6091087263894],[-122.344556257375,47.6091140443652],[-122.344586867223,47.6091136378178],[-122.344619546893,47.6091117756398],[-122.34480573192,47.6091235838859]]},"properties":{"STNAME_ORD":"ALASKAN WAY","ARTDESCRIPT":"Not Designated"}},{"type":"Feature","geometry":{"type":"LineString","coordinates":[[-122.332451281314,47.6072663098637],[-122.33310387059,47.607979458203]]},"properties":{"STNAME_ORD":"5TH AVE","ARTDESCRIPT":"Minor Arterial"}},{"type":"Feature","geometry":{"type":"LineString","coordinates":[[-122.348904011143,47.6115232503319],[-122.350477392526,47.6124586173654],[-122.351186003566,47.6128137517669]]},"properties":{"STNAME_ORD":"ALASKAN WAY","ARTDESCRIPT":"Principal Arterial"}},{"type":"Feature","geometry":{"type":"LineString","coordinates":[[-122.322916589046,47.6043490130228],[-122.322890888507,47.6043597552524],[-122.322725677901,47.6044287756061],[-122.322337343019,47.604591057355]]},"properties":{"STNAME_ORD":"TERRACE ST","ARTDESCRIPT":"Not Designated"}},{"type":"Feature","geometry":{"type":"LineString","coordinates":[[-122.317280754336,47.5938335539997],[-122.317280848462,47.5930815543167],[-122.317280847586,47.593076136662],[-122.317280524416,47.5915397116467]]},"properties":{"STNAME_ORD":"12TH AVE S","ARTDESCRIPT":"Collector Arterial"}},{"type":"Feature","geometry":{"type":"LineString","coordinates":[[-122.334181526414,47.6008831837607],[-122.333523686001,47.6008823779555],[-122.333336117696,47.600882147602],[-122.332876718587,47.6008815857797]]},"properties":{"STNAME_ORD":"S WASHINGTON ST","ARTDESCRIPT":"Not Designated"}},{"type":"Feature","geometry":{"type":"LineString","coordinates":[[-122.34148699709,47.609578641832],[-122.341753103457,47.6098671134911],[-122.341771942493,47.6099314549495]]},"properties":{"STNAME_ORD":"POST AL","ARTDESCRIPT":"Not Designated"}},{"type":"Feature","geometry":{"type":"LineString","coordinates":[[-122.319410791575,47.6043602528215],[-122.31941304729,47.6052017125546]]},"properties":{"STNAME_ORD":"10TH AVE","ARTDESCRIPT":"Not Designated"}},{"type":"Feature","geometry":{"type":"LineString","coordinates":[[-122.335373136651,47.6121364586989],[-122.335843508749,47.6126508180374],[-122.33628183774,47.6131301261658]]},"properties":{"STNAME_ORD":"6TH AVE","ARTDESCRIPT":"Principal Arterial"}},{"type":"Feature","geometry":{"type":"LineString","coordinates":[[-122.326188679099,47.6129871277814],[-122.325458252488,47.6129889597513]]},"properties":{"STNAME_ORD":"E UNION ST","ARTDESCRIPT":"Not Designated"}},{"type":"Feature","geometry":{"type":"LineString","coordinates":[[-122.337591981588,47.6112073727931],[-122.338101279519,47.611764238975],[-122.33841243733,47.6121044512455],[-122.338542437895,47.6121814145988],[-122.338542650183,47.6121815402486]]},"properties":{"STNAME_ORD":"4TH AVE","ARTDESCRIPT":"Principal Arterial"}},{"type":"Feature","geometry":{"type":"LineString","coordinates":[[-122.319862060121,47.6121737872795],[-122.319857103991,47.6129248588257],[-122.3198569844,47.6129429826896]]},"properties":{"STNAME_ORD":"BROADWAY CT","ARTDESCRIPT":"Not Designated"}},{"type":"Feature","geometry":{"type":"LineString","coordinates":[[-122.329678542095,47.5991979313475],[-122.329316093945,47.5991974011683],[-122.328967514649,47.5991968896654]]},"properties":{"STNAME_ORD":"S JACKSON ST","ARTDESCRIPT":"Principal Arterial"}},{"type":"Feature","geometry":{"type":"LineString","coordinates":[[-122.325140318369,47.6023737260232],[-122.325924084328,47.60301015087],[-122.326541855577,47.6036280405924],[-122.327235854047,47.6044767993057],[-122.327861873729,47.6051969232232],[-122.329131600213,47.6066690620278],[-122.329419808638,47.606991957237],[-122.329533362637,47.6071160204844],[-122.330389737286,47.6080319215334]]},"properties":{"STNAME_ORD":"I5 NB COLLECTOR","ARTDESCRIPT":"Interstate/Freeway"}},{"type":"Feature","geometry":{"type":"LineString","coordinates":[[-122.340097512428,47.6060400949214],[-122.339306816504,47.6063704648382]]},"properties":{"STNAME_ORD":"UNIVERSITY ST","ARTDESCRIPT":"Collector Arterial"}},{"type":"Feature","geometry":{"type":"LineString","coordinates":[[-122.31678189326,47.6016933678319],[-122.316650150569,47.6016931460764],[-122.315646842656,47.6016914621382],[-122.314928500047,47.601690194545]]},"properties":{"STNAME_ORD":"E YESLER WAY","ARTDESCRIPT":"Minor Arterial"}},{"type":"Feature","geometry":{"type":"LineString","coordinates":[[-122.334191161017,47.5982917153848],[-122.334192276819,47.5964686659068]]},"properties":{"STNAME_ORD":"1ST AVE S","ARTDESCRIPT":"Minor Arterial"}},{"type":"Feature","geometry":{"type":"LineString","coordinates":[[-122.33114608142,47.6058391633764],[-122.330038975143,47.6063022284417]]},"properties":{"STNAME_ORD":"MARION ST","ARTDESCRIPT":"Minor Arterial"}},{"type":"Feature","geometry":{"type":"LineString","coordinates":[[-122.322446852659,47.6017034768203],[-122.322416324319,47.6015246808159],[-122.322394879185,47.6014636722428],[-122.322353208476,47.60138427504],[-122.322236174542,47.6012872107987],[-122.321768728828,47.6009229269266],[-122.321697076118,47.6008972168197],[-122.321613531988,47.6008689974427],[-122.32149098495,47.6008546119652],[-122.319366353265,47.6008779669001]]},"properties":{"STNAME_ORD":"S WASHINGTON ST","ARTDESCRIPT":"Not Designated"}},{"type":"Feature","geometry":{"type":"LineString","coordinates":[[-122.334665597537,47.6096854208313],[-122.333602662274,47.6101303151808],[-122.333556055953,47.610149836822]]},"properties":{"STNAME_ORD":"UNION ST","ARTDESCRIPT":"Principal Arterial"}},{"type":"Feature","geometry":{"type":"LineString","coordinates":[[-122.330275807038,47.5991986917404],[-122.329678542095,47.5991979313475]]},"properties":{"STNAME_ORD":"S JACKSON ST","ARTDESCRIPT":"Principal Arterial"}},{"type":"Feature","geometry":{"type":"LineString","coordinates":[[-122.332714379347,47.6041971207597],[-122.333366405538,47.6049105230911]]},"properties":{"STNAME_ORD":"3RD AVE","ARTDESCRIPT":"Minor Arterial"}},{"type":"Feature","geometry":{"type":"LineString","coordinates":[[-122.330630818491,47.6090148749959],[-122.330479928532,47.6090776511044],[-122.329776500599,47.6093718051348]]},"properties":{"STNAME_ORD":"SENECA ST","ARTDESCRIPT":"Minor Arterial"}},{"type":"Feature","geometry":{"type":"LineString","coordinates":[[-122.323570718385,47.6109806802096],[-122.324223471998,47.6116943388646]]},"properties":{"STNAME_ORD":"SUMMIT AVE","ARTDESCRIPT":"Not Designated"}},{"type":"Feature","geometry":{"type":"LineString","coordinates":[[-122.31782315609,47.601695163537],[-122.31678189326,47.6016933678319]]},"properties":{"STNAME_ORD":"E YESLER WAY","ARTDESCRIPT":"Minor Arterial"}},{"type":"Feature","geometry":{"type":"LineString","coordinates":[[-122.318100770624,47.602688355617],[-122.316781803662,47.6026859072]]},"properties":{"STNAME_ORD":"E FIR ST","ARTDESCRIPT":"Not Designated"}},{"type":"Feature","geometry":{"type":"LineString","coordinates":[[-122.318122378224,47.6129312525649],[-122.317959295012,47.6129301822848],[-122.317780114375,47.6129290065885],[-122.316733390752,47.6128892357701]]},"properties":{"STNAME_ORD":"E UNION ST","ARTDESCRIPT":"Minor Arterial"}},{"type":"Feature","geometry":{"type":"LineString","coordinates":[[-122.331573393993,47.6000410657089],[-122.331577686352,47.5992007850502]]},"properties":{"STNAME_ORD":"2ND AVE S","ARTDESCRIPT":"Minor Arterial"}},{"type":"Feature","geometry":{"type":"LineString","coordinates":[[-122.334184941078,47.6000442273996],[-122.334185891997,47.5997859480648],[-122.334188031538,47.5992048288577]]},"properties":{"STNAME_ORD":"1ST AVE S","ARTDESCRIPT":"Minor Arterial"}},{"type":"Feature","geometry":{"type":"LineString","coordinates":[[-122.33199536332,47.6084435648745],[-122.331213186459,47.6087709266419],[-122.331007177106,47.6088596818653],[-122.330839271111,47.6089320212325],[-122.330694666862,47.6089878385628],[-122.330630818491,47.6090148749959]]},"properties":{"STNAME_ORD":"SENECA ST","ARTDESCRIPT":"Minor Arterial"}},{"type":"Feature","geometry":{"type":"LineString","coordinates":[[-122.320793082368,47.595294120613],[-122.320567012143,47.594977341977],[-122.320439376782,47.5947815232762],[-122.320353756959,47.5947073321672],[-122.320205743758,47.5945925357421],[-122.320041787219,47.5945110719465],[-122.320013751851,47.5944971416872],[-122.319867530304,47.5944521530644],[-122.319699556586,47.5944108754188],[-122.319559580884,47.5943825807565],[-122.319494308666,47.5943720387522],[-122.319408585383,47.594358194459],[-122.319241111267,47.5943415544657],[-122.319062937583,47.5943401164698],[-122.318912693439,47.5943420787182],[-122.318667959859,47.5943490398835],[-122.318532558683,47.5943583692452],[-122.318531571693,47.594358437586],[-122.318487029315,47.5943615061565],[-122.318284031546,47.5943754935429]]},"properties":{"STNAME_ORD":"I5 SB - I90 EB ON RP","ARTDESCRIPT":"Interstate/Freeway"}},{"type":"Feature","geometry":{"type":"LineString","coordinates":[[-122.327804575635,47.6139302296862],[-122.327922738708,47.614160498694],[-122.32790375541,47.6152384202663]]},"properties":{"STNAME_ORD":"MELROSE AVE","ARTDESCRIPT":"Not Designated"}},{"type":"Feature","geometry":{"type":"LineString","coordinates":[[-122.336131937519,47.6017243787372],[-122.336063110154,47.6016259612009],[-122.335856375906,47.6013402091467],[-122.335781067031,47.6012183843661],[-122.335719198129,47.6010744840347],[-122.335657407606,47.6008845256006]]},"properties":{"STNAME_ORD":"ALASKAN WAY S","ARTDESCRIPT":"Principal Arterial"}},{"type":"Feature","geometry":{"type":"LineString","coordinates":[[-122.330264214817,47.602261211087],[-122.329645382506,47.6025199381209]]},"properties":{"STNAME_ORD":"JEFFERSON ST","ARTDESCRIPT":"Not Designated"}},{"type":"Feature","geometry":{"type":"LineString","coordinates":[[-122.327800840243,47.6052663419589],[-122.329055925552,47.6067125382356],[-122.329713722268,47.6074247109884],[-122.330348307932,47.6081459045236],[-122.330754356708,47.6087496724784]]},"properties":{"STNAME_ORD":"CHERRY ST ON RP","ARTDESCRIPT":"Interstate/Freeway"}},{"type":"Feature","geometry":{"type":"LineString","coordinates":[[-122.332640195007,47.6091602205163],[-122.331596662347,47.6095590336497],[-122.331521758681,47.6095934919056],[-122.331479777888,47.6096252851278],[-122.331420625926,47.6096740179413],[-122.331003047338,47.6108584471571],[-122.33048935611,47.6122349976871],[-122.330273957157,47.6128973601964],[-122.330116700417,47.6132989515696],[-122.330033572528,47.6134791583636],[-122.329957591156,47.6135854086862],[-122.329852729004,47.6136949259066]]},"properties":{"STNAME_ORD":"UNIVERSITY ST ON RP","ARTDESCRIPT":"Interstate/Freeway"}},{"type":"Feature","geometry":{"type":"LineString","coordinates":[[-122.327675197081,47.5975166981212],[-122.326367113175,47.5975151580811]]},"properties":{"STNAME_ORD":"S WELLER ST","ARTDESCRIPT":"Not Designated"}},{"type":"Feature","geometry":{"type":"LineString","coordinates":[[-122.333272126679,47.5954558094775],[-122.33326238897,47.5923952169094]]},"properties":{"STNAME_ORD":"OCCIDENTAL AVE S","ARTDESCRIPT":"Not Designated"}},{"type":"Feature","geometry":{"type":"LineString","coordinates":[[-122.319643589875,47.5983479012904],[-122.319644562061,47.5975094471109]]},"properties":{"STNAME_ORD":"10TH AVE S","ARTDESCRIPT":"Not Designated"}},{"type":"Feature","geometry":{"type":"LineString","coordinates":[[-122.32429358318,47.6067326228852],[-122.323182216697,47.6071972048604]]},"properties":{"STNAME_ORD":"CHERRY ST","ARTDESCRIPT":"Not Designated"}},{"type":"Feature","geometry":{"type":"LineString","coordinates":[[-122.348673307899,47.6134795881013],[-122.349606084318,47.6140312181106]]},"properties":{"STNAME_ORD":"WESTERN AVE","ARTDESCRIPT":"Principal Arterial"}},{"type":"Feature","geometry":{"type":"LineString","coordinates":[[-122.337431233835,47.6133006087862],[-122.337014615686,47.6136223323041]]},"properties":{"STNAME_ORD":"STEWART ST","ARTDESCRIPT":"Principal Arterial"}},{"type":"Feature","geometry":{"type":"LineString","coordinates":[[-122.334060832022,47.614056560906],[-122.33411158263,47.6140938301483],[-122.335295375755,47.614952517659]]},"properties":{"STNAME_ORD":"8TH AVE","ARTDESCRIPT":"Minor Arterial"}},{"type":"Feature","geometry":{"type":"LineString","coordinates":[[-122.327883427954,47.6022724391148],[-122.327494664892,47.6024357307634]]},"properties":{"STNAME_ORD":"TERRACE ST","ARTDESCRIPT":"Not Designated"}},{"type":"Feature","geometry":{"type":"LineString","coordinates":[[-122.342171691523,47.609634113679],[-122.343471789762,47.6104036768871]]},"properties":{"STNAME_ORD":"PIKE PL","ARTDESCRIPT":"Not Designated"}},{"type":"Feature","geometry":{"type":"LineString","coordinates":[[-122.340922043966,47.6098142298394],[-122.341343433261,47.6102747132111]]},"properties":{"STNAME_ORD":"1ST AVE","ARTDESCRIPT":"Minor Arterial"}},{"type":"Feature","geometry":{"type":"LineString","coordinates":[[-122.327555140892,47.6103009330646],[-122.32666659464,47.6106724387395],[-122.326444272201,47.6107654351168]]},"properties":{"STNAME_ORD":"SENECA ST","ARTDESCRIPT":"Minor Arterial"}},{"type":"Feature","geometry":{"type":"LineString","coordinates":[[-122.3269020111,47.6095873577316],[-122.325791645698,47.6100518097342]]},"properties":{"STNAME_ORD":"SPRING ST","ARTDESCRIPT":"Not Designated"}},{"type":"Feature","geometry":{"type":"LineString","coordinates":[[-122.318100112423,47.6122777555628],[-122.318120908067,47.6128390633382],[-122.318122378224,47.6129312525649]]},"properties":{"STNAME_ORD":"11TH AVE","ARTDESCRIPT":"Minor Arterial"}},{"type":"Feature","geometry":{"type":"LineString","coordinates":[[-122.324457984735,47.6140944655583],[-122.324472636315,47.6152250048161]]},"properties":{"STNAME_ORD":"BELMONT AVE","ARTDESCRIPT":"Not Designated"}},{"type":"Feature","geometry":{"type":"LineString","coordinates":[[-122.330402131095,47.6074123484551],[-122.330228607316,47.6072093723298],[-122.330140124432,47.6071055556189],[-122.329961587519,47.6069046456304],[-122.32960624517,47.6064791504539],[-122.329300348796,47.6061245872966],[-122.32836571039,47.60503014712],[-122.32774304599,47.6043017040456],[-122.327453675922,47.6039559631419],[-122.326863944783,47.6033029277613],[-122.326640868924,47.6030893250197],[-122.326421987952,47.6028837891167],[-122.326101519287,47.6026121589293],[-122.324896973561,47.6016688875437]]},"properties":{"STNAME_ORD":"I5 SB","ARTDESCRIPT":"Interstate/Freeway"}},{"type":"Feature","geometry":{"type":"LineString","coordinates":[[-122.323113439086,47.6121584976273],[-122.322213851455,47.6125392088489],[-122.322085903596,47.6127357484394]]},"properties":{"STNAME_ORD":"SENECA ST","ARTDESCRIPT":"Minor Arterial"}},{"type":"Feature","geometry":{"type":"LineString","coordinates":[[-122.334060832022,47.614056560906],[-122.3339317808,47.614233015788],[-122.333166746577,47.6148212411683]]},"properties":{"STNAME_ORD":"HOWELL ST","ARTDESCRIPT":"Principal Arterial"}},{"type":"Feature","geometry":{"type":"LineString","coordinates":[[-122.338231840067,47.6038584189464],[-122.338104534962,47.6039104443904]]},"properties":{"STNAME_ORD":"MADISON ST","ARTDESCRIPT":"Minor Arterial"}},{"type":"Feature","geometry":{"type":"LineString","coordinates":[[-122.323746732492,47.6000277793826],[-122.323750053488,47.5991885965181]]},"properties":{"STNAME_ORD":"7TH AVE S","ARTDESCRIPT":"Not Designated"}},{"type":"Feature","geometry":{"type":"LineString","coordinates":[[-122.320757341524,47.6095771222623],[-122.321158340895,47.6100165069102]]},"properties":{"STNAME_ORD":"BOYLSTON AVE","ARTDESCRIPT":"Not Designated"}},{"type":"Feature","geometry":{"type":"LineString","coordinates":[[-122.334866328699,47.6082279219945],[-122.334724021632,47.6082875237233],[-122.333756830497,47.6086925967336]]},"properties":{"STNAME_ORD":"UNIVERSITY ST","ARTDESCRIPT":"Principal Arterial"}},{"type":"Feature","geometry":{"type":"LineString","coordinates":[[-122.319644562061,47.5975094471109],[-122.317226727222,47.5974995715891]]},"properties":{"STNAME_ORD":"S WELLER ST","ARTDESCRIPT":"Not Designated"}},{"type":"Feature","geometry":{"type":"LineString","coordinates":[[-122.324096854172,47.6048412749624],[-122.322989230661,47.605304512133]]},"properties":{"STNAME_ORD":"JEFFERSON ST","ARTDESCRIPT":"Collector Arterial"}},{"type":"Feature","geometry":{"type":"LineString","coordinates":[[-122.351401561608,47.6139202596319],[-122.352336170069,47.6144725178927]]},"properties":{"STNAME_ORD":"ELLIOTT AVE","ARTDESCRIPT":"Principal Arterial"}},{"type":"Feature","geometry":{"type":"LineString","coordinates":[[-122.327804575635,47.6139302296862],[-122.327419288792,47.6140917404117],[-122.326820472814,47.6140881268882]]},"properties":{"STNAME_ORD":"E PIKE ST","ARTDESCRIPT":"Minor Arterial"}},{"type":"Feature","geometry":{"type":"LineString","coordinates":[[-122.336131937519,47.6017243787372],[-122.336800739926,47.6024875067994]]},"properties":{"STNAME_ORD":"ALASKAN WAY","ARTDESCRIPT":"Principal Arterial"}},{"type":"Feature","geometry":{"type":"LineString","coordinates":[[-122.333824571889,47.6037327926091],[-122.334477235079,47.6044464645966]]},"properties":{"STNAME_ORD":"2ND AVE","ARTDESCRIPT":"Principal Arterial"}},{"type":"Feature","geometry":{"type":"LineString","coordinates":[[-122.33290910388,47.6060878574652],[-122.333504877686,47.6067388156413],[-122.333562048854,47.6068012868978]]},"properties":{"STNAME_ORD":"4TH AVE","ARTDESCRIPT":"Principal Arterial"}},{"type":"Feature","geometry":{"type":"LineString","coordinates":[[-122.337086798157,47.6072990581972],[-122.335975793952,47.6077631769408]]},"properties":{"STNAME_ORD":"UNIVERSITY ST","ARTDESCRIPT":"Principal Arterial"}},{"type":"Feature","geometry":{"type":"LineString","coordinates":[[-122.32083952901,47.5949315113515],[-122.320915233152,47.594600553769],[-122.320961675672,47.5944154353385]]},"properties":{"STNAME_ORD":"I5 SB COLLECTOR","ARTDESCRIPT":"Interstate/Freeway"}},{"type":"Feature","geometry":{"type":"LineString","coordinates":[[-122.326513407755,47.6058046661939],[-122.327166190172,47.6065179254851]]},"properties":{"STNAME_ORD":"8TH AVE","ARTDESCRIPT":"Not Designated"}},{"type":"Feature","geometry":{"type":"LineString","coordinates":[[-122.350465546695,47.6133669632782],[-122.349606084318,47.6140312181106]]},"properties":{"STNAME_ORD":"WALL ST","ARTDESCRIPT":"Minor Arterial"}},{"type":"Feature","geometry":{"type":"LineString","coordinates":[[-122.31678189326,47.6016933678319],[-122.31696510421,47.6008528586973]]},"properties":{"STNAME_ORD":"12TH AVE S","ARTDESCRIPT":"Minor Arterial"}},{"type":"Feature","geometry":{"type":"LineString","coordinates":[[-122.330268110819,47.6008771144809],[-122.328962557205,47.6008754407166]]},"properties":{"STNAME_ORD":"S WASHINGTON ST","ARTDESCRIPT":"Not Designated"}},{"type":"Feature","geometry":{"type":"LineString","coordinates":[[-122.334477235079,47.6044464645966],[-122.333451176546,47.6048751079144],[-122.333366405538,47.6049105230911]]},"properties":{"STNAME_ORD":"MARION ST","ARTDESCRIPT":"Minor Arterial"}},{"type":"Feature","geometry":{"type":"LineString","coordinates":[[-122.323236342984,47.5929604412128],[-122.323141521839,47.5929208680864],[-122.322769421323,47.5927818237595]]},"properties":{"STNAME_ORD":"AIRPORT WAY S","ARTDESCRIPT":"Principal Arterial"}},{"type":"Feature","geometry":{"type":"LineString","coordinates":[[-122.322093464661,47.6129869085587],[-122.32211092489,47.6140661962629]]},"properties":{"STNAME_ORD":"HARVARD AVE","ARTDESCRIPT":"Not Designated"}},{"type":"Feature","geometry":{"type":"LineString","coordinates":[[-122.327166190172,47.6065179254851],[-122.327818446778,47.6072310070584]]},"properties":{"STNAME_ORD":"8TH AVE","ARTDESCRIPT":"Not Designated"}},{"type":"Feature","geometry":{"type":"LineString","coordinates":[[-122.334463769863,47.6111423979938],[-122.333685286331,47.6114677622072],[-122.333353807343,47.6116063496155]]},"properties":{"STNAME_ORD":"PIKE ST","ARTDESCRIPT":"Principal Arterial"}},{"type":"Feature","geometry":{"type":"LineString","coordinates":[[-122.332041866863,47.6135279307568],[-122.332950313074,47.6145210611538]]},"properties":{"STNAME_ORD":"9TH AVE","ARTDESCRIPT":"Minor Arterial"}},{"type":"Feature","geometry":{"type":"LineString","coordinates":[[-122.328276812661,47.6060533207321],[-122.327166190172,47.6065179254851]]},"properties":{"STNAME_ORD":"COLUMBIA ST","ARTDESCRIPT":"Not Designated"}},{"type":"Feature","geometry":{"type":"LineString","coordinates":[[-122.329678542095,47.5991979313475],[-122.330342447037,47.5999913145263]]},"properties":{"STNAME_ORD":"2ND AV ET S","ARTDESCRIPT":"Principal Arterial"}},{"type":"Feature","geometry":{"type":"LineString","coordinates":[[-122.335523445269,47.6030221059],[-122.33613489854,47.6036887545111],[-122.336176021486,47.6037354571218]]},"properties":{"STNAME_ORD":"POST AVE","ARTDESCRIPT":"Not Designated"}},{"type":"Feature","geometry":{"type":"LineString","coordinates":[[-122.32507132723,47.5949959433585],[-122.324512014236,47.5949951796291],[-122.323766572505,47.5949941572102]]},"properties":{"STNAME_ORD":"S CHARLES ST","ARTDESCRIPT":"Not Designated"}},{"type":"Feature","geometry":{"type":"LineString","coordinates":[[-122.327670677426,47.598355878048],[-122.32636388384,47.5983538188478]]},"properties":{"STNAME_ORD":"S KING ST","ARTDESCRIPT":"Not Designated"}},{"type":"Feature","geometry":{"type":"LineString","coordinates":[[-122.317280754336,47.5938335539997],[-122.317269561936,47.5939059231566],[-122.317258145811,47.5939350662142],[-122.317239197476,47.5939684490465],[-122.317202034042,47.5940072470871],[-122.31716766504,47.5940366881436],[-122.317121053564,47.5940662895834],[-122.31706205413,47.5940908756903],[-122.31657709206,47.5942816837734]]},"properties":{"STNAME_ORD":"S CHARLES ST","ARTDESCRIPT":"Collector Arterial"}},{"type":"Feature","geometry":{"type":"LineString","coordinates":[[-122.316781524063,47.6035141600006],[-122.31678121163,47.6041897569386],[-122.31678113298,47.6043603849107]]},"properties":{"STNAME_ORD":"12TH AVE","ARTDESCRIPT":"Minor Arterial"}},{"type":"Feature","geometry":{"type":"LineString","coordinates":[[-122.330688998166,47.607016837543],[-122.331342546777,47.6077300503903]]},"properties":{"STNAME_ORD":"6TH AVE","ARTDESCRIPT":"Principal Arterial"}},{"type":"Feature","geometry":{"type":"LineString","coordinates":[[-122.325068451172,47.59583534259],[-122.325070068106,47.5953634809273],[-122.32507132723,47.5949959433585]]},"properties":{"STNAME_ORD":"MAYNARD AVE S","ARTDESCRIPT":"Principal Arterial"}},{"type":"Feature","geometry":{"type":"LineString","coordinates":[[-122.320752364081,47.6072184191762],[-122.320754314007,47.6079014215509],[-122.320754791291,47.6080734673788]]},"properties":{"STNAME_ORD":"BROADWAY","ARTDESCRIPT":"Minor Arterial"}},{"type":"Feature","geometry":{"type":"LineString","coordinates":[[-122.321809835145,47.6107302268877],[-122.320760198743,47.6111690758968]]},"properties":{"STNAME_ORD":"MADISON ST","ARTDESCRIPT":"Principal Arterial"}},{"type":"Feature","geometry":{"type":"LineString","coordinates":[[-122.32083952901,47.5949315113515],[-122.32115784104,47.5941432693724],[-122.321248235506,47.5940136254505],[-122.321344669818,47.5939060813425],[-122.321515357873,47.5937478815068],[-122.321747711161,47.5935818079776],[-122.321887109402,47.5934864907804],[-122.322190722976,47.5933659867484]]},"properties":{"STNAME_ORD":"I90 WB ON RP","ARTDESCRIPT":"Interstate/Freeway"}},{"type":"Feature","geometry":{"type":"LineString","coordinates":[[-122.330263537492,47.5990111155091],[-122.330275295941,47.5985634803569],[-122.33037191139,47.5982902269602]]},"properties":{"STNAME_ORD":"3RD AVE S","ARTDESCRIPT":"Not Designated"}},{"type":"Feature","geometry":{"type":"LineString","coordinates":[[-122.336890899053,47.6054082909039],[-122.335781723739,47.6058726171615]]},"properties":{"STNAME_ORD":"SPRING ST","ARTDESCRIPT":"Minor Arterial"}},{"type":"Feature","geometry":{"type":"LineString","coordinates":[[-122.31792413791,47.594576166319],[-122.320013065168,47.5939567581055],[-122.320577235064,47.5938037112582],[-122.320806451515,47.5937415282907],[-122.32164247877,47.5935147234186],[-122.322190722976,47.5933659867484]]},"properties":{"STNAME_ORD":"I90 WB OFF RP","ARTDESCRIPT":"Interstate/Freeway"}},{"type":"Feature","geometry":{"type":"LineString","coordinates":[[-122.333898831741,47.6017218797686],[-122.333519917474,47.601721257557],[-122.333519310815,47.6017212566067],[-122.333360293976,47.6017211260376],[-122.332873705586,47.6017207358704]]},"properties":{"STNAME_ORD":"YESLER WAY","ARTDESCRIPT":"Minor Arterial"}},{"type":"Feature","geometry":{"type":"LineString","coordinates":[[-122.326820472814,47.6140881268882],[-122.326252100743,47.6140848092601],[-122.326231826707,47.6140848527201],[-122.326187701535,47.6140849472469]]},"properties":{"STNAME_ORD":"E PIKE ST","ARTDESCRIPT":"Minor Arterial"}},{"type":"Feature","geometry":{"type":"LineString","coordinates":[[-122.335592583699,47.5952535374847],[-122.335711014567,47.5940213477916],[-122.335748443273,47.5938267292739],[-122.335802992889,47.5935861269385]]},"properties":{"STNAME_ORD":"SR99 TUNNEL SB","ARTDESCRIPT":"State Route/Freeway"}},{"type":"Feature","geometry":{"type":"LineString","coordinates":[[-122.338812343059,47.6046146523925],[-122.339457799751,47.6053152186002]]},"properties":{"STNAME_ORD":"ALASKAN WAY","ARTDESCRIPT":"Principal Arterial"}},{"type":"Feature","geometry":{"type":"LineString","coordinates":[[-122.343201965166,47.608864740534],[-122.343587320813,47.6092417792224],[-122.344354894214,47.6097069137494]]},"properties":{"STNAME_ORD":"ALLEY RR TUNNEL ACC","ARTDESCRIPT":"Not Designated"}},{"type":"Feature","geometry":{"type":"LineString","coordinates":[[-122.326376663497,47.595130638685],[-122.325967058469,47.5949226524807]]},"properties":{"STNAME_ORD":"SEATTLE BLVD S","ARTDESCRIPT":"Principal Arterial"}},{"type":"Feature","geometry":{"type":"LineString","coordinates":[[-122.325065332285,47.5966743469845],[-122.324412966358,47.5966732673726],[-122.323760280818,47.5966721836452]]},"properties":{"STNAME_ORD":"S LANE ST","ARTDESCRIPT":"Not Designated"}},{"type":"Feature","geometry":{"type":"LineString","coordinates":[[-122.319644562061,47.5975094471109],[-122.319640646017,47.5970720344899],[-122.319640632322,47.5970661038726],[-122.319640492028,47.5970601735054],[-122.319640225173,47.5970542447918],[-122.319639831819,47.5970483198369],[-122.319639311964,47.5970423986406],[-122.319638664632,47.5970364833215],[-122.3196378909,47.5970305752695],[-122.319636991846,47.5970246758745],[-122.319635966432,47.5970187851499],[-122.319634813701,47.597012905916],[-122.319633536746,47.5970070374307],[-122.319632133592,47.5970011832292],[-122.319630605256,47.5969953425965],[-122.319628952835,47.5969895176241],[-122.319627175313,47.5969837090271],[-122.319625274844,47.5969779195852],[-122.319623249334,47.5969721486239],[-122.319621101955,47.5969663982076],[-122.319618830652,47.5969606690649],[-122.319616437561,47.596954963274],[-122.3196139227,47.5969492815364],[-122.319611286091,47.5969436245539],[-122.31960852883,47.5969379944179],[-122.319605651956,47.596932391115],[-122.319602654511,47.5969268174653],[-122.319599539607,47.5969212734283],[-122.319596305209,47.5969157604345],[-122.319592953433,47.59691027986],[-122.319589485316,47.5969048316913],[-122.319585085169,47.5968982164194],[-122.3194541192,47.5966769934684]]},"properties":{"STNAME_ORD":"10TH AVE S","ARTDESCRIPT":"Not Designated"}},{"type":"Feature","geometry":{"type":"LineString","coordinates":[[-122.337014615686,47.6136223323041],[-122.337563202491,47.6139469734765]]},"properties":{"STNAME_ORD":"6TH AVE","ARTDESCRIPT":"Principal Arterial"}},{"type":"Feature","geometry":{"type":"LineString","coordinates":[[-122.325986777806,47.6119432755067],[-122.32487608473,47.6124079951436]]},"properties":{"STNAME_ORD":"UNIVERSITY ST","ARTDESCRIPT":"Not Designated"}},{"type":"Feature","geometry":{"type":"LineString","coordinates":[[-122.321158340895,47.6100165069102],[-122.321703388865,47.6106136091017],[-122.321809835145,47.6107302268877]]},"properties":{"STNAME_ORD":"BOYLSTON AVE","ARTDESCRIPT":"Not Designated"}},{"type":"Feature","geometry":{"type":"LineString","coordinates":[[-122.320760061774,47.6112593522822],[-122.321351534409,47.6119086285098]]},"properties":{"STNAME_ORD":"HARVARD AVE","ARTDESCRIPT":"Not Designated"}},{"type":"Feature","geometry":{"type":"LineString","coordinates":[[-122.320780367438,47.6140756667707],[-122.320798653018,47.6152353107414]]},"properties":{"STNAME_ORD":"BROADWAY","ARTDESCRIPT":"Minor Arterial"}},{"type":"Feature","geometry":{"type":"LineString","coordinates":[[-122.327624254389,47.6053401763488],[-122.328276812661,47.6060533207321]]},"properties":{"STNAME_ORD":"7TH AVE","ARTDESCRIPT":"Principal Arterial"}},{"type":"Feature","geometry":{"type":"LineString","coordinates":[[-122.335574025233,47.610677902842],[-122.335620238476,47.6107281886768],[-122.336130711772,47.6112860024841],[-122.336483966219,47.6116720097474]]},"properties":{"STNAME_ORD":"5TH AVE","ARTDESCRIPT":"Minor Arterial"}},{"type":"Feature","geometry":{"type":"LineString","coordinates":[[-122.330297459253,47.60323265391],[-122.329187043257,47.6036975160912]]},"properties":{"STNAME_ORD":"JAMES ST","ARTDESCRIPT":"Principal Arterial"}},{"type":"Feature","geometry":{"type":"LineString","coordinates":[[-122.322791106699,47.6034148339535],[-122.322669803306,47.6034654786196],[-122.321685267903,47.603877132614]]},"properties":{"STNAME_ORD":"ALDER ST","ARTDESCRIPT":"Not Designated"}},{"type":"Feature","geometry":{"type":"LineString","coordinates":[[-122.33428108231,47.6025553296177],[-122.333811687001,47.60275178054],[-122.333395020198,47.6029261604484],[-122.333172245935,47.6030193934401]]},"properties":{"STNAME_ORD":"CHERRY ST","ARTDESCRIPT":"Minor Arterial"}},{"type":"Feature","geometry":{"type":"LineString","coordinates":[[-122.333898831741,47.6017218797686],[-122.333366916329,47.601950920502],[-122.332519439884,47.6023056011811]]},"properties":{"STNAME_ORD":"JAMES ST","ARTDESCRIPT":"Minor Arterial"}},{"type":"Feature","geometry":{"type":"LineString","coordinates":[[-122.330264793185,47.6017161563463],[-122.330015544285,47.6018123294281],[-122.329862596656,47.60186489055],[-122.329744416155,47.6019136240911],[-122.329612262251,47.601996240699],[-122.329491328742,47.6021225178462],[-122.329435618267,47.6022897560915]]},"properties":{"STNAME_ORD":"DILLING WAY","ARTDESCRIPT":"Not Designated"}},{"type":"Feature","geometry":{"type":"LineString","coordinates":[[-122.335635723618,47.5982704978836],[-122.335479745515,47.5982796982304],[-122.334191161017,47.5982917153848]]},"properties":{"STNAME_ORD":"S KING ST","ARTDESCRIPT":"Not Designated"}},{"type":"Feature","geometry":{"type":"LineString","coordinates":[[-122.325968373904,47.5923932394486],[-122.325460548823,47.5923929724478],[-122.324228098126,47.592392315419],[-122.323910049325,47.5924287159197]]},"properties":{"STNAME_ORD":"S ROYAL BROUGHAM WAY","ARTDESCRIPT":"Principal Arterial"}},{"type":"Feature","geometry":{"type":"LineString","coordinates":[[-122.325597863795,47.6081595517729],[-122.324486997722,47.6086244808168]]},"properties":{"STNAME_ORD":"MARION ST","ARTDESCRIPT":"Not Designated"}},{"type":"Feature","geometry":{"type":"LineString","coordinates":[[-122.319710551088,47.6001316374689],[-122.3194014198,47.6001509091853],[-122.319311690029,47.6001635062284],[-122.319138565699,47.60021337171]]},"properties":{"STNAME_ORD":"S MAIN ST","ARTDESCRIPT":"Not Designated"}},{"type":"Feature","geometry":{"type":"LineString","coordinates":[[-122.33628183774,47.6131301261658],[-122.335172702179,47.6135955281604]]},"properties":{"STNAME_ORD":"OLIVE WAY","ARTDESCRIPT":"Principal Arterial"}},{"type":"Feature","geometry":{"type":"LineString","coordinates":[[-122.329050519502,47.5914665420826],[-122.32905016297,47.5903107581423],[-122.329045123712,47.589338098397]]},"properties":{"STNAME_ORD":"4TH AVE S","ARTDESCRIPT":"Principal Arterial"}},{"type":"Feature","geometry":{"type":"LineString","coordinates":[[-122.325514174552,47.6140885079959],[-122.324457984735,47.6140944655583]]},"properties":{"STNAME_ORD":"E PIKE ST","ARTDESCRIPT":"Minor Arterial"}},{"type":"Feature","geometry":{"type":"LineString","coordinates":[[-122.333562048854,47.6068012868978],[-122.334213469208,47.6075149975574]]},"properties":{"STNAME_ORD":"4TH AVE","ARTDESCRIPT":"Principal Arterial"}},{"type":"Feature","geometry":{"type":"LineString","coordinates":[[-122.325071455869,47.594157866122],[-122.32376940262,47.5941551400368]]},"properties":{"STNAME_ORD":"S PLUMMER ST","ARTDESCRIPT":"Not Designated"}},{"type":"Feature","geometry":{"type":"LineString","coordinates":[[-122.326367113175,47.5975151580811],[-122.326370457156,47.5966762648529]]},"properties":{"STNAME_ORD":"6TH AVE S","ARTDESCRIPT":"Collector Arterial"}},{"type":"Feature","geometry":{"type":"LineString","coordinates":[[-122.322093464661,47.6129869085587],[-122.321753901474,47.6129809041035]]},"properties":{"STNAME_ORD":"E UNION ST","ARTDESCRIPT":"Not Designated"}},{"type":"Feature","geometry":{"type":"LineString","coordinates":[[-122.331214864796,47.6008784901375],[-122.330268110819,47.6008771144809]]},"properties":{"STNAME_ORD":"S WASHINGTON ST","ARTDESCRIPT":"Not Designated"}},{"type":"Feature","geometry":{"type":"LineString","coordinates":[[-122.330389737286,47.6080319215334],[-122.330566657745,47.6083065559787],[-122.33065963797,47.6084780068705],[-122.330736215776,47.6086913534897],[-122.330754356708,47.6087496724784]]},"properties":{"STNAME_ORD":"I5 NB","ARTDESCRIPT":"Interstate/Freeway"}},{"type":"Feature","geometry":{"type":"LineString","coordinates":[[-122.319408426417,47.6035189559537],[-122.318102833575,47.6035165282851]]},"properties":{"STNAME_ORD":"E SPRUCE ST","ARTDESCRIPT":"Not Designated"}},{"type":"Feature","geometry":{"type":"LineString","coordinates":[[-122.319368822982,47.6121773783353],[-122.319375918452,47.6122595685093],[-122.319426502926,47.6128454752987],[-122.319433464924,47.6129261116873],[-122.31943466554,47.6129400164216]]},"properties":{"STNAME_ORD":"10TH AVE","ARTDESCRIPT":"Not Designated"}},{"type":"Feature","geometry":{"type":"LineString","coordinates":[[-122.319643589875,47.5983479012904],[-122.3172279786,47.5983375933153]]},"properties":{"STNAME_ORD":"S KING ST","ARTDESCRIPT":"Not Designated"}},{"type":"Feature","geometry":{"type":"LineString","coordinates":[[-122.328913101671,47.6134658203127],[-122.32917702133,47.6137539802071],[-122.329332264933,47.6139234801031],[-122.329529530264,47.6141382908676],[-122.329628697264,47.6142462783937],[-122.329733766343,47.614360690427],[-122.329822432775,47.6144572420572]]},"properties":{"STNAME_ORD":"BOREN AVE","ARTDESCRIPT":"Principal Arterial"}},{"type":"Feature","geometry":{"type":"LineString","coordinates":[[-122.3198569844,47.6129429826896],[-122.31943466554,47.6129400164216]]},"properties":{"STNAME_ORD":"E UNION ST","ARTDESCRIPT":"Minor Arterial"}},{"type":"Feature","geometry":{"type":"LineString","coordinates":[[-122.336399205081,47.5927583991659],[-122.336115266787,47.5926736064385],[-122.335982380808,47.5926360979236],[-122.335873845559,47.5926061126553],[-122.335792209404,47.592557206322],[-122.335719971449,47.5924681882124],[-122.335684434026,47.592407247899],[-122.335682621064,47.5923444340297],[-122.336564829254,47.5903978303765]]},"properties":{"STNAME_ORD":"S ATLANTIC FLYOVER","ARTDESCRIPT":"Minor Arterial"}},{"type":"Feature","geometry":{"type":"LineString","coordinates":[[-122.329841605043,47.6044129086506],[-122.330491824874,47.6051239458316],[-122.330493841715,47.6051261515069]]},"properties":{"STNAME_ORD":"5TH AVE","ARTDESCRIPT":"Minor Arterial"}},{"type":"Feature","geometry":{"type":"LineString","coordinates":[[-122.335323719035,47.6070502912006],[-122.334213469208,47.6075149975574]]},"properties":{"STNAME_ORD":"SENECA ST","ARTDESCRIPT":"Principal Arterial"}},{"type":"Feature","geometry":{"type":"LineString","coordinates":[[-122.31678068558,47.6055672839234],[-122.316780466471,47.6062030452542]]},"properties":{"STNAME_ORD":"12TH AVE","ARTDESCRIPT":"Minor Arterial"}},{"type":"Feature","geometry":{"type":"LineString","coordinates":[[-122.334178594784,47.6017223387056],[-122.334181526414,47.6008831837607]]},"properties":{"STNAME_ORD":"1ST AVE S","ARTDESCRIPT":"Minor Arterial"}},{"type":"Feature","geometry":{"type":"LineString","coordinates":[[-122.343731456264,47.6086809297844],[-122.343711899215,47.6086785872361],[-122.343684476584,47.60867966531],[-122.343651052671,47.6086922480811],[-122.343201965166,47.608864740534]]},"properties":{"STNAME_ORD":"PINE ST","ARTDESCRIPT":"Not Designated"}},{"type":"Feature","geometry":{"type":"LineString","coordinates":[[-122.320739892842,47.6026932998557],[-122.31940619702,47.6026909157753]]},"properties":{"STNAME_ORD":"E FIR ST","ARTDESCRIPT":"Not Designated"}},{"type":"Feature","geometry":{"type":"LineString","coordinates":[[-122.324486997722,47.6086244808168],[-122.323376623834,47.6090889381431]]},"properties":{"STNAME_ORD":"MARION ST","ARTDESCRIPT":"Not Designated"}},{"type":"Feature","geometry":{"type":"LineString","coordinates":[[-122.34363652385,47.6103205422612],[-122.343909951004,47.6106645875972],[-122.344771984862,47.6111727702873]]},"properties":{"STNAME_ORD":"WESTERN AVE","ARTDESCRIPT":"Minor Arterial"}},{"type":"Feature","geometry":{"type":"LineString","coordinates":[[-122.3194541192,47.5966769934684],[-122.317230949007,47.5966866923985]]},"properties":{"STNAME_ORD":"S LANE ST","ARTDESCRIPT":"Not Designated"}},{"type":"Feature","geometry":{"type":"LineString","coordinates":[[-122.340032897739,47.6130625948948],[-122.341333145712,47.6138311865379]]},"properties":{"STNAME_ORD":"4TH AVE","ARTDESCRIPT":"Principal Arterial"}},{"type":"Feature","geometry":{"type":"LineString","coordinates":[[-122.334188031538,47.5992048288577],[-122.333526806014,47.5992038444367],[-122.333286696899,47.5992034859893],[-122.332882413169,47.5992028870009]]},"properties":{"STNAME_ORD":"S JACKSON ST","ARTDESCRIPT":"Principal Arterial"}},{"type":"Feature","geometry":{"type":"LineString","coordinates":[[-122.323723040135,47.6013021641737],[-122.323802144681,47.6013978071569],[-122.324528268548,47.6020132935508],[-122.325181702643,47.6026485745845],[-122.325707504299,47.6030665466818],[-122.326107844516,47.6034659309638],[-122.326589865174,47.6041134161209],[-122.326970314754,47.6046251793857]]},"properties":{"STNAME_ORD":"JAMES ST OFF RP","ARTDESCRIPT":"Interstate/Freeway"}},{"type":"Feature","geometry":{"type":"LineString","coordinates":[[-122.344353398896,47.6132712230353],[-122.343493771712,47.6139361067601]]},"properties":{"STNAME_ORD":"BLANCHARD ST","ARTDESCRIPT":"Not Designated"}},{"type":"Feature","geometry":{"type":"LineString","coordinates":[[-122.343471789762,47.6104036768871],[-122.343181530615,47.6106281360794],[-122.343048969975,47.6107363824377]]},"properties":{"STNAME_ORD":"VIRGINIA ST","ARTDESCRIPT":"Minor Arterial"}},{"type":"Feature","geometry":{"type":"LineString","coordinates":[[-122.351401561608,47.6139202596319],[-122.350541601471,47.6145847640562]]},"properties":{"STNAME_ORD":"VINE ST","ARTDESCRIPT":"Not Designated"}},{"type":"Feature","geometry":{"type":"LineString","coordinates":[[-122.326187701535,47.6140849472469],[-122.325514174552,47.6140885079959]]},"properties":{"STNAME_ORD":"E PIKE ST","ARTDESCRIPT":"Minor Arterial"}},{"type":"Feature","geometry":{"type":"LineString","coordinates":[[-122.331604308503,47.6046615583507],[-122.330493841715,47.6051261515069]]},"properties":{"STNAME_ORD":"COLUMBIA ST","ARTDESCRIPT":"Principal Arterial"}},{"type":"Feature","geometry":{"type":"LineString","coordinates":[[-122.339567197211,47.6076350887494],[-122.339105334884,47.6078281615312]]},"properties":{"STNAME_ORD":"UNION ST","ARTDESCRIPT":"Not Designated"}},{"type":"Feature","geometry":{"type":"LineString","coordinates":[[-122.32375678449,47.597510885906],[-122.323760280818,47.5966721836452]]},"properties":{"STNAME_ORD":"7TH AVE S","ARTDESCRIPT":"Not Designated"}},{"type":"Feature","geometry":{"type":"LineString","coordinates":[[-122.324945792195,47.6074462089211],[-122.325505882598,47.6080588941141],[-122.325597863795,47.6081595517729]]},"properties":{"STNAME_ORD":"TERRY AVE","ARTDESCRIPT":"Not Designated"}},{"type":"Feature","geometry":{"type":"LineString","coordinates":[[-122.329278983224,47.6064393485309],[-122.329300348796,47.6061245872966],[-122.329237587611,47.6057672144543],[-122.329163674661,47.6053463251815],[-122.329136186166,47.6052225460036],[-122.329120033872,47.6051506866299],[-122.329124323444,47.6050913509208],[-122.329138930249,47.6050364289356],[-122.329189170061,47.6049611766824],[-122.329262489562,47.6048912506253]]},"properties":{"STNAME_ORD":"5TH AV EXPRESS RP","ARTDESCRIPT":"Interstate/Freeway"}},{"type":"Feature","geometry":{"type":"LineString","coordinates":[[-122.335657407606,47.6008845256006],[-122.335623489414,47.6007091942535],[-122.335638762229,47.6000459825101]]},"properties":{"STNAME_ORD":"ALASKAN WAY S","ARTDESCRIPT":"Principal Arterial"}},{"type":"Feature","geometry":{"type":"LineString","coordinates":[[-122.331983505372,47.6017187039658],[-122.332519439884,47.6023056011811]]},"properties":{"STNAME_ORD":"2ND AVE","ARTDESCRIPT":"Principal Arterial"}},{"type":"Feature","geometry":{"type":"LineString","coordinates":[[-122.330297459253,47.60323265391],[-122.330952062736,47.6039484404794]]},"properties":{"STNAME_ORD":"4TH AVE","ARTDESCRIPT":"Principal Arterial"}},{"type":"Feature","geometry":{"type":"LineString","coordinates":[[-122.319853530496,47.5945384494438],[-122.319767238811,47.5949662364334],[-122.319759222068,47.5952285829198],[-122.319763553843,47.5953740157985]]},"properties":{"STNAME_ORD":"I5 NB COLLECTOR","ARTDESCRIPT":"Interstate/Freeway"}},{"type":"Feature","geometry":{"type":"LineString","coordinates":[[-122.327666994408,47.5991949241283],[-122.327670677426,47.598355878048]]},"properties":{"STNAME_ORD":"5TH AVE S","ARTDESCRIPT":"Minor Arterial"}},{"type":"Feature","geometry":{"type":"LineString","coordinates":[[-122.328207682227,47.6110141742623],[-122.329115987544,47.612006650526]]},"properties":{"STNAME_ORD":"TERRY AVE","ARTDESCRIPT":"Not Designated"}},{"type":"Feature","geometry":{"type":"LineString","coordinates":[[-122.335421610582,47.5924884207796],[-122.335293003561,47.5927864229321],[-122.335211096575,47.593118355058],[-122.335212934233,47.5933039877816],[-122.335370311238,47.5938803031976],[-122.335422992044,47.5946850522812]]},"properties":{"STNAME_ORD":"ROYAL BRO SR99NB ON RP","ARTDESCRIPT":"Principal Arterial"}},{"type":"Feature","geometry":{"type":"LineString","coordinates":[[-122.335555422209,47.5964759207519],[-122.334796310366,47.596471882713]]},"properties":{"STNAME_ORD":"S DEARBORN ST","ARTDESCRIPT":"Not Designated"}},{"type":"Feature","geometry":{"type":"LineString","coordinates":[[-122.31941304729,47.6052017125546],[-122.318107634998,47.6051989801924]]},"properties":{"STNAME_ORD":"E TERRACE ST","ARTDESCRIPT":"Not Designated"}},{"type":"Feature","geometry":{"type":"LineString","coordinates":[[-122.319408426417,47.6035189559537],[-122.319410791575,47.6043602528215]]},"properties":{"STNAME_ORD":"10TH AVE","ARTDESCRIPT":"Not Designated"}},{"type":"Feature","geometry":{"type":"LineString","coordinates":[[-122.32892921732,47.6067662726854],[-122.329051157378,47.6068995333685]]},"properties":{"STNAME_ORD":"7TH AVE","ARTDESCRIPT":"Principal Arterial"}},{"type":"Feature","geometry":{"type":"LineString","coordinates":[[-122.348232009133,47.6120455289444],[-122.349532500952,47.6128147655174]]},"properties":{"STNAME_ORD":"ELLIOTT AVE","ARTDESCRIPT":"Principal Arterial"}},{"type":"Feature","geometry":{"type":"LineString","coordinates":[[-122.330748737902,47.6095763073789],[-122.330595631162,47.6095916038299],[-122.330538796977,47.6096020105644],[-122.330457357668,47.6096260226873],[-122.330307702046,47.6096992273778],[-122.330196893304,47.6097574325061],[-122.330170782116,47.6097807165606],[-122.330155308761,47.6098014452477],[-122.330137829317,47.6098765336773]]},"properties":{"STNAME_ORD":"UNIVERSITY ST","ARTDESCRIPT":"Not Designated"}},{"type":"Feature","geometry":{"type":"LineString","coordinates":[[-122.319446782497,47.614085161956],[-122.318140950053,47.6140944324229]]},"properties":{"STNAME_ORD":"E PIKE ST","ARTDESCRIPT":"Minor Arterial"}},{"type":"Feature","geometry":{"type":"LineString","coordinates":[[-122.336800739926,47.6024875067994],[-122.336043890074,47.6028043663014]]},"properties":{"STNAME_ORD":"COLUMBIA ST","ARTDESCRIPT":"Collector Arterial"}},{"type":"Feature","geometry":{"type":"LineString","coordinates":[[-122.343052605054,47.6125019019768],[-122.342192705683,47.6131668320918]]},"properties":{"STNAME_ORD":"LENORA ST","ARTDESCRIPT":"Minor Arterial"}},{"type":"Feature","geometry":{"type":"LineString","coordinates":[[-122.330493841715,47.6051261515069],[-122.33114608142,47.6058391633764]]},"properties":{"STNAME_ORD":"5TH AVE","ARTDESCRIPT":"Minor Arterial"}},{"type":"Feature","geometry":{"type":"LineString","coordinates":[[-122.33748028017,47.6051615094172],[-122.33730945476,47.6052330366108],[-122.336890899053,47.6054082909039]]},"properties":{"STNAME_ORD":"SPRING ST","ARTDESCRIPT":"Minor Arterial"}},{"type":"Feature","geometry":{"type":"LineString","coordinates":[[-122.348232009133,47.6120455289444],[-122.347440672685,47.6126576097893],[-122.347372432621,47.6127103909949]]},"properties":{"STNAME_ORD":"BELL ST","ARTDESCRIPT":"Not Designated"}},{"type":"Feature","geometry":{"type":"LineString","coordinates":[[-122.334178594784,47.6017223387056],[-122.334177006565,47.6021110054457],[-122.334176359319,47.6022689728025],[-122.334175659873,47.6024400294995],[-122.33428108231,47.6025553296177]]},"properties":{"STNAME_ORD":"1ST AVE","ARTDESCRIPT":"Minor Arterial"}},{"type":"Feature","geometry":{"type":"LineString","coordinates":[[-122.345389225388,47.6106953938997],[-122.345603100143,47.6108297178851],[-122.346533267528,47.6116096224286]]},"properties":{"STNAME_ORD":"ELLIOTT WAY","ARTDESCRIPT":"Principal Arterial"}},{"type":"Feature","geometry":{"type":"LineString","coordinates":[[-122.345213271396,47.6126064570125],[-122.346512957462,47.6133751676878]]},"properties":{"STNAME_ORD":"1ST AVE","ARTDESCRIPT":"Minor Arterial"}},{"type":"Feature","geometry":{"type":"LineString","coordinates":[[-122.322461527048,47.6114444216092],[-122.321351534409,47.6119086285098]]},"properties":{"STNAME_ORD":"SPRING ST","ARTDESCRIPT":"Not Designated"}},{"type":"Feature","geometry":{"type":"LineString","coordinates":[[-122.318102833575,47.6035165282851],[-122.318105241756,47.6043578173236]]},"properties":{"STNAME_ORD":"11TH AVE","ARTDESCRIPT":"Not Designated"}},{"type":"Feature","geometry":{"type":"LineString","coordinates":[[-122.33467152672,47.6063373543613],[-122.335323719035,47.6070502912006]]},"properties":{"STNAME_ORD":"3RD AVE","ARTDESCRIPT":"Minor Arterial"}},{"type":"Feature","geometry":{"type":"LineString","coordinates":[[-122.323910049325,47.5924287159197],[-122.323563190243,47.5919362371083],[-122.323039448894,47.5911183917971],[-122.32276674275,47.5905622586666]]},"properties":{"STNAME_ORD":"AIRPORT WAY S","ARTDESCRIPT":"Principal Arterial"}},{"type":"Feature","geometry":{"type":"LineString","coordinates":[[-122.325055208446,47.5991907573386],[-122.325058631619,47.5983518943006]]},"properties":{"STNAME_ORD":"MAYNARD AVE S","ARTDESCRIPT":"Not Designated"}},{"type":"Feature","geometry":{"type":"LineString","coordinates":[[-122.32376940262,47.5941551400368],[-122.323773774178,47.5932774383673],[-122.323236342984,47.5929604412128]]},"properties":{"STNAME_ORD":"7TH AVE S","ARTDESCRIPT":"Principal Arterial"}},{"type":"Feature","geometry":{"type":"LineString","coordinates":[[-122.336043890074,47.6028043663014],[-122.336658228412,47.6034772282981],[-122.336696536254,47.6035175767937]]},"properties":{"STNAME_ORD":"WESTERN AVE","ARTDESCRIPT":"Minor Arterial"}},{"type":"Feature","geometry":{"type":"LineString","coordinates":[[-122.336827945819,47.6044482188854],[-122.336546110623,47.604566222639],[-122.336238433074,47.6046950465344]]},"properties":{"STNAME_ORD":"MADISON ST","ARTDESCRIPT":"Minor Arterial"}},{"type":"Feature","geometry":{"type":"LineString","coordinates":[[-122.328492296924,47.6056722701769],[-122.329265361321,47.6066237175569],[-122.330093473932,47.607628849815],[-122.330389737286,47.6080319215334]]},"properties":{"STNAME_ORD":"I5 NB","ARTDESCRIPT":"Interstate/Freeway"}},{"type":"Feature","geometry":{"type":"LineString","coordinates":[[-122.324945792195,47.6074462089211],[-122.323834497225,47.6079109773028]]},"properties":{"STNAME_ORD":"COLUMBIA ST","ARTDESCRIPT":"Not Designated"}},{"type":"Feature","geometry":{"type":"LineString","coordinates":[[-122.325402694214,47.60626897612],[-122.32429358318,47.6067326228852]]},"properties":{"STNAME_ORD":"CHERRY ST","ARTDESCRIPT":"Not Designated"}},{"type":"Feature","geometry":{"type":"LineString","coordinates":[[-122.325986777806,47.6119432755067],[-122.326884372864,47.6129590903169]]},"properties":{"STNAME_ORD":"MINOR AVE","ARTDESCRIPT":"Not Designated"}},{"type":"Feature","geometry":{"type":"LineString","coordinates":[[-122.335910764643,47.6000461108318],[-122.335908866082,47.5992077394492]]},"properties":{"STNAME_ORD":"ALASKAN WAY S","ARTDESCRIPT":"Principal Arterial"}},{"type":"Feature","geometry":{"type":"LineString","coordinates":[[-122.32053257749,47.5899612593867],[-122.320529575167,47.59031484273],[-122.320518218341,47.5905095514451],[-122.320492472004,47.5906776575687],[-122.320320217058,47.5915736399092],[-122.320054759876,47.5929418952172],[-122.320008433777,47.5930970046673],[-122.319932183262,47.5932410598436],[-122.319859588637,47.593365039779],[-122.319769916982,47.5934835197996],[-122.319659187218,47.5936051353578],[-122.319552194038,47.5937095364351],[-122.319411704351,47.5938258189488],[-122.319199739257,47.5939573400288],[-122.31899566,47.5940687310055],[-122.318284031546,47.5943754935429]]},"properties":{"STNAME_ORD":"I5 NB - I90 EB ON RP","ARTDESCRIPT":"Interstate/Freeway"}},{"type":"Feature","geometry":{"type":"LineString","coordinates":[[-122.344593239331,47.6222912627308],[-122.345104703355,47.6210396046879],[-122.345117905545,47.618379403935],[-122.344894420804,47.6165615339964],[-122.344376695401,47.6148266808155],[-122.343815911199,47.6135007639482],[-122.342495656519,47.6114225883254],[-122.341451620201,47.6101108058275],[-122.338294203956,47.6066366552227],[-122.33790018284,47.6060849696503],[-122.337404836623,47.6051918237708],[-122.33637538155,47.6026312615565],[-122.336085986521,47.6010052842659],[-122.336064598683,47.6007560225411],[-122.33604954727,47.6006011743413],[-122.336046384644,47.600369118803],[-122.336036336428,47.5989003136709],[-122.336002875261,47.5980857249754],[-122.335876136091,47.5971148278051],[-122.335619987477,47.595838996941],[-122.335592904219,47.595539848709],[-122.335592583699,47.5952535374847]]},"properties":{"STNAME_ORD":"SR99 TUNNEL SB","ARTDESCRIPT":"State Route/Freeway"}},{"type":"Feature","geometry":{"type":"LineString","coordinates":[[-122.334796310366,47.596471882713],[-122.334192276819,47.5964686659068]]},"properties":{"STNAME_ORD":"S DEARBORN ST","ARTDESCRIPT":"Not Designated"}},{"type":"Feature","geometry":{"type":"LineString","coordinates":[[-122.332640195007,47.6091602205163],[-122.333093672724,47.6096502229778],[-122.333556055953,47.610149836822]]},"properties":{"STNAME_ORD":"6TH AVE","ARTDESCRIPT":"Principal Arterial"}},{"type":"Feature","geometry":{"type":"LineString","coordinates":[[-122.325062040645,47.5975129759795],[-122.324406484735,47.5975117248046]]},"properties":{"STNAME_ORD":"S WELLER ST","ARTDESCRIPT":"Not Designated"}},{"type":"Feature","geometry":{"type":"LineString","coordinates":[[-122.325139076793,47.6093379722991],[-122.325791645698,47.6100518097342]]},"properties":{"STNAME_ORD":"BOREN AVE","ARTDESCRIPT":"Principal Arterial"}},{"type":"Feature","geometry":{"type":"LineString","coordinates":[[-122.322072636195,47.6076610412711],[-122.321149755624,47.6080505995824],[-122.320965673926,47.6080780100279],[-122.320754791291,47.6080734673788]]},"properties":{"STNAME_ORD":"CHERRY ST","ARTDESCRIPT":"Not Designated"}},{"type":"Feature","geometry":{"type":"LineString","coordinates":[[-122.331639356342,47.6096367390368],[-122.331632880625,47.6096584309903],[-122.33163353708,47.6096812291956],[-122.331650335912,47.6097098167274],[-122.331767489617,47.6098331120356],[-122.331942000043,47.6100372766791],[-122.332365482679,47.6105252386702],[-122.332446723514,47.6106141540371]]},"properties":{"STNAME_ORD":"7TH AVE","ARTDESCRIPT":"Not Designated"}},{"type":"Feature","geometry":{"type":"LineString","coordinates":[[-122.325791645698,47.6100518097342],[-122.326355841153,47.6106687599951],[-122.326444272201,47.6107654351168]]},"properties":{"STNAME_ORD":"BOREN AVE","ARTDESCRIPT":"Principal Arterial"}},{"type":"Feature","geometry":{"type":"LineString","coordinates":[[-122.335129273106,47.605159321435],[-122.335123532817,47.6051617129542],[-122.334019081065,47.6056238993081]]},"properties":{"STNAME_ORD":"MADISON ST","ARTDESCRIPT":"Principal Arterial"}},{"type":"Feature","geometry":{"type":"LineString","coordinates":[[-122.319853530496,47.5945384494438],[-122.31962681024,47.594848109768],[-122.31931355771,47.5953554824886],[-122.319280067985,47.5954090605654],[-122.319243929087,47.595501323437],[-122.319217480988,47.5955934597135],[-122.319215450101,47.5958249775053]]},"properties":{"STNAME_ORD":"DEARBORN ST OFF RP","ARTDESCRIPT":"Interstate/Freeway"}},{"type":"Feature","geometry":{"type":"LineString","coordinates":[[-122.343493771712,47.6139361067601],[-122.342634087922,47.6146003983076]]},"properties":{"STNAME_ORD":"BLANCHARD ST","ARTDESCRIPT":"Not Designated"}},{"type":"Feature","geometry":{"type":"LineString","coordinates":[[-122.32715702376,47.6038944609982],[-122.327582876927,47.6043688156701],[-122.328198413103,47.605100101406],[-122.329278983224,47.6064393485309]]},"properties":{"STNAME_ORD":"I5 EXPRESS","ARTDESCRIPT":"Interstate/Freeway"}},{"type":"Feature","geometry":{"type":"LineString","coordinates":[[-122.338903693621,47.6092851430891],[-122.33779291612,47.6097497331808]]},"properties":{"STNAME_ORD":"PIKE ST","ARTDESCRIPT":"Principal Arterial"}},{"type":"Feature","geometry":{"type":"LineString","coordinates":[[-122.338903693621,47.6092851430891],[-122.339812457115,47.6102783213513]]},"properties":{"STNAME_ORD":"2ND AVE","ARTDESCRIPT":"Principal Arterial"}},{"type":"Feature","geometry":{"type":"LineString","coordinates":[[-122.338197015594,47.606835004028],[-122.339105334884,47.6078281615312]]},"properties":{"STNAME_ORD":"1ST AVE","ARTDESCRIPT":"Minor Arterial"}},{"type":"Feature","geometry":{"type":"LineString","coordinates":[[-122.340471511429,47.6086293074181],[-122.340578871507,47.6086926821683],[-122.34079021017,47.6088178392131]]},"properties":{"STNAME_ORD":"PIKE PL","ARTDESCRIPT":"Not Designated"}},{"type":"Feature","geometry":{"type":"LineString","coordinates":[[-122.3290487435,47.5923943831953],[-122.329046341354,47.5921965640852],[-122.329050519502,47.5914665420826]]},"properties":{"STNAME_ORD":"4TH AVE S","ARTDESCRIPT":"Principal Arterial"}},{"type":"Feature","geometry":{"type":"LineString","coordinates":[[-122.322791106699,47.6034148339535],[-122.323444276479,47.6041284496469],[-122.324096854172,47.6048412749624]]},"properties":{"STNAME_ORD":"9TH AVE","ARTDESCRIPT":"Minor Arterial"}},{"type":"Feature","geometry":{"type":"LineString","coordinates":[[-122.344771984862,47.6111727702873],[-122.343912113966,47.6118372882328]]},"properties":{"STNAME_ORD":"LENORA ST","ARTDESCRIPT":"Minor Arterial"}},{"type":"Feature","geometry":{"type":"LineString","coordinates":[[-122.332446723514,47.6106141540371],[-122.332563667015,47.6107420859992],[-122.333353807343,47.6116063496155]]},"properties":{"STNAME_ORD":"7TH AVE","ARTDESCRIPT":"Minor Arterial"}},{"type":"Feature","geometry":{"type":"LineString","coordinates":[[-122.336960411943,47.6024217517309],[-122.337586865325,47.6031444721588]]},"properties":{"STNAME_ORD":"ALASKAN WAY","ARTDESCRIPT":"Principal Arterial"}},{"type":"Feature","geometry":{"type":"LineString","coordinates":[[-122.32636388384,47.5983538188478],[-122.325058631619,47.5983518943006]]},"properties":{"STNAME_ORD":"S KING ST","ARTDESCRIPT":"Not Designated"}},{"type":"Feature","geometry":{"type":"LineString","coordinates":[[-122.320756772223,47.6092414988485],[-122.320757341524,47.6095771222623]]},"properties":{"STNAME_ORD":"BROADWAY","ARTDESCRIPT":"Minor Arterial"}},{"type":"Feature","geometry":{"type":"LineString","coordinates":[[-122.334262399638,47.6126004383479],[-122.335172702179,47.6135955281604]]},"properties":{"STNAME_ORD":"7TH AVE","ARTDESCRIPT":"Minor Arterial"}},{"type":"Feature","geometry":{"type":"LineString","coordinates":[[-122.323113439086,47.6121584976273],[-122.323179296763,47.6122307346522],[-122.323765048543,47.6128726527156]]},"properties":{"STNAME_ORD":"BOYLSTON AVE","ARTDESCRIPT":"Not Designated"}},{"type":"Feature","geometry":{"type":"LineString","coordinates":[[-122.320758338789,47.6101837976213],[-122.320759183967,47.6106023875012],[-122.320760198743,47.6111690758968]]},"properties":{"STNAME_ORD":"BROADWAY","ARTDESCRIPT":"Minor Arterial"}},{"type":"Feature","geometry":{"type":"LineString","coordinates":[[-122.334178594784,47.6017223387056],[-122.333898831741,47.6017218797686]]},"properties":{"STNAME_ORD":"YESLER WAY","ARTDESCRIPT":"Minor Arterial"}},{"type":"Feature","geometry":{"type":"LineString","coordinates":[[-122.330264793185,47.6017161563463],[-122.330111311649,47.6017158894408],[-122.329021051602,47.6017212851556]]},"properties":{"STNAME_ORD":"YESLER WAY","ARTDESCRIPT":"Minor Arterial"}},{"type":"Feature","geometry":{"type":"LineString","coordinates":[[-122.32244834018,47.5983475636928],[-122.322451705191,47.5975087560819]]},"properties":{"STNAME_ORD":"8TH AVE S","ARTDESCRIPT":"Not Designated"}},{"type":"Feature","geometry":{"type":"LineString","coordinates":[[-122.320752364081,47.6072184191762],[-122.32055848676,47.6073082988569],[-122.320104197344,47.6074983875384],[-122.320036666449,47.6075266439753],[-122.319553549392,47.6077287896656],[-122.319420389046,47.607784505549],[-122.319313767018,47.6078291172706],[-122.318994090585,47.6079628707266],[-122.318749147501,47.6080661144222]]},"properties":{"STNAME_ORD":"E JAMES WAY","ARTDESCRIPT":"Minor Arterial"}},{"type":"Feature","geometry":{"type":"LineString","coordinates":[[-122.344771984862,47.6111727702873],[-122.344853187573,47.6112208995259],[-122.345251199901,47.6114561850536],[-122.346072367088,47.6119416074754]]},"properties":{"STNAME_ORD":"WESTERN AVE","ARTDESCRIPT":"Minor Arterial"}},{"type":"Feature","geometry":{"type":"LineString","coordinates":[[-122.325158573943,47.5924688224566],[-122.324146557132,47.5927365613922],[-122.323867202624,47.5928152232121],[-122.323303995787,47.5929738124395],[-122.322477205068,47.5932023598636]]},"properties":{"STNAME_ORD":"I90 EB ON RP","ARTDESCRIPT":"Interstate/Freeway"}},{"type":"Feature","geometry":{"type":"LineString","coordinates":[[-122.326188679099,47.6129871277814],[-122.326187701535,47.6140849472469]]},"properties":{"STNAME_ORD":"CRAWFORD PL","ARTDESCRIPT":"Not Designated"}},{"type":"Feature","geometry":{"type":"LineString","coordinates":[[-122.336043890074,47.6028043663014],[-122.335523445269,47.6030221059]]},"properties":{"STNAME_ORD":"COLUMBIA ST","ARTDESCRIPT":"Collector Arterial"}},{"type":"Feature","geometry":{"type":"LineString","coordinates":[[-122.329262489562,47.6048912506253],[-122.329841605043,47.6044129086506]]},"properties":{"STNAME_ORD":"CHERRY ST EXPRESS RP","ARTDESCRIPT":"Interstate/Freeway"}},{"type":"Feature","geometry":{"type":"LineString","coordinates":[[-122.321685267903,47.603877132614],[-122.320744183109,47.6042706041745]]},"properties":{"STNAME_ORD":"ALDER ST","ARTDESCRIPT":"Not Designated"}},{"type":"Feature","geometry":{"type":"LineString","coordinates":[[-122.31678113298,47.6043603849107],[-122.31678093133,47.6049802643691],[-122.316780892503,47.6051964190115]]},"properties":{"STNAME_ORD":"12TH AVE","ARTDESCRIPT":"Minor Arterial"}},{"type":"Feature","geometry":{"type":"LineString","coordinates":[[-122.335323719035,47.6070502912006],[-122.335975793952,47.6077631769408]]},"properties":{"STNAME_ORD":"3RD AVE","ARTDESCRIPT":"Minor Arterial"}},{"type":"Feature","geometry":{"type":"LineString","coordinates":[[-122.335421610582,47.5924884207796],[-122.335908699533,47.5915110482828],[-122.335962231767,47.5914073937379],[-122.336022928177,47.5912506995316],[-122.336045951244,47.5911445067998],[-122.336017994729,47.5903126405884]]},"properties":{"STNAME_ORD":"COLORADO AVE S","ARTDESCRIPT":"Minor Arterial"}},{"type":"Feature","geometry":{"type":"LineString","coordinates":[[-122.334191161017,47.5982917153848],[-122.333261434015,47.5982902789001]]},"properties":{"STNAME_ORD":"S KING ST","ARTDESCRIPT":"Minor Arterial"}},{"type":"Feature","geometry":{"type":"LineString","coordinates":[[-122.330952062736,47.6039484404794],[-122.329841605043,47.6044129086506]]},"properties":{"STNAME_ORD":"CHERRY ST","ARTDESCRIPT":"Principal Arterial"}},{"type":"Feature","geometry":{"type":"LineString","coordinates":[[-122.343048969975,47.6107363824377],[-122.342612495345,47.6110682243529]]},"properties":{"STNAME_ORD":"VIRGINIA ST","ARTDESCRIPT":"Minor Arterial"}},{"type":"Feature","geometry":{"type":"LineString","coordinates":[[-122.320749632604,47.606212553418],[-122.319415797681,47.6062086019289]]},"properties":{"STNAME_ORD":"E JEFFERSON ST","ARTDESCRIPT":"Collector Arterial"}},{"type":"Feature","geometry":{"type":"LineString","coordinates":[[-122.346300573449,47.6099939848089],[-122.347608843185,47.6107624846944]]},"properties":{"STNAME_ORD":"ALASKAN WAY","ARTDESCRIPT":"Principal Arterial"}},{"type":"Feature","geometry":{"type":"LineString","coordinates":[[-122.330954381577,47.6127929505654],[-122.330724349401,47.6131780072155],[-122.330286869819,47.6142625233425],[-122.330104515021,47.6146862874899]]},"properties":{"STNAME_ORD":"I5 EXPR PIKE AND 9TH RP","ARTDESCRIPT":"Interstate/Freeway"}},{"type":"Feature","geometry":{"type":"LineString","coordinates":[[-122.329974974704,47.5916661476854],[-122.329980063963,47.5903422600977],[-122.329992397781,47.5882079613723],[-122.329978910101,47.5861703820982]]},"properties":{"STNAME_ORD":"3RD AVE S","ARTDESCRIPT":"Not Designated"}},{"type":"Feature","geometry":{"type":"LineString","coordinates":[[-122.328837895877,47.5903025131116],[-122.328853485859,47.5910988695629],[-122.329050519502,47.5914665420826]]},"properties":{"STNAME_ORD":"4TH AVE NB OFF RP","ARTDESCRIPT":"Principal Arterial"}},{"type":"Feature","geometry":{"type":"LineString","coordinates":[[-122.335421610582,47.5924884207796],[-122.335230851882,47.5924551455567],[-122.335089671722,47.5924258841731],[-122.335054996566,47.592420116851],[-122.335022665954,47.5924158748009],[-122.334940779512,47.5924083963604],[-122.334842862297,47.5924034638256],[-122.334194505249,47.592395717056]]},"properties":{"STNAME_ORD":"S ROYAL BROUGHAM WAY","ARTDESCRIPT":"Principal Arterial"}},{"type":"Feature","geometry":{"type":"LineString","coordinates":[[-122.343052605054,47.6125019019768],[-122.344353398896,47.6132712230353]]},"properties":{"STNAME_ORD":"2ND AVE","ARTDESCRIPT":"Principal Arterial"}},{"type":"Feature","geometry":{"type":"LineString","coordinates":[[-122.337591981588,47.6112073727931],[-122.33704886909,47.6114351077537],[-122.336483966219,47.6116720097474]]},"properties":{"STNAME_ORD":"PINE ST","ARTDESCRIPT":"Principal Arterial"}},{"type":"Feature","geometry":{"type":"LineString","coordinates":[[-122.328665722754,47.6098362678392],[-122.329299615203,47.6105294074572],[-122.329315700726,47.6105469940231],[-122.329318373978,47.6105498930451]]},"properties":{"STNAME_ORD":"9TH AVE","ARTDESCRIPT":"Not Designated"}},{"type":"Feature","geometry":{"type":"LineString","coordinates":[[-122.321753901474,47.6129809041035],[-122.320762378176,47.6129633627869]]},"properties":{"STNAME_ORD":"E UNION ST","ARTDESCRIPT":"Minor Arterial"}},{"type":"Feature","geometry":{"type":"LineString","coordinates":[[-122.317229777128,47.600014558454],[-122.316092138479,47.6000086145007],[-122.315907972494,47.6000081078996]]},"properties":{"STNAME_ORD":"S MAIN ST","ARTDESCRIPT":"Not Designated"}},{"type":"Feature","geometry":{"type":"LineString","coordinates":[[-122.324457984735,47.6140944655583],[-122.323644954652,47.6141032742836],[-122.323578659222,47.6140967930469],[-122.323401479388,47.6140700109547]]},"properties":{"STNAME_ORD":"E PIKE ST","ARTDESCRIPT":"Minor Arterial"}},{"type":"Feature","geometry":{"type":"LineString","coordinates":[[-122.336399205081,47.5927583991659],[-122.336427013312,47.5927466065043],[-122.336456091458,47.5927300367436],[-122.33648573397,47.592714558955],[-122.336501585005,47.5926970647111],[-122.336521801978,47.592673242727],[-122.336554454617,47.592634251749],[-122.336580776386,47.5925953442515],[-122.336616701367,47.5925234628776],[-122.336725424312,47.5923406531063],[-122.336841783578,47.5921188941332],[-122.337037462942,47.5916965991069],[-122.337335801567,47.5907320849333]]},"properties":{"STNAME_ORD":"ALASKAN WAY S","ARTDESCRIPT":"Minor Arterial"}},{"type":"Feature","geometry":{"type":"LineString","coordinates":[[-122.335172702179,47.6135955281604],[-122.334060832022,47.614056560906]]},"properties":{"STNAME_ORD":"OLIVE WAY","ARTDESCRIPT":"Principal Arterial"}},{"type":"Feature","geometry":{"type":"LineString","coordinates":[[-122.339656306202,47.6075998136921],[-122.340502355361,47.6085159422125],[-122.340513227335,47.6085299531448],[-122.34051980324,47.6085444372424]]},"properties":{"STNAME_ORD":"POST AL","ARTDESCRIPT":"Not Designated"}},{"type":"Feature","geometry":{"type":"LineString","coordinates":[[-122.319446782497,47.614085161956],[-122.319465475531,47.6152451373684]]},"properties":{"STNAME_ORD":"10TH AVE","ARTDESCRIPT":"Not Designated"}},{"type":"Feature","geometry":{"type":"LineString","coordinates":[[-122.329123594826,47.6086580954441],[-122.329776500599,47.6093718051348]]},"properties":{"STNAME_ORD":"8TH AVE","ARTDESCRIPT":"Minor Arterial"}},{"type":"Feature","geometry":{"type":"LineString","coordinates":[[-122.346512957462,47.6133751676878],[-122.345653456998,47.6140398228033]]},"properties":{"STNAME_ORD":"BELL ST","ARTDESCRIPT":"Not Designated"}},{"type":"Feature","geometry":{"type":"LineString","coordinates":[[-122.338732428458,47.6122938738909],[-122.337873476967,47.6129582674818]]},"properties":{"STNAME_ORD":"STEWART ST","ARTDESCRIPT":"Principal Arterial"}},{"type":"Feature","geometry":{"type":"LineString","coordinates":[[-122.330954381577,47.6127929505654],[-122.330999710574,47.6127635956204],[-122.331030936987,47.6127508597215],[-122.331075619237,47.6127412332583],[-122.331122896209,47.6127373244376],[-122.331184523683,47.6127439834499],[-122.331316230399,47.6127840798782],[-122.331403512262,47.6128190836072]]},"properties":{"STNAME_ORD":"9TH AV I5 EXPRESS ON RP","ARTDESCRIPT":"Interstate/Freeway"}},{"type":"Feature","geometry":{"type":"LineString","coordinates":[[-122.326884372864,47.6129590903169],[-122.327041841844,47.6130856058506],[-122.327804575635,47.6139302296862]]},"properties":{"STNAME_ORD":"MINOR AVE","ARTDESCRIPT":"Not Designated"}},{"type":"Feature","geometry":{"type":"LineString","coordinates":[[-122.332882413169,47.5992028870009],[-122.332883890785,47.5987834305956],[-122.332885051729,47.5984544512066],[-122.33288527993,47.5983897560462],[-122.332885534312,47.5983171087969],[-122.332885632772,47.5982896933571]]},"properties":{"STNAME_ORD":"OCCIDENTAL AVE S","ARTDESCRIPT":"Not Designated"}},{"type":"Feature","geometry":{"type":"LineString","coordinates":[[-122.33114608142,47.6058391633764],[-122.331798123028,47.6065527457321]]},"properties":{"STNAME_ORD":"5TH AVE","ARTDESCRIPT":"Minor Arterial"}},{"type":"Feature","geometry":{"type":"LineString","coordinates":[[-122.334213469208,47.6075149975574],[-122.333535426945,47.6077988060841],[-122.33310387059,47.607979458203]]},"properties":{"STNAME_ORD":"SENECA ST","ARTDESCRIPT":"Principal Arterial"}},{"type":"Feature","geometry":{"type":"LineString","coordinates":[[-122.328962557205,47.6008754407166],[-122.328417461954,47.6008745596851],[-122.327964193276,47.6008738251642],[-122.32765971589,47.6008733295707]]},"properties":{"STNAME_ORD":"S WASHINGTON ST","ARTDESCRIPT":"Not Designated"}},{"type":"Feature","geometry":{"type":"LineString","coordinates":[[-122.330264793185,47.6017161563463],[-122.330755878258,47.6020556484325],[-122.331408527643,47.6027691759459]]},"properties":{"STNAME_ORD":"3RD AVE","ARTDESCRIPT":"Minor Arterial"}},{"type":"Feature","geometry":{"type":"LineString","coordinates":[[-122.332446723514,47.6106141540371],[-122.331837234254,47.6109096893871]]},"properties":{"STNAME_ORD":"UNION ST","ARTDESCRIPT":"Minor Arterial"}},{"type":"Feature","geometry":{"type":"LineString","coordinates":[[-122.31657709206,47.5942816837734],[-122.31650403614,47.5944060100096],[-122.316418264053,47.5944375696935],[-122.316232812961,47.5944805760256],[-122.316118523667,47.5945057426956],[-122.315988479657,47.5945291054354],[-122.315767867304,47.5945418818836],[-122.315586225895,47.5945431213856],[-122.315474562528,47.5945434488434],[-122.315339444614,47.5945395720771],[-122.315174837598,47.5945218765396]]},"properties":{"STNAME_ORD":"MOUNTAINS TO SOUND TRL","ARTDESCRIPT":"Not Designated"}},{"type":"Feature","geometry":{"type":"LineString","coordinates":[[-122.334181526414,47.6008831837607],[-122.334184821874,47.6000734190685],[-122.334184941078,47.6000442273996]]},"properties":{"STNAME_ORD":"1ST AVE S","ARTDESCRIPT":"Minor Arterial"}},{"type":"Feature","geometry":{"type":"LineString","coordinates":[[-122.334213469208,47.6075149975574],[-122.334284087377,47.6075919107082],[-122.334866328699,47.6082279219945]]},"properties":{"STNAME_ORD":"4TH AVE","ARTDESCRIPT":"Principal Arterial"}},{"type":"Feature","geometry":{"type":"LineString","coordinates":[[-122.324486997722,47.6086244808168],[-122.325139076793,47.6093379722991]]},"properties":{"STNAME_ORD":"BOREN AVE","ARTDESCRIPT":"Principal Arterial"}},{"type":"Feature","geometry":{"type":"LineString","coordinates":[[-122.330264793185,47.6017161563463],[-122.330264801629,47.6017141767241],[-122.330268110819,47.6008771144809]]},"properties":{"STNAME_ORD":"3RD AVE S","ARTDESCRIPT":"Minor Arterial"}},{"type":"Feature","geometry":{"type":"LineString","coordinates":[[-122.323910049325,47.5924287159197],[-122.323326780912,47.5925399877141],[-122.323312436471,47.5925457659661],[-122.322769421323,47.5927818237595]]},"properties":{"STNAME_ORD":"S ROYAL BROUGHAM WAY","ARTDESCRIPT":"Principal Arterial"}},{"type":"Feature","geometry":{"type":"LineString","coordinates":[[-122.339173571234,47.6137270692875],[-122.340473678125,47.614495575085]]},"properties":{"STNAME_ORD":"5TH AVE","ARTDESCRIPT":"Minor Arterial"}},{"type":"Feature","geometry":{"type":"LineString","coordinates":[[-122.325597863795,47.6081595517729],[-122.326249628921,47.6088733801829]]},"properties":{"STNAME_ORD":"TERRY AVE","ARTDESCRIPT":"Not Designated"}},{"type":"Feature","geometry":{"type":"LineString","coordinates":[[-122.323376623834,47.6090889381431],[-122.32300501743,47.6092443130507],[-122.322265455889,47.6095535702497],[-122.321158340895,47.6100165069102]]},"properties":{"STNAME_ORD":"MARION ST","ARTDESCRIPT":"Not Designated"}},{"type":"Feature","geometry":{"type":"LineString","coordinates":[[-122.346072367088,47.6119416074754],[-122.346579787049,47.6122758262962],[-122.346691664146,47.6123080964428],[-122.34680016913,47.6123197813398],[-122.346944115381,47.6123103648963]]},"properties":{"STNAME_ORD":"WESTERN AVE","ARTDESCRIPT":"Minor Arterial"}},{"type":"Feature","geometry":{"type":"LineString","coordinates":[[-122.351186003566,47.6128137517669],[-122.352172879568,47.6133344172145]]},"properties":{"STNAME_ORD":"ALASKAN WAY","ARTDESCRIPT":"Principal Arterial"}},{"type":"Feature","geometry":{"type":"LineString","coordinates":[[-122.317226727222,47.5974995715891],[-122.317230949007,47.5966866923985]]},"properties":{"STNAME_ORD":"12TH AVE S","ARTDESCRIPT":"Minor Arterial"}},{"type":"Feature","geometry":{"type":"LineString","coordinates":[[-122.335606249447,47.5975604795974],[-122.335520604466,47.5969764646981],[-122.335451054952,47.5966393919813],[-122.335461924388,47.5965892637998],[-122.335555422209,47.5964759207519]]},"properties":{"STNAME_ORD":"ALASKAN WAY S","ARTDESCRIPT":"Principal Arterial"}},{"type":"Feature","geometry":{"type":"LineString","coordinates":[[-122.32636388384,47.5983538188478],[-122.326367113175,47.5975151580811]]},"properties":{"STNAME_ORD":"6TH AVE S","ARTDESCRIPT":"Collector Arterial"}},{"type":"Feature","geometry":{"type":"LineString","coordinates":[[-122.325310196187,47.6043151783028],[-122.325260044302,47.6043450844229],[-122.325207380765,47.6043767609644],[-122.324096854172,47.6048412749624]]},"properties":{"STNAME_ORD":"JEFFERSON ST","ARTDESCRIPT":"Not Designated"}},{"type":"Feature","geometry":{"type":"LineString","coordinates":[[-122.322529695178,47.6064834861074],[-122.321420759956,47.606947338732]]},"properties":{"STNAME_ORD":"JAMES ST","ARTDESCRIPT":"Principal Arterial"}},{"type":"Feature","geometry":{"type":"LineString","coordinates":[[-122.320760198743,47.6111690758968],[-122.319865821204,47.6115419635424]]},"properties":{"STNAME_ORD":"E MADISON ST","ARTDESCRIPT":"Principal Arterial"}},{"type":"Feature","geometry":{"type":"LineString","coordinates":[[-122.316781803662,47.6026859072],[-122.316663795309,47.6026857042963],[-122.316619670834,47.6026856267618],[-122.315647106383,47.6026839390599],[-122.314991930625,47.6026827724428],[-122.314923021418,47.6026826499029]]},"properties":{"STNAME_ORD":"E FIR ST","ARTDESCRIPT":"Not Designated"}},{"type":"Feature","geometry":{"type":"LineString","coordinates":[[-122.325140318369,47.6023737260232],[-122.325209871309,47.6024649288741],[-122.325743789503,47.6029512255124],[-122.326123739378,47.6033145788334],[-122.326390153695,47.6036151551731],[-122.326601376016,47.6038932483954],[-122.326886986038,47.6042456578891],[-122.327183361268,47.604581820972],[-122.327771749445,47.6053089851939],[-122.327979086123,47.6056129649405],[-122.328118531657,47.60580308457],[-122.328983278881,47.6067461867174],[-122.329043620635,47.6068251307339],[-122.32905432182,47.6068606931937],[-122.329051157378,47.6068995333685]]},"properties":{"STNAME_ORD":"MADISON ST OFF RP","ARTDESCRIPT":"Interstate/Freeway"}},{"type":"Feature","geometry":{"type":"LineString","coordinates":[[-122.327883427954,47.6022724391148],[-122.32800827141,47.6024089231888],[-122.32853489031,47.6029846329185]]},"properties":{"STNAME_ORD":"5TH AVE","ARTDESCRIPT":"Minor Arterial"}},{"type":"Feature","geometry":{"type":"LineString","coordinates":[[-122.329115987544,47.612006650526],[-122.329939072935,47.6129074277501],[-122.330003092187,47.6129774227428],[-122.330025030754,47.6130014091681]]},"properties":{"STNAME_ORD":"TERRY AVE","ARTDESCRIPT":"Not Designated"}},{"type":"Feature","geometry":{"type":"LineString","coordinates":[[-122.328946444901,47.6017855688842],[-122.328962557205,47.6008754407166]]},"properties":{"STNAME_ORD":"4TH AVE S","ARTDESCRIPT":"Principal Arterial"}},{"type":"Feature","geometry":{"type":"LineString","coordinates":[[-122.322724668883,47.6083749032103],[-122.322970176754,47.6086436827195],[-122.323178792075,47.6088723185655],[-122.323376623834,47.6090889381431]]},"properties":{"STNAME_ORD":"MINOR AVE","ARTDESCRIPT":"Not Designated"}},{"type":"Feature","geometry":{"type":"LineString","coordinates":[[-122.335638762229,47.6000459825101],[-122.335655375327,47.5992073307472]]},"properties":{"STNAME_ORD":"ALASKAN WAY S","ARTDESCRIPT":"Principal Arterial"}},{"type":"Feature","geometry":{"type":"LineString","coordinates":[[-122.331604308503,47.6046615583507],[-122.332256555685,47.6053742451995]]},"properties":{"STNAME_ORD":"4TH AVE","ARTDESCRIPT":"Principal Arterial"}},{"type":"Feature","geometry":{"type":"LineString","coordinates":[[-122.322072636195,47.6076610412711],[-122.322724668883,47.6083749032103]]},"properties":{"STNAME_ORD":"MINOR AVE","ARTDESCRIPT":"Not Designated"}},{"type":"Feature","geometry":{"type":"LineString","coordinates":[[-122.320750327763,47.606468989347],[-122.320909734856,47.6064668877819],[-122.320988112805,47.6064981100207],[-122.321048960196,47.6065416546671],[-122.321420759956,47.606947338732]]},"properties":{"STNAME_ORD":"MINOR AVE","ARTDESCRIPT":"Not Designated"}},{"type":"Feature","geometry":{"type":"LineString","coordinates":[[-122.329645382506,47.6025199381209],[-122.32853489031,47.6029846329185]]},"properties":{"STNAME_ORD":"JEFFERSON ST","ARTDESCRIPT":"Not Designated"}},{"type":"Feature","geometry":{"type":"LineString","coordinates":[[-122.329386103512,47.6055893239587],[-122.330038975143,47.6063022284417]]},"properties":{"STNAME_ORD":"6TH AVE","ARTDESCRIPT":"Principal Arterial"}},{"type":"Feature","geometry":{"type":"LineString","coordinates":[[-122.320572486473,47.6043624782039],[-122.32074489645,47.6045306921344]]},"properties":{"STNAME_ORD":"BOREN AVE","ARTDESCRIPT":"Principal Arterial"}},{"type":"Feature","geometry":{"type":"LineString","coordinates":[[-122.347372432621,47.6127103909949],[-122.346512957462,47.6133751676878]]},"properties":{"STNAME_ORD":"BELL ST","ARTDESCRIPT":"Not Designated"}},{"type":"Feature","geometry":{"type":"LineString","coordinates":[[-122.330025030754,47.6130014091681],[-122.329999256414,47.6130121749937],[-122.328913101671,47.6134658203127]]},"properties":{"STNAME_ORD":"PIKE ST","ARTDESCRIPT":"Principal Arterial"}},{"type":"Feature","geometry":{"type":"LineString","coordinates":[[-122.318107634998,47.6051989801924],[-122.316780892503,47.6051964190115]]},"properties":{"STNAME_ORD":"E TERRACE ST","ARTDESCRIPT":"Not Designated"}},{"type":"Feature","geometry":{"type":"LineString","coordinates":[[-122.329835497187,47.5923907788411],[-122.329900502162,47.5923652176146],[-122.329943246698,47.592327596246],[-122.329967808084,47.5922926842834],[-122.329980682105,47.5922406292364],[-122.329974974704,47.5916661476854]]},"properties":{"STNAME_ORD":"3RD AVE S","ARTDESCRIPT":"Principal Arterial"}},{"type":"Feature","geometry":{"type":"LineString","coordinates":[[-122.336434187794,47.606585790565],[-122.337086798157,47.6072990581972]]},"properties":{"STNAME_ORD":"2ND AVE","ARTDESCRIPT":"Principal Arterial"}},{"type":"Feature","geometry":{"type":"LineString","coordinates":[[-122.32376363085,47.5958333049911],[-122.32250542471,47.595831242384],[-122.322458662891,47.5958311666173]]},"properties":{"STNAME_ORD":"S DEARBORN ST","ARTDESCRIPT":"Principal Arterial"}},{"type":"Feature","geometry":{"type":"LineString","coordinates":[[-122.346533267528,47.6116096224286],[-122.346712718811,47.6118384667061],[-122.346800843493,47.6119615631522],[-122.346865489283,47.6120863578446],[-122.346944115381,47.6123103648963]]},"properties":{"STNAME_ORD":"ELLIOTT WAY","ARTDESCRIPT":"Principal Arterial"}},{"type":"Feature","geometry":{"type":"LineString","coordinates":[[-122.330754356708,47.6087496724784],[-122.330839271111,47.6089320212325],[-122.330954752511,47.6092481791686],[-122.331034928189,47.6095865180802],[-122.331052810197,47.6099018602995],[-122.33104205943,47.6101401727907],[-122.331030280675,47.6103427735478],[-122.330959433963,47.6106882546631],[-122.330882601175,47.6109563791202],[-122.330807642095,47.6111733492112],[-122.33053346133,47.6118456505999],[-122.330157065234,47.6129459161318],[-122.329939409453,47.6134815971633]]},"properties":{"STNAME_ORD":"I5 NB","ARTDESCRIPT":"Interstate/Freeway"}},{"type":"Feature","geometry":{"type":"LineString","coordinates":[[-122.335975793952,47.6077631769408],[-122.336884603407,47.6087562245948]]},"properties":{"STNAME_ORD":"3RD AVE","ARTDESCRIPT":"Minor Arterial"}},{"type":"Feature","geometry":{"type":"LineString","coordinates":[[-122.327395289485,47.5923937796663],[-122.327396505009,47.5922170110121],[-122.327397693742,47.592044262097],[-122.327419093337,47.5915627537169],[-122.327491260024,47.5909304824622],[-122.327540507552,47.5861754761915]]},"properties":{"STNAME_ORD":"5TH AVE S","ARTDESCRIPT":"Not Designated"}},{"type":"Feature","geometry":{"type":"LineString","coordinates":[[-122.324896973561,47.6016688875437],[-122.325188973232,47.6019719950337],[-122.326091659237,47.6027707079788],[-122.32663730676,47.6033199782755],[-122.326930908473,47.6035896250563],[-122.32715702376,47.6038944609982]]},"properties":{"STNAME_ORD":"I5 EXPRESS I5 SB RP","ARTDESCRIPT":"Interstate/Freeway"}},{"type":"Feature","geometry":{"type":"LineString","coordinates":[[-122.338001054286,47.6049434576639],[-122.338603492675,47.6056019326515],[-122.338653927598,47.605657056825]]},"properties":{"STNAME_ORD":"WESTERN AVE","ARTDESCRIPT":"Minor Arterial"}},{"type":"Feature","geometry":{"type":"LineString","coordinates":[[-122.346512957462,47.6133751676878],[-122.347721555095,47.6140885055276],[-122.347760633473,47.6141122107108],[-122.347813195275,47.6141440953402]]},"properties":{"STNAME_ORD":"1ST AVE","ARTDESCRIPT":"Minor Arterial"}},{"type":"Feature","geometry":{"type":"LineString","coordinates":[[-122.323182216697,47.6071972048604],[-122.322893259415,47.6073177713124],[-122.322072636195,47.6076610412711]]},"properties":{"STNAME_ORD":"CHERRY ST","ARTDESCRIPT":"Not Designated"}},{"type":"Feature","geometry":{"type":"LineString","coordinates":[[-122.318140950053,47.6140944324229],[-122.316835849242,47.6141037689147]]},"properties":{"STNAME_ORD":"E PIKE ST","ARTDESCRIPT":"Minor Arterial"}},{"type":"Feature","geometry":{"type":"LineString","coordinates":[[-122.342868599038,47.6087241293112],[-122.34295537145,47.608727165263],[-122.343022168042,47.6087246041529],[-122.343070178084,47.6087147553677],[-122.343137605037,47.6086912497985],[-122.343459189275,47.6085964040247],[-122.343553563212,47.6085737295013],[-122.343620866951,47.6085642673901],[-122.343681878837,47.6085563168871],[-122.343736806582,47.6085570158985],[-122.343788939997,47.6085620139072],[-122.343821343303,47.6085691206614],[-122.343858795264,47.6085795102958],[-122.343898965968,47.6085982381669]]},"properties":{"STNAME_ORD":"ALASKAN WAY","ARTDESCRIPT":"Principal Arterial"}},{"type":"Feature","geometry":{"type":"LineString","coordinates":[[-122.335908866082,47.5992077394492],[-122.335906829589,47.5983928067604],[-122.335906217797,47.5982402106325]]},"properties":{"STNAME_ORD":"ALASKAN WAY S","ARTDESCRIPT":"Principal Arterial"}},{"type":"Feature","geometry":{"type":"LineString","coordinates":[[-122.336176021486,47.6037354571218],[-122.33578330015,47.6038998467019],[-122.335586466815,47.603982238495]]},"properties":{"STNAME_ORD":"MARION ST","ARTDESCRIPT":"Minor Arterial"}},{"type":"Feature","geometry":{"type":"LineString","coordinates":[[-122.319763553843,47.5953740157985],[-122.319767337194,47.5955010436293],[-122.319782712571,47.5958258705897],[-122.319837604902,47.5964485896005],[-122.319916410639,47.5968336083992],[-122.320042263383,47.5972829906518],[-122.32016295038,47.5976764722261]]},"properties":{"STNAME_ORD":"I5 NB COLLECTOR","ARTDESCRIPT":"Interstate/Freeway"}},{"type":"Feature","geometry":{"type":"LineString","coordinates":[[-122.3387015086,47.6107429511726],[-122.339418067756,47.6115262846564],[-122.339591913956,47.6116291351253]]},"properties":{"STNAME_ORD":"3RD AVE","ARTDESCRIPT":"Minor Arterial"}},{"type":"Feature","geometry":{"type":"LineString","coordinates":[[-122.326055655646,47.6069822968644],[-122.326708321287,47.6076953891316]]},"properties":{"STNAME_ORD":"9TH AVE","ARTDESCRIPT":"Minor Arterial"}},{"type":"Feature","geometry":{"type":"LineString","coordinates":[[-122.330342447037,47.5999913145263],[-122.330275807038,47.5991986917404]]},"properties":{"STNAME_ORD":"3RD AVE S","ARTDESCRIPT":"Minor Arterial"}},{"type":"Feature","geometry":{"type":"LineString","coordinates":[[-122.34100692436,47.6070348260059],[-122.340343575124,47.6073101889492]]},"properties":{"STNAME_ORD":"UNION ST","ARTDESCRIPT":"Not Designated"}},{"type":"Feature","geometry":{"type":"LineString","coordinates":[[-122.341771942493,47.6099314549495],[-122.341860892456,47.6100283874439],[-122.343048969975,47.6107363824377]]},"properties":{"STNAME_ORD":"POST AL","ARTDESCRIPT":"Not Designated"}},{"type":"Feature","geometry":{"type":"LineString","coordinates":[[-122.317311358974,47.60119276524],[-122.31696510421,47.6008528586973]]},"properties":{"STNAME_ORD":"BOREN AVE S","ARTDESCRIPT":"Principal Arterial"}},{"type":"Feature","geometry":{"type":"LineString","coordinates":[[-122.32684494478,47.592262823901],[-122.326970220162,47.5922491636213],[-122.327103203154,47.5922367995746],[-122.32720685542,47.5922286357009],[-122.327310721522,47.5922217408642],[-122.327682796322,47.5922008067136],[-122.327790995398,47.5921953854744],[-122.327888093996,47.5921917904617],[-122.327975972869,47.5921900384065],[-122.32805773291,47.5921900682256],[-122.328134582167,47.5921918865197],[-122.328207951078,47.5921955475029],[-122.328277809137,47.5922010726418],[-122.328344581726,47.5922084956615],[-122.328408541627,47.5922178480797],[-122.328473637306,47.5922299287698],[-122.328560257827,47.5922492830145],[-122.328638536435,47.5922692831483],[-122.328713324324,47.5922909071124],[-122.328781912073,47.5923132499162],[-122.328846317597,47.5923368409876],[-122.328906357033,47.5923616013246],[-122.328966099995,47.5923891508831],[-122.32901128685,47.5924119458414],[-122.329056151699,47.5924362808922],[-122.32910059545,47.5924621018846],[-122.329144506216,47.5924893429028],[-122.329187783704,47.5925179441964],[-122.329230269279,47.5925478018573],[-122.329271817868,47.5925788146069],[-122.329312267199,47.5926108603345],[-122.329349885247,47.5926424540233],[-122.329385584764,47.5926742315749],[-122.329416983608,47.5927041844432],[-122.329447507889,47.5927354067083],[-122.329478026574,47.592768887928],[-122.329507486523,47.5928035848115],[-122.329535821063,47.592839416108],[-122.329562956995,47.5928762901233],[-122.329588659262,47.5929138631847],[-122.329613033167,47.5929522609616],[-122.329636004804,47.5929913672008],[-122.329657499962,47.5930310551235],[-122.329677449761,47.5930712027948],[-122.329695779121,47.5931116532633],[-122.329712417376,47.593152258645],[-122.329727300775,47.5931928590318],[-122.329741546752,47.5932371305998],[-122.32974808936,47.5933389893507],[-122.32972946681,47.5935699259919],[-122.329709125321,47.5937410759276],[-122.329694482949,47.5938907904193],[-122.329660547762,47.5940447766793],[-122.329641884412,47.5940661411772],[-122.329588106204,47.5941232512968],[-122.329555597588,47.5941559126383],[-122.329529740792,47.5941797338105],[-122.329504958349,47.5942003539734],[-122.329480627933,47.594218288826],[-122.32945649536,47.5942337207102],[-122.329433147739,47.5942463884986],[-122.329409692224,47.5942568914706],[-122.32938379676,47.5942660850928],[-122.329354569533,47.5942745686283],[-122.329321163239,47.594282251434],[-122.329286412526,47.5942882173815],[-122.329250316318,47.5942924650796],[-122.329212874639,47.5942949952289],[-122.32917408851,47.5942958071127],[-122.329133957974,47.5942949021329],[-122.329092480941,47.5942922796138],[-122.329049659469,47.5942879388249]]},"properties":{"STNAME_ORD":"I90 WB 4TH AV OFF RP","ARTDESCRIPT":"Interstate/Freeway"}},{"type":"Feature","geometry":{"type":"LineString","coordinates":[[-122.338197015594,47.606835004028],[-122.337086798157,47.6072990581972]]},"properties":{"STNAME_ORD":"UNIVERSITY ST","ARTDESCRIPT":"Minor Arterial"}},{"type":"Feature","geometry":{"type":"LineString","coordinates":[[-122.325062040645,47.5975129759795],[-122.325065332285,47.5966743469845]]},"properties":{"STNAME_ORD":"MAYNARD AVE S","ARTDESCRIPT":"Not Designated"}},{"type":"Feature","geometry":{"type":"LineString","coordinates":[[-122.320749632604,47.606212553418],[-122.320749707201,47.6062405463094],[-122.320750327763,47.606468989347]]},"properties":{"STNAME_ORD":"BROADWAY","ARTDESCRIPT":"Minor Arterial"}},{"type":"Feature","geometry":{"type":"LineString","coordinates":[[-122.320961675672,47.5944154353385],[-122.321048414285,47.5942387053786],[-122.321126893918,47.5940397823273],[-122.321320513872,47.5936385082793],[-122.321363829339,47.5935487367943],[-122.321401713033,47.5935069755132],[-122.321915567467,47.5929542002252],[-122.322491595175,47.5925305288025],[-122.322677042231,47.5923900203597],[-122.322801448307,47.5922822940037],[-122.322896797316,47.5921666361935],[-122.322974057617,47.5920345283602],[-122.323023412737,47.5919123219656],[-122.323041817563,47.5918167388457],[-122.323049860204,47.5917284422299],[-122.323028567211,47.5916000102726],[-122.322999822147,47.5914953008419]]},"properties":{"STNAME_ORD":"AIRPORT WY S OFF RP","ARTDESCRIPT":"Interstate/Freeway"}},{"type":"Feature","geometry":{"type":"LineString","coordinates":[[-122.317226727222,47.5974995715891],[-122.315315792688,47.5974961968479],[-122.31345428077,47.5974928798265],[-122.312759951081,47.5974916350313]]},"properties":{"STNAME_ORD":"S WELLER ST","ARTDESCRIPT":"Not Designated"}},{"type":"Feature","geometry":{"type":"LineString","coordinates":[[-122.329046220734,47.5964860144253],[-122.328944396339,47.5964343114398],[-122.328200618323,47.5960566779667],[-122.327862974863,47.5958852454913],[-122.327772132579,47.5958391223388],[-122.327683359717,47.5957940473242]]},"properties":{"STNAME_ORD":"SEATTLE BLVD S","ARTDESCRIPT":"Principal Arterial"}},{"type":"Feature","geometry":{"type":"LineString","coordinates":[[-122.325068451172,47.59583534259],[-122.324409110121,47.5958343149014],[-122.32376363085,47.5958333049911]]},"properties":{"STNAME_ORD":"S DEARBORN ST","ARTDESCRIPT":"Principal Arterial"}},{"type":"Feature","geometry":{"type":"LineString","coordinates":[[-122.324896973561,47.6016688875437],[-122.322589303773,47.5999589192992],[-122.322177998557,47.5996048908342],[-122.321982050569,47.5993979965476],[-122.321551148236,47.5989121208186],[-122.321408651247,47.5987283283478],[-122.321246865995,47.598485282754],[-122.320910299437,47.5979136733375],[-122.32080879495,47.5976865004536],[-122.320593382193,47.5970442798251],[-122.320492303817,47.5964624497483],[-122.320470498987,47.5958224582068],[-122.320490871059,47.5956061069975],[-122.320646824448,47.5947276363073],[-122.320720636091,47.594355358246],[-122.320839474195,47.5938349184087],[-122.320863669332,47.5936965498495],[-122.321082864402,47.5925295677492],[-122.321241475959,47.591834090107],[-122.321276249459,47.5916249032513],[-122.321279372192,47.5913938651765],[-122.321227830038,47.5908336994707],[-122.320980742561,47.5898407599926],[-122.320784896651,47.5890989748275],[-122.320666761036,47.5886318567367],[-122.320555481099,47.5880276108876]]},"properties":{"STNAME_ORD":"I5 SB","ARTDESCRIPT":"Interstate/Freeway"}},{"type":"Feature","geometry":{"type":"LineString","coordinates":[[-122.328965090886,47.6000360177672],[-122.328967514649,47.5991968896654]]},"properties":{"STNAME_ORD":"4TH AVE S","ARTDESCRIPT":"Principal Arterial"}},{"type":"Feature","geometry":{"type":"LineString","coordinates":[[-122.323440089675,47.6129867430469],[-122.323401200738,47.6140487538549],[-122.323401479388,47.6140700109547]]},"properties":{"STNAME_ORD":"BOYLSTON AVE","ARTDESCRIPT":"Not Designated"}},{"type":"Feature","geometry":{"type":"LineString","coordinates":[[-122.321764617668,47.5914487352196],[-122.321284513062,47.5900951943431]]},"properties":{"STNAME_ORD":"I5 SB ON RP","ARTDESCRIPT":"Interstate/Freeway"}},{"type":"Feature","geometry":{"type":"LineString","coordinates":[[-122.335549406584,47.601722255213],[-122.334879710586,47.6017232979911]]},"properties":{"STNAME_ORD":"YESLER WAY","ARTDESCRIPT":"Minor Arterial"}},{"type":"Feature","geometry":{"type":"LineString","coordinates":[[-122.339105334884,47.6078281615312],[-122.34001342746,47.6088209600346]]},"properties":{"STNAME_ORD":"1ST AVE","ARTDESCRIPT":"Minor Arterial"}},{"type":"Feature","geometry":{"type":"LineString","coordinates":[[-122.34079021017,47.6088178392131],[-122.341726825691,47.6093703034709],[-122.341832216052,47.609432512672]]},"properties":{"STNAME_ORD":"PIKE PL","ARTDESCRIPT":"Not Designated"}},{"type":"Feature","geometry":{"type":"LineString","coordinates":[[-122.322451705191,47.5975087560819],[-122.322455208632,47.5966701116036]]},"properties":{"STNAME_ORD":"8TH AVE S","ARTDESCRIPT":"Not Designated"}},{"type":"Feature","geometry":{"type":"LineString","coordinates":[[-122.329123594826,47.6086580954441],[-122.328013175236,47.6091223738177]]},"properties":{"STNAME_ORD":"SPRING ST","ARTDESCRIPT":"Minor Arterial"}},{"type":"Feature","geometry":{"type":"LineString","coordinates":[[-122.336683428228,47.6102140417194],[-122.335574025233,47.610677902842]]},"properties":{"STNAME_ORD":"PIKE ST","ARTDESCRIPT":"Principal Arterial"}},{"type":"Feature","geometry":{"type":"LineString","coordinates":[[-122.330688998166,47.607016837543],[-122.330228607316,47.6072093723298],[-122.330060331573,47.6072797507008],[-122.329967194584,47.6073187030592],[-122.329851697507,47.6073670067497],[-122.329713722268,47.6074247109884],[-122.329652998144,47.6074501074546],[-122.329582065417,47.6074797621138]]},"properties":{"STNAME_ORD":"MADISON ST","ARTDESCRIPT":"Principal Arterial"}},{"type":"Feature","geometry":{"type":"LineString","coordinates":[[-122.34175261335,47.6117330915067],[-122.343052605054,47.6125019019768]]},"properties":{"STNAME_ORD":"2ND AVE","ARTDESCRIPT":"Principal Arterial"}},{"type":"Feature","geometry":{"type":"LineString","coordinates":[[-122.334463769863,47.6111423979938],[-122.335373136651,47.6121364586989]]},"properties":{"STNAME_ORD":"6TH AVE","ARTDESCRIPT":"Principal Arterial"}},{"type":"Feature","geometry":{"type":"LineString","coordinates":[[-122.320760198743,47.6111690758968],[-122.320760061774,47.6112593522822]]},"properties":{"STNAME_ORD":"BROADWAY","ARTDESCRIPT":"Minor Arterial"}},{"type":"Feature","geometry":{"type":"LineString","coordinates":[[-122.3290487435,47.5923943831953],[-122.328022949769,47.5923940105254],[-122.327395289485,47.5923937796663]]},"properties":{"STNAME_ORD":"S ROYAL BROUGHAM WAY","ARTDESCRIPT":"Principal Arterial"}},{"type":"Feature","geometry":{"type":"LineString","coordinates":[[-122.346072367088,47.6119416074754],[-122.345213271396,47.6126064570125]]},"properties":{"STNAME_ORD":"BLANCHARD ST","ARTDESCRIPT":"Not Designated"}},{"type":"Feature","geometry":{"type":"LineString","coordinates":[[-122.340922043966,47.6098142298394],[-122.340349841786,47.6100535590465],[-122.339812457115,47.6102783213513]]},"properties":{"STNAME_ORD":"PINE ST","ARTDESCRIPT":"Minor Arterial"}},{"type":"Feature","geometry":{"type":"LineString","coordinates":[[-122.325458252488,47.6129889597513],[-122.324443993109,47.6129869690668]]},"properties":{"STNAME_ORD":"E UNION ST","ARTDESCRIPT":"Not Designated"}},{"type":"Feature","geometry":{"type":"LineString","coordinates":[[-122.324406484735,47.5975117248046],[-122.32375678449,47.597510885906]]},"properties":{"STNAME_ORD":"S WELLER ST","ARTDESCRIPT":"Not Designated"}},{"type":"Feature","geometry":{"type":"LineString","coordinates":[[-122.322999822147,47.5914953008419],[-122.32276674275,47.5905622586666]]},"properties":{"STNAME_ORD":"AIRPORT WY SB OFF RP","ARTDESCRIPT":"Interstate/Freeway"}},{"type":"Feature","geometry":{"type":"LineString","coordinates":[[-122.324499832868,47.5932785586798],[-122.324335999511,47.5930272077644],[-122.324264253426,47.5929171342551],[-122.324181517213,47.5927923759828],[-122.324146557132,47.5927365613922],[-122.323998738305,47.5925441551488],[-122.323910049325,47.5924287159197]]},"properties":{"STNAME_ORD":"AIRPORT WAY S","ARTDESCRIPT":"Principal Arterial"}},{"type":"Feature","geometry":{"type":"LineString","coordinates":[[-122.328004996446,47.6124723146976],[-122.326884372864,47.6129590903169]]},"properties":{"STNAME_ORD":"UNION ST","ARTDESCRIPT":"Not Designated"}},{"type":"Feature","geometry":{"type":"LineString","coordinates":[[-122.324028677086,47.6098023702123],[-122.323060866278,47.610206965864],[-122.322917821738,47.610266798791]]},"properties":{"STNAME_ORD":"MADISON ST","ARTDESCRIPT":"Principal Arterial"}},{"type":"Feature","geometry":{"type":"LineString","coordinates":[[-122.318100112423,47.6122777555628],[-122.317727699932,47.6124443783384],[-122.316733390752,47.6128892357701]]},"properties":{"STNAME_ORD":"E MADISON ST","ARTDESCRIPT":"Principal Arterial"}},{"type":"Feature","geometry":{"type":"LineString","coordinates":[[-122.347813195275,47.6141440953402],[-122.346953576355,47.6148088362986]]},"properties":{"STNAME_ORD":"BATTERY ST","ARTDESCRIPT":"Minor Arterial"}},{"type":"Feature","geometry":{"type":"LineString","coordinates":[[-122.32505232327,47.6000300365855],[-122.323746732492,47.6000277793826]]},"properties":{"STNAME_ORD":"S MAIN ST","ARTDESCRIPT":"Not Designated"}},{"type":"Feature","geometry":{"type":"LineString","coordinates":[[-122.332714379347,47.6041971207597],[-122.331604308503,47.6046615583507]]},"properties":{"STNAME_ORD":"COLUMBIA ST","ARTDESCRIPT":"Principal Arterial"}},{"type":"Feature","geometry":{"type":"LineString","coordinates":[[-122.328969825574,47.5984220929131],[-122.328973096964,47.5976033931397],[-122.328973313866,47.5972523402366],[-122.329046220734,47.5964860144253]]},"properties":{"STNAME_ORD":"4TH AVE S","ARTDESCRIPT":"Principal Arterial"}},{"type":"Feature","geometry":{"type":"LineString","coordinates":[[-122.332244084376,47.6120705726858],[-122.333152641342,47.6130639349122]]},"properties":{"STNAME_ORD":"8TH AVE","ARTDESCRIPT":"Minor Arterial"}},{"type":"Feature","geometry":{"type":"LineString","coordinates":[[-122.334192276819,47.5964686659068],[-122.334190814938,47.595459665185]]},"properties":{"STNAME_ORD":"1ST AVE S","ARTDESCRIPT":"Minor Arterial"}},{"type":"Feature","geometry":{"type":"LineString","coordinates":[[-122.3224446921,47.5991861300132],[-122.32180237794,47.5991840135466],[-122.321552203777,47.5991861971018],[-122.321258504346,47.5991887598611],[-122.321025353231,47.5991906122103]]},"properties":{"STNAME_ORD":"S JACKSON ST","ARTDESCRIPT":"Principal Arterial"}},{"type":"Feature","geometry":{"type":"LineString","coordinates":[[-122.352172879568,47.6133344172145],[-122.354024576225,47.6144334260712]]},"properties":{"STNAME_ORD":"ALASKAN WAY","ARTDESCRIPT":"Principal Arterial"}},{"type":"Feature","geometry":{"type":"LineString","coordinates":[[-122.323096772837,47.5983475591855],[-122.32252024726,47.5983476893879],[-122.32244834018,47.5983475636928]]},"properties":{"STNAME_ORD":"S KING ST","ARTDESCRIPT":"Not Designated"}},{"type":"Feature","geometry":{"type":"LineString","coordinates":[[-122.325058631619,47.5983518943006],[-122.324404364577,47.598350647133]]},"properties":{"STNAME_ORD":"S KING ST","ARTDESCRIPT":"Not Designated"}},{"type":"Feature","geometry":{"type":"LineString","coordinates":[[-122.320744183109,47.6042706041745],[-122.32074489645,47.6045306921344]]},"properties":{"STNAME_ORD":"BROADWAY","ARTDESCRIPT":"Minor Arterial"}},{"type":"Feature","geometry":{"type":"LineString","coordinates":[[-122.327624254389,47.6053401763488],[-122.326513407755,47.6058046661939]]},"properties":{"STNAME_ORD":"CHERRY ST","ARTDESCRIPT":"Not Designated"}},{"type":"Feature","geometry":{"type":"LineString","coordinates":[[-122.339591913956,47.6116291351253],[-122.338542650183,47.6121815402486]]},"properties":{"STNAME_ORD":"OLIVE WAY","ARTDESCRIPT":"Principal Arterial"}},{"type":"Feature","geometry":{"type":"LineString","coordinates":[[-122.337873476967,47.6129582674818],[-122.339173571234,47.6137270692875]]},"properties":{"STNAME_ORD":"5TH AVE","ARTDESCRIPT":"Minor Arterial"}},{"type":"Feature","geometry":{"type":"LineString","coordinates":[[-122.328207682227,47.6110141742623],[-122.3270968064,47.6114790146712]]},"properties":{"STNAME_ORD":"UNIVERSITY ST","ARTDESCRIPT":"Not Designated"}},{"type":"Feature","geometry":{"type":"LineString","coordinates":[[-122.326444272201,47.6107654351168],[-122.3270968064,47.6114790146712]]},"properties":{"STNAME_ORD":"BOREN AVE","ARTDESCRIPT":"Principal Arterial"}},{"type":"Feature","geometry":{"type":"LineString","coordinates":[[-122.332876718587,47.6008815857797],[-122.331571729209,47.6008792515124]]},"properties":{"STNAME_ORD":"S WASHINGTON ST","ARTDESCRIPT":"Not Designated"}},{"type":"Feature","geometry":{"type":"LineString","coordinates":[[-122.327675197081,47.5975166981212],[-122.327680581811,47.5966781954325],[-122.327680745111,47.5966259426486],[-122.327681290349,47.5964509067964],[-122.327683359717,47.5957940473242]]},"properties":{"STNAME_ORD":"5TH AVE S","ARTDESCRIPT":"Minor Arterial"}},{"type":"Feature","geometry":{"type":"LineString","coordinates":[[-122.327655940795,47.6016837707944],[-122.32765609832,47.6018488036809],[-122.327668790022,47.6019453360287],[-122.327695535846,47.6020274572774],[-122.327729933801,47.6020929827952],[-122.327883427954,47.6022724391148]]},"properties":{"STNAME_ORD":"5TH AVE","ARTDESCRIPT":"Minor Arterial"}},{"type":"Feature","geometry":{"type":"LineString","coordinates":[[-122.334262399638,47.6126004383479],[-122.333803341528,47.6127921847325],[-122.333152641342,47.6130639349122]]},"properties":{"STNAME_ORD":"PINE ST","ARTDESCRIPT":"Principal Arterial"}},{"type":"Feature","geometry":{"type":"LineString","coordinates":[[-122.319862060121,47.6121737872795],[-122.319368822982,47.6121773783353]]},"properties":{"STNAME_ORD":"E SENECA ST","ARTDESCRIPT":"Not Designated"}},{"type":"Feature","geometry":{"type":"LineString","coordinates":[[-122.335635723618,47.5982704978836],[-122.335642858585,47.5977984061266],[-122.335606249447,47.5975604795974]]},"properties":{"STNAME_ORD":"ALASKAN WAY S","ARTDESCRIPT":"Principal Arterial"}},{"type":"Feature","geometry":{"type":"LineString","coordinates":[[-122.325514174552,47.6140885079959],[-122.325528840505,47.6152187481982]]},"properties":{"STNAME_ORD":"SUMMIT AVE","ARTDESCRIPT":"Not Designated"}},{"type":"Feature","geometry":{"type":"LineString","coordinates":[[-122.333353807343,47.6116063496155],[-122.333734794088,47.6120231825244],[-122.334262399638,47.6126004383479]]},"properties":{"STNAME_ORD":"7TH AVE","ARTDESCRIPT":"Minor Arterial"}},{"type":"Feature","geometry":{"type":"LineString","coordinates":[[-122.340216143631,47.607363805991],[-122.341123683676,47.6083568853214]]},"properties":{"STNAME_ORD":"WESTERN AVE","ARTDESCRIPT":"Minor Arterial"}},{"type":"Feature","geometry":{"type":"LineString","coordinates":[[-122.321685267903,47.603877132614],[-122.322337343019,47.604591057355]]},"properties":{"STNAME_ORD":"TERRY AVE","ARTDESCRIPT":"Not Designated"}},{"type":"Feature","geometry":{"type":"LineString","coordinates":[[-122.327818446778,47.6072310070584],[-122.326708321287,47.6076953891316]]},"properties":{"STNAME_ORD":"MARION ST","ARTDESCRIPT":"Not Designated"}},{"type":"Feature","geometry":{"type":"LineString","coordinates":[[-122.331342546777,47.6077300503903],[-122.331224960596,47.6077221023892],[-122.33108970508,47.6077121055057],[-122.330980132518,47.6077013913587],[-122.330883713845,47.607664763317],[-122.330773130654,47.6076043877777],[-122.330625106213,47.6074532297329],[-122.329876217541,47.6064434201247],[-122.329739652689,47.6062960643797],[-122.329349109475,47.606008578449]]},"properties":{"STNAME_ORD":"SPRING ST ON RP","ARTDESCRIPT":"Interstate/Freeway"}},{"type":"Feature","geometry":{"type":"LineString","coordinates":[[-122.337544269659,47.6061217584634],[-122.338197015594,47.606835004028]]},"properties":{"STNAME_ORD":"1ST AVE","ARTDESCRIPT":"Minor Arterial"}},{"type":"Feature","geometry":{"type":"LineString","coordinates":[[-122.327287261855,47.6032971424908],[-122.326765061726,47.6027697098654],[-122.326618708975,47.6026397232812],[-122.326547241194,47.6025893562157],[-122.326477007148,47.6025391094453],[-122.325909981062,47.6021399155001],[-122.325820789245,47.6020818877567],[-122.325588708295,47.6019691701316]]},"properties":{"STNAME_ORD":"6TH AV ON RP","ARTDESCRIPT":"Interstate/Freeway"}},{"type":"Feature","geometry":{"type":"LineString","coordinates":[[-122.341343433261,47.6102747132111],[-122.341311833124,47.610299168382],[-122.340846312775,47.6106590903467],[-122.340452139106,47.6109639487705]]},"properties":{"STNAME_ORD":"STEWART ST","ARTDESCRIPT":"Minor Arterial"}},{"type":"Feature","geometry":{"type":"LineString","coordinates":[[-122.337014615686,47.6136223323041],[-122.336154768391,47.6142879469664]]},"properties":{"STNAME_ORD":"STEWART ST","ARTDESCRIPT":"Principal Arterial"}},{"type":"Feature","geometry":{"type":"LineString","coordinates":[[-122.31678189326,47.6016933678319],[-122.316781803662,47.6026859072]]},"properties":{"STNAME_ORD":"12TH AVE","ARTDESCRIPT":"Minor Arterial"}},{"type":"Feature","geometry":{"type":"LineString","coordinates":[[-122.320748740789,47.6052268173494],[-122.31941304729,47.6052017125546]]},"properties":{"STNAME_ORD":"E TERRACE ST","ARTDESCRIPT":"Not Designated"}},{"type":"Feature","geometry":{"type":"LineString","coordinates":[[-122.321370994967,47.5958315465409],[-122.321277687448,47.5958286444879],[-122.320791147938,47.5958308146982],[-122.320374002856,47.5958269395226],[-122.320232264879,47.5958266835979],[-122.319782712571,47.5958258705897],[-122.319653406363,47.5958256368127],[-122.319519659924,47.5958253394613],[-122.319375901756,47.5958250197152],[-122.319215450101,47.5958249775053]]},"properties":{"STNAME_ORD":"S DEARBORN ST","ARTDESCRIPT":"Principal Arterial"}},{"type":"Feature","geometry":{"type":"LineString","coordinates":[[-122.325859621228,47.6050900042241],[-122.324749252122,47.6055546978817]]},"properties":{"STNAME_ORD":"JAMES ST","ARTDESCRIPT":"Principal Arterial"}},{"type":"Feature","geometry":{"type":"LineString","coordinates":[[-122.338653927598,47.605657056825],[-122.338132894439,47.6058749920886]]},"properties":{"STNAME_ORD":"SENECA ST","ARTDESCRIPT":"Not Designated"}},{"type":"Feature","geometry":{"type":"LineString","coordinates":[[-122.322529695178,47.6064834861074],[-122.322866212733,47.6068515443272],[-122.323182216697,47.6071972048604]]},"properties":{"STNAME_ORD":"BOREN AVE","ARTDESCRIPT":"Principal Arterial"}},{"type":"Feature","geometry":{"type":"LineString","coordinates":[[-122.331395749379,47.6106014578084],[-122.331409361226,47.6105245895636],[-122.331432690962,47.6103139172231],[-122.331441662355,47.610115030202],[-122.331439011346,47.609937827245],[-122.331420625926,47.6096740179413],[-122.331387103663,47.6094109421098],[-122.331350316095,47.6092391591149],[-122.331305945149,47.6090591935865],[-122.331262575464,47.6089139995085],[-122.331213186459,47.6087709266419],[-122.331077212881,47.6084383764114],[-122.331007323156,47.6083003430988],[-122.330919549405,47.60814413849],[-122.33080547701,47.6079546886156],[-122.330402131095,47.6074123484551]]},"properties":{"STNAME_ORD":"I5 SB","ARTDESCRIPT":"Interstate/Freeway"}},{"type":"Feature","geometry":{"type":"LineString","coordinates":[[-122.321809835145,47.6107302268877],[-122.322461527048,47.6114444216092]]},"properties":{"STNAME_ORD":"BOYLSTON AVE","ARTDESCRIPT":"Not Designated"}},{"type":"Feature","geometry":{"type":"LineString","coordinates":[[-122.318105241756,47.6043578173236],[-122.31678113298,47.6043603849107]]},"properties":{"STNAME_ORD":"E ALDER ST","ARTDESCRIPT":"Not Designated"}},{"type":"Feature","geometry":{"type":"LineString","coordinates":[[-122.330630818491,47.6090148749959],[-122.330717347983,47.6093221743085],[-122.330718831661,47.6093309881758],[-122.330719811525,47.6093370113856],[-122.330720766465,47.6093430342213],[-122.330721694488,47.6093490595172],[-122.33072259767,47.6093550872459],[-122.330723473893,47.6093611160312],[-122.330724324237,47.609367147263],[-122.330725149698,47.6093731795241],[-122.330725948221,47.6093792135437],[-122.330726719807,47.6093852493217],[-122.33072746649,47.6093912854273],[-122.330728188371,47.6093973253692],[-122.330728881179,47.6094033649916],[-122.330729550162,47.6094094063315],[-122.330730192188,47.6094154487282],[-122.330730808313,47.6094214928695],[-122.330731398518,47.6094275380539],[-122.330731961765,47.6094335842951],[-122.330732500129,47.6094396315656],[-122.330748737902,47.6095763073789]]},"properties":{"STNAME_ORD":"HUBBELL PL","ARTDESCRIPT":"Collector Arterial"}},{"type":"Feature","geometry":{"type":"LineString","coordinates":[[-122.335555422209,47.5964759207519],[-122.335805980723,47.596476420174],[-122.335882514767,47.5964458945412],[-122.335924978268,47.5964053458937],[-122.335950420233,47.5963602617587],[-122.335962649311,47.5962963103821],[-122.335990631953,47.5946984430107],[-122.335979641721,47.5941378844838],[-122.335971503898,47.5938559961495],[-122.335985915539,47.5937047732272],[-122.336010251456,47.593613139283],[-122.336050135302,47.5934871484012],[-122.336122011071,47.5933127765558],[-122.336399205081,47.5927583991659]]},"properties":{"STNAME_ORD":"ALASKAN WAY S","ARTDESCRIPT":"Principal Arterial"}},{"type":"Feature","geometry":{"type":"LineString","coordinates":[[-122.330224341183,47.6081978080157],[-122.330414108796,47.6084945923138],[-122.330494159626,47.6086500649957],[-122.330545124492,47.6087716074284],[-122.330630818491,47.6090148749959]]},"properties":{"STNAME_ORD":"HUBBELL PL","ARTDESCRIPT":"Collector Arterial"}},{"type":"Feature","geometry":{"type":"LineString","coordinates":[[-122.333756830497,47.6086925967336],[-122.333563551253,47.6087735276444],[-122.332648058669,47.609156931429],[-122.332640195007,47.6091602205163]]},"properties":{"STNAME_ORD":"UNIVERSITY ST","ARTDESCRIPT":"Principal Arterial"}},{"type":"Feature","geometry":{"type":"LineString","coordinates":[[-122.322989230661,47.605304512133],[-122.322781517184,47.6053914918189],[-122.321877154303,47.6057697675994]]},"properties":{"STNAME_ORD":"JEFFERSON ST","ARTDESCRIPT":"Collector Arterial"}},{"type":"Feature","geometry":{"type":"LineString","coordinates":[[-122.323401479388,47.6140700109547],[-122.323219461725,47.6140515153067],[-122.323157235414,47.6140520541292],[-122.32211092489,47.6140661962629]]},"properties":{"STNAME_ORD":"E PIKE ST","ARTDESCRIPT":"Minor Arterial"}},{"type":"Feature","geometry":{"type":"LineString","coordinates":[[-122.321025353231,47.5991906122103],[-122.319638583166,47.5991840475015]]},"properties":{"STNAME_ORD":"S JACKSON ST","ARTDESCRIPT":"Principal Arterial"}},{"type":"Feature","geometry":{"type":"LineString","coordinates":[[-122.342612495345,47.6110682243529],[-122.343912113966,47.6118372882328]]},"properties":{"STNAME_ORD":"1ST AVE","ARTDESCRIPT":"Minor Arterial"}},{"type":"Feature","geometry":{"type":"LineString","coordinates":[[-122.325791645698,47.6100518097342],[-122.32468142446,47.6105161413498]]},"properties":{"STNAME_ORD":"SPRING ST","ARTDESCRIPT":"Not Designated"}},{"type":"Feature","geometry":{"type":"LineString","coordinates":[[-122.316780892503,47.6051964190115],[-122.31678068558,47.6055672839234]]},"properties":{"STNAME_ORD":"12TH AVE","ARTDESCRIPT":"Minor Arterial"}},{"type":"Feature","geometry":{"type":"LineString","coordinates":[[-122.329939409453,47.6134815971633],[-122.32979306112,47.6136158106705],[-122.329729497244,47.6137061211182],[-122.329529530264,47.6141382908676],[-122.329312284409,47.6146699232944],[-122.329038593676,47.6152784970373],[-122.32873733645,47.6160894672097],[-122.32866432369,47.6162201975152],[-122.328509418566,47.6163785867341]]},"properties":{"STNAME_ORD":"OLIVE WY OFF RP","ARTDESCRIPT":"Interstate/Freeway"}},{"type":"Feature","geometry":{"type":"LineString","coordinates":[[-122.324223471998,47.6116943388646],[-122.323173648344,47.6121333094588],[-122.323113439086,47.6121584976273]]},"properties":{"STNAME_ORD":"SENECA ST","ARTDESCRIPT":"Minor Arterial"}},{"type":"Feature","geometry":{"type":"LineString","coordinates":[[-122.32468142446,47.6105161413498],[-122.32480420101,47.6106503790186],[-122.325334380843,47.6112296226371]]},"properties":{"STNAME_ORD":"MINOR AVE","ARTDESCRIPT":"Not Designated"}},{"type":"Feature","geometry":{"type":"LineString","coordinates":[[-122.333366405538,47.6049105230911],[-122.332256555685,47.6053742451995]]},"properties":{"STNAME_ORD":"MARION ST","ARTDESCRIPT":"Minor Arterial"}},{"type":"Feature","geometry":{"type":"LineString","coordinates":[[-122.336800739926,47.6024875067994],[-122.337478397064,47.6031906543284]]},"properties":{"STNAME_ORD":"ALASKAN WAY","ARTDESCRIPT":"Principal Arterial"}},{"type":"Feature","geometry":{"type":"LineString","coordinates":[[-122.337586865325,47.6031444721588],[-122.337478397064,47.6031906543284]]},"properties":{"STNAME_ORD":"MARION ST","ARTDESCRIPT":"Minor Arterial"}},{"type":"Feature","geometry":{"type":"LineString","coordinates":[[-122.321655682818,47.598717425647],[-122.321370510946,47.5983420293442],[-122.321123784212,47.5978350806346],[-122.32098045495,47.597349859553],[-122.320879445787,47.5969297624349],[-122.320822475147,47.5966349670685],[-122.320798326496,47.5963561611837],[-122.320781484671,47.5960498955331],[-122.320791147938,47.5958308146982],[-122.320786521714,47.5953766549535],[-122.320793082368,47.595294120613]]},"properties":{"STNAME_ORD":"I5 SB COLLECTOR","ARTDESCRIPT":"Interstate/Freeway"}},{"type":"Feature","geometry":{"type":"LineString","coordinates":[[-122.323750053488,47.5991885965181],[-122.323753751882,47.598349839694]]},"properties":{"STNAME_ORD":"7TH AVE S","ARTDESCRIPT":"Not Designated"}},{"type":"Feature","geometry":{"type":"LineString","coordinates":[[-122.320739892842,47.6026932998557],[-122.32074193134,47.6035214354387]]},"properties":{"STNAME_ORD":"BROADWAY","ARTDESCRIPT":"Minor Arterial"}},{"type":"Feature","geometry":{"type":"LineString","coordinates":[[-122.342192705683,47.6131668320918],[-122.343493771712,47.6139361067601]]},"properties":{"STNAME_ORD":"3RD AVE","ARTDESCRIPT":"Minor Arterial"}},{"type":"Feature","geometry":{"type":"LineString","coordinates":[[-122.322769421323,47.5927818237595],[-122.322491595175,47.5925305288025],[-122.322470260603,47.5922978495575],[-122.322476489579,47.5915972266253],[-122.322476859516,47.5915068207628],[-122.322481493747,47.5914953610773]]},"properties":{"STNAME_ORD":"AIRPORT WAY S","ARTDESCRIPT":"Principal Arterial"}},{"type":"Feature","geometry":{"type":"LineString","coordinates":[[-122.327287261855,47.6032971424908],[-122.327423612215,47.6034458066361]]},"properties":{"STNAME_ORD":"6TH AVE","ARTDESCRIPT":"Principal Arterial"}},{"type":"Feature","geometry":{"type":"LineString","coordinates":[[-122.345389225388,47.6106953938997],[-122.345144435433,47.6108845457137],[-122.344822238343,47.6111338980711],[-122.344771984862,47.6111727702873]]},"properties":{"STNAME_ORD":"LENORA ST","ARTDESCRIPT":"Not Designated"}},{"type":"Feature","geometry":{"type":"LineString","coordinates":[[-122.337563202491,47.6139469734765],[-122.337591262376,47.6140838804625],[-122.337693461165,47.6145825182499],[-122.337707050865,47.614648821495],[-122.337720322819,47.614713576916],[-122.337744567772,47.6148318636958]]},"properties":{"STNAME_ORD":"WESTLAKE AVE","ARTDESCRIPT":"Principal Arterial"}},{"type":"Feature","geometry":{"type":"LineString","coordinates":[[-122.32211092489,47.6140661962629],[-122.322111456395,47.6140990659633],[-122.322129910302,47.6152260783393]]},"properties":{"STNAME_ORD":"HARVARD AVE","ARTDESCRIPT":"Not Designated"}},{"type":"Feature","geometry":{"type":"LineString","coordinates":[[-122.334184941078,47.6000442273996],[-122.33352923119,47.6000437420042],[-122.333311954047,47.6000435803372],[-122.332879471886,47.6000432589806],[-122.331573393993,47.6000410657089]]},"properties":{"STNAME_ORD":"S MAIN ST","ARTDESCRIPT":"Not Designated"}},{"type":"Feature","geometry":{"type":"LineString","coordinates":[[-122.328946444901,47.6017855688842],[-122.329435618267,47.6022897560915]]},"properties":{"STNAME_ORD":"4TH AVE","ARTDESCRIPT":"Principal Arterial"}},{"type":"Feature","geometry":{"type":"LineString","coordinates":[[-122.317222846923,47.599189062752],[-122.3172279786,47.5983375933153]]},"properties":{"STNAME_ORD":"12TH AVE S","ARTDESCRIPT":"Minor Arterial"}},{"type":"Feature","geometry":{"type":"LineString","coordinates":[[-122.337086798157,47.6072990581972],[-122.337995359023,47.6082921650284]]},"properties":{"STNAME_ORD":"2ND AVE","ARTDESCRIPT":"Principal Arterial"}},{"type":"Feature","geometry":{"type":"LineString","coordinates":[[-122.325071455869,47.594157866122],[-122.324499832868,47.5932785586798]]},"properties":{"STNAME_ORD":"AIRPORT WAY S","ARTDESCRIPT":"Principal Arterial"}},{"type":"Feature","geometry":{"type":"LineString","coordinates":[[-122.323760280818,47.5966721836452],[-122.322472259784,47.5966701382928],[-122.322455208632,47.5966701116036]]},"properties":{"STNAME_ORD":"S LANE ST","ARTDESCRIPT":"Not Designated"}},{"type":"Feature","geometry":{"type":"LineString","coordinates":[[-122.323723040135,47.6013021641737],[-122.32402894257,47.6015385577653],[-122.324881127886,47.6021712360107],[-122.325140318369,47.6023737260232]]},"properties":{"STNAME_ORD":"I5 NB COLLECTOR","ARTDESCRIPT":"Interstate/Freeway"}},{"type":"Feature","geometry":{"type":"LineString","coordinates":[[-122.327166190172,47.6065179254851],[-122.326055655646,47.6069822968644]]},"properties":{"STNAME_ORD":"COLUMBIA ST","ARTDESCRIPT":"Not Designated"}},{"type":"Feature","geometry":{"type":"LineString","coordinates":[[-122.351186003566,47.6128137517669],[-122.351074744738,47.6128973627298],[-122.351006884686,47.6129483602239],[-122.350749403126,47.6131474261284],[-122.350465546695,47.6133669632782]]},"properties":{"STNAME_ORD":"WALL ST","ARTDESCRIPT":"Minor Arterial"}},{"type":"Feature","geometry":{"type":"LineString","coordinates":[[-122.331342546777,47.6077300503903],[-122.331613525237,47.6080262268264],[-122.33199536332,47.6084435648745]]},"properties":{"STNAME_ORD":"6TH AVE","ARTDESCRIPT":"Principal Arterial"}},{"type":"Feature","geometry":{"type":"LineString","coordinates":[[-122.32507132723,47.5949959433585],[-122.325073157482,47.5944686329925],[-122.325071455869,47.594157866122]]},"properties":{"STNAME_ORD":"MAYNARD AVE S","ARTDESCRIPT":"Principal Arterial"}},{"type":"Feature","geometry":{"type":"LineString","coordinates":[[-122.319581706793,47.6016983192544],[-122.319403197489,47.601698004759],[-122.318097685328,47.6016956762509],[-122.31782315609,47.601695163537]]},"properties":{"STNAME_ORD":"E YESLER WAY","ARTDESCRIPT":"Minor Arterial"}},{"type":"Feature","geometry":{"type":"LineString","coordinates":[[-122.321877154303,47.6057697675994],[-122.322529695178,47.6064834861074]]},"properties":{"STNAME_ORD":"BOREN AVE","ARTDESCRIPT":"Principal Arterial"}},{"type":"Feature","geometry":{"type":"LineString","coordinates":[[-122.320754791291,47.6080734673788],[-122.320756772223,47.6092414988485]]},"properties":{"STNAME_ORD":"BROADWAY","ARTDESCRIPT":"Minor Arterial"}},{"type":"Feature","geometry":{"type":"LineString","coordinates":[[-122.327555140892,47.6103009330646],[-122.327908418885,47.6106871622674],[-122.328207682227,47.6110141742623]]},"properties":{"STNAME_ORD":"TERRY AVE","ARTDESCRIPT":"Not Designated"}},{"type":"Feature","geometry":{"type":"LineString","coordinates":[[-122.336827945819,47.6044482188854],[-122.33748028017,47.6051615094172]]},"properties":{"STNAME_ORD":"POST AVE","ARTDESCRIPT":"Not Designated"}},{"type":"Feature","geometry":{"type":"LineString","coordinates":[[-122.329046220734,47.5964860144253],[-122.329046257258,47.5964329728878],[-122.329047459119,47.5944779102315],[-122.329047506414,47.5944002180267],[-122.329049659469,47.5942879388249]]},"properties":{"STNAME_ORD":"4TH AVE S","ARTDESCRIPT":"Principal Arterial"}},{"type":"Feature","geometry":{"type":"LineString","coordinates":[[-122.328967514649,47.5991968896654],[-122.327915999992,47.5991953003975],[-122.327666994408,47.5991949241283]]},"properties":{"STNAME_ORD":"S JACKSON ST","ARTDESCRIPT":"Principal Arterial"}},{"type":"Feature","geometry":{"type":"LineString","coordinates":[[-122.31657709206,47.5942816837734],[-122.316432265759,47.5943372475581],[-122.31633752587,47.5943700649505],[-122.316228116054,47.5943984139457],[-122.31611853021,47.5944205514508],[-122.316027129124,47.5944362395504],[-122.315911876776,47.5944475781814],[-122.315746038788,47.5944564697947],[-122.315626562725,47.5944538845103],[-122.315510088866,47.594449188523],[-122.315377899742,47.5944302004589],[-122.315279375133,47.5944107743758],[-122.315134474248,47.5943753841728]]},"properties":{"STNAME_ORD":"S CHARLES ST","ARTDESCRIPT":"Not Designated"}},{"type":"Feature","geometry":{"type":"LineString","coordinates":[[-122.344771984862,47.6111727702873],[-122.345167439208,47.6112987408265],[-122.345438426183,47.6113664067921],[-122.346114293024,47.6115280886518],[-122.346368158075,47.6115791011548],[-122.346533267528,47.6116096224286]]},"properties":{"STNAME_ORD":"ELLIOTT AVE","ARTDESCRIPT":"Minor Arterial"}},{"type":"Feature","geometry":{"type":"LineString","coordinates":[[-122.318051550813,47.6103999713279],[-122.316941176437,47.6103956433184],[-122.316779352129,47.6103950120078]]},"properties":{"STNAME_ORD":"E MARION ST","ARTDESCRIPT":"Not Designated"}},{"type":"Feature","geometry":{"type":"LineString","coordinates":[[-122.330342447037,47.5999913145263],[-122.329301077459,47.6000251148048],[-122.328965090886,47.6000360177672]]},"properties":{"STNAME_ORD":"S MAIN ST","ARTDESCRIPT":"Minor Arterial"}},{"type":"Feature","geometry":{"type":"LineString","coordinates":[[-122.336884603407,47.6087562245948],[-122.335775246139,47.6092211081664]]},"properties":{"STNAME_ORD":"UNION ST","ARTDESCRIPT":"Principal Arterial"}},{"type":"Feature","geometry":{"type":"LineString","coordinates":[[-122.34100692436,47.6070348260059],[-122.341225717943,47.607230913101],[-122.341405464025,47.6074094277599],[-122.341492304054,47.6074855643901],[-122.342065951054,47.6079228565519]]},"properties":{"STNAME_ORD":"ALASKAN WAY","ARTDESCRIPT":"Principal Arterial"}},{"type":"Feature","geometry":{"type":"LineString","coordinates":[[-122.327361009477,47.6084086762364],[-122.326249628921,47.6088733801829]]},"properties":{"STNAME_ORD":"MADISON ST","ARTDESCRIPT":"Principal Arterial"}},{"type":"Feature","geometry":{"type":"LineString","coordinates":[[-122.318007990987,47.5915394648401],[-122.317943145344,47.5915394857226],[-122.317280524416,47.5915397116467]]},"properties":{"STNAME_ORD":"S JUDKINS ST","ARTDESCRIPT":"Not Designated"}},{"type":"Feature","geometry":{"type":"LineString","coordinates":[[-122.337563202491,47.6139469734765],[-122.338314342455,47.6143914036311]]},"properties":{"STNAME_ORD":"6TH AVE","ARTDESCRIPT":"Principal Arterial"}},{"type":"Feature","geometry":{"type":"LineString","coordinates":[[-122.334934565995,47.6032685577635],[-122.335586466815,47.603982238495]]},"properties":{"STNAME_ORD":"1ST AVE","ARTDESCRIPT":"Minor Arterial"}},{"type":"Feature","geometry":{"type":"LineString","coordinates":[[-122.333562048854,47.6068012868978],[-122.333507337891,47.606824190743],[-122.332451281314,47.6072663098637]]},"properties":{"STNAME_ORD":"SPRING ST","ARTDESCRIPT":"Principal Arterial"}},{"type":"Feature","geometry":{"type":"LineString","coordinates":[[-122.340471511429,47.6086293074181],[-122.34001342746,47.6088209600346]]},"properties":{"STNAME_ORD":"PIKE ST","ARTDESCRIPT":"Not Designated"}}]}