{"type":"FeatureCollection","crs":{"type":"name","properties":{"name":"EPSG:4326"}},"features":[{"type":"Feature","geometry":{"type":"Polygon","coordinates":[[[-122.330691367648,47.6089776937274],[-122.330681075907,47.6089460496322],[-122.330657546378,47.6088791262111],[-122.33063308501,47.6088122708236],[-122.33060809356,47.6087455762399],[-122.330586879609,47.6086949052287],[-122.330661317582,47.6086616072982],[-122.33067411715,47.6086762499984],[-122.330789810342,47.6086264302489],[-122.330805634355,47.6086468293017],[-122.330854836046,47.6086358776593],[-122.330748356112,47.6083771179449],[-122.330952674258,47.6084620074654],[-122.331018189704,47.608620848843],[-122.331078369408,47.6085942982469],[-122.331090088587,47.6086044471899],[-122.331120179071,47.6085911714185],[-122.331108385783,47.6085784478779],[-122.33126293895,47.6085223199322],[-122.331290725413,47.6085448149533],[-122.331342970749,47.6085238418821],[-122.331361053447,47.6085400252497],[-122.331430173383,47.6085098150051],[-122.331432809498,47.6085095670904],[-122.331436822521,47.6085091831984],[-122.331440835285,47.6085087903135],[-122.331444845156,47.6085083893701],[-122.331448853412,47.6085079785521],[-122.331452860106,47.608507559658],[-122.331456863881,47.6085071318062],[-122.331460866068,47.6085066949791],[-122.331464865336,47.6085062491942],[-122.331468864371,47.6085057953158],[-122.331472859158,47.6085053324971],[-122.331476853685,47.6085048606856],[-122.331480843965,47.6085043799338],[-122.331484832681,47.608503891106],[-122.331488819809,47.6085033933028],[-122.331492804018,47.6085028865419],[-122.331496785309,47.6085023708232],[-122.331500763707,47.608501847046],[-122.331504740517,47.6085013142934],[-122.331508715763,47.6085007734649],[-122.331512686736,47.6085002227968],[-122.331516656145,47.6084996640526],[-122.331520621306,47.6084990963682],[-122.331524584904,47.6084985206078],[-122.331528545584,47.6084979358895],[-122.331532503345,47.6084973422135],[-122.331536458214,47.608496740479],[-122.331540410164,47.6084961297866],[-122.331544359195,47.6084955101365],[-122.331548305334,47.6084948824279],[-122.331552248554,47.6084942457615],[-122.331556188856,47.6084936001374],[-122.331560124935,47.6084929464721],[-122.331564059426,47.6084922838317],[-122.331567989668,47.6084916122509],[-122.331571917018,47.6084909326116],[-122.331575841474,47.6084902449138],[-122.331579761657,47.6084895473765],[-122.331583678947,47.6084888417807],[-122.331587593344,47.6084881281262],[-122.331591503493,47.6084874055316],[-122.331595410724,47.6084866739792],[-122.331599313732,47.6084859343858],[-122.331603215177,47.6084851867163],[-122.331607111043,47.6084844301241],[-122.331611003992,47.6084836645741],[-122.331614892718,47.6084828909831],[-122.331618778525,47.6084821084344],[-122.33162266011,47.6084813178446],[-122.331626537446,47.6084805183146],[-122.33163041189,47.6084797107261],[-122.331634282085,47.6084788941972],[-122.331638148058,47.6084780696274],[-122.331642009809,47.6084772370166],[-122.331645868641,47.608476395448],[-122.331649721895,47.6084755449566],[-122.331653572256,47.6084746864068],[-122.331657418394,47.608473819816],[-122.331661260285,47.6084729442848],[-122.331665097952,47.6084720607127],[-122.331668930068,47.6084711691171],[-122.331672759265,47.6084702685637],[-122.331676584239,47.6084693599694],[-122.331680404965,47.6084684424347],[-122.331684220139,47.6084675168766],[-122.33168803242,47.60846658326],[-122.331691839123,47.6084656407207],[-122.331695641604,47.6084646901403],[-122.331699439862,47.608463731519],[-122.331703232567,47.6084627648741],[-122.331707021025,47.608461789289],[-122.33171080526,47.6084608056629],[-122.331714583916,47.6084598131141],[-122.331718358376,47.6084588134235],[-122.331722128588,47.6084578047927],[-122.331725893247,47.6084567881384],[-122.331729653659,47.6084557625438],[-122.331733408543,47.6084547298251],[-122.33173715785,47.6084536881836],[-122.331740902934,47.6084526385011],[-122.331744642465,47.6084515807951],[-122.331748520116,47.6084508847116],[-122.331752453323,47.6084502238807],[-122.331756402374,47.6084496051225],[-122.331760365966,47.6084490293538],[-122.331764342769,47.6084484965922],[-122.331768331453,47.6084480068552],[-122.331772330688,47.6084475601602],[-122.33177634183,47.6084471573891],[-122.331780359534,47.6084467977125],[-122.331784386485,47.6084464819948],[-122.331788419998,47.6084462093718],[-122.3317924601,47.6084459807425],[-122.331796505459,47.6084457961247],[-122.331800553391,47.608445654654],[-122.331804605252,47.6084455572122],[-122.331810685412,47.6084454933322],[-122.331814739128,47.6084455065173],[-122.331818791428,47.6084455629022],[-122.331822842311,47.6084456624867],[-122.3318268905,47.6084458070869],[-122.331830935942,47.6084459949043],[-122.331834974649,47.6084462259915],[-122.331839008002,47.6084465021294],[-122.331843034593,47.6084468206377],[-122.331847053145,47.6084471833326],[-122.331851062302,47.6084475893323],[-122.331855060734,47.6084480386542],[-122.331859048442,47.6084485312983],[-122.331863024094,47.6084490672823],[-122.331866987667,47.6084496457068],[-122.331870935196,47.6084502675236],[-122.331874867984,47.608450931816],[-122.331878784703,47.6084516386014],[-122.331882685327,47.6084523869806],[-122.331886565917,47.6084531788047],[-122.331890429056,47.6084540113409],[-122.331894270806,47.6084548864402],[-122.331898091116,47.6084558023041],[-122.331901890012,47.6084567598318],[-122.331905664807,47.6084577581592],[-122.331909416858,47.6084587981679],[-122.331913142097,47.6084598772128],[-122.331916843237,47.6084609970573],[-122.331920516287,47.608462157754],[-122.33192416117,47.6084633566051],[-122.331927777938,47.6084645954091],[-122.331931363905,47.6084658733017],[-122.331934920402,47.6084671902656],[-122.331937045623,47.6084680025086],[-122.331682451835,47.6085745466881],[-122.330691367648,47.6089776937274]]]},"properties":{"NAME":"JIM ELLIS FREEWAY PARK"}},{"type":"Feature","geometry":{"type":"Polygon","coordinates":[[[-122.320920214947,47.6100097232159],[-122.320920080947,47.6099276980717],[-122.320974297167,47.6099871053788],[-122.320920214947,47.6100097232159]]]},"properties":{"NAME":"BOYLSTON PLACE"}},{"type":"Feature","geometry":{"type":"Polygon","coordinates":[[[-122.333381856702,47.595545492818],[-122.334104382105,47.5955456677977],[-122.334127363216,47.5963880133829],[-122.33398967671,47.5963906655345],[-122.333989766326,47.5962446885045],[-122.333911424584,47.5961545808296],[-122.333381856702,47.595545492818]]]},"properties":{"NAME":"ALASKAN WAY BOULEVARD"}},{"type":"Feature","geometry":{"type":"Polygon","coordinates":[[[-122.34475139645,47.6089227833542],[-122.344588280605,47.6088251300537],[-122.344566492174,47.6088120863135],[-122.344564966386,47.6088111718831],[-122.344495340636,47.6087694883502],[-122.344491011119,47.6087668964974],[-122.344425243882,47.6087275231559],[-122.344425168083,47.6087274782824],[-122.344262196034,47.6086310694808],[-122.344099224562,47.6085346595463],[-122.343936253694,47.6084382493783],[-122.343876995609,47.6084032046016],[-122.343884497577,47.6084030861159],[-122.343943955969,47.6084382487772],[-122.344106926852,47.6085346589342],[-122.344269898338,47.6086310688577],[-122.344432870428,47.6087274785476],[-122.344595843121,47.6088238880038],[-122.344758817749,47.6089202972088],[-122.344762691554,47.6089225874382],[-122.344758169513,47.608922665498],[-122.34475139645,47.6089227833542]]]},"properties":{"NAME":"PIER 62"}},{"type":"Feature","geometry":{"type":"Polygon","coordinates":[[[-122.325190799362,47.5987715212688],[-122.325191151966,47.598607038925],[-122.325192011139,47.5984425508371],[-122.325678499154,47.5984432823199],[-122.325677641518,47.5986077704114],[-122.325677290452,47.5987722527568],[-122.325190799362,47.5987715212688]]]},"properties":{"NAME":"HING HAY PARK"}},{"type":"Feature","geometry":{"type":"Polygon","coordinates":[[[-122.330030150156,47.6020593271027],[-122.330412861322,47.6018993208099],[-122.330540736507,47.6020392380493],[-122.330158024784,47.6021992474696],[-122.330030150156,47.6020593271027]]]},"properties":{"NAME":"CITY HALL PARK"}},{"type":"Feature","geometry":{"type":"Polygon","coordinates":[[[-122.329719830847,47.6023824512202],[-122.32959190055,47.6022425580914],[-122.329974990254,47.6020823944961],[-122.330102862054,47.6022223122621],[-122.329719830847,47.6023824512202]]]},"properties":{"NAME":"CITY HALL PARK"}},{"type":"Feature","geometry":{"type":"Polygon","coordinates":[[[-122.350892381403,47.6141764109511],[-122.350708887054,47.6140678502525],[-122.350763347189,47.6140257221159],[-122.350946882205,47.6141342641917],[-122.350892381403,47.6141764109511]]]},"properties":{"NAME":"BELLTOWN P-PATCH"}},{"type":"Feature","geometry":{"type":"Polygon","coordinates":[[[-122.320574647777,47.6015575014481],[-122.32057781838,47.6012890717798],[-122.32064054747,47.6012805421113],[-122.320624495213,47.6012264320012],[-122.320619529,47.6012096878011],[-122.320620796102,47.6009407027657],[-122.320627598473,47.6009407154928],[-122.321445903556,47.6009422934301],[-122.321491355284,47.600944260073],[-122.321536113069,47.600949960142],[-122.32157950943,47.6009593079109],[-122.321620897919,47.6009721625038],[-122.32165966394,47.60098833405],[-122.321695223334,47.6010075810038],[-122.321727049158,47.6010296160911],[-122.321979289754,47.6012270276887],[-122.322175281685,47.6013804158956],[-122.322204948619,47.6014064751554],[-122.322230082777,47.6014346313355],[-122.322250361307,47.6014645252237],[-122.322265524583,47.6014957760885],[-122.322275378942,47.6015279843428],[-122.32227979822,47.6015607387201],[-122.320737931612,47.6015577975301],[-122.320574647777,47.6015575014481]]]},"properties":{"NAME":"YESLER TERRACE PARK"}},{"type":"Feature","geometry":{"type":"Polygon","coordinates":[[[-122.337407893375,47.6111781138596],[-122.337198381276,47.6112659707166],[-122.337114677136,47.6108576154972],[-122.337407893375,47.6111781138596]]]},"properties":{"NAME":"WESTLAKE PARK"}},{"type":"Feature","geometry":{"type":"Polygon","coordinates":[[[-122.344443355704,47.6102897864206],[-122.344272477109,47.6104218684757],[-122.344089375622,47.6103135711176],[-122.34390628165,47.6102052769734],[-122.343704872118,47.6100861487596],[-122.343533681535,47.6099685308038],[-122.343362493107,47.6098509143711],[-122.343413353337,47.6098116218354],[-122.343456076208,47.6097786166952],[-122.343541500927,47.6097126210371],[-122.343710741588,47.6098317447129],[-122.343879977599,47.6099508646101],[-122.343930732522,47.6099865890481],[-122.343976505758,47.6100136623772],[-122.344022277685,47.6100407348064],[-122.34407719702,47.6100732174723],[-122.344199190906,47.6101453720474],[-122.344260280036,47.610181504289],[-122.344382331274,47.6102536920979],[-122.344443355704,47.6102897864206]]]},"properties":{"NAME":"VICTOR STEINBRUECK PARK"}},{"type":"Feature","geometry":{"type":"Polygon","coordinates":[[[-122.329336045852,47.6019627659529],[-122.329209732611,47.6018246395759],[-122.329257047998,47.6018048702057],[-122.329711820192,47.6018056609264],[-122.329336045852,47.6019627659529]]]},"properties":{"NAME":"CITY HALL PARK"}},{"type":"Feature","geometry":{"type":"Polygon","coordinates":[[[-122.32959190055,47.6022425580914],[-122.329576144833,47.6022253291163],[-122.329596358762,47.6021994757419],[-122.329618377325,47.6021743057205],[-122.329642148967,47.6021498764045],[-122.329667622104,47.6021262442468],[-122.329694735769,47.6021034631251],[-122.329723430274,47.6020815851006],[-122.32975363923,47.6020606605239],[-122.329785293487,47.6020407361833],[-122.329818319906,47.6020218589197],[-122.329852642586,47.6020040720117],[-122.329888188182,47.6019874151063],[-122.329974990254,47.6020823944961],[-122.32959190055,47.6022425580914]]]},"properties":{"NAME":"CITY HALL PARK"}},{"type":"Feature","geometry":{"type":"Polygon","coordinates":[[[-122.340974910001,47.6063027564544],[-122.341487742245,47.6063047068246],[-122.341715948013,47.6066303964554],[-122.341745852882,47.6066730751222],[-122.341769790959,47.6067072380137],[-122.341861137902,47.6068376047912],[-122.34195248392,47.6069679697141],[-122.342043834541,47.6070983399061],[-122.342076473689,47.6071449216287],[-122.342074687313,47.6071449264245],[-122.341832098555,47.6071456851927],[-122.341830227188,47.6071442265465],[-122.341827573162,47.6071421548471],[-122.341824920387,47.6071400804321],[-122.341822271602,47.6071380059642],[-122.341819624094,47.6071359296801],[-122.34181697789,47.607133852479],[-122.341814335624,47.6071317734265],[-122.341811693331,47.6071296934746],[-122.341809055029,47.6071276134697],[-122.341806417977,47.6071255307494],[-122.34180378356,47.6071234470945],[-122.341801151776,47.607121362505],[-122.34179852127,47.6071192760993],[-122.341795893371,47.6071171878598],[-122.341793268132,47.6071150995849],[-122.341790644171,47.6071130094938],[-122.341788024173,47.6071109184505],[-122.341785405453,47.607108825591],[-122.341782788037,47.6071067318145],[-122.341780173254,47.6071046371035],[-122.341777561079,47.6071025405586],[-122.341774950208,47.6071004430967],[-122.341772341944,47.607098343801],[-122.341767134674,47.6070941432875],[-122.341764534285,47.6070920402889],[-122.341761935226,47.6070899372724],[-122.341759337419,47.6070878315405],[-122.341756743575,47.6070857248565],[-122.341754151061,47.6070836181547],[-122.341751559799,47.6070815087374],[-122.3417489725,47.607079398368],[-122.341746386505,47.6070772870815],[-122.341743803143,47.6070751748605],[-122.341741222389,47.6070730608057],[-122.341738642939,47.6070709458339],[-122.341736066123,47.6070688299275],[-122.341733491888,47.607066711288],[-122.341730918983,47.6070645926309],[-122.341728350015,47.6070624721222],[-122.341725782377,47.6070603515959],[-122.341723216017,47.6070582292534],[-122.341720653595,47.6070561050593],[-122.341718092476,47.6070539799484],[-122.341715532635,47.6070518530212],[-122.341712975453,47.6070497260587],[-122.341710422209,47.6070475972447],[-122.341707870269,47.6070454675138],[-122.341705319607,47.6070433359667],[-122.341702772907,47.6070412034673],[-122.341700227512,47.6070390700511],[-122.341697684724,47.6070369348009],[-122.34169514324,47.6070347986339],[-122.34169260439,47.6070326615322],[-122.341690068147,47.6070305225967],[-122.341687534538,47.6070283827266],[-122.341685002207,47.6070262410404],[-122.341682472535,47.6070240993188],[-122.341679945471,47.6070219557633],[-122.341677421041,47.6070198112733],[-122.341674897914,47.6070176658664],[-122.341672377369,47.6070155177263],[-122.341669859483,47.6070133695509],[-122.341667342875,47.6070112195594],[-122.341664828927,47.6070090695324],[-122.341662318916,47.6070069176541],[-122.341659810183,47.6070047639595],[-122.341657302754,47.607002609348],[-122.341654797959,47.6070004538019],[-122.341652294467,47.6069982973388],[-122.341649794913,47.6069961390243],[-122.341647297992,47.6069939797752],[-122.341644802349,47.6069918187099],[-122.341642309339,47.60698965671],[-122.34163981766,47.6069874946925],[-122.341637329891,47.6069853299242],[-122.341634843453,47.6069831651383],[-122.341632359622,47.6069809985185],[-122.341629877095,47.6069788309817],[-122.341627398531,47.6069766624928],[-122.341624921219,47.6069744912883],[-122.341622445263,47.6069723209655],[-122.341619973219,47.6069701478919],[-122.341617503834,47.606967974783],[-122.341614987935,47.6069657573102],[-122.341612521131,47.6069635814682],[-122.341610058239,47.6069614028754],[-122.341607596703,47.6069592251642],[-122.341605139104,47.6069570456016],[-122.341602682809,47.606954865122],[-122.341600227792,47.6069526828262],[-122.341597775408,47.6069504995958],[-122.341595326961,47.606948314514],[-122.341592879845,47.6069461294145],[-122.341590434006,47.6069439424988],[-122.341587992131,47.6069417546309],[-122.341585551533,47.6069395649468],[-122.341583113595,47.6069373752274],[-122.341580678265,47.6069351836741],[-122.341578244238,47.6069329912039],[-122.341575814149,47.6069307968822],[-122.341573385363,47.6069286016436],[-122.341570959238,47.6069264063698],[-122.341568535693,47.6069242083627],[-122.341566113479,47.606922010338],[-122.341563693872,47.6069198104795],[-122.341561276873,47.6069176087871],[-122.341558861229,47.6069154079764],[-122.341556449497,47.6069132044149],[-122.341554039069,47.6069109999365],[-122.341551631274,47.6069087945234],[-122.341549226113,47.6069065881759],[-122.341546823559,47.6069043799945],[-122.34154442231,47.6069021708961],[-122.341542023693,47.6068999608632],[-122.341539627685,47.6068977489965],[-122.341537233006,47.606895537112],[-122.341534842265,47.6068933233762],[-122.341532452827,47.6068911087233],[-122.341530067327,47.6068888922191],[-122.341527681827,47.6068866757148],[-122.341525298934,47.6068844573766],[-122.341522921334,47.6068822380686],[-122.341520542379,47.606880017879],[-122.341518167361,47.6068777958379],[-122.341515794977,47.6068755728621],[-122.3415134252,47.6068733480527],[-122.341511056779,47.6068711241247],[-122.34150869227,47.6068688974461],[-122.341506327734,47.6068666698681],[-122.341503967162,47.606864441338],[-122.341501609197,47.606862210974],[-122.341499252563,47.6068599805923],[-122.341496897232,47.6068577492937],[-122.341494547142,47.6068555152268],[-122.341492198382,47.6068532811422],[-122.341489850926,47.6068510461406],[-122.341487507407,47.6068488092876],[-122.341485165218,47.606846572417],[-122.34148282428,47.6068443328308],[-122.341480487333,47.6068420931917],[-122.341478152992,47.6068398517189],[-122.341475819956,47.606837609329],[-122.341472745151,47.6068346498864],[-122.341470418686,47.6068324047106],[-122.34146809355,47.606830159517],[-122.341465770996,47.6068279115904],[-122.341463451101,47.6068256636285],[-122.34146113384,47.606823414732],[-122.341458819187,47.6068211640017],[-122.341456505837,47.6068189123544],[-122.341454195121,47.6068166597726],[-122.341451887039,47.6068144062562],[-122.34144958159,47.6068121518053],[-122.341447277419,47.6068098955381],[-122.341444977211,47.6068076383188],[-122.341442678307,47.6068053801826],[-122.341440382037,47.6068031211117],[-122.3414380884,47.6068008611063],[-122.341435797371,47.6067985992671],[-122.341433508975,47.6067963364933],[-122.341431221883,47.6067940728026],[-122.341428937425,47.6067918081774],[-122.341426655574,47.6067895417183],[-122.341424376383,47.6067872752239],[-122.34142209847,47.6067850069133],[-122.34141982452,47.6067827376506],[-122.341417553203,47.6067804674532],[-122.341415281835,47.6067781954573],[-122.341413015786,47.6067759233909],[-122.341410749685,47.6067736495258],[-122.341408487547,47.6067713747086],[-122.341406226713,47.6067690989745],[-122.341403968512,47.6067668223058],[-122.341401714249,47.6067645437857],[-122.341399461316,47.6067622652479],[-122.341397209661,47.6067599848938],[-122.341394961968,47.6067577035876],[-122.34139271558,47.6067554213645],[-122.341390471799,47.6067531373075],[-122.341388232008,47.6067508531977],[-122.341385993494,47.6067485672716],[-122.34138375764,47.6067462813103],[-122.341381523064,47.6067439935327],[-122.341379292451,47.606741704803],[-122.341377063116,47.606739414257],[-122.34137483644,47.6067371236758],[-122.341372613702,47.6067348312432],[-122.341370390964,47.6067325388104],[-122.341368170834,47.6067302445439],[-122.341365955996,47.6067279493076],[-122.341363739803,47.6067256531895],[-122.341361528877,47.6067233552024],[-122.341359319281,47.6067210571977],[-122.341357112292,47.6067187573591],[-122.341354907937,47.6067164565859],[-122.341352704885,47.6067141548959],[-122.341350505797,47.6067118522536],[-122.341348307987,47.6067095477952],[-122.341346114166,47.6067072432839],[-122.341342058376,47.6067029771121],[-122.3413398711,47.6067006689155],[-122.341337686458,47.6066983597842],[-122.341335503146,47.6066960506354],[-122.341333322441,47.6066937396527],[-122.341331144343,47.6066914268362],[-122.341328968905,47.6066891139844],[-122.341326794771,47.6066868002157],[-122.341324624601,47.6066844854947],[-122.341322455682,47.6066821680584],[-122.341320289449,47.606679851486],[-122.341318125797,47.6066775321805],[-122.341315964805,47.6066752128398],[-122.341313806472,47.6066728934637],[-122.341311650721,47.6066705713546],[-122.341309496274,47.6066682483285],[-122.341307344486,47.6066659252672],[-122.341305196636,47.6066636003544],[-122.341303050089,47.6066612745247],[-122.341300906176,47.6066589477604],[-122.341298764897,47.6066566200616],[-122.341296624921,47.6066542914459],[-122.341294488909,47.6066519618779],[-122.341292101533,47.6066493585616],[-122.341278313458,47.6066342929128],[-122.340981639787,47.6063101097515],[-122.340974910001,47.6063027564544]]]},"properties":{"NAME":"WATERFRONT PARK"}},{"type":"Feature","geometry":{"type":"Polygon","coordinates":[[[-122.330422096209,47.6099096874259],[-122.330381412034,47.6098632856904],[-122.330346528643,47.6098232389166],[-122.330301528319,47.6097741744262],[-122.330556948463,47.6096674318633],[-122.330588870799,47.6097199663029],[-122.330591099365,47.6097445727251],[-122.330593834562,47.6097691715812],[-122.330596064349,47.6097938202688],[-122.330598292922,47.6098184266908],[-122.330600016059,47.6098430820452],[-122.330601232541,47.6098677440664],[-122.330603846827,47.6099057549599],[-122.330468124123,47.6099625095049],[-122.330422096209,47.6099096874259]]]},"properties":{"NAME":"JIM ELLIS FREEWAY PARK"}},{"type":"Feature","geometry":{"type":"Polygon","coordinates":[[[-122.323078661303,47.5959555547655],[-122.323077236313,47.596150596285],[-122.322591081151,47.5961542756633],[-122.322591900991,47.595954753963],[-122.322713599715,47.5959549544706],[-122.322835285146,47.595955155022],[-122.322956970578,47.5959553554432],[-122.323078661303,47.5959555547655]]]},"properties":{"NAME":"ID/CHINATOWN COMMUNITY CENTER"}},{"type":"Feature","geometry":{"type":"Polygon","coordinates":[[[-122.343884497577,47.6084030861159],[-122.343862451604,47.6083900483634],[-122.343780947363,47.6083418469919],[-122.343617942072,47.6082454467361],[-122.343454938688,47.6081490453297],[-122.343291934605,47.6080526446065],[-122.343128932456,47.607956243632],[-122.34296592958,47.6078598424415],[-122.342802928638,47.6077634409996],[-122.344650012526,47.6077633831807],[-122.344883295985,47.6079013675624],[-122.345704612566,47.6083871630208],[-122.344889261892,47.6083871985971],[-122.343884497577,47.6084030861159]]]},"properties":{"NAME":"SEATTLE AQUARIUM"}},{"type":"Feature","geometry":{"type":"Polygon","coordinates":[[[-122.329431363659,47.6020670031753],[-122.329336045852,47.6019627659529],[-122.329711820192,47.6018056609264],[-122.329722098417,47.6018056795713],[-122.329760272316,47.6018474509136],[-122.329721775222,47.6018651235742],[-122.329684369453,47.601883837107],[-122.329648115314,47.6019035610329],[-122.329613074392,47.6019242630569],[-122.329579302929,47.6019459100544],[-122.329546857036,47.6019684644048],[-122.32951579155,47.6019918903032],[-122.329486154579,47.6020161493349],[-122.329457996816,47.6020412003518],[-122.329431363659,47.6020670031753]]]},"properties":{"NAME":"CITY HALL PARK"}},{"type":"Feature","geometry":{"type":"Polygon","coordinates":[[[-122.345633936438,47.6141922424839],[-122.345351009291,47.6144109586884],[-122.345297307079,47.6144524560683],[-122.345014355327,47.6146711546313],[-122.344813105203,47.6145521069749],[-122.345101496496,47.6143292614148],[-122.345144255799,47.6142962282068],[-122.345432787795,47.6140731936795],[-122.345633936438,47.6141922424839]]]},"properties":{"NAME":"BELL STREET PARK BOULEVARD"}},{"type":"Feature","geometry":{"type":"Polygon","coordinates":[[[-122.329943606185,47.6019646295344],[-122.329888188182,47.6019874151063],[-122.329847116483,47.601942476621],[-122.329760272316,47.6018474509136],[-122.329778516423,47.6018396020648],[-122.329796973413,47.6018319870095],[-122.329815640705,47.6018246084805],[-122.329902284349,47.6019194118825],[-122.329943606185,47.6019646295344]]]},"properties":{"NAME":"CITY HALL PARK"}},{"type":"Feature","geometry":{"type":"Polygon","coordinates":[[[-122.337114677136,47.6108576154972],[-122.337198381276,47.6112659707166],[-122.336933341759,47.6113770988223],[-122.336760203727,47.6105061093435],[-122.337114677136,47.6108576154972]]]},"properties":{"NAME":"WESTLAKE PARK"}},{"type":"Feature","geometry":{"type":"Polygon","coordinates":[[[-122.320391058672,47.6009388831304],[-122.320620796102,47.6009407027657],[-122.320619529,47.6012096878011],[-122.320575690921,47.6010331043312],[-122.32046056582,47.601049202662],[-122.32041873396,47.6010299932367],[-122.320391058672,47.6009388831304]]]},"properties":{"NAME":"YESLER TERRACE PARK"}},{"type":"Feature","geometry":{"type":"Polygon","coordinates":[[[-122.323211499076,47.5970906488159],[-122.323211859133,47.5969262087389],[-122.323212725742,47.5967617629266],[-122.323261374665,47.596761854445],[-122.32330191412,47.5967619235148],[-122.323626228481,47.5967624305894],[-122.323625363179,47.5969268764048],[-122.323625068452,47.5970227647692],[-122.323300752469,47.5970222576913],[-122.32326021281,47.5970221886211],[-122.32326014828,47.5970907394355],[-122.323211499076,47.5970906488159]]]},"properties":{"NAME":"DONNIE CHIN INTERNATIONAL CHILDREN'S PARK"}},{"type":"Feature","geometry":{"type":"Polygon","coordinates":[[[-122.330603846827,47.6099057549599],[-122.330601232541,47.6098677440664],[-122.330600016059,47.6098430820452],[-122.330598292922,47.6098184266908],[-122.330596064349,47.6097938202688],[-122.330593834562,47.6097691715812],[-122.330591099365,47.6097445727251],[-122.330588870799,47.6097199663029],[-122.330556948463,47.6096674318633],[-122.330584825782,47.6096780483491],[-122.330667497813,47.6096889261571],[-122.33067652232,47.6097891433084],[-122.330705233981,47.6097907041341],[-122.330757725337,47.6097616793271],[-122.330749666306,47.6097463301289],[-122.330825519836,47.6097153911438],[-122.330818142552,47.6096409881469],[-122.330807596221,47.6095566825958],[-122.330797280742,47.6094884409938],[-122.330789278732,47.6094409570725],[-122.330781778219,47.6093986491892],[-122.330775219411,47.6093651189761],[-122.330767530121,47.6093273448988],[-122.330749674589,47.6092470821116],[-122.330729838002,47.6091670397079],[-122.330709032984,47.6090907865974],[-122.330725029571,47.6090887022033],[-122.330723136136,47.6090823075224],[-122.331717870437,47.6086662045931],[-122.331952446865,47.6085681212109],[-122.332080394809,47.6087080027276],[-122.332207428564,47.6088468804945],[-122.331827958642,47.6090065121618],[-122.331738681339,47.6090432673533],[-122.331716968783,47.6090521967093],[-122.331639214277,47.6090893677334],[-122.331887434825,47.6093758832282],[-122.331412943785,47.6095838116072],[-122.330833483656,47.6098264454223],[-122.33083670648,47.6098944709013],[-122.330837100179,47.6099144837836],[-122.330839262287,47.6099790723282],[-122.330854720108,47.6099790128293],[-122.330854782193,47.6099874566268],[-122.33085460529,47.6100486124661],[-122.330851368735,47.6101427288053],[-122.330847520794,47.6101983598899],[-122.330842237209,47.610253937],[-122.330835520145,47.6103094430142],[-122.33082737046,47.6103648617282],[-122.33082334041,47.6103645666173],[-122.33082011403,47.6103823511344],[-122.330468124123,47.6099625095049],[-122.330603846827,47.6099057549599]]]},"properties":{"NAME":"JIM ELLIS FREEWAY PARK"}},{"type":"Feature","geometry":{"type":"Polygon","coordinates":[[[-122.330158024784,47.6021992474696],[-122.330102862054,47.6022223122621],[-122.329974990254,47.6020823944961],[-122.329888188182,47.6019874151063],[-122.329943606185,47.6019646295344],[-122.330030150156,47.6020593271027],[-122.330158024784,47.6021992474696]]]},"properties":{"NAME":"CITY HALL PARK"}},{"type":"Feature","geometry":{"type":"Polygon","coordinates":[[[-122.34650157942,47.6135214052886],[-122.346205387082,47.6137504540162],[-122.346162564733,47.6137835685416],[-122.345874423649,47.614006388379],[-122.345673230115,47.6138873459956],[-122.345961378194,47.6136643484538],[-122.346004012022,47.6136313381663],[-122.346299843291,47.6134024018194],[-122.34650157942,47.6135214052886]]]},"properties":{"NAME":"BELL STREET PARK BOULEVARD"}},{"type":"Feature","geometry":{"type":"Polygon","coordinates":[[[-122.345101496496,47.6143292614148],[-122.344963540118,47.6144358501172],[-122.344913521184,47.6144744960973],[-122.344813105203,47.6145521069749],[-122.344630013825,47.6144438731271],[-122.344446922894,47.6143356281934],[-122.344735357656,47.6141127101192],[-122.344906399786,47.6142139375419],[-122.344918279582,47.6142209595308],[-122.344961212595,47.6142463375953],[-122.345101496496,47.6143292614148]]]},"properties":{"NAME":"REGRADE PARK"}},{"type":"Feature","geometry":{"type":"Polygon","coordinates":[[[-122.318013780158,47.5940080871906],[-122.317970273659,47.593921682138],[-122.317941828839,47.5938659279432],[-122.317668836352,47.5939054801129],[-122.317418553059,47.5939417774442],[-122.317418534221,47.5939055749011],[-122.317418069427,47.5938359605631],[-122.317417897145,47.5937410635187],[-122.31741675478,47.5935766010098],[-122.317416117714,47.5934120896265],[-122.317415481856,47.5932476205085],[-122.317414338304,47.5930831157325],[-122.31741471544,47.5929186333972],[-122.317414586084,47.5927541576697],[-122.317414455523,47.592589639676],[-122.317414196814,47.5922606882187],[-122.31741457274,47.5920961636155],[-122.317414486905,47.5919865272176],[-122.317414399866,47.5918768485538],[-122.317414314058,47.5917672130548],[-122.317414459705,47.5916301536862],[-122.317819791063,47.5916300057474],[-122.317900350589,47.5916299826002],[-122.318386747949,47.5916298028264],[-122.318563066253,47.591629728136],[-122.318696825649,47.5916296952621],[-122.319244529005,47.5916294830996],[-122.31973396767,47.5916293432984],[-122.319697760732,47.5919583423447],[-122.31968569087,47.5920679658196],[-122.319674128674,47.5921776258397],[-122.319651985486,47.5923780809272],[-122.31964759915,47.5924196541203],[-122.319642708955,47.5924435818446],[-122.31962729077,47.5925246731032],[-122.319604798358,47.5926419300593],[-122.319583607649,47.5927515440485],[-122.319571716577,47.5928142084794],[-122.319560896172,47.5928611356212],[-122.319550941963,47.5929029093012],[-122.319528051084,47.5929707309454],[-122.319518706287,47.5929983584657],[-122.319488213024,47.5930661076038],[-122.319476792071,47.5930920053166],[-122.319425188304,47.5931834658552],[-122.319381411002,47.5932473609784],[-122.319364387959,47.5932722613348],[-122.319330137645,47.5933149101483],[-122.319312523673,47.5933368612142],[-122.319236360577,47.593419988287],[-122.319151474271,47.5934992862801],[-122.319106894311,47.5935351294951],[-122.319058360199,47.5935744086518],[-122.318958524565,47.5936447770557],[-122.318850957917,47.5937105755817],[-122.318766127791,47.5937563694525],[-122.318684642571,47.5937950927668],[-122.318647649195,47.5938126710074],[-122.318583038977,47.5938390490248],[-122.318523940342,47.5938632562649],[-122.318481291036,47.5938779521947],[-122.31844215663,47.5938915298897],[-122.318394992644,47.5939078698325],[-122.318291485404,47.5939383970865],[-122.318127023623,47.593981374276],[-122.318013780158,47.5940080871906]]]},"properties":{"NAME":"DR. JOSE RIZAL PARK"}},{"type":"Feature","geometry":{"type":"Polygon","coordinates":[[[-122.334041621575,47.6024656478008],[-122.333998699882,47.6024182720377],[-122.333584801249,47.6019659858309],[-122.333698976159,47.6019185083921],[-122.333812636895,47.601870781229],[-122.333893253578,47.6018370279953],[-122.33404427763,47.6018372642832],[-122.334043397838,47.6021230877311],[-122.334041621575,47.6024656478008]]]},"properties":{"NAME":"PIONEER SQUARE"}},{"type":"Feature","geometry":{"type":"Polygon","coordinates":[[[-122.318479740549,47.5964696341409],[-122.318443892056,47.5964741296824],[-122.318408298346,47.5964697958635],[-122.318365660344,47.5964494447696],[-122.318349277415,47.5964257948213],[-122.318336957687,47.5964024768601],[-122.318328671855,47.5963784639211],[-122.318324426019,47.5963539700314],[-122.318323938105,47.5959461468641],[-122.318566665746,47.5959465764192],[-122.318564651622,47.5963376807355],[-122.318562351849,47.5963636310762],[-122.318555950886,47.5963879643961],[-122.318545988575,47.5964117018947],[-122.318532452227,47.5964345855501],[-122.318510794455,47.5964569329168],[-122.318479740549,47.5964696341409]]]},"properties":{"NAME":"BEACON PLACE"}},{"type":"Feature","geometry":{"type":"Polygon","coordinates":[[[-122.342432145791,47.6075441306319],[-122.342432107177,47.6075441293448],[-122.342339402971,47.6074893014581],[-122.342302484583,47.6074674672544],[-122.342226558015,47.6073591112787],[-122.342135199517,47.6072287305311],[-122.342076473689,47.6071449216287],[-122.343586920309,47.6071345545471],[-122.344186563589,47.6074892509145],[-122.344279252454,47.607544077526],[-122.342432145791,47.6075441306319]]]},"properties":{"NAME":"SEATTLE AQUARIUM"}},{"type":"Feature","geometry":{"type":"Polygon","coordinates":[[[-122.329463970785,47.6021026594226],[-122.329431363659,47.6020670031753],[-122.329457996816,47.6020412003518],[-122.329486154579,47.6020161493349],[-122.32951579155,47.6019918903032],[-122.329546857036,47.6019684644048],[-122.329579302929,47.6019459100544],[-122.329613074392,47.6019242630569],[-122.329648115314,47.6019035610329],[-122.329684369453,47.601883837107],[-122.329721775222,47.6018651235742],[-122.329760272316,47.6018474509136],[-122.329847116483,47.601942476621],[-122.329463970785,47.6021026594226]]]},"properties":{"NAME":"CITY HALL PARK"}},{"type":"Feature","geometry":{"type":"Polygon","coordinates":[[[-122.344269898338,47.6086310688577],[-122.344106926852,47.6085346589342],[-122.343943955969,47.6084382487772],[-122.343884497577,47.6084030861159],[-122.344889261892,47.6083871985971],[-122.345704612566,47.6083871630208],[-122.346100189856,47.6086211343533],[-122.344892134455,47.6086212292258],[-122.344269898338,47.6086310688577]]]},"properties":{"NAME":"PIER 62"}},{"type":"Feature","geometry":{"type":"Polygon","coordinates":[[[-122.320391058672,47.6009388831304],[-122.32041873396,47.6010299932367],[-122.32046056582,47.601049202662],[-122.320575690921,47.6010331043312],[-122.320619529,47.6012096878011],[-122.32064054747,47.6012805421113],[-122.32057781838,47.6012890717798],[-122.320574647777,47.6015575014481],[-122.320574435288,47.6016096885251],[-122.319617843236,47.6016079146407],[-122.319616554622,47.6014727658244],[-122.319613680723,47.6014258340928],[-122.319605975121,47.6013791526007],[-122.319593472222,47.6013329475985],[-122.319590402086,47.6013234824802],[-122.319558776703,47.6012259547332],[-122.319478257511,47.6009776468789],[-122.319673203445,47.6009496332059],[-122.31972262882,47.6009437571605],[-122.319772543775,47.6009402604495],[-122.319822700021,47.6009391580112],[-122.320391058672,47.6009388831304]]]},"properties":{"NAME":"YESLER TERRACE PARK"}},{"type":"Feature","geometry":{"type":"Polygon","coordinates":[[[-122.329815640705,47.6018246084805],[-122.329796973413,47.6018319870095],[-122.329778516423,47.6018396020648],[-122.329760272316,47.6018474509136],[-122.329722098417,47.6018056795713],[-122.329798466004,47.6018058130936],[-122.329815640705,47.6018246084805]]]},"properties":{"NAME":"CITY HALL PARK"}},{"type":"Feature","geometry":{"type":"Polygon","coordinates":[[[-122.324309378836,47.6005140105266],[-122.32362594835,47.6001888210374],[-122.323588021815,47.6001591414767],[-122.324918217519,47.6001613860378],[-122.324916302212,47.6009889400131],[-122.324309378836,47.6005140105266]]]},"properties":{"NAME":"KOBE TERRACE"}},{"type":"Feature","geometry":{"type":"Polygon","coordinates":[[[-122.329264805624,47.614027527902],[-122.32898648726,47.6146932051775],[-122.328968173701,47.6147397126555],[-122.328925276764,47.6147577225176],[-122.328867746137,47.614781880079],[-122.32882577071,47.6147995053548],[-122.328792019203,47.6148136778029],[-122.328774668216,47.6148209632339],[-122.328764806325,47.6148251041782],[-122.328741068237,47.6148344373795],[-122.328726428728,47.6148372350174],[-122.328719624844,47.6148375574242],[-122.328711242579,47.6148379554477],[-122.328704942897,47.6148373509303],[-122.328696156444,47.6148365083085],[-122.328681902282,47.6148329937337],[-122.328676630897,47.6148307645066],[-122.328669012031,47.6148275423735],[-122.32866642756,47.6148258490893],[-122.328668403508,47.6148211361733],[-122.32866844174,47.614821123976],[-122.328680202329,47.6147930096579],[-122.328881707856,47.6143112561858],[-122.328905578252,47.6142541871729],[-122.329052613739,47.6139026530188],[-122.329129234309,47.6138705689747],[-122.329154470909,47.6138603442686],[-122.329277541842,47.613995790567],[-122.329264805624,47.614027527902]]]},"properties":{"NAME":"PLYMOUTH PILLARS PARK"}},{"type":"Feature","geometry":{"type":"Polygon","coordinates":[[[-122.329372265912,47.6137705026746],[-122.329353274336,47.6138224176794],[-122.329318681014,47.6137870177242],[-122.329259774977,47.6137267366825],[-122.329223721925,47.6136898418508],[-122.329190254134,47.6136555929537],[-122.329237885589,47.6136345502377],[-122.329230905537,47.6136274901196],[-122.329116469295,47.6135002606434],[-122.329563308417,47.6133135544281],[-122.329372265912,47.6137705026746]]]},"properties":{"NAME":"PLYMOUTH PILLARS PARK"}},{"type":"Feature","geometry":{"type":"Polygon","coordinates":[[[-122.319274155538,47.6033459922249],[-122.319030941814,47.6033455412886],[-122.319030865409,47.603324926942],[-122.319031159663,47.6032626434567],[-122.31878794957,47.6032621190908],[-122.318788732706,47.6030969117408],[-122.318789519749,47.6029317016405],[-122.31879022926,47.6027821357795],[-122.318943792338,47.6029320019592],[-122.319113419481,47.6030975406821],[-122.319273885746,47.6032541352941],[-122.319274101543,47.6033271444085],[-122.319274155538,47.6033459922249]]]},"properties":{"NAME":"HORIUCHI PARK"}},{"type":"Feature","geometry":{"type":"Polygon","coordinates":[[[-122.345518764642,47.6093743515504],[-122.345192569319,47.6095785382796],[-122.344747749189,47.6093154362534],[-122.343762191791,47.6087322200996],[-122.343742726317,47.6087403509841],[-122.343666235154,47.6087722994341],[-122.343303418348,47.6089238367179],[-122.343406891164,47.6090168605419],[-122.343586359428,47.6091782058877],[-122.343358359702,47.6096042358197],[-122.3433536748,47.609601454324],[-122.343312968099,47.6095773622974],[-122.343310848302,47.6095761030857],[-122.343310799569,47.6095760740453],[-122.343307806556,47.6095742920529],[-122.343304769998,47.6095724764532],[-122.343302571352,47.6095711589134],[-122.343301733336,47.6095706572563],[-122.343298712502,47.6095688333513],[-122.343295691563,47.6095670058491],[-122.343292673127,47.6095651729159],[-122.343289659933,47.6095633372143],[-122.343286654639,47.609561498709],[-122.343283650518,47.6095596547903],[-122.343280653125,47.6095578134811],[-122.343277659487,47.6095559640256],[-122.34327466976,47.6095541118192],[-122.343271687856,47.6095522541113],[-122.343268711114,47.6095503909371],[-122.343265737163,47.6095485322238],[-122.343262768244,47.6095466635481],[-122.343259801984,47.6095447948369],[-122.343256844851,47.6095429197073],[-122.343253891655,47.6095410427262],[-122.343250941015,47.6095391621126],[-122.343247999527,47.6095372759798],[-122.343245057987,47.6095353880485],[-122.343242124399,47.6095334991119],[-122.343239194567,47.6095316020289],[-122.343236272713,47.60952970484],[-122.343233350703,47.6095278022554],[-122.343230436516,47.6095258941693],[-122.343227526318,47.6095239860302],[-122.343224621361,47.6095220751226],[-122.34322172287,47.6095201578319],[-122.343218828317,47.6095182386896],[-122.343215939084,47.6095163194767],[-122.34321305616,47.609514388485],[-122.343210174592,47.6095124583749],[-122.34320729957,47.6095105245794],[-122.343204429814,47.6095085889148],[-122.343201567933,47.6095066495471],[-122.343198709911,47.6095047056302],[-122.343195855774,47.6095027580631],[-122.343193005549,47.6095008077453],[-122.343190163224,47.6094988546237],[-122.343187324733,47.6094968960535],[-122.343184490231,47.6094949374303],[-122.343181659561,47.6094929733585],[-122.34318023119,47.6094919775517],[-122.343178836793,47.6094910064831],[-122.343176017858,47.609489034159],[-122.343173204242,47.6094870617642],[-122.343170397092,47.6094850829863],[-122.343167595132,47.6094830996415],[-122.343164795909,47.609481118959],[-122.343162005813,47.6094791318582],[-122.343159219575,47.609477140208],[-122.343156435815,47.6094751422276],[-122.343153657557,47.6094731504714],[-122.34315088686,47.6094711442211],[-122.34314812031,47.6094691433133],[-122.343145357592,47.6094671369569],[-122.343142602723,47.6094651259983],[-122.343139855729,47.6094631113367],[-122.343137108735,47.609461096675],[-122.343134366825,47.6094590738493],[-122.343131631564,47.6094570509354],[-122.343128904204,47.6094550252176],[-122.343126177992,47.6094529931874],[-122.343123458376,47.6094509592703],[-122.343120747991,47.6094489225318],[-122.343118036172,47.6094468822139],[-122.34311533361,47.6094448399739],[-122.343112634959,47.6094427949831],[-122.343109948093,47.6094407435385],[-122.343107261176,47.6094386902954],[-122.343104578222,47.6094366361],[-122.34310190309,47.6094345764031],[-122.343099235885,47.6094325148018],[-122.343096564508,47.6094304469584],[-122.3430939051,47.6094283789562],[-122.343091249525,47.6094263055054],[-122.343088603258,47.6094242319311],[-122.343085959495,47.6094221529258],[-122.343083320973,47.6094200711521],[-122.343080681042,47.6094179866981],[-122.343078058322,47.609415899317],[-122.343075439512,47.6094138091851],[-122.34307281919,47.6094117127759],[-122.343070212192,47.6094096170894],[-122.343067605038,47.6094075160073],[-122.343065005837,47.6094054139201],[-122.343062410495,47.6094033072835],[-122.343062022191,47.6094029912748],[-122.343059823028,47.609401196944],[-122.343057239393,47.6093990811558],[-122.343054659853,47.6093969689118],[-122.343052085449,47.6093948503022],[-122.343049521527,47.6093927261559],[-122.343046957632,47.6093906029087],[-122.343044406852,47.6093884731903],[-122.343041854742,47.6093863434894],[-122.343039307795,47.6093842083223],[-122.343036768827,47.6093820730492],[-122.343034240341,47.6093799322394],[-122.343031709118,47.609377788767],[-122.343029185795,47.6093756424909],[-122.343026674336,47.6093734924589],[-122.343025634896,47.6093726048408],[-122.343024158835,47.6093713406813],[-122.343021655225,47.609369186047],[-122.343019151511,47.6093670278156],[-122.343018856737,47.6093667717393],[-122.343016659634,47.609364864929],[-122.343014173077,47.6093627019719],[-122.343013259994,47.6093619053369],[-122.343011689075,47.6093605353823],[-122.343009208906,47.6093583633441],[-122.343006738072,47.6093561920816],[-122.343004273704,47.6093540144361],[-122.343001814656,47.6093518367199],[-122.342999359467,47.6093496544544],[-122.342996912153,47.609347468486],[-122.342994467498,47.6093452824821],[-122.342992028006,47.6093430910121],[-122.342989600404,47.6093408966855],[-122.342987172724,47.609338699661],[-122.342984752945,47.6093364998328],[-122.342982338485,47.609334299934],[-122.342979930518,47.6093320945513],[-122.342977526462,47.6093298864179],[-122.342976855326,47.6093292673943],[-122.34297513161,47.6093276745638],[-122.342972739366,47.6093254608759],[-122.342972028441,47.6093248000985],[-122.342970351033,47.6093232444373],[-122.342967971904,47.6093210242779],[-122.342965600703,47.6093188022142],[-122.342963232056,47.6093165765181],[-122.342960868677,47.6093143489529],[-122.342958513094,47.6093121149868],[-122.34295615759,47.6093098837185],[-122.342953817913,47.6093076477422],[-122.342951478131,47.6093054081688],[-122.342949146329,47.6093031684894],[-122.342946818359,47.6093009233615],[-122.34294450361,47.6092986753593],[-122.342942183489,47.6092964256291],[-122.342939872572,47.6092941721783],[-122.342937568201,47.6092919150422],[-122.342935273085,47.609289655984],[-122.342932980552,47.6092873941927],[-122.342930693337,47.6092851323308],[-122.342928413946,47.6092828649674],[-122.342926138465,47.6092805948532],[-122.342923870937,47.6092783237339],[-122.342921611258,47.6092760480123],[-122.3429193515,47.6092737695929],[-122.342917103685,47.6092714901154],[-122.342914859807,47.6092692087865],[-122.342912619736,47.6092669211096],[-122.342910389,47.6092646342086],[-122.342908160741,47.6092623409773],[-122.34290594179,47.6092600476225],[-122.342903725421,47.6092577515346],[-122.342901518309,47.6092554535247],[-122.342899313752,47.6092531518823],[-122.342897122337,47.6092508446679],[-122.342894931,47.6092485401513],[-122.342892743496,47.609246230186],[-122.342890563892,47.6092439174171],[-122.342888392268,47.6092416045423],[-122.342886224476,47.609239286219],[-122.342884064664,47.6092369677898],[-122.342881914003,47.6092346438414],[-122.342879762013,47.6092323199107],[-122.342877619228,47.6092299922593],[-122.342875491018,47.6092276626154],[-122.342801925782,47.6091471374761],[-122.342722639674,47.6090603459304],[-122.342716245596,47.6090533508182],[-122.342722599247,47.6090506972485],[-122.342725390961,47.6090495312047],[-122.342767974708,47.6090317315764],[-122.34276160571,47.609024775717],[-122.342739862394,47.6090010292715],[-122.342703949568,47.6089618058736],[-122.342511709142,47.6087518535276],[-122.342507278618,47.6087470139152],[-122.342335841593,47.6085597775959],[-122.342234943968,47.6084495820132],[-122.342327952773,47.608410635113],[-122.341873916529,47.6079378004813],[-122.341634489657,47.6077970523032],[-122.341633098365,47.6077954514486],[-122.341409715259,47.607663088606],[-122.341298547367,47.6075972207965],[-122.3413136818,47.607590891174],[-122.341312736942,47.6075899600058],[-122.341174913894,47.6074541786243],[-122.341171461279,47.6074506223412],[-122.340916949255,47.6071767054728],[-122.340823001001,47.6072160145307],[-122.340807601215,47.6072224582562],[-122.340759744501,47.6072424833861],[-122.340734358532,47.6072531049484],[-122.340547203956,47.6073314132776],[-122.340470166502,47.6073636465968],[-122.340467012145,47.6073649667246],[-122.340399854305,47.6073930649672],[-122.340385988103,47.6073778716021],[-122.340292234335,47.6072751391762],[-122.340259576846,47.6072393552188],[-122.340274487773,47.6072331159571],[-122.340660845855,47.6070714967627],[-122.340776356797,47.6070231759458],[-122.34026458387,47.6064638668141],[-122.340008037499,47.6061835823528],[-122.339866738565,47.6060295861314],[-122.339354879351,47.6054698793698],[-122.339156258637,47.6052525492816],[-122.338702258155,47.6047565957732],[-122.338561484989,47.6046028483606],[-122.338049655091,47.6040431788764],[-122.33790888315,47.6038894315888],[-122.337397587166,47.6033303964085],[-122.337256664503,47.6031763624804],[-122.33679127034,47.6026675053898],[-122.336599764753,47.6024655116731],[-122.335846057431,47.6016343393488],[-122.335678755023,47.6014201793796],[-122.335574260572,47.6012505265274],[-122.335452057598,47.6009762031442],[-122.335409867252,47.6007951786995],[-122.335422189917,47.6001366230501],[-122.335425574696,47.5999556904573],[-122.33543789307,47.5992974146256],[-122.335442602495,47.5991164834294],[-122.335453258894,47.598416628023],[-122.335362421431,47.5984158437811],[-122.33535168953,47.5984157515794],[-122.335344883504,47.5984156939051],[-122.335342413003,47.5983356190747],[-122.335341112248,47.5982934500021],[-122.335340727551,47.5982809955019],[-122.335338051282,47.5981942509911],[-122.335337729337,47.5981837864963],[-122.335337288062,47.5981812617235],[-122.335337253077,47.5981810633719],[-122.335336771526,47.5981783412169],[-122.335336284656,47.5981756191322],[-122.335335792494,47.598172898017],[-122.335335296318,47.5981701760551],[-122.335334796232,47.5981674568437],[-122.335334290775,47.598164735904],[-122.335334081355,47.5981636087606],[-122.335333784041,47.5981620167804],[-122.335333267922,47.5981592950818],[-122.335333127246,47.5981585682562],[-122.335332746642,47.5981565788491],[-122.33533222265,47.5981538608529],[-122.335331693315,47.5981511420277],[-122.335331158661,47.5981484232727],[-122.335330621453,47.5981457081498],[-122.335330076163,47.5981429895352],[-122.335329528293,47.5981402736535],[-122.335328975105,47.5981375578421],[-122.335328417954,47.5981348429825],[-122.335328117885,47.5981333859799],[-122.335327858118,47.5981321272588],[-122.335327594415,47.5981308703888],[-122.335327289054,47.5981294143557],[-122.335326717278,47.5981266996892],[-122.335324383801,47.5981158470333],[-122.335324369941,47.5981157815448],[-122.335323786844,47.5981131353981],[-122.335323261975,47.5981107556664],[-122.335323189938,47.5981104255615],[-122.335322583648,47.5981077131499],[-122.335321974803,47.5981050043705],[-122.335321570841,47.5981032194829],[-122.335321361866,47.5981022920467],[-122.335320998284,47.5981007081382],[-122.335320741055,47.5980995834252],[-122.335320357621,47.5980979107177],[-122.335320118889,47.5980968739221],[-122.33531984256,47.5980956864887],[-122.33531949018,47.5980941681038],[-122.335318856049,47.5980914587586],[-122.335318219336,47.5980887521463],[-122.335317577254,47.5980860438057],[-122.335317482077,47.5980856492346],[-122.335316278621,47.5980806327132],[-122.33531505796,47.5980756191178],[-122.335314961402,47.5980752227657],[-122.33531444166,47.5980731128488],[-122.335314296848,47.5980725192199],[-122.335313820042,47.5980706066499],[-122.335313622936,47.5980698139983],[-122.335312947747,47.5980671105928],[-122.335312893553,47.5980668918039],[-122.335311935323,47.5980630910144],[-122.335311588166,47.5980617075019],[-122.335310894389,47.5980590052414],[-122.335310200691,47.5980563056787],[-122.335309501571,47.5980536025892],[-122.335309365405,47.598053078116],[-122.335308799818,47.5980509004341],[-122.335308090295,47.5980482055784],[-122.335308054573,47.5980480738076],[-122.335306730498,47.5980430714732],[-122.335306660355,47.5980428070147],[-122.33530593746,47.5980401096367],[-122.335305389191,47.5980380711655],[-122.335305211932,47.5980374131931],[-122.335304710587,47.5980355720163],[-122.335304478402,47.5980347159555],[-122.335303742238,47.5980320196524],[-122.335303000834,47.5980293261172],[-122.335299859681,47.5980180918951],[-122.335299095676,47.5980153986583],[-122.335298325102,47.5980127082071],[-122.335297550513,47.5980100169092],[-122.335296770632,47.5980073265808],[-122.33529598817,47.5980046389853],[-122.335295197627,47.5980019478981],[-122.335294405781,47.5979992577276],[-122.335293607366,47.5979965703427],[-122.335293290771,47.5979955084865],[-122.335292807698,47.5979938856732],[-122.335292540142,47.5979930021917],[-122.335291997291,47.5979911975471],[-122.335291185581,47.5979885103377],[-122.335290370038,47.5979858285766],[-122.335289546362,47.5979831415252],[-122.335289497869,47.5979829820351],[-122.335287952893,47.5979779754202],[-122.335287891267,47.5979777756211],[-122.3352870556,47.5979750878284],[-122.335286392016,47.5979729708144],[-122.335285604291,47.5979704695073],[-122.335285368754,47.5979697277412],[-122.335284521381,47.5979670490991],[-122.335283665954,47.5979643678645],[-122.335282806616,47.5979616893804],[-122.335282223544,47.5979598735719],[-122.335281945949,47.5979590109138],[-122.335281610061,47.5979579718025],[-122.335281078634,47.597956332535],[-122.335280795799,47.5979554726449],[-122.335279326773,47.5979509778041],[-122.335279163467,47.5979504806774],[-122.335278447571,47.597948302281],[-122.335277559063,47.5979456268808],[-122.335276666644,47.5979429542311],[-122.335275771488,47.5979402789187],[-122.335274871092,47.5979376063742],[-122.335274163006,47.5979355142372],[-122.335273966708,47.5979349338824],[-122.335273314359,47.5979330218308],[-122.335273054347,47.5979322614959],[-122.335272463079,47.5979305303588],[-122.335272142063,47.5979295918073],[-122.33527160648,47.5979280389571],[-122.335271221803,47.5979269222239],[-122.335270297555,47.5979242526932],[-122.335269831886,47.5979229103279],[-122.33526936924,47.5979215805173],[-122.335269015571,47.5979205704282],[-122.335268437196,47.5979189173868],[-122.335268143097,47.5979180819348],[-122.335266556948,47.5979135841421],[-122.335265608847,47.5979109176251],[-122.335264659494,47.5979082538234],[-122.335264616158,47.5979081347476],[-122.335263703416,47.5979055874117],[-122.335262742098,47.597902923768],[-122.335261927282,47.5979006819057],[-122.335261774211,47.5979002629099],[-122.335260804942,47.5978976002707],[-122.335259829078,47.5978949395179],[-122.335259120346,47.5978930093188],[-122.335258851884,47.5978922787825],[-122.335258286502,47.5978907533139],[-122.335257866792,47.5978896208503],[-122.335256877633,47.597886960273],[-122.335255884589,47.5978843033453],[-122.335255514234,47.5978833141674],[-122.335254887532,47.5978816455711],[-122.335254580864,47.5978808354741],[-122.335253883904,47.5978789905824],[-122.335253371393,47.5978776380402],[-122.33525287754,47.5978763329309],[-122.335252704896,47.5978758809079],[-122.335251864633,47.5978736789644],[-122.335250849118,47.5978710268314],[-122.335249826878,47.5978683720884],[-122.335248802083,47.5978657209775],[-122.335247771944,47.5978630690376],[-122.335246735158,47.5978604171855],[-122.335245698476,47.5978577689304],[-122.335245468915,47.5978571881151],[-122.335244059888,47.5978536199783],[-122.335243008555,47.5978509710169],[-122.335241951983,47.5978483248236],[-122.335240154916,47.5978438460082],[-122.335240094769,47.5978436974673],[-122.335239828228,47.5978430334767],[-122.335239169406,47.5978414039874],[-122.335238758465,47.5978403910559],[-122.335237681951,47.5978377451258],[-122.335236604289,47.5978351055082],[-122.335235946141,47.5978334993999],[-122.335235522534,47.5978324623461],[-122.335235185029,47.5978316436601],[-122.335234432907,47.5978298228864],[-122.335233339188,47.5978271798822],[-122.335233167711,47.5978267683262],[-122.335230115952,47.5978194606135],[-122.33523003454,47.5978192664733],[-122.335228923719,47.5978166299921],[-122.335228061617,47.5978145929651],[-122.335227810291,47.5978139953446],[-122.335227028479,47.5978121596695],[-122.335226687505,47.5978113590215],[-122.335225562112,47.5978087245319],[-122.335224432835,47.597806093692],[-122.335223298161,47.5978034602246],[-122.335222160881,47.5978008285908],[-122.335221018387,47.5977982006242],[-122.335219870497,47.5977955700301],[-122.335218717366,47.5977929422039],[-122.335218621959,47.597792723959],[-122.335216482979,47.5977878727213],[-122.335216400523,47.5977876884905],[-122.335215235505,47.5977850635201],[-122.335214063841,47.5977824386374],[-122.335213243423,47.5977806016727],[-122.335212890821,47.597779812873],[-122.335212154759,47.5977781799053],[-122.335211708598,47.5977771908285],[-122.335210962659,47.5977755381998],[-122.335210526376,47.597774568784],[-122.335209966849,47.5977733383096],[-122.335209336254,47.5977719495426],[-122.335208142067,47.5977693276561],[-122.335206945376,47.5977667112002],[-122.33520574329,47.5977640921167],[-122.335204537293,47.5977614757837],[-122.33520404229,47.5977604072865],[-122.335202190212,47.5977564185839],[-122.33520210799,47.5977562424465],[-122.335201932208,47.597755866032],[-122.33519993223,47.5977515914071],[-122.335199662915,47.5977510156147],[-122.335198433143,47.5977484049932],[-122.335197197976,47.597745791744],[-122.335195958898,47.5977431812453],[-122.33519471591,47.597740573497],[-122.335193468856,47.5977379631036],[-122.335192215232,47.5977353554957],[-122.335190959027,47.5977327506207],[-122.335190749703,47.5977323179736],[-122.335187243127,47.5977251035264],[-122.33518716119,47.597724937281],[-122.33518588645,47.5977223353494],[-122.335184886032,47.5977202983489],[-122.33518369956,47.597717897664],[-122.335183321096,47.5977171343947],[-122.335182511759,47.5977154969966],[-122.335182038458,47.5977145352662],[-122.33518132002,47.5977130981804],[-122.335180739866,47.5977119363484],[-122.335179860447,47.5977101748299],[-122.335179443959,47.5977093382947],[-122.335178923276,47.5977083016227],[-122.335178140127,47.5977067421448],[-122.335176833714,47.5977041487278],[-122.335176447143,47.5977033810675],[-122.335175525842,47.597701550832],[-122.335174210201,47.5976989602357],[-122.335172887913,47.597696369727],[-122.335172865395,47.5976963268431],[-122.335169184421,47.5976891524813],[-122.335167848942,47.5976865657452],[-122.33516650546,47.5976839782152],[-122.335166382918,47.5976837414366],[-122.33516380661,47.5976788060107],[-122.335161739206,47.5976748678295],[-122.335161568866,47.5976745417211],[-122.335161096001,47.5976736411583],[-122.33516048691,47.5976724905035],[-122.335159727338,47.5976710566594],[-122.335158360185,47.5976684784379],[-122.335156987689,47.5976658993872],[-122.335155608572,47.5976633213235],[-122.335154228177,47.5976607450759],[-122.33515284116,47.5976581698154],[-122.33515145013,47.5976555937081],[-122.335150053885,47.5976530212682],[-122.335149441454,47.5976518931476],[-122.335148653574,47.5976504461831],[-122.335147249405,47.5976478756469],[-122.335146439344,47.5976463974889],[-122.335145842602,47.5976453060451],[-122.335145139474,47.5976440306865],[-122.335144426494,47.5976427365662],[-122.335143748619,47.5976415067542],[-122.335143010359,47.5976401661879],[-122.3351425292,47.5976393008193],[-122.33514158643,47.5976376022098],[-122.335140158434,47.5976350355866],[-122.335138726424,47.5976324681167],[-122.335137290529,47.5976299042965],[-122.335137261105,47.5976298525077],[-122.335134605942,47.5976251340282],[-122.335134406931,47.5976247822097],[-122.33513295782,47.5976222212628],[-122.335131934929,47.5976204193564],[-122.335130592801,47.5976180630074],[-122.335130045129,47.5976171049575],[-122.335128584208,47.5976145495641],[-122.33512789937,47.5976133549287],[-122.335127116537,47.5976119906614],[-122.33512654671,47.5976110023172],[-122.335125645059,47.5976094381061],[-122.335124168185,47.5976068829232],[-122.335122688808,47.597604333171],[-122.335121204035,47.5976017807912],[-122.335119715352,47.5975992311619],[-122.33511822268,47.5975966815852],[-122.335116972439,47.5975945597205],[-122.33511672211,47.5975941348115],[-122.33511559074,47.5975922146891],[-122.335115222869,47.5975915880203],[-122.335114203774,47.5975898715264],[-122.335113713096,47.5975890449665],[-122.335112201968,47.597586501031],[-122.33511002171,47.5975828459162],[-122.335109845632,47.5975825513699],[-122.335109167825,47.5975814160157],[-122.335108620225,47.5975805065437],[-122.335106111236,47.5975763366943],[-122.335104579071,47.5975738011329],[-122.335103041535,47.5975712638432],[-122.335102977291,47.5975711576379],[-122.335100133393,47.5975664893285],[-122.335099951945,47.5975661930538],[-122.335098399941,47.5975636613526],[-122.33509684666,47.5975611314675],[-122.335095839182,47.5975594948854],[-122.335095286576,47.5975585962746],[-122.335094399428,47.5975571659135],[-122.335093721434,47.5975560701445],[-122.335092152277,47.5975535431677],[-122.335090579132,47.5975510162436],[-122.33509006038,47.5975501846565],[-122.335089003355,47.5975484902538],[-122.335087422233,47.597545963435],[-122.335085833394,47.5975434457141],[-122.335084244374,47.5975409216983],[-122.335082647481,47.5975384013849],[-122.335081281999,47.5975362495548],[-122.33508105064,47.5975358828699],[-122.335079806661,47.5975339318478],[-122.335079444518,47.5975333653771],[-122.335077837119,47.5975308497003],[-122.335076224429,47.597528334993],[-122.33507386428,47.5975246678586],[-122.335070854616,47.5975200161305],[-122.335070613847,47.5975196459714],[-122.335068981344,47.5975171360235],[-122.335067830458,47.5975153690918],[-122.335067347538,47.5975146269924],[-122.335065705833,47.5975121207644],[-122.335064061443,47.5975096136723],[-122.33506241184,47.5975071102474],[-122.335061734671,47.5975060891349],[-122.335060754259,47.5975046069277],[-122.335059096757,47.5975021063059],[-122.335058590613,47.5975013429225],[-122.335057436595,47.5974996057191],[-122.335057125246,47.5974991402335],[-122.33505576718,47.5974971070536],[-122.33505409779,47.5974946092875],[-122.335054032528,47.5974945138909],[-122.33505092529,47.5974898913382],[-122.335050743214,47.5974896193612],[-122.335049056619,47.5974871245209],[-122.335047368773,47.5974846323959],[-122.335045675687,47.5974821430389],[-122.335043977206,47.5974796510542],[-122.335042276221,47.5974771645003],[-122.335040569841,47.5974746753187],[-122.335038860957,47.5974721915678],[-122.335037146782,47.5974697087863],[-122.335035425907,47.597467224294],[-122.335033705163,47.597464744298],[-122.335033359669,47.5974642477768],[-122.335031979075,47.5974622634729],[-122.335030249076,47.5974597853983],[-122.335028760864,47.5974576666741],[-122.335028508442,47.597457307464],[-122.335026769241,47.5974548331092],[-122.335025024696,47.5974523579253],[-122.335023274911,47.5974498855094],[-122.335021521164,47.5974474140454],[-122.335019763403,47.5974449417348],[-122.335018001731,47.5974424721745],[-122.335016236175,47.5974400062639],[-122.335015769198,47.5974393557141],[-122.335014129944,47.5974370725559],[-122.335013951254,47.5974368257232],[-122.335010911692,47.5974326124977],[-122.33501083689,47.5974325091306],[-122.335009128905,47.5974301486138],[-122.335008291045,47.5974289973797],[-122.335005871658,47.5974256737768],[-122.335005548993,47.5974252309306],[-122.335003751738,47.5974227726352],[-122.335003625773,47.5974226015732],[-122.335000873501,47.5974188496527],[-122.335000148104,47.597417862462],[-122.334998337658,47.597415407939],[-122.334996524683,47.5974129579475],[-122.334992885414,47.5974080572406],[-122.334991059249,47.5974056110215],[-122.334989229069,47.5974031639558],[-122.334987388124,47.5974007125341],[-122.334985560941,47.5973982771236],[-122.334983973645,47.5973961812975],[-122.334983710924,47.5973958339181],[-122.334981865051,47.5973933960555],[-122.334981453012,47.5973928518337],[-122.334980015008,47.5973909519507],[-122.334978833233,47.5973894049304],[-122.334978157325,47.5973885196416],[-122.334976886987,47.5973868532428],[-122.334975387418,47.5973848938986],[-122.334974433829,47.597383649733],[-122.33497339595,47.5973822960282],[-122.334972566762,47.5973812148489],[-122.334971928438,47.5973803875385],[-122.334970693205,47.597378785448],[-122.334968814251,47.5973763534195],[-122.33496693548,47.5973739276859],[-122.334965050035,47.5973715011407],[-122.334963160602,47.5973690746482],[-122.334961265929,47.5973666509236],[-122.334959368676,47.5973642299318],[-122.334956178088,47.5973601752304],[-122.33495426754,47.5973577544141],[-122.334952700875,47.5973557743647],[-122.334952358503,47.597355339875],[-122.334950956352,47.5973535762589],[-122.334950438804,47.5973529245771],[-122.334948517854,47.5973505119944],[-122.334946591612,47.5973481003812],[-122.334944660027,47.5973456879389],[-122.334942725886,47.5973432791287],[-122.334940787809,47.5973408721697],[-122.334940418121,47.5973404128515],[-122.334938845744,47.5973384652632],[-122.334936899795,47.5973360620065],[-122.334935100296,47.5973338484332],[-122.334934945842,47.5973336579557],[-122.334932990664,47.5973312575196],[-122.334931540186,47.5973294783482],[-122.334931032802,47.5973288562192],[-122.334929753562,47.5973272960912],[-122.334929065737,47.5973264586387],[-122.334927100053,47.5973240628391],[-122.334925126419,47.5973216680441],[-122.334923950809,47.597320242389],[-122.33492315143,47.5973192723673],[-122.334922574115,47.5973185773935],[-122.334921168567,47.5973168803929],[-122.334919185783,47.5973144911162],[-122.334918965309,47.5973142250434],[-122.334917200314,47.5973121009753],[-122.334915205643,47.5973097145542],[-122.334913523842,47.5973077081362],[-122.334913207061,47.5973073308836],[-122.33491120582,47.5973049472481],[-122.334909879531,47.5973033697487],[-122.33490920325,47.59730256363],[-122.334908052109,47.5973012024236],[-122.334907192781,47.597300182815],[-122.334906222055,47.5972990360329],[-122.334905177046,47.5972978038687],[-122.334903160008,47.5972954258392],[-122.33490113773,47.5972930505777],[-122.334899111464,47.5972906753687],[-122.334898108027,47.5972895011304],[-122.334897083947,47.5972883028751],[-122.334895049782,47.5972859304692],[-122.334893010377,47.5972835608312],[-122.334564739325,47.5969059753963],[-122.334394777994,47.5967105076583],[-122.334392482254,47.596578471835],[-122.334408419613,47.5965784837391],[-122.334419372123,47.5965784912493],[-122.334515154513,47.5965785614294],[-122.334703350363,47.5965786974322],[-122.334750402982,47.596578731336],[-122.334774253344,47.5966061640712],[-122.334789371307,47.5966235518803],[-122.334824179749,47.596663584726],[-122.334857821762,47.5967022772478],[-122.33494746519,47.5968053757019],[-122.334971574365,47.5968331054513],[-122.335062380592,47.5969375387838],[-122.335024469473,47.5969524707661],[-122.335272182643,47.5972405927264],[-122.335376854842,47.5973623374429],[-122.335479242336,47.5975115377077],[-122.335535761477,47.59759382886],[-122.335536668861,47.5976000610618],[-122.335538684945,47.5976144776565],[-122.335547721521,47.5976934721306],[-122.33555337968,47.5977726102397],[-122.335555695417,47.5978714124685],[-122.335555179497,47.5979209985147],[-122.335554947841,47.5979432929772],[-122.335609220066,47.5979439868771],[-122.335570580665,47.599618551007],[-122.335551921044,47.6006156600341],[-122.335551921583,47.6008138222174],[-122.335598568291,47.6009899649691],[-122.335668540814,47.6011881243704],[-122.33579062477,47.6013897121539],[-122.336039444449,47.6017097938346],[-122.33763540897,47.603434311932],[-122.339446740983,47.6054063906272],[-122.340968301332,47.6070873361214],[-122.341359031142,47.6074769968706],[-122.341498720906,47.6075809187987],[-122.341621551205,47.6076750981748],[-122.34176605817,47.6077936339669],[-122.341944505042,47.6079421425962],[-122.342070643578,47.6080299281983],[-122.342152021696,47.6081314298349],[-122.342586568739,47.608613590892],[-122.342693483612,47.608634790692],[-122.342809239184,47.608631074457],[-122.34283488624,47.608607248992],[-122.342248519963,47.6079749737391],[-122.342183946256,47.6079067966885],[-122.342142522425,47.6078607974779],[-122.341613833651,47.6075516156701],[-122.341499120377,47.6074666918381],[-122.341395653455,47.6073832849129],[-122.34130568082,47.6072983613344],[-122.340868088679,47.6068180172493],[-122.340180157865,47.6060542556025],[-122.339101895987,47.6048600342101],[-122.338640619686,47.6043445455236],[-122.338127201789,47.6037787989676],[-122.33810333867,47.6037365639722],[-122.338095880322,47.6036943279094],[-122.338092898377,47.6036641593728],[-122.33810333869,47.6036138779734],[-122.338109304782,47.6035686251908],[-122.338088423339,47.6035223663883],[-122.337979361175,47.6034005650415],[-122.336765817326,47.6021117332232],[-122.336350612236,47.6016336669766],[-122.336253378678,47.6015140755761],[-122.336140890018,47.6013558593963],[-122.336060372356,47.601233354505],[-122.336012887346,47.601134513776],[-122.335975725102,47.6010092240305],[-122.335951378468,47.6008513224192],[-122.335939941691,47.6007305057892],[-122.335939941714,47.600601976892],[-122.335951243746,47.6001392416117],[-122.335954288063,47.5995611793996],[-122.335951267159,47.5990255841575],[-122.335952390768,47.5979483759905],[-122.336203318247,47.5979515843624],[-122.336206771476,47.5982583152463],[-122.336092762574,47.5982584449381],[-122.336092715304,47.5983677282394],[-122.336092310625,47.5993450874597],[-122.336091841499,47.6001378504944],[-122.336100072955,47.6005906866765],[-122.33612905911,47.6007493213301],[-122.336208981402,47.6007493450992],[-122.33621975376,47.6007493476306],[-122.336233877779,47.6007808038867],[-122.336311394082,47.6009534502164],[-122.336342853634,47.6010235171491],[-122.336313386734,47.6010235088144],[-122.336230203958,47.6010234841044],[-122.336229759724,47.6010234845752],[-122.336260759054,47.6010828802399],[-122.336294769851,47.6011415171509],[-122.336349197541,47.6012248298392],[-122.336409702518,47.6013062023624],[-122.336493291071,47.6014044876579],[-122.336553983931,47.6014708235434],[-122.336593837453,47.6015143813821],[-122.336604603958,47.6015254113619],[-122.336827697736,47.6017693159809],[-122.337366493762,47.602358363408],[-122.338437573881,47.6035294069159],[-122.338787998893,47.6039131247178],[-122.339322627576,47.6044973229118],[-122.340377409129,47.6056498432309],[-122.340557839861,47.6058459295608],[-122.34087734796,47.6061961454855],[-122.340972705135,47.6063003450291],[-122.340973462087,47.6063011734353],[-122.340974910001,47.6063027564544],[-122.340981639787,47.6063101097515],[-122.340986688131,47.6063156249358],[-122.341106153125,47.6064461684583],[-122.341225624037,47.6065767117847],[-122.341278313458,47.6066342929128],[-122.341292101533,47.6066493585616],[-122.341292351541,47.6066496314283],[-122.341294488909,47.6066519618779],[-122.341296624921,47.6066542914459],[-122.341298764923,47.6066566209609],[-122.341300904847,47.606658947778],[-122.34130276165,47.6066609607852],[-122.341303050089,47.6066612745247],[-122.341305195306,47.606663600372],[-122.341307345842,47.6066659261488],[-122.341309497603,47.6066682483109],[-122.341311649391,47.6066705713722],[-122.34131230295,47.6066712743016],[-122.341313811791,47.6066728933932],[-122.341315249454,47.6066744432586],[-122.341315963501,47.6066752137567],[-122.341317973403,47.6066773686721],[-122.341318125797,47.6066775321805],[-122.341320289449,47.606679851486],[-122.341322454352,47.606682168076],[-122.341324624601,47.6066844854947],[-122.341326796075,47.6066867992987],[-122.341328967576,47.606689114002],[-122.341331143013,47.6066914268538],[-122.341333322441,47.6066937396527],[-122.341335503146,47.6066960506354],[-122.341337685128,47.6066983598019],[-122.341339872456,47.6067006697971],[-122.341342059706,47.6067029770945],[-122.341346112811,47.6067072424022],[-122.341348308013,47.6067095486945],[-122.341350504494,47.6067118531705],[-122.3413518763,47.6067132878587],[-122.341352706215,47.6067141548783],[-122.341354906607,47.6067164566036],[-122.341357110936,47.6067187564774],[-122.341359317951,47.6067210572153],[-122.341361528877,47.6067233552024],[-122.341363739777,47.6067256522902],[-122.341365956022,47.6067279502068],[-122.341368170807,47.6067302436446],[-122.341370390964,47.6067325388104],[-122.341372613728,47.6067348321424],[-122.341374836466,47.6067371245751],[-122.341377064394,47.6067394124409],[-122.341379292451,47.606741704803],[-122.341381523038,47.6067439926334],[-122.341383756284,47.6067462804286],[-122.341385994824,47.606748567254],[-122.341388230652,47.606750852316],[-122.341390473129,47.6067531372899],[-122.34139271691,47.6067554213469],[-122.341394961929,47.6067577022388],[-122.341397216309,47.6067599848057],[-122.341399359894,47.6067621622374],[-122.34139945996,47.6067622643662],[-122.341401714249,47.6067645437857],[-122.341403140812,47.606765985844],[-122.341403969842,47.6067668222882],[-122.341406226687,47.6067690980752],[-122.341408486217,47.6067713747263],[-122.341410749685,47.6067736495258],[-122.341413015786,47.6067759233909],[-122.341415283165,47.6067781954397],[-122.341417551874,47.6067804674708],[-122.34141982319,47.6067827376682],[-122.34142209847,47.6067850069133],[-122.341424377713,47.6067872752063],[-122.341426656852,47.6067895399021],[-122.341428937425,47.6067918081774],[-122.341431221883,47.6067940728026],[-122.341433507645,47.606796336511],[-122.341434578553,47.6067973946515],[-122.3414357987,47.6067985992495],[-122.34143708051,47.6067998660029],[-122.34143808707,47.6068008611239],[-122.341440382037,47.6068031211117],[-122.341442678307,47.6068053801826],[-122.341444977211,47.6068076383188],[-122.341447277419,47.6068098955381],[-122.34144958026,47.6068121518229],[-122.341451887065,47.6068144071555],[-122.341454195147,47.6068166606719],[-122.341456505837,47.6068189123544],[-122.341458819213,47.6068211649009],[-122.341461133814,47.6068234138327],[-122.341463453761,47.6068256635932],[-122.341465008631,47.6068271723205],[-122.3414657717,47.6068279129305],[-122.34146809222,47.6068301595347],[-122.341470420016,47.6068324046929],[-122.341472746481,47.6068346498688],[-122.341475820647,47.6068376102195],[-122.341478153018,47.6068398526181],[-122.341480487333,47.6068420931917],[-122.34148282428,47.6068443328308],[-122.341485163888,47.6068465724346],[-122.341487507381,47.6068488083884],[-122.3414898509,47.6068510452414],[-122.341492198382,47.6068532811422],[-122.341494545812,47.6068555152444],[-122.341496897232,47.6068577492937],[-122.341499252537,47.6068599796931],[-122.341501607868,47.6068622109916],[-122.341503967162,47.606864441338],[-122.341506326405,47.6068666698858],[-122.34150869094,47.6068688974637],[-122.341511056753,47.6068711232255],[-122.3415134252,47.6068733480527],[-122.341515796307,47.6068755728445],[-122.341518167361,47.6068777958379],[-122.341520543657,47.6068800160628],[-122.341521819344,47.6068812091284],[-122.341522920005,47.6068822380862],[-122.341525298908,47.6068844564773],[-122.341527681801,47.6068866748155],[-122.341530067327,47.6068888922191],[-122.341532452827,47.6068911087233],[-122.341533581934,47.6068921552962],[-122.341534843594,47.6068933233586],[-122.341537231676,47.6068955371297],[-122.341539627711,47.6068977498957],[-122.341542023719,47.6068999617625],[-122.341542865583,47.6069007359626],[-122.341544422205,47.6069021672991],[-122.34154656523,47.6069041414237],[-122.341546822204,47.6069043791128],[-122.341549226087,47.6069065872766],[-122.341551632604,47.6069087945058],[-122.341554039095,47.6069110008357],[-122.341556448167,47.6069132044325],[-122.341558862533,47.6069154070595],[-122.34156017973,47.6069166094702],[-122.341561275543,47.6069176088048],[-122.341563693846,47.6069198095802],[-122.341566113453,47.6069220094387],[-122.341568534337,47.6069242074811],[-122.341570960567,47.6069264063521],[-122.34157338406,47.6069286025605],[-122.341575553238,47.6069305610445],[-122.341575814149,47.6069307968822],[-122.341578245568,47.6069329911863],[-122.341580678265,47.6069351836741],[-122.341583113595,47.6069373752274],[-122.341585556904,47.6069395666748],[-122.341587992131,47.6069417546309],[-122.341590435362,47.6069439433804],[-122.341592879845,47.6069461294145],[-122.341595326987,47.6069483154133],[-122.341597775382,47.6069504986966],[-122.341600229095,47.6069526819093],[-122.341602049239,47.6069543013687],[-122.341602681479,47.6069548651396],[-122.341605137774,47.6069570456192],[-122.341607596703,47.6069592251642],[-122.341610059569,47.6069614028578],[-122.341612519776,47.6069635805865],[-122.341614986605,47.6069657573278],[-122.341617503834,47.606967974783],[-122.341619971889,47.6069701479095],[-122.341622446593,47.6069723209478],[-122.341624921193,47.606974490389],[-122.341627397202,47.6069766625104],[-122.341629877095,47.6069788309817],[-122.341632359596,47.6069809976192],[-122.341634843479,47.6069831660375],[-122.341637329891,47.6069853299242],[-122.341639817686,47.6069874955918],[-122.341642309339,47.60698965671],[-122.341644801045,47.6069918196268],[-122.341647296662,47.6069939797928],[-122.341649794886,47.606996138125],[-122.341652294441,47.6069982964395],[-122.341654801948,47.607000453749],[-122.341657175884,47.6070025003778],[-122.341657302754,47.607002609348],[-122.341659808854,47.6070047639771],[-122.341662320246,47.6070069176365],[-122.341664830257,47.6070090695148],[-122.341667342875,47.6070112195594],[-122.341669858153,47.6070133695686],[-122.341672377369,47.6070155177263],[-122.341674900469,47.6070176622341],[-122.341677421041,47.6070198112733],[-122.341679946775,47.6070219548465],[-122.341682473865,47.6070240993012],[-122.341685002233,47.6070262419397],[-122.341687533209,47.6070283827443],[-122.341690068173,47.607030523496],[-122.34169260439,47.6070326615322],[-122.341695143267,47.6070347995331],[-122.341697683395,47.6070369348186],[-122.341700226182,47.6070390700687],[-122.341702772881,47.6070412025681],[-122.34170531958,47.6070433350674],[-122.341707871599,47.6070454674962],[-122.341710422209,47.6070475972447],[-122.341712978139,47.6070497269227],[-122.341715532635,47.6070518530212],[-122.341718092476,47.6070539799484],[-122.341720653595,47.6070561050593],[-122.341723216017,47.6070582292534],[-122.341725782404,47.6070603524951],[-122.341728350041,47.6070624730215],[-122.341730920339,47.6070645935125],[-122.341733491862,47.6070667103888],[-122.341736071416,47.6070688289578],[-122.341738642965,47.6070709467332],[-122.341741222363,47.6070730599064],[-122.341743804473,47.6070751748429],[-122.341746387861,47.6070772879632],[-122.34174897117,47.6070793983856],[-122.341751561128,47.6070815087198],[-122.341752607463,47.6070823611726],[-122.341754151061,47.6070836181547],[-122.341756744904,47.6070857248388],[-122.341759336089,47.6070878315582],[-122.3417619352,47.6070899363732],[-122.341764534285,47.6070920402889],[-122.341767134674,47.6070941432875],[-122.341772342635,47.6070983446915],[-122.341774950234,47.607100443996],[-122.341777561079,47.6071025405586],[-122.341780173228,47.6071046362042],[-122.341782788037,47.6071067318145],[-122.341785405453,47.607108825591],[-122.341788022843,47.6071109184682],[-122.341790645474,47.6071130085769],[-122.341793268106,47.6071150986856],[-122.341795894727,47.6071171887414],[-122.341798522599,47.6071192760817],[-122.341801153079,47.6071213615881],[-122.341803783534,47.6071234461952],[-122.341806419307,47.6071255307318],[-122.341809055002,47.6071276125705],[-122.341811693358,47.6071296943738],[-122.341814336954,47.6071317734088],[-122.34181697922,47.6071338524614],[-122.341819624068,47.6071359287808],[-122.341822270246,47.6071380050826],[-122.341824920387,47.6071400804321],[-122.341827571832,47.6071421548647],[-122.341830227162,47.6071442256473],[-122.341832102544,47.6071456851398],[-122.341835541787,47.6071483662601],[-122.341837622598,47.6071499831596],[-122.341838203714,47.6071504351558],[-122.34184086426,47.6071525022705],[-122.341843530072,47.6071545675162],[-122.341846197189,47.6071566318449],[-122.341848868243,47.6071586943221],[-122.341851539297,47.6071607567992],[-122.341854212958,47.6071628174425],[-122.34185688928,47.6071648780504],[-122.34185803347,47.6071657561932],[-122.341859566748,47.6071669323459],[-122.341861336823,47.6071682924779],[-122.341862247033,47.6071689920015],[-122.341864929873,47.6071710480249],[-122.341866114738,47.6071719526165],[-122.34186762064,47.6071731021438],[-122.34187030335,47.6071751536706],[-122.341872992736,47.6071772060085],[-122.341875680713,47.6071792556662],[-122.341878375339,47.6071813052357],[-122.341881071218,47.6071833520896],[-122.341883769781,47.6071853998076],[-122.341886469545,47.6071874430115],[-122.341889170664,47.607189487097],[-122.341891874391,47.6071915293486],[-122.341894580752,47.6071935706657],[-122.34189729105,47.6071956101312],[-122.341900001322,47.6071976486974],[-122.341902712898,47.6071996863467],[-122.341905428385,47.6072017212452],[-122.341908145228,47.6072037570252],[-122.341910864626,47.6072057891729],[-122.341913584077,47.6072078231191],[-122.341916310046,47.6072098524807],[-122.34191903466,47.6072118809606],[-122.341921764593,47.60721390937],[-122.341924494448,47.6072159350815],[-122.341927225633,47.6072179607752],[-122.341929959477,47.6072199864337],[-122.341932695903,47.607222009359],[-122.341935433581,47.6072240295688],[-122.341938176578,47.6072260497081],[-122.34194182207,47.6072287325886],[-122.341944568979,47.607230749977],[-122.341947315809,47.6072327646676],[-122.341950065299,47.6072347793228],[-122.341952817423,47.6072367930434],[-122.341955570824,47.6072388049478],[-122.341958326833,47.6072408150184],[-122.341961085476,47.6072428241543],[-122.341963846752,47.6072448323557],[-122.34196660928,47.6072468378416],[-122.341969373112,47.6072488424105],[-122.341974632848,47.6072526490899],[-122.341977403225,47.6072546499734],[-122.341980176235,47.6072566499223],[-122.341982951853,47.6072586480373],[-122.341985730118,47.6072606456675],[-122.341988508304,47.6072626405997],[-122.341991290467,47.6072646350293],[-122.341994072578,47.6072666276604],[-122.341996687509,47.6072684974622],[-122.341996859983,47.6072686193215],[-122.341999646031,47.6072706101009],[-122.342002437347,47.6072725990113],[-122.342005227945,47.6072745861319],[-122.342008022507,47.6072765723002],[-122.342010819012,47.6072785566435],[-122.3420123402,47.6072796366963],[-122.342013615543,47.607280541886],[-122.342016417289,47.6072825234609],[-122.342019219035,47.6072845050356],[-122.342022024719,47.6072864847589],[-122.34202483168,47.6072884626659],[-122.342027638615,47.6072904396736],[-122.342030449488,47.6072924148299],[-122.342033262994,47.6072943890515],[-122.342036077804,47.6072963623561],[-122.342038895169,47.6072983320284],[-122.342041713891,47.6073003025822],[-122.34204453655,47.6073022712846],[-122.342047359182,47.6073042390876],[-122.342050181763,47.607306205092],[-122.342053010941,47.6073081692096],[-122.342055841449,47.6073101333095],[-122.342058671878,47.6073120947116],[-122.342061506245,47.6073140542622],[-122.342064340639,47.6073160147119],[-122.342067178917,47.6073179715117],[-122.342070019881,47.6073199291754],[-122.342072862071,47.6073218832243],[-122.342075705616,47.6073238381548],[-122.342078551692,47.6073257885536],[-122.342081397767,47.6073277389523],[-122.342084251716,47.6073296856482],[-122.34208710186,47.6073316386917],[-122.342089955758,47.6073335835888],[-122.342092813697,47.6073355302315],[-122.342095671506,47.6073374723778],[-122.342098530724,47.6073394172042],[-122.342101392445,47.6073413565997],[-122.342104258207,47.6073432977408],[-122.342107125221,47.6073452361663],[-122.342109993513,47.6073471727756],[-122.342112864464,47.6073491093496],[-122.342115737997,47.6073510431904],[-122.342118611504,47.6073529761319],[-122.342121488949,47.6073549072219],[-122.342124367697,47.6073568373949],[-122.342127767259,47.6073591124091],[-122.342130649919,47.6073610398313],[-122.342133535186,47.6073629654197],[-122.342136423087,47.6073648900734],[-122.342139184767,47.607366728239],[-122.342139310936,47.6073668129285],[-122.342142204078,47.6073687348137],[-122.342145095812,47.6073706540187],[-122.342147992865,47.6073725731531],[-122.342150889867,47.6073744904889],[-122.342153788172,47.6073764069077],[-122.342156690389,47.6073783205758],[-122.342159596516,47.6073802314931],[-122.342162501393,47.6073821451257],[-122.342165407521,47.6073840560429],[-122.34216831756,47.6073859642092],[-122.34217123026,47.6073878723403],[-122.342174142907,47.6073897786727],[-122.342177059491,47.6073916831536],[-122.34217997605,47.6073935867352],[-122.342182897875,47.6073954884476],[-122.342185819675,47.6073973892608],[-122.342188741423,47.6073992882753],[-122.342191667108,47.6074011854382],[-122.342194596782,47.6074030825483],[-122.342197526379,47.6074049769605],[-122.342200455949,47.6074068704733],[-122.342203390787,47.6074087621169],[-122.342206326876,47.6074106510451],[-122.342209264374,47.6074125426534],[-122.342212203045,47.6074144288484],[-122.342215144375,47.607416315008],[-122.34221808568,47.6074182002682],[-122.342219466732,47.6074190806641],[-122.342221034911,47.6074200836241],[-122.342222947285,47.6074213042233],[-122.342223981457,47.6074219661159],[-122.342225508859,47.6074229390299],[-122.34222693327,47.6074238467385],[-122.342229883676,47.607425724681],[-122.342232836793,47.6074276043866],[-122.342235793769,47.6074294795429],[-122.342238752075,47.6074313546815],[-122.342241710355,47.6074332289207],[-122.342244671217,47.6074351004268],[-122.342247636016,47.6074369700814],[-122.342250602118,47.6074388388191],[-122.342253568222,47.6074407075566],[-122.342256536932,47.6074425744603],[-122.342259509528,47.6074444377139],[-122.342262483479,47.6074463018491],[-122.342265457405,47.6074481650849],[-122.342268433913,47.6074500255877],[-122.342271415661,47.6074518833219],[-122.342274396106,47.6074537419731],[-122.342277379106,47.6074555969918],[-122.342280363436,47.6074574519928],[-122.342283351756,47.6074593069408],[-122.342286339971,47.6074611582917],[-122.34228933082,47.6074630087079],[-122.342292324303,47.6074648581896],[-122.342295317707,47.6074667049734],[-122.342298315102,47.6074685517042],[-122.342301315077,47.6074703957018],[-122.342304321702,47.6074722396112],[-122.34230731894,47.6074740809462],[-122.342310324105,47.6074759203767],[-122.342313329296,47.6074777607065],[-122.342314679427,47.6074785839362],[-122.342316338372,47.6074795973862],[-122.342319350056,47.607481432232],[-122.342322363095,47.6074832679594],[-122.342325376057,47.6074851009889],[-122.342328392982,47.6074869330661],[-122.342332299427,47.6074893012087],[-122.342339402971,47.6074893014581],[-122.342432107203,47.6075441302441],[-122.342802925927,47.6077634392364],[-122.342795230426,47.6077634405713],[-122.342796108926,47.6077639632853],[-122.342958226034,47.6078598420947],[-122.343121228922,47.6079562441956],[-122.34328423373,47.6080526455954],[-122.343447235152,47.6081490468146],[-122.343473139698,47.6081643652232],[-122.343473262871,47.6081644382561],[-122.343610239825,47.6082454473151],[-122.343773243746,47.6083418467003],[-122.343854749322,47.6083900485093],[-122.343876996287,47.6084032050424],[-122.343936253694,47.6084382493783],[-122.344099224536,47.6085346586471],[-122.344262197363,47.6086310694631],[-122.344425169413,47.6087274782647],[-122.344491011119,47.6087668964974],[-122.344495340636,47.6087694883502],[-122.344588280605,47.6088251300537],[-122.34475139645,47.6089227833542],[-122.344758169513,47.608922665498],[-122.344762691554,47.6089225874382],[-122.345222336265,47.6091944938917],[-122.345220551019,47.6091944942229],[-122.345214636538,47.6091944945439],[-122.345217669879,47.609196289445],[-122.345392748243,47.609299829191],[-122.345518764642,47.6093743515504]]]},"properties":{"NAME":"ALASKAN WAY BOULEVARD"}},{"type":"Feature","geometry":{"type":"Polygon","coordinates":[[[-122.32090831065,47.6050818083783],[-122.320908233424,47.6048840851547],[-122.321038524471,47.6050274510167],[-122.32090831065,47.6050818083783]]]},"properties":{"NAME":"BOREN PLACE"}},{"type":"Feature","geometry":{"type":"Polygon","coordinates":[[[-122.330527994083,47.6093128934694],[-122.330429601863,47.6092049370698],[-122.330493703678,47.609178043719],[-122.330527994083,47.6093128934694]]]},"properties":{"NAME":"JIM ELLIS FREEWAY PARK"}},{"type":"Feature","geometry":{"type":"Polygon","coordinates":[[[-122.343884497577,47.6084030861159],[-122.343876995609,47.6084032046016],[-122.343854749309,47.6083900480597],[-122.343773245102,47.6083418475819],[-122.343610239799,47.6082454464158],[-122.343447236456,47.6081490458977],[-122.343284232387,47.6080526451635],[-122.343121230252,47.6079562441779],[-122.342958227364,47.6078598420771],[-122.342795225107,47.6077634406418],[-122.342802928638,47.6077634409996],[-122.34296592958,47.6078598424415],[-122.343128932456,47.607956243632],[-122.343291934605,47.6080526446065],[-122.343454938688,47.6081490453297],[-122.343617942072,47.6082454467361],[-122.343780947363,47.6083418469919],[-122.343862451604,47.6083900483634],[-122.343884497577,47.6084030861159]]]},"properties":{"NAME":"SEATTLE AQUARIUM"}},{"type":"Feature","geometry":{"type":"Polygon","coordinates":[[[-122.350708887054,47.6140678502525],[-122.350617342164,47.614013698892],[-122.350525266834,47.6139592351703],[-122.350625306188,47.6138818553452],[-122.350717376087,47.6139363163592],[-122.350937312836,47.6137661815566],[-122.351028866749,47.613820326241],[-122.350824717203,47.6139782489731],[-122.350763347189,47.6140257221159],[-122.350708887054,47.6140678502525]]]},"properties":{"NAME":"BELLTOWN COTTAGE PARK"}},{"type":"Feature","geometry":{"type":"Polygon","coordinates":[[[-122.329815640705,47.6018246084805],[-122.329832571811,47.6018181874779],[-122.329849661506,47.6018119623003],[-122.329866903116,47.6018059321357],[-122.330172433277,47.6018064638424],[-122.329902284349,47.6019194118825],[-122.329815640705,47.6018246084805]]]},"properties":{"NAME":"CITY HALL PARK"}},{"type":"Feature","geometry":{"type":"Polygon","coordinates":[[[-122.350824717203,47.6139782489731],[-122.351028866749,47.613820326241],[-122.351212486874,47.6139289180296],[-122.351208365096,47.6139321054577],[-122.35100827247,47.6140868023744],[-122.350824717203,47.6139782489731]]]},"properties":{"NAME":"BELLTOWN P-PATCH"}},{"type":"Feature","geometry":{"type":"Polygon","coordinates":[[[-122.330228405909,47.6113733444298],[-122.330161943983,47.6113006740241],[-122.330143672942,47.6112806920962],[-122.329907680445,47.611022587113],[-122.329908635816,47.6110211135857],[-122.329909591135,47.6110196382599],[-122.329910543795,47.6110181629691],[-122.329911495124,47.6110166876958],[-122.329912446428,47.6110152115232],[-122.329913395072,47.6110137353855],[-122.32991434369,47.6110122583486],[-122.329915290978,47.6110107813291],[-122.329916235607,47.6110093043447],[-122.32991718021,47.611007826461],[-122.329918122152,47.6110063486122],[-122.329919064069,47.6110048698642],[-122.329920004656,47.6110033911336],[-122.329920943888,47.6110019115212],[-122.329921881789,47.6110004319264],[-122.329922818335,47.6109989514498],[-122.329923753551,47.6109974709906],[-122.329924687436,47.6109959905489],[-122.329925619967,47.6109945092254],[-122.329926551167,47.6109930279195],[-122.329927481011,47.6109915457317],[-122.329928409526,47.6109900635614],[-122.329929336685,47.6109885805093],[-122.329930263844,47.6109870974573],[-122.329931188343,47.6109856144402],[-122.329932111486,47.6109841305413],[-122.329933034629,47.6109826466424],[-122.329933955087,47.6109811618792],[-122.329934874215,47.6109796771335],[-122.329935793343,47.6109781923878],[-122.329936709785,47.6109767067778],[-122.329937626201,47.6109752202685],[-122.329938539958,47.6109737337942],[-122.329939453714,47.6109722473199],[-122.329940366141,47.6109707608631],[-122.329941275882,47.610969273542],[-122.329942185597,47.6109677853216],[-122.329943093982,47.6109662971187],[-122.329944001038,47.6109648089332],[-122.329944906737,47.610963319866],[-122.329945811107,47.6109618308163],[-122.329946712791,47.6109603409023],[-122.329947614475,47.6109588509883],[-122.32994851483,47.6109573610917],[-122.329949413828,47.6109558703134],[-122.329950311497,47.6109543795525],[-122.329951207809,47.6109528879099],[-122.329952104122,47.6109513962673],[-122.329952997775,47.6109499046596],[-122.329953890073,47.6109484121701],[-122.329954781014,47.610946918799],[-122.329955670652,47.6109454263444],[-122.329956560238,47.6109439320915],[-122.32995744719,47.6109424387727],[-122.329958332786,47.6109409445721],[-122.329959218382,47.6109394503716],[-122.329960101292,47.6109379553067],[-122.329960984177,47.6109364593426],[-122.329961864428,47.6109349643127],[-122.329962743323,47.610933468401],[-122.329963622192,47.61093197159],[-122.329964498427,47.6109304757134],[-122.329965374611,47.6109289780381],[-122.32996624949,47.6109274812796],[-122.329967121684,47.6109259836568],[-122.329967993852,47.6109244851347],[-122.32996886469,47.6109229866302],[-122.329969732869,47.6109214881606],[-122.329970601021,47.6109199887917],[-122.329971467844,47.6109184894403],[-122.329972333336,47.6109169901064],[-122.329973196144,47.6109154899083],[-122.329974058951,47.61091398971],[-122.329974920402,47.61091248863],[-122.329975780523,47.6109109875676],[-122.329976639289,47.6109094856233],[-122.329977496751,47.6109079845957],[-122.329978352831,47.6109064817871],[-122.329979207607,47.6109049798953],[-122.329980061027,47.6109034771217],[-122.329980913092,47.6109019734663],[-122.329981763827,47.6109004698284],[-122.329982613232,47.610898966208],[-122.329983461281,47.6108974617058],[-122.32998430933,47.6108959572035],[-122.329985154719,47.6108944527363],[-122.329985998753,47.6108929473873],[-122.329986841456,47.6108914420557],[-122.329987684134,47.6108899358249],[-122.329988524152,47.6108884296291],[-122.32998936284,47.6108869234508],[-122.329990200173,47.6108854163906],[-122.329991037505,47.6108839093305],[-122.329991872178,47.6108824023054],[-122.329992706825,47.6108808943809],[-122.329993538786,47.6108793855922],[-122.329994370773,47.6108778777027],[-122.329995200049,47.6108763680497],[-122.32999602802,47.6108748593134],[-122.329996855966,47.6108733496779],[-122.329997681252,47.6108718400773],[-122.329998506512,47.6108703295775],[-122.329999330442,47.6108688190951],[-122.330000151712,47.6108673086477],[-122.330000972957,47.6108657973011],[-122.330001791542,47.6108642859895],[-122.330002610101,47.6108627737785],[-122.33000342733,47.610861261585],[-122.330004241899,47.6108597494266],[-122.330005056443,47.6108582363688],[-122.330005869656,47.6108567233285],[-122.33000668021,47.6108552103232],[-122.330007490738,47.6108536964187],[-122.330008299936,47.6108521825316],[-122.330009107778,47.6108506677627],[-122.330009914291,47.6108491530114],[-122.330010719473,47.6108476382775],[-122.33001152197,47.6108461226793],[-122.330012324467,47.6108446070811],[-122.330013125634,47.6108430915004],[-122.330013925446,47.6108415750379],[-122.330014723927,47.6108400585929],[-122.330015521053,47.6108385412661],[-122.330016316849,47.6108370239569],[-122.330017111315,47.610835506665],[-122.330017904425,47.6108339884915],[-122.330018696205,47.6108324703353],[-122.330019485326,47.6108309522142],[-122.33002027575,47.6108294331763],[-122.330021063515,47.6108279141734],[-122.330021849924,47.6108263942887],[-122.330022635004,47.6108248744215],[-122.330023418753,47.6108233545718],[-122.330024201172,47.6108218347396],[-122.330024982236,47.6108203140256],[-122.330025761944,47.6108187924298],[-122.330026540348,47.6108172717508],[-122.330027317396,47.6108157501899],[-122.330028093089,47.6108142277473],[-122.330028868781,47.6108127053047],[-122.330029641814,47.6108111828971],[-122.330030413517,47.610809660507],[-122.330031183864,47.610808137235],[-122.330031952882,47.6108066139806],[-122.330032720543,47.6108050898444],[-122.330033488205,47.6108035657082],[-122.330034253206,47.6108020416069],[-122.330035016853,47.6108005166239],[-122.330035779169,47.6107989916583],[-122.330036541485,47.6107974666928],[-122.330037301115,47.610795940863],[-122.330038059416,47.6107944150506],[-122.330038817691,47.610792888339],[-122.330039573332,47.6107913625617],[-122.330040327591,47.6107898350032],[-122.330041081877,47.6107883083441],[-122.330041833476,47.6107867808206],[-122.330042583746,47.6107852533147],[-122.33004333399,47.6107837249094],[-122.330044081574,47.6107821965392],[-122.330044827828,47.6107806681864],[-122.330045574056,47.6107791389344],[-122.330046317651,47.6107776106166],[-122.330047059864,47.6107760805178],[-122.330047802103,47.6107745513182],[-122.330048541656,47.6107730212543],[-122.330049281183,47.6107714902912],[-122.330050018051,47.610769959363],[-122.330050753588,47.6107684284524],[-122.330051489126,47.6107668975417],[-122.330052221978,47.6107653657667],[-122.33005295483,47.6107638339917],[-122.330053685023,47.6107623022518],[-122.330054415189,47.6107607696125],[-122.330055142696,47.6107592370082],[-122.330055868873,47.6107577044214],[-122.330056595024,47.6107561709354],[-122.330057319845,47.6107546374668],[-122.33005804198,47.6107531031339],[-122.330058762812,47.6107515697178],[-122.330059483592,47.6107500345032],[-122.330060201738,47.6107485002228],[-122.330060919858,47.6107469650431],[-122.330061635318,47.6107454298984],[-122.330062350752,47.6107438938544],[-122.330063063553,47.6107423587447],[-122.330063776328,47.6107408227357],[-122.330064486417,47.6107392858624],[-122.330065196506,47.6107377489892],[-122.330065903935,47.6107362121509],[-122.330066611365,47.6107346753125],[-122.330067316108,47.61073313761],[-122.330068020852,47.6107315999073],[-122.330076618768,47.6107127767822],[-122.330078096674,47.6107110624822],[-122.330078604438,47.6107093366539],[-122.330079110847,47.6107076099437],[-122.330079615952,47.6107058841503],[-122.330080118371,47.6107041574926],[-122.33008061946,47.6107024308525],[-122.330081119194,47.6107007033305],[-122.330081617623,47.6106989767253],[-122.330082113367,47.6106972492558],[-122.330082607781,47.6106955218038],[-122.330083100866,47.6106937943693],[-122.330083592594,47.610692066053],[-122.330084081663,47.6106903377716],[-122.330084570732,47.6106886094903],[-122.330085057115,47.6106868803447],[-122.330085542195,47.6106851521159],[-122.330086024588,47.6106834230228],[-122.330086506956,47.6106816930304],[-122.330086985361,47.6106799639897],[-122.330087463739,47.6106782340498],[-122.330087940787,47.6106765041274],[-122.330088415176,47.6106747742399],[-122.330088889565,47.6106730443525],[-122.330089361268,47.6106713136007],[-122.330089830312,47.6106695828839],[-122.330090299355,47.6106678521672],[-122.330090765713,47.6106661205862],[-122.330091230741,47.6106643890226],[-122.330091694439,47.6106626574766],[-122.330092156808,47.610660925948],[-122.330092616517,47.6106591944544],[-122.33009307487,47.610657462079],[-122.330093531893,47.6106557297212],[-122.330093987586,47.6106539973808],[-122.330094440594,47.6106522641761],[-122.330094892272,47.610650530989],[-122.330095342646,47.6106487987185],[-122.330095791638,47.6106470646671],[-122.330096237996,47.6106453315499],[-122.330096682999,47.6106435975509],[-122.330097126672,47.6106418635694],[-122.330097569015,47.6106401296054],[-122.330098010028,47.6106383956589],[-122.330098448356,47.6106366608481],[-122.330098885354,47.6106349260548],[-122.330099321022,47.6106331912789],[-122.33009975403,47.6106314565381],[-122.330100187012,47.610629720898],[-122.330100617361,47.6106279861921],[-122.330101046354,47.6106262506045],[-122.330101472661,47.6106245141526],[-122.330101898994,47.6106227786],[-122.330102322642,47.610621042183],[-122.33010274496,47.6106193057836],[-122.330103165948,47.6106175694016],[-122.330103584276,47.6106158330547],[-122.330104002578,47.6106140958084],[-122.330104416891,47.6106123586147],[-122.330104831204,47.6106106214209],[-122.330105244187,47.6106088842446],[-122.330105654484,47.6106071462041],[-122.330106063478,47.6106054090803],[-122.330106471116,47.6106036710748],[-122.330106877398,47.6106019321874],[-122.330107281046,47.6106001942343],[-122.330107683364,47.6105984562987],[-122.330108084327,47.6105967174813],[-122.33010848263,47.6105949786989],[-122.330108880907,47.6105932390173],[-122.33010927655,47.6105915002698],[-122.330109670838,47.6105897606407],[-122.330110063796,47.610588021029],[-122.330110454094,47.6105862814522],[-122.330110843062,47.610584541893],[-122.330111230674,47.610582801452],[-122.330111616957,47.6105810610285],[-122.33011200058,47.61057932064],[-122.330112382873,47.610577580269],[-122.330112765166,47.6105758398979],[-122.330113143444,47.6105740986801],[-122.330113521721,47.6105723574623],[-122.33011389734,47.6105706162794],[-122.330114271628,47.6105688751141],[-122.330114644586,47.6105671339663],[-122.330115014859,47.6105653919541],[-122.330115385132,47.610563649942],[-122.330115752745,47.6105619079648],[-122.330116119028,47.6105601660051],[-122.330116482652,47.6105584240804],[-122.330116846249,47.6105566812565],[-122.330117207187,47.6105549384675],[-122.330117566796,47.610553195696],[-122.330117923744,47.6105514529595],[-122.330118280693,47.610549710223],[-122.330118634956,47.6105479666223],[-122.330118987889,47.610546223039],[-122.330119338162,47.6105444794907],[-122.330119688436,47.6105427359424],[-122.330120036024,47.6105409915298],[-122.330120382307,47.610539248034],[-122.330120727236,47.6105375036564],[-122.330121069504,47.6105357593138],[-122.330121410443,47.6105340149886],[-122.330121750052,47.610532270681],[-122.330122088305,47.6105305254916],[-122.330122423898,47.6105287803372],[-122.330122759492,47.6105270351827],[-122.330123092426,47.6105252900633],[-122.3301234227,47.6105235449789],[-122.330123752974,47.6105217998944],[-122.330124080563,47.6105200539457],[-122.330124406821,47.6105183080144],[-122.33012473175,47.6105165621007],[-122.330125054019,47.6105148162219],[-122.330125376289,47.6105130703431],[-122.330125695872,47.6105113236001],[-122.330126014126,47.6105095768745],[-122.330126485768,47.6105069654079],[-122.330126958249,47.6105043368377],[-122.330127268524,47.6105025902172],[-122.330127578773,47.6105008426973],[-122.330127886362,47.6104990952124],[-122.330128192622,47.610497347745],[-122.330128497551,47.6104956002951],[-122.330128801151,47.6104938528627],[-122.330129102065,47.6104921045659],[-122.330129401675,47.610490357186],[-122.33012969993,47.6104886089243],[-122.330129996855,47.6104868606801],[-122.33013029112,47.6104851124708],[-122.330130584029,47.6104833633798],[-122.330130875634,47.6104816152055],[-122.330131165884,47.6104798661495],[-122.3301314535,47.6104781180278],[-122.33013173976,47.6104763690242],[-122.330132024665,47.6104746191389],[-122.330132308265,47.6104728701703],[-122.330132589206,47.6104711212367],[-122.330132868791,47.6104693714213],[-122.330133147046,47.6104676216235],[-122.330133423998,47.6104658727424],[-122.330133698264,47.610464122997],[-122.330133971174,47.6104623723698],[-122.33013424278,47.6104606226594],[-122.33013451303,47.6104588720672],[-122.330134780621,47.61045712151],[-122.330135048238,47.6104553718521],[-122.330135311839,47.6104536213474],[-122.330135644619,47.6104514084342],[-122.330059409159,47.610443961226],[-122.330020179839,47.6104385686091],[-122.329969047713,47.6103829779234],[-122.329897984939,47.6103074081903],[-122.329420732407,47.6105070717841],[-122.329322730561,47.6105070855318],[-122.329323181151,47.6104977713739],[-122.329322084254,47.6104801633928],[-122.329319045438,47.610462660108],[-122.32931408246,47.6104453701381],[-122.329361785603,47.610425397819],[-122.329274934159,47.6103315519633],[-122.329417648256,47.610283531194],[-122.329461014122,47.6103344779062],[-122.329585223283,47.6102826151186],[-122.329608846948,47.610309351163],[-122.329798986737,47.6102321509339],[-122.329680673394,47.6101048759273],[-122.33007280459,47.6099408380258],[-122.330078670392,47.6099372470015],[-122.330130885772,47.6099186822552],[-122.330207630974,47.6099382799922],[-122.330381412034,47.6098632856904],[-122.330422096209,47.6099096874259],[-122.330273324889,47.6099709018435],[-122.330660308636,47.6104192662273],[-122.330652976476,47.6104563167809],[-122.330641042374,47.6105095362587],[-122.330627736379,47.6105626064602],[-122.330613062035,47.6106155120448],[-122.330597024166,47.610668235856],[-122.330579626318,47.6107207625532],[-122.330560876,47.6107730758439],[-122.330540778062,47.6108251594708],[-122.33051933871,47.6108769980579],[-122.330496562792,47.6109285753479],[-122.330472459201,47.6109798768292],[-122.330447035395,47.6110308844105],[-122.330420297656,47.6110815854138],[-122.330409078494,47.6110787040426],[-122.330370247973,47.6111478567463],[-122.330340522792,47.6111976551436],[-122.330309516744,47.6112470943472],[-122.330228405909,47.6113733444298]]]},"properties":{"NAME":"JIM ELLIS FREEWAY PARK"}},{"type":"Feature","geometry":{"type":"Polygon","coordinates":[[[-122.350946882205,47.6141342641917],[-122.350763347189,47.6140257221159],[-122.350824717203,47.6139782489731],[-122.35100827247,47.6140868023744],[-122.350946882205,47.6141342641917]]]},"properties":{"NAME":"BELLTOWN P-PATCH"}},{"type":"Feature","geometry":{"type":"Polygon","coordinates":[[[-122.342802928638,47.6077634409996],[-122.342432107177,47.6075441293448],[-122.344279252454,47.607544077526],[-122.344650012526,47.6077633831807],[-122.342802928638,47.6077634409996]]]},"properties":{"NAME":"SEATTLE AQUARIUM"}},{"type":"Feature","geometry":{"type":"Polygon","coordinates":[[[-122.326228551243,47.5987484167861],[-122.32574209353,47.5987476845214],[-122.325742655622,47.5986078693119],[-122.325743324131,47.5984433792002],[-122.326229766416,47.5984440900342],[-122.326229105175,47.5986085944673],[-122.326228551243,47.5987484167861]]]},"properties":{"NAME":"HING HAY PARK"}},{"type":"Feature","geometry":{"type":"Polygon","coordinates":[[[-122.350937312836,47.6137661815566],[-122.350717376087,47.6139363163592],[-122.350625306188,47.6138818553452],[-122.350845247364,47.6137117332568],[-122.350937312836,47.6137661815566]]]},"properties":{"NAME":"BELLTOWN COTTAGE PARK"}},{"type":"Feature","geometry":{"type":"Polygon","coordinates":[[[-122.329866903116,47.6018059321357],[-122.329849661506,47.6018119623003],[-122.329832571811,47.6018181874779],[-122.329815640705,47.6018246084805],[-122.329798466004,47.6018058130936],[-122.329866903116,47.6018059321357]]]},"properties":{"NAME":"CITY HALL PARK"}},{"type":"Feature","geometry":{"type":"Polygon","coordinates":[[[-122.33149574432,47.6084059169117],[-122.331492096156,47.6084066828331],[-122.331488216008,47.608407476998],[-122.331484328668,47.6084082523657],[-122.331480431501,47.6084090098704],[-122.331476527116,47.6084097476788],[-122.331472615538,47.6084104666899],[-122.331468696767,47.6084111669039],[-122.331464769474,47.6084118483381],[-122.331460834962,47.6084125100759],[-122.331456894614,47.6084131538982],[-122.331452947047,47.6084137780242],[-122.331448993591,47.6084143824361],[-122.331445032969,47.6084149689501],[-122.331441067787,47.6084155357326],[-122.331437095387,47.6084160828186],[-122.33143311715,47.6084166119892],[-122.331429134329,47.6084171205291],[-122.33142514434,47.608417611171],[-122.331421151097,47.6084180811647],[-122.33141715332,47.6084185323261],[-122.331413149681,47.6084189646729],[-122.331409141482,47.6084193772881],[-122.331405130055,47.6084197701544],[-122.331401114095,47.6084201441885],[-122.331397093575,47.608420498491],[-122.331393069853,47.6084208339438],[-122.331389042901,47.6084211496477],[-122.33138501272,47.6084214456025],[-122.33138098064,47.6084217217909],[-122.331376944026,47.608421979147],[-122.331372905514,47.6084222167366],[-122.331368863772,47.6084224345773],[-122.331364821487,47.6084226335331],[-122.331360775972,47.60842281274],[-122.331356728558,47.6084229721804],[-122.331352680575,47.6084231118367],[-122.331348630692,47.6084232317266],[-122.331344578936,47.6084233327492],[-122.33134052661,47.6084234139878],[-122.331336473715,47.6084234754424],[-122.33133242025,47.608423517113],[-122.331328366242,47.6084235398988],[-122.331324312993,47.6084235428831],[-122.331320259176,47.6084235260835],[-122.331316206118,47.6084234894822],[-122.331312152517,47.6084234339963],[-122.33130809965,47.6084233578096],[-122.331304048925,47.6084232636024],[-122.331299998934,47.6084231486943],[-122.331295949704,47.6084230139848],[-122.33129190126,47.608422860373],[-122.331287856235,47.6084226869247],[-122.331283811997,47.6084224945741],[-122.331279769823,47.6084222815053],[-122.331275731095,47.6084220494992],[-122.331271694482,47.6084217985733],[-122.331267659934,47.6084215269291],[-122.331263628858,47.6084212372469],[-122.331259601175,47.608420926829],[-122.331255576938,47.6084205974737],[-122.331251556147,47.6084202491813],[-122.33124753875,47.608419880153],[-122.331243526154,47.6084194930692],[-122.331239516978,47.6084190861489],[-122.331235511222,47.6084186593921],[-122.331231511571,47.608418213663],[-122.331227516696,47.6084177489791],[-122.33122352657,47.6084172644412],[-122.33121954122,47.6084167609486],[-122.331215561949,47.6084162375844],[-122.33121158881,47.6084156961472],[-122.33120762042,47.608415134856],[-122.331203658135,47.6084145545924],[-122.33119970193,47.6084139544574],[-122.331195753186,47.6084133362319],[-122.331191810521,47.6084126981348],[-122.331187875318,47.6084120419473],[-122.331183946194,47.6084113658882],[-122.331180024505,47.6084106708393],[-122.331176110276,47.6084099577],[-122.331172203458,47.6084092246716],[-122.331166358868,47.6084080907378],[-122.331160681824,47.6084103281262],[-122.330962254565,47.6080008028644],[-122.331415433751,47.6078097239638],[-122.331922193699,47.6083635368625],[-122.33149574432,47.6084059169117]]]},"properties":{"NAME":"JIM ELLIS FREEWAY PARK"}},{"type":"Feature","geometry":{"type":"Polygon","coordinates":[[[-122.344026860022,47.6106117862292],[-122.344015423254,47.6105979968058],[-122.343900538039,47.6104594940498],[-122.343774271527,47.6103072540802],[-122.343704837077,47.6102235350144],[-122.34363540014,47.6101398141428],[-122.34345227166,47.6100314225886],[-122.343339243555,47.6099645216216],[-122.343269143943,47.6099230307393],[-122.343362493107,47.6098509143711],[-122.343533681535,47.6099685308038],[-122.343704872118,47.6100861487596],[-122.34390628165,47.6102052769734],[-122.344089375622,47.6103135711176],[-122.344272477109,47.6104218684757],[-122.344044334013,47.610598272388],[-122.344026860022,47.6106117862292]]]},"properties":{"NAME":"VICTOR STEINBRUECK PARK"}},{"type":"Feature","geometry":{"type":"Polygon","coordinates":[[[-122.342339402971,47.6074893014581],[-122.342332300783,47.6074893020904],[-122.342328392956,47.6074869321669],[-122.342325376057,47.6074851009889],[-122.342322361765,47.607483267977],[-122.342319348752,47.6074814331489],[-122.342316338372,47.6074795973862],[-122.342313330599,47.6074777597896],[-122.342310324131,47.607475921276],[-122.34230731894,47.6074740809462],[-122.342304316357,47.6074722387825],[-122.342301315077,47.6074703957018],[-122.342298316405,47.6074685507872],[-122.342295319037,47.6074667049557],[-122.342292324277,47.6074648572903],[-122.342289330794,47.6074630078087],[-122.342286339971,47.6074611582917],[-122.342283351729,47.6074593060415],[-122.342280364792,47.6074574528744],[-122.342277379132,47.607455597891],[-122.342274396106,47.6074537419731],[-122.342271414331,47.6074518833396],[-122.342268435216,47.6074500246707],[-122.342265457379,47.6074481641857],[-122.34226248215,47.6074463018668],[-122.342259509554,47.6074444386132],[-122.342256538236,47.6074425735434],[-122.342253568222,47.6074407075566],[-122.342250600815,47.6074388397359],[-122.342247636042,47.6074369709807],[-122.342244671217,47.6074351004268],[-122.342241710329,47.6074332280214],[-122.342238750745,47.6074313546991],[-122.342235792439,47.6074294795605],[-122.342232836767,47.6074276034873],[-122.342229883702,47.6074257255802],[-122.342226931941,47.6074238467562],[-122.342223982787,47.6074219660982],[-122.342221034911,47.6074200836241],[-122.342218089669,47.6074182002153],[-122.342215145731,47.6074163158896],[-122.342212203071,47.6074144297476],[-122.342209264348,47.6074125417541],[-122.342206325599,47.6074106528613],[-122.342203390787,47.6074087621169],[-122.342200457279,47.6074068704557],[-122.342197525049,47.6074049769781],[-122.342194595426,47.6074030816667],[-122.342191667108,47.6074011854382],[-122.342188741423,47.6073992882753],[-122.342185818345,47.6073973892784],[-122.342182896545,47.6073954884653],[-122.34217997605,47.6073935867352],[-122.342177059491,47.6073916831536],[-122.342174142907,47.6073897786727],[-122.34217123026,47.6073878723403],[-122.342168317587,47.6073859651085],[-122.342165408851,47.6073840560252],[-122.342162500089,47.6073821460426],[-122.342159595265,47.6073802342085],[-122.342156691744,47.6073783214574],[-122.342153789502,47.6073764068901],[-122.342150889867,47.6073744904889],[-122.342147992865,47.6073725731531],[-122.342145097168,47.6073706549003],[-122.342142204078,47.6073687348137],[-122.342139312265,47.6073668129108],[-122.342136423087,47.6073648900734],[-122.342133535186,47.6073629654197],[-122.342130649919,47.6073610398313],[-122.342127767285,47.6073591133084],[-122.342124367697,47.6073568373949],[-122.342121488949,47.6073549072219],[-122.342118611504,47.6073529761319],[-122.342115736667,47.6073510432081],[-122.342112864438,47.6073491084503],[-122.342109993513,47.6073471727756],[-122.342107125195,47.607345235267],[-122.342104258181,47.6073432968415],[-122.3421013938,47.6073413574814],[-122.342098530698,47.607339416305],[-122.342095671558,47.6073374741764],[-122.342092812341,47.6073355293499],[-122.342089955784,47.6073335844881],[-122.342087101834,47.6073316377924],[-122.342084249161,47.6073296892805],[-122.342081399123,47.607327739834],[-122.342078551718,47.6073257894529],[-122.34207570559,47.6073238372555],[-122.342072860741,47.607321883242],[-122.342070019855,47.6073199282761],[-122.342067178917,47.6073179715117],[-122.342064341968,47.6073160146943],[-122.342061506271,47.6073140551614],[-122.342058671878,47.6073120947116],[-122.342055841423,47.6073101324103],[-122.342053010941,47.6073081692096],[-122.342050183093,47.6073062050743],[-122.342047359182,47.6073042390876],[-122.34204453522,47.6073022713022],[-122.342041713917,47.6073003034815],[-122.342038895195,47.6072983329276],[-122.342036077778,47.6072963614569],[-122.342033262994,47.6072943890515],[-122.342030449488,47.6072924148299],[-122.342027639945,47.607290439656],[-122.34202483035,47.6072884626836],[-122.342022023363,47.6072864838773],[-122.342019219035,47.6072845050356],[-122.342016417289,47.6072825234609],[-122.342013616873,47.6072805418684],[-122.342010819038,47.6072785575428],[-122.342008022533,47.6072765731995],[-122.342005228636,47.6072745870223],[-122.342002436017,47.6072725990289],[-122.341999646031,47.6072706101009],[-122.341996858653,47.6072686193392],[-122.341994072578,47.6072666276604],[-122.341991289138,47.6072646350469],[-122.341988508304,47.6072626405997],[-122.341985728775,47.6072606452354],[-122.341982951853,47.6072586480373],[-122.341980176209,47.6072566490231],[-122.341977403225,47.6072546499734],[-122.341974632822,47.6072526481907],[-122.341969374467,47.6072488432921],[-122.34196660928,47.6072468378416],[-122.341963846726,47.6072448314564],[-122.341961085476,47.6072428241543],[-122.341958328163,47.6072408150007],[-122.341955570824,47.6072388049478],[-122.341952817423,47.6072367930434],[-122.341950065325,47.6072347802221],[-122.341947315835,47.6072327655668],[-122.341944567649,47.6072307499946],[-122.341941822096,47.6072287334879],[-122.341938175248,47.6072260497257],[-122.341935433581,47.6072240295688],[-122.341932695877,47.6072220084597],[-122.341929959451,47.6072199855344],[-122.341927225659,47.6072179616745],[-122.341924493144,47.6072159359983],[-122.341921763263,47.6072139093876],[-122.341919034686,47.6072118818599],[-122.341916310046,47.6072098524807],[-122.341913585355,47.6072078213029],[-122.341910864652,47.6072057900722],[-122.341908145202,47.607203756126],[-122.341905428411,47.6072017221444],[-122.341902712898,47.6071996863467],[-122.341899999992,47.607197648715],[-122.34189728972,47.6071956101488],[-122.341894582082,47.607193570648],[-122.341891875721,47.607191529331],[-122.341889170664,47.607189487097],[-122.341886469571,47.6071874439108],[-122.341883769755,47.6071853989083],[-122.341881071218,47.6071833520896],[-122.341878375313,47.6071813043364],[-122.341875682043,47.6071792556486],[-122.34187299138,47.6071772051269],[-122.341870302021,47.6071751536883],[-122.341867615295,47.607173101315],[-122.341864931177,47.6071710471079],[-122.341862248363,47.6071689919839],[-122.341859568156,47.607166935026],[-122.341856889254,47.6071648771512],[-122.341854212958,47.6071628174425],[-122.341851539297,47.6071607567992],[-122.341848868269,47.6071586952213],[-122.341846198519,47.6071566318272],[-122.341843531402,47.6071545674985],[-122.341840865589,47.6071525022529],[-122.341838203714,47.6071504351558],[-122.341835541787,47.6071483662601],[-122.341832098529,47.6071456842935],[-122.342076473689,47.6071449216287],[-122.342135199517,47.6072287305311],[-122.342226558015,47.6073591112787],[-122.342302485913,47.6074674672368],[-122.342339402971,47.6074893014581]]]},"properties":{"NAME":"WATERFRONT PARK"}},{"type":"Feature","geometry":{"type":"Polygon","coordinates":[[[-122.333314595651,47.6001340296499],[-122.333499565378,47.6001342040522],[-122.333498723799,47.6002983927411],[-122.33349839868,47.6004629182694],[-122.333496732788,47.6007918954551],[-122.333333550496,47.6007916910421],[-122.333047219356,47.6007913097423],[-122.333047554558,47.6006270845713],[-122.33304839386,47.6004627672917],[-122.333048725351,47.6002984135245],[-122.333049557233,47.6001338390537],[-122.333314595651,47.6001340296499]]]},"properties":{"NAME":"OCCIDENTAL SQUARE"}},{"type":"Feature","geometry":{"type":"Polygon","coordinates":[[[-122.325388862595,47.6120868545288],[-122.32526091601,47.6119468144746],[-122.325228950199,47.6119118313798],[-122.32533241772,47.6118686008209],[-122.325321762436,47.6118569394972],[-122.325632136306,47.611727258442],[-122.325674757616,47.6117739027153],[-122.325802575575,47.6119137937666],[-122.325388862595,47.6120868545288]]]},"properties":{"NAME":"FIRST HILL PARK"}},{"type":"Feature","geometry":{"type":"Polygon","coordinates":[[[-122.337654096115,47.6129907153272],[-122.337565850039,47.6130591897231],[-122.337536965126,47.6129191722941],[-122.337654096115,47.6129907153272]]]},"properties":{"NAME":"MCGRAW SQUARE"}},{"type":"Feature","geometry":{"type":"Polygon","coordinates":[[[-122.329943606185,47.6019646295344],[-122.329981989446,47.6019509075725],[-122.330021302799,47.6019384472056],[-122.330061455332,47.6019272784161],[-122.330102353317,47.6019174258262],[-122.330143904359,47.6019089140405],[-122.330186011864,47.6019017605221],[-122.330228579241,47.6018959827341],[-122.330271505779,47.6018915936964],[-122.330314696036,47.6018886045598],[-122.330358049093,47.6018870211502],[-122.330401462628,47.6018868466131],[-122.330412861322,47.6018993208099],[-122.330030150156,47.6020593271027],[-122.329943606185,47.6019646295344]]]},"properties":{"NAME":"CITY HALL PARK"}},{"type":"Feature","geometry":{"type":"Polygon","coordinates":[[[-122.329902284349,47.6019194118825],[-122.330172433277,47.6018064638424],[-122.330264386412,47.6018066231933],[-122.330375652327,47.6018586066156],[-122.330401462628,47.6018868466131],[-122.330358049093,47.6018870211502],[-122.330314696036,47.6018886045598],[-122.330271505779,47.6018915936964],[-122.330228579241,47.6018959827341],[-122.330186011864,47.6019017605221],[-122.330143904359,47.6019089140405],[-122.330102353317,47.6019174258262],[-122.330061455332,47.6019272784161],[-122.330021302799,47.6019384472056],[-122.329981989446,47.6019509075725],[-122.329943606185,47.6019646295344],[-122.329902284349,47.6019194118825]]]},"properties":{"NAME":"CITY HALL PARK"}},{"type":"Feature","geometry":{"type":"Polygon","coordinates":[[[-122.330830134785,47.6019180897798],[-122.330729142902,47.6018073819327],[-122.331093020256,47.6018079906316],[-122.330830134785,47.6019180897798]]]},"properties":{"NAME":"PREFONTAINE PLACE"}},{"type":"Feature","geometry":{"type":"Polygon","coordinates":[[[-122.329576144833,47.6022253291163],[-122.329463970785,47.6021026594226],[-122.329847116483,47.601942476621],[-122.329888188182,47.6019874151063],[-122.329852642586,47.6020040720117],[-122.329818319906,47.6020218589197],[-122.329785293487,47.6020407361833],[-122.32975363923,47.6020606605239],[-122.329723430274,47.6020815851006],[-122.329694735769,47.6021034631251],[-122.329667622104,47.6021262442468],[-122.329642148967,47.6021498764045],[-122.329618377325,47.6021743057205],[-122.329596358762,47.6021994757419],[-122.329576144833,47.6022253291163]]]},"properties":{"NAME":"CITY HALL PARK"}},{"type":"Feature","geometry":{"type":"Polygon","coordinates":[[[-122.315883330436,47.5946866213244],[-122.315709352949,47.5946844463967],[-122.315698271644,47.5947045566182],[-122.315482304103,47.594679615281],[-122.315480391663,47.594665369778],[-122.315113140044,47.5946273439214],[-122.315103146219,47.59464684078],[-122.314800086949,47.5945875917927],[-122.314800984138,47.5945661740303],[-122.314682824535,47.5945442691435],[-122.314689458045,47.5945125841679],[-122.314569529734,47.5944795066272],[-122.314557771549,47.5944918745587],[-122.314279304985,47.5943966283768],[-122.314283274144,47.5943772091297],[-122.313933924351,47.5942268234148],[-122.31395133368,47.5942031522382],[-122.313770924138,47.5941117247324],[-122.313789868726,47.5940890537508],[-122.313690307464,47.5940322485623],[-122.313629187494,47.5940554692775],[-122.313581448963,47.5940193956684],[-122.313444462756,47.593918228428],[-122.31335387606,47.5938462135273],[-122.313214299823,47.5937315172949],[-122.313244425976,47.593703178268],[-122.313032088281,47.5934632464238],[-122.31309173143,47.5934216339468],[-122.31307316769,47.5933947379931],[-122.313093725637,47.5933856859308],[-122.313162300844,47.5933553255107],[-122.313345440163,47.5932746557128],[-122.313453896319,47.5932266018776],[-122.313570377111,47.5933944707622],[-122.31362797254,47.593477694773],[-122.313662684996,47.5935045774987],[-122.313717143952,47.5935487266124],[-122.31447246868,47.5941490738947],[-122.314569222899,47.5942194063256],[-122.314675955009,47.5942842956797],[-122.314790100924,47.5943426193312],[-122.314911649618,47.5943939905714],[-122.315039069384,47.5944380020157],[-122.315172351783,47.5944743119044],[-122.315308954198,47.5945026942555],[-122.315449375882,47.5945228429832],[-122.315591587131,47.5945346576765],[-122.315734572351,47.5945380634016],[-122.315877823914,47.5945329831073],[-122.316019315492,47.5945195286658],[-122.316159049553,47.5944977423321],[-122.316295510174,47.5944677725177],[-122.316427185079,47.5944298953379],[-122.316548362992,47.5943881498344],[-122.316684378342,47.5944758976957],[-122.316686788883,47.5944855370098],[-122.316204026381,47.5946180610527],[-122.316188908624,47.5946755035469],[-122.316042825038,47.5946784270071],[-122.316035215224,47.5947041496256],[-122.315885272008,47.594701885694],[-122.315883330436,47.5946866213244]]]},"properties":{"NAME":"STURGUS PARK"}},{"type":"Feature","geometry":{"type":"Polygon","coordinates":[[[-122.344965977877,47.6089202881659],[-122.344895806611,47.6089202910792],[-122.344762691554,47.6089225874382],[-122.344758817749,47.6089202972088],[-122.344595843121,47.6088238880038],[-122.344432870428,47.6087274785476],[-122.344269898338,47.6086310688577],[-122.344892134455,47.6086212292258],[-122.346100189856,47.6086211343533],[-122.346605844237,47.6089202071527],[-122.344965977877,47.6089202881659]]]},"properties":{"NAME":"PIER 62"}},{"type":"Feature","geometry":{"type":"Polygon","coordinates":[[[-122.343586920309,47.6071345545471],[-122.342076473689,47.6071449216287],[-122.342043834541,47.6070983399061],[-122.34195248392,47.6069679697141],[-122.341861137902,47.6068376047912],[-122.341769790959,47.6067072380137],[-122.341715948013,47.6066303964554],[-122.341457363206,47.6062613497772],[-122.342794536424,47.606249104486],[-122.343048919068,47.6066121388362],[-122.343293274887,47.6069608561872],[-122.343586920309,47.6071345545471]]]},"properties":{"NAME":"WATERFRONT PARK"}},{"type":"Feature","geometry":{"type":"Polygon","coordinates":[[[-122.330136701476,47.5992917612124],[-122.330138903685,47.5995060097285],[-122.329978129684,47.5992858121665],[-122.330136701476,47.5992917612124]]]},"properties":{"NAME":"UNION STATION SQUARE"}},{"type":"Feature","geometry":{"type":"Polygon","coordinates":[[[-122.337325451472,47.6136857044344],[-122.337224896255,47.6136264519472],[-122.337301257896,47.6135676887523],[-122.337325451472,47.6136857044344]]]},"properties":{"NAME":"WESTLAKE SQUARE"}}]}