{"type":"FeatureCollection","features":[{"type":"Feature","geometry":{"type":"LineString","coordinates":[[-122.33111171699521,47.61378465941707],[-122.33113066862252,47.613782199913786],[-122.33114958863807,47.61377962840104],[-122.33116847306707,47.6137769476732],[-122.331187325963,47.61377415767689],[-122.33120613921861,47.6137712585189],[-122.3312249168085,47.61376824740482],[-122.33124365467889,47.61376512438807],[-122.33126235298758,47.61376189495065],[-122.33128100760193,47.613758556404946],[-122.33129961844303,47.613755106010004],[-122.33131818566841,47.61375154924776],[-122.3313367051457,47.613747883430676],[-122.33135517687468,47.613744108558706],[-122.33137360093416,47.613740227372915],[-122.33139197319161,47.613736237185684],[-122.33141029372582,47.613732140738044],[-122.3314285624578,47.61372793528899],[-122.33144677954525,47.61372362632054],[-122.33146493672311,47.613719208457454],[-122.33148303812384,47.61371468438744],[-122.33150107969377,47.61371005416385],[-122.3315190615117,47.61370532052764],[-122.33153698349857,47.61370048073793],[-122.33155484160083,47.613695534848134],[-122.33157263597624,47.61369048834011],[-122.33159036646674,47.61368533573208],[-122.3316080290189,47.61368007707741],[-122.33162562379025,47.613674717858],[-122.33164314664836,47.61366925538636],[-122.33166060172573,47.61366369235009],[-122.331697043408,47.61365167688643],[-122.33173318129913,47.613639251367665],[-122.33176903685033,47.613626456641704],[-122.33180463151275,47.61361333355653],[-122.33183999071244,47.613599920165676],[-122.33187513168924,47.61358625188847],[-122.33191009210891,47.61357236935917],[-122.3319448973976,47.61355831063121],[-122.33197957274469,47.613544105535205],[-122.33201415176255,47.61352979475865],[-122.33204866798455,47.61351541624814],[-122.33208315470752,47.61350099972727],[-122.3336454033523,47.612847507704984],[-122.33543150471512,47.6121003332199],[-122.33545348070665,47.61209113706952],[-122.3354754481879,47.61208192731707],[-122.33549739054962,47.61207269047174],[-122.33551929531497,47.61206341573024],[-122.33554114992799,47.612054089548316],[-122.33556294588608,47.61204469832804],[-122.33558467063345,47.61203522852536],[-122.33560630771879,47.61202567213125],[-122.33560725253284,47.61202525109803],[-122.3356287892416,47.61201558908626],[-122.33565023828835,47.61200584048328],[-122.3356716120706,47.611996013351515],[-122.33569291916996,47.6119861240297],[-122.33571417611657,47.61197618326774],[-122.33573539554558,47.61196620735088],[-122.33575658985454,47.61195620434158],[-122.33577777167856,47.61194619052491],[-122.335784132146,47.61194318081694],[-122.33580531388029,47.61193316425422],[-122.33582650816231,47.61192316123186],[-122.33584772754818,47.61191318529405],[-122.33586898443544,47.61190324450318],[-122.3358902914593,47.61189335514438],[-122.33591166515002,47.61188352796753],[-122.33593311408931,47.61187377931118],[-122.3359546506749,47.61186411723773],[-122.33595527127386,47.61186384306745],[-122.33597690408736,47.61185428391544],[-122.3359986245473,47.61184481134621],[-122.33602042033519,47.61183542003832],[-122.33604227468348,47.61182609101913],[-122.33606417924796,47.61181681617271],[-122.33608611726078,47.611807576526374],[-122.336108080457,47.611798366705294],[-122.33613005612234,47.61178916768324],[-122.33754803512838,47.61119579924254],[-122.33757189309084,47.61118580454673],[-122.33759572585245,47.611175780016794],[-122.33761949590293,47.61116569050246],[-122.33764317797129,47.6111555034337],[-122.33766673462635,47.61114518640123],[-122.33769014067636,47.61113470957603],[-122.33771335471603,47.611124043343466],[-122.33773634336752,47.61111315524077],[-122.33775906530484,47.61110201839433],[-122.33778149128278,47.61109060302875],[-122.33780356789444,47.61107888517231],[-122.33782525389307,47.61106684069235],[-122.33784650795265,47.61105444271542],[-122.33785662190917,47.6110483094626],[-122.3378666198338,47.611042089998584],[-122.33787650577989,47.611035784269866],[-122.33788626766673,47.61102939517811],[-122.33789590954751,47.611022922669854],[-122.33790543142236,47.611016366745076],[-122.33791482526388,47.61100973025202],[-122.3379240951253,47.61100301313707],[-122.337933241086,47.610996218141246],[-122.33794225909261,47.610989345318146],[-122.33795114509175,47.61098239472143],[-122.33795989916285,47.610975369092124],[-122.33796852130568,47.61096826843014],[-122.33797700746719,47.61096109278922],[-122.33798536185908,47.6109538475977],[-122.33799357629546,47.61094653022185],[-122.33800165482982,47.61093914060803],[-122.33800959356724,47.610931684291884],[-122.33801739250784,47.61092416127341],[-122.33802504759822,47.61091657160623],[-122.33803256289187,47.61090891523678],[-122.33803993044059,47.61090119775421],[-122.33804715421861,47.61089341636397],[-122.33805423017247,47.61088557111976],[-122.33806115854016,47.610877670244406],[-122.33806793908377,47.610869705515114],[-122.33807456806726,47.61086168794931],[-122.33808104938541,47.61085361201154],[-122.33808737501082,47.61084548054997],[-122.33809354907622,47.610837296252036],[-122.33809956752826,47.61082905917129],[-122.33810543449965,47.610820771995186],[-122.33811114180456,47.61081243208996],[-122.33811669373414,47.61080404762492],[-122.33812208615575,47.61079561591272],[-122.33812731906966,47.610787136953405],[-122.33813239660836,47.610778613434356],[-122.33813731074463,47.61077004820378],[-122.33814206553184,47.610761441208076],[-122.33814665691675,47.61075279250085],[-122.33815108505792,47.61074410756405],[-122.33815534987619,47.61073538365678],[-122.33815945145093,47.610726623519994],[-122.33816338580816,47.610717829948314],[-122.33816715708049,47.61070900562906],[-122.33817076510948,47.61070014508031],[-122.33817420202644,47.610691256632286],[-122.33817747188472,47.6106823402313],[-122.3381805787377,47.61067339582376],[-122.33818351447889,47.61066442351692],[-122.33818627926685,47.61065542879279],[-122.33818887715508,47.610646411597685],[-122.3381913040902,47.61063737198524],[-122.33819356412577,47.61062830990187],[-122.33819565336701,47.610619230883124],[-122.33819756776067,47.61061013498265],[-122.3381993154928,47.610601024834146],[-122.33820089243095,47.61059189775026],[-122.33820229468034,47.61058275926663],[-122.3382035262944,47.61057360932956],[-122.33820458735246,47.61056445068005],[-122.33820547785467,47.6105552833181],[-122.33820619374784,47.61054610729738],[-122.33820673519054,47.61053692809974],[-122.33820711021022,47.61052774287702],[-122.3382073068056,47.61051855727202],[-122.33820733300416,47.61050936843649],[-122.33820718896442,47.61050018185245],[-122.33820687055392,47.610490994832496],[-122.33820637793143,47.61048181285853],[-122.33820571515017,47.61047263587697],[-122.3382048822896,47.6104634666288],[-122.33820387529653,47.61045430516759],[-122.33820269417097,47.610445151493316],[-122.33820134304563,47.61043600829341],[-122.33819982199988,47.61042687830877],[-122.33819812698049,47.610417761593],[-122.33819626212004,47.61040866083349],[-122.33819422749804,47.6103995787711],[-122.3381920230352,47.61039051266497],[-122.3381896447576,47.61038146530964],[-122.33818710085117,47.610372439338775],[-122.33818438328879,47.61036343760062],[-122.33818150017699,47.61035445998791],[-122.33817845151586,47.61034550650073],[-122.3381752292783,47.61033657998705],[-122.3381718416501,47.61032768308078],[-122.33816828863135,47.61031881578183],[-122.33816457022218,47.61030997809022],[-122.33816068650196,47.610301172746865],[-122.33815663357602,47.61029240528733],[-122.33815241939236,47.6102836701224],[-122.33814804005631,47.610274972787636],[-122.33814349962135,47.61026631322936],[-122.33813879808747,47.61025769144762],[-122.33813393156001,47.610249112977925],[-122.33812360006337,47.61023187346562],[-122.33811266128585,47.610214806504295],[-122.33810116776193,47.610197905915015],[-122.33808917194676,47.61018116277789],[-122.33807672645388,47.61016457365496],[-122.33806387555238,47.61014812699268],[-122.33805066748545,47.61013180844277],[-122.33803715462867,47.610115606344586],[-122.33802337306521,47.61009950651068],[-122.33800937906544,47.61008349174478],[-122.33799520863315,47.61006754511866],[-122.33798090603723,47.61005165507886],[-122.33796652333602,47.61003579900077],[-122.33795209248011,47.6100199600098],[-122.33683828549306,47.60879819095651],[-122.33682499437147,47.60878360358127],[-122.33681171128443,47.608769013356444],[-122.3367984562602,47.608754411791224],[-122.33678524129976,47.608739793243146],[-122.33677207840417,47.60872515206957],[-122.33675897567979,47.60871048816343],[-122.33674595712873,47.60869579023956],[-122.3367330267248,47.60868105550347],[-122.33671857707445,47.60866439949394],[-122.3367042596826,47.608647689637],[-122.33669007470758,47.608630931414645],[-122.33667602604412,47.60861411929136],[-122.33666366902426,47.60859916035312],[-122.33665140833669,47.60858416723673],[-122.33663922379486,47.60856914295089],[-122.33662710752996,47.60855409582569],[-122.33661504340859,47.608539028816246],[-122.33660302348285,47.60852394751171],[-122.33659102351301,47.60850885497429],[-122.33657904373665,47.60849375942685],[-122.33657856402132,47.6084931542957],[-122.33656897448357,47.60848107628719],[-122.33655937700232,47.608469003866915],[-122.33654975941826,47.60845693719548],[-122.33654010575633,47.60844488470999],[-122.33653040798953,47.608432849258485],[-122.33652065403759,47.60842083374253],[-122.33651083587353,47.60840884101027],[-122.3365009375224,47.60839687949863],[-122.33649014043687,47.60838398386468],[-122.33647923908387,47.60837112799537],[-122.33646823759578,47.60835831457814],[-122.33645713176112,47.60834553818454],[-122.3364467723131,47.60833375550658],[-122.33643633681051,47.608322006736614],[-122.33642583717528,47.60831028349113],[-122.33641528135522,47.60829858018097],[-122.33640468150988,47.60828689664562],[-122.33639404964012,47.608275227242366],[-122.3363833976679,47.608263563587826],[-122.33637273377862,47.60825190831577],[-122.33557788828765,47.607383173471966],[-122.3355645538511,47.60736860572449],[-122.3355511952619,47.60735404377844],[-122.33553780075661,47.60733950149922],[-122.33552433806915,47.60732498479678],[-122.33551079535698,47.60731050479554],[-122.3354971485391,47.60729607003939],[-122.33548337758779,47.60728168901877],[-122.3354694584222,47.607267370277555],[-122.33546524349408,47.607263079833544],[-122.33545112024433,47.607248854270985],[-122.33543685291272,47.607234693675125],[-122.33542246160617,47.60722059229654],[-122.33540797032653,47.607206538850264],[-122.3353933990225,47.607192522104775],[-122.33537876772192,47.60717853356972],[-122.33536409645275,47.607164564754555],[-122.3353494052427,47.607150607168926],[-122.3353482212691,47.607149482121464],[-122.33533352601452,47.60713552458726],[-122.33531884682178,47.607121561355214],[-122.33530419155949,47.60710758409541],[-122.33528957230766,47.60709358990639],[-122.33527500504107,47.60707957035127],[-122.33526050183963,47.60706552252858],[-122.33524607057201,47.607051438108435],[-122.33523173142424,47.60703731408241],[-122.33521634827372,47.607021997350046],[-122.33520108116676,47.607006626985736],[-122.33518593407733,47.60699120019506],[-122.33517091121661,47.60697572240653],[-122.33515600439932,47.60696019098618],[-122.33514231763706,47.60694577042719],[-122.33512872307342,47.60693131300355],[-122.33511520457536,47.60691682167029],[-122.3351017501421,47.60690230206977],[-122.33508835190474,47.606887762531954],[-122.33507498959833,47.606873203324334],[-122.33506165543315,47.60685863551778],[-122.33504833327626,47.60684406206722],[-122.33272894679797,47.60430595716226],[-122.33267456080587,47.60424654159378],[-122.33262003061633,47.60418718274123],[-122.33256536044027,47.604127886033034],[-122.33251055417306,47.60406864593359],[-122.33212668928631,47.60365447472584],[-122.33211323653005,47.60363995477104],[-122.33209979180786,47.60362543196688],[-122.33208637117298,47.60361090061794],[-122.33207298654673,47.60359635234103],[-122.33205964198201,47.60358178708288],[-122.33204635758457,47.60356719909464],[-122.33203313724938,47.603552582840905],[-122.33201999305562,47.603537935420675],[-122.33200510127594,47.60352116950924],[-122.33199032171996,47.60350435824551],[-122.33197566233534,47.6034874960409],[-122.33196111930593,47.603470591171735],[-122.33194669247393,47.603453638156076],[-122.33193238604974,47.60343664242256],[-122.33191819582281,47.60341959854269],[-122.3319041259246,47.60340250920407],[-122.33189189993855,47.60338750418236],[-122.3318797500934,47.603372467994454],[-122.3318676685205,47.60335740897002],[-122.33185564711424,47.60334232721582],[-122.3318436698216,47.603327228427325],[-122.33183172869478,47.603312118193294],[-122.3318198075229,47.60329699672727],[-122.3318079025689,47.60328187504643],[-122.33180350074669,47.60327628173946],[-122.33179159174941,47.603261160110314],[-122.3317796586005,47.60324604428217],[-122.33176768540478,47.603230945432266],[-122.33175564395088,47.6032158694163],[-122.3317435223175,47.60320082461723],[-122.33173128839857,47.60318582242595],[-122.33171892606211,47.603170865796834],[-122.33170641536019,47.60315596596067],[-122.33170160631403,47.603150309462926],[-122.3316888671421,47.60313550037818],[-122.331675979605,47.60312074808624],[-122.33166296388748,47.603106049579196],[-122.33164984391136,47.60309139083196],[-122.33163663986143,47.60307676883662],[-122.33162337573826,47.60306217230911],[-122.33161006751624,47.603047592812814],[-122.33159673927472,47.603033021804826],[-122.33078308516285,47.602143875036845],[-122.33077108053011,47.602130764459474],[-122.33075904785038,47.60211766521806],[-122.33074695914944,47.60210459139094],[-122.33073478637425,47.602091554315244],[-122.33072250139305,47.60207856258736],[-122.33071007225783,47.60206563307965],[-122.33069747909978,47.60205277976369],[-122.33068468981338,47.602040014029996],[-122.3306748701754,47.60203041736174],[-122.33066492664423,47.602020882647395],[-122.33065485508827,47.60201140719941],[-122.33064465956032,47.60200199096432],[-122.33063434021811,47.60199263942411],[-122.33062390095661,47.601983347043415],[-122.3306133419335,47.601974119304195],[-122.33060265909616,47.60196495625967],[-122.33059185641848,47.601955855115605],[-122.33058093405818,47.60194682135384],[-122.3305734944706,47.601940755224796],[-122.33056600298919,47.601934717198326],[-122.33055846374529,47.601928709962046],[-122.33055088055507,47.60192272523969],[-122.33054325341848,47.60191676303131],[-122.33053559449343,47.60191082317679],[-122.33052789972723,47.60190490572956],[-122.33052017301496,47.60189900515424],[-122.33050527405034,47.60188773413942],[-122.33049027153739,47.601876527551596],[-122.33047516937114,47.60186537985545],[-122.33045996365662,47.6018542965862],[-122.33044466242028,47.601843274896204],[-122.33042925771453,47.60183232037402],[-122.33041375748704,47.60182142743102],[-122.33039815371124,47.60181059891474],[-122.33037499891238,47.601794761394814],[-122.33035165712367,47.60177904697919],[-122.33032815631911,47.60176344158976],[-122.33030452836792,47.60174792561292],[-122.33028079711254,47.60173248228283],[-122.33025699036955,47.60171709203936],[-122.33023312800779,47.60170174091105],[-122.33020924579117,47.601686403749156],[-122.32880811820733,47.60078717864785],[-122.32877921037283,47.60076861684914],[-122.32875035040185,47.60075002699412],[-122.32872156984844,47.600731378505934],[-122.32869291242413,47.600712640648105],[-122.3286644260507,47.60069378811272],[-122.32863615436094,47.60067478742232],[-122.32860813319765,47.60065561616992],[-122.32858041437758,47.600636243512575],[-122.32855304590116,47.60061664688357],[-122.32852607568982,47.600596800975325],[-122.32849955166529,47.60057668048013],[-122.32847352190647,47.60055626557251],[-122.3284609303873,47.60054611836087],[-122.32844847461155,47.60053589807178],[-122.328436150448,47.60052560201755],[-122.32842396600165,47.60051523009168],[-122.32841191737744,47.60050478782947],[-122.32840000847041,47.60049426969568],[-122.32838823546408,47.60048368396664],[-122.32837660225361,47.60047302510707],[-122.32836511304889,47.60046229854582],[-122.32835376371868,47.60045150159516],[-122.32834255839411,47.600440636942814],[-122.32833149715394,47.60042970732985],[-122.3283205799193,47.60041871001532],[-122.32830980669027,47.60040764499925],[-122.32829918167668,47.60039651771037],[-122.32828870082598,47.60038532820204],[-122.32827837216439,47.60037407362675],[-122.32826818766564,47.600362756832084],[-122.32825815551335,47.600351380452494],[-122.32824827570744,47.60033994448804],[-122.32823854411667,47.600328446251],[-122.32822896502967,47.600316893911135],[-122.32821953828886,47.600305281986564],[-122.32821026397292,47.60029361321818],[-122.328201146213,47.60028189029387],[-122.32819218095662,47.60027011326684],[-122.32818337225602,47.60025828208392],[-122.32817472011122,47.60024639674509],[-122.32816622467965,47.60023446273246],[-122.32815788580373,47.600222474563985],[-122.3281497076933,47.60021043766843],[-122.32814168637447,47.600198354840096],[-122.32813382574231,47.60018622054378],[-122.32812612595413,47.60017404026147],[-122.3281185870098,47.60016181399318],[-122.32811120898799,47.600149544479954],[-122.32810399180983,47.60013722898085],[-122.32809693960654,47.60012487018362],[-122.32809004840412,47.600112470882465],[-122.3280833222551,47.60010003102422],[-122.32807676108055,47.60008754786795],[-122.32807036511653,47.60007502963658],[-122.32806413015311,47.60006247090143],[-122.32805806437382,47.600049874297014],[-122.3280521638047,47.60003724261758],[-122.3280464324983,47.600024575809904],[-122.32804086648063,47.60001187666821],[-122.32803546567288,47.59999914245166],[-122.32803023428487,47.599986378588824],[-122.328025172159,47.599973579597844],[-122.3280202795314,47.59996075370172],[-122.32801555632315,47.5999478981594],[-122.32801100261294,47.59993501571196],[-122.32800661832181,47.59992210361839],[-122.32800240360721,47.59990916736073],[-122.3279983625214,47.59989620688565],[-122.32799448688064,47.59988321955879],[-122.3279907890783,47.59987021344324],[-122.32798725679955,47.59985718321692],[-122.32798390228027,47.59984413146103],[-122.3279807174942,47.59983106102301],[-122.32797770244113,47.59981797190293],[-122.32797486125217,47.599804866788546],[-122.32797219384847,47.59979174293886],[-122.32796970030859,47.59977860309486],[-122.32796738071114,47.59976544999752],[-122.3279652310035,47.59975228370011],[-122.32796138750845,47.599725451554086],[-122.32795820370261,47.59969858057886],[-122.32795562308667,47.599671679742954],[-122.32795358105645,47.59964475812107],[-122.32795202103435,47.59961782194058],[-122.32795088231143,47.59959087474111],[-122.32795010831026,47.59956392274999],[-122.32794963013855,47.59953696687225],[-122.32794939519283,47.599510010541046],[-122.32794934260734,47.599483051813976],[-122.32794941167383,47.599456094230696],[-122.32794953755314,47.59942913864299],[-122.32795751471161,47.59786145827687],[-122.32795760107892,47.59784625545199],[-122.3279577522831,47.597831051775266],[-122.32795802926641,47.597815851929994],[-122.32795848868234,47.597800652429854],[-122.32795919957753,47.59778545785169],[-122.32796021876267,47.59777027019115],[-122.32796161536298,47.59775509676594],[-122.3279634422943,47.59773994510692],[-122.32796576876031,47.59772482527286],[-122.32796864775538,47.59770974753544],[-122.3279721487192,47.59769473017638],[-122.32797220320676,47.5976945100999],[-122.3279763631605,47.59767957182674],[-122.32798113760701,47.59766471596607],[-122.32798645368322,47.59764994621711],[-122.32799225449887,47.59763525784323],[-122.32799847513817,47.59762064895533],[-122.3280050545802,47.59760611212901],[-122.32801192775182,47.59759163999309],[-122.32801904157931,47.59757721953494],[-122.32802633083229,47.597562837901435],[-122.3280337384636,47.59754848487414],[-122.32804120321646,47.597534144805834],[-122.32804427699044,47.59752825023251],[-122.3280511193508,47.59751510563049],[-122.32805791276546,47.59750195070312],[-122.32806460002996,47.59748876975],[-122.32807113625438,47.59747555239288],[-122.3280774644707,47.597462291154336],[-122.32808352755336,47.59744897307496],[-122.32808928077016,47.597435593258545],[-122.3280946670743,47.59742214148673],[-122.32809962965544,47.59740861576402],[-122.32810411583428,47.59739501678257],[-122.32810806872179,47.59738133980609],[-122.32811142769154,47.59736759111517],[-122.32811144240496,47.597367538823676],[-122.32811417122319,47.59735372712051],[-122.32811630270211,47.59733986568416],[-122.32811789412514,47.59732597295586],[-122.32811899435619,47.59731205651962],[-122.32811965646871,47.59729812938822],[-122.32811994132597,47.59728419350386],[-122.32811989787037,47.59727025919154],[-122.32811957878168,47.597256325758956],[-122.3281190449229,47.59724239514844],[-122.32811834492139,47.59722846672102],[-122.32811753558781,47.59721454247229],[-122.32811667357515,47.5972006189157],[-122.328095017644,47.59685463450753],[-122.3280933108413,47.59682724508317],[-122.32809166879746,47.59679985206584],[-122.32809014021784,47.59677245755759],[-122.3280887939115,47.596745057912294],[-122.32808768263573,47.596717655178765],[-122.32808687114725,47.596690245764044],[-122.32808641633409,47.59666283440468],[-122.32808637897898,47.596635420302036],[-122.32808655650202,47.59662028757062],[-122.32808687998367,47.59660515566331],[-122.32808734537149,47.59659002463349],[-122.32808796084846,47.596574897115374],[-122.32808871831007,47.59655977321574],[-122.32808962180843,47.59654465288114],[-122.32809066729119,47.59652953616491],[-122.32809185881041,47.59651442301376],[-122.32809319652345,47.596499318909636],[-122.32809597836291,47.59647196921714],[-122.32809917828531,47.59644463870902],[-122.32810273153328,47.59641733097811],[-122.32810658121814,47.5963900412879],[-122.32811067045108,47.59636276490188],[-122.32811493439664,47.59633550267194],[-122.32811931616631,47.59630824986155],[-122.32812375887166,47.59628100173422],[-122.32812405890716,47.5962791688725],[-122.32812850160754,47.59625192074496],[-122.32813288328437,47.59622466519303],[-122.32813714720697,47.596197402962204],[-122.32814123243527,47.59617012936921],[-122.32814508613386,47.59614283962434],[-122.32814863933717,47.59611553189183],[-122.3281518351578,47.5960882014353],[-122.32815461694446,47.59606085174119],[-122.32815597893685,47.59604546488994],[-122.32815719068314,47.596030069045],[-122.32815824828864,47.5960146697415],[-122.32815915985783,47.59599926687298],[-122.32815992126,47.59598385775167],[-122.32816052860058,47.59596844791281],[-122.32816098585302,47.59595303456219],[-122.32816129309633,47.595937620440786],[-122.32816145025184,47.59592220280759],[-122.32816145747717,47.59590678714458],[-122.32816131469367,47.59589137071075],[-122.32816102198028,47.595875956247085],[-122.32816057528488,47.595860543806864]]},"properties":{"LINK_TYPE":1,"DESCRIPTION":"Central Link","SEGMENT":"C","STATUS":"COMPLETE"}},{"type":"Feature","geometry":{"type":"LineString","coordinates":[[-122.33115496754579,47.61389069396532],[-122.33117318131991,47.613886267178955],[-122.33119133931721,47.61388173418545],[-122.33120943748415,47.61387709503818],[-122.33122747582051,47.613872349737235],[-122.33124545019383,47.61386749559496],[-122.3312633648942,47.61386254078097],[-122.33128121157777,47.613857477179074],[-122.33129899850933,47.61385231016457],[-122.33131671352817,47.61384703989756],[-122.33133436068768,47.6138416663247],[-122.33135193990897,47.61383618670498],[-122.33136944729615,47.61383060657386],[-122.33140588510898,47.61381859125686],[-122.33144202318559,47.61380616583055],[-122.33147788297693,47.61379337114302],[-122.33151347782695,47.61378024814899],[-122.33154883316155,47.613766834901995],[-122.3315839783811,47.61375316666136],[-122.33161893899059,47.61373928422156],[-122.331653740416,47.613725225636145],[-122.33168842000734,47.613711020575444],[-122.33172299929515,47.61369671262841],[-122.3317575156294,47.613682331465256],[-122.33179199849006,47.6136679150861],[-122.33367526491286,47.61288014699249],[-122.33546124678881,47.612133022981965],[-122.33548322692148,47.61212382951331],[-122.33550521960223,47.61211464958467],[-122.33552723738713,47.61210549674045],[-122.33554928877865,47.61209638457837],[-122.335571390307,47.61208732384822],[-122.33559355047473,47.612078328147874],[-122.33561577786357,47.61206941381598],[-122.33563808908299,47.61206059434335],[-122.33563932400227,47.61206010915547],[-122.3356617275544,47.612051398139556],[-122.33568421080464,47.61204277929529],[-122.33570676127641,47.612034241819366],[-122.33572937038788,47.6120257693729],[-122.33575202168825,47.612017353947124],[-122.33577470254232,47.612008979256636],[-122.33579740850097,47.612000631650204],[-122.33582012700836,47.61199229758358],[-122.33582636634652,47.61199000787988],[-122.3358490848446,47.611981673807435],[-122.33587179077946,47.61197332618615],[-122.3358944755693,47.611964948677375],[-122.33591712276301,47.61195653327217],[-122.33593973188573,47.6119480635249],[-122.33596228227444,47.61193952599832],[-122.33598476542663,47.61193090709469],[-122.33600716878617,47.61192219326973],[-122.33600873656917,47.6119215802916],[-122.33603104757943,47.61191275800089],[-122.3360532747435,47.61190384084253],[-122.33607543474979,47.61189484504831],[-122.33609753196833,47.61188578152853],[-122.33611958308772,47.61187666651494],[-122.33614159661042,47.61186751360532],[-122.33616358898762,47.61185833080846],[-122.33618556888017,47.61184913720411],[-122.3377288097884,47.611203349184535],[-122.33775219505148,47.611193555383004],[-122.33777555916728,47.61118373169396],[-122.33779886486322,47.61117385119017],[-122.33782209505397,47.61116388393532],[-122.33784521238775,47.61115380026121],[-122.33786819183105,47.611143575820776],[-122.33789100405926,47.61113317809767],[-122.33791362006495,47.61112258553941],[-122.33793599852186,47.61111177127249],[-122.3379581142381,47.611100705467905],[-122.33797992612523,47.611089369475124],[-122.33800139285721,47.61107773642058],[-122.3380224733457,47.61106578765375],[-122.3380431304764,47.6110535017295],[-122.33805317741603,47.611047295310705],[-122.33806310434944,47.61104100547551],[-122.33807291517131,47.61103462668844],[-122.33808260606621,47.61102816722598],[-122.33809217290153,47.61102162440084],[-122.33810161567722,47.61101499821298],[-122.33811093049847,47.61100829419802],[-122.33812012539272,47.611001509507815],[-122.33812918819994,47.610994644303204],[-122.33813811907876,47.61098770406611],[-122.33814692208246,47.61098068874298],[-122.33815559307847,47.61097359564653],[-122.33816412817201,47.61096643031227],[-122.33817252736311,47.61095919274022],[-122.33818079065182,47.61095188293051],[-122.33818891803809,47.61094450088304],[-122.33819690562726,47.61093705213349],[-122.33820475334002,47.61092953394079],[-122.33821245720232,47.610921949099705],[-122.33822001729352,47.610914300351084],[-122.3382274335344,47.61090658495408],[-122.33823470608345,47.61089880839061],[-122.33824183088753,47.61089097071432],[-122.33824880786725,47.61088306918426],[-122.3382556371813,47.61087510928241],[-122.33826231485573,47.61086709380339],[-122.33826884081112,47.61085902000621],[-122.33827521512694,47.61085089063187],[-122.3382814378825,47.61084270842136],[-122.33828750494531,47.61083447068741],[-122.33829341647387,47.61082618291188],[-122.33829917246831,47.61081784509491],[-122.33830476895454,47.61080946003098],[-122.3383102099861,47.61080102766656],[-122.3383154954837,47.61079254526071],[-122.3383206175785,47.610784021143594],[-122.33832557627078,47.61077545531514],[-122.33833037958779,47.61076684492727],[-122.33833501544905,47.61075819288178],[-122.33833949211969,47.610749504553375],[-122.33834380546726,47.610740777254755],[-122.33834795151782,47.6107320137805],[-122.338351934404,47.610723216818],[-122.33835574999333,47.610714383679834],[-122.33835940249764,47.61070551979448],[-122.33836288786388,47.610696625215475],[-122.33836620211797,47.61068770273738],[-122.33836935328738,47.61067874951208],[-122.33837233342409,47.61066977112873],[-122.33837514666078,47.61066077027473],[-122.33837778878575,47.61065174152172],[-122.33838026011612,47.61064269583357],[-122.33838256446742,47.610633624933826],[-122.33838469397107,47.61062453715263],[-122.33838665673368,47.610615432382666],[-122.33838844464876,47.61060631073128],[-122.3383900659023,47.610597174832165],[-122.33839151238779,47.610588024792584],[-122.33839278426382,47.61057886609448],[-122.33839388947855,47.61056969314865],[-122.33839482016339,47.61056051428524],[-122.33839557623904,47.6105513267633],[-122.33839616183819,47.61054213327019],[-122.33839657298697,47.61053293660048],[-122.33839681373875,47.61052373670057],[-122.33839688011959,47.61051453636507],[-122.3383967761829,47.610505335540296],[-122.33839649382217,47.61049613433352],[-122.33839604535589,47.61048693806582],[-122.33839541862442,47.610477746898006],[-122.33839462173422,47.61046856072289],[-122.33839365476484,47.610459382281476],[-122.33839250968893,47.61045021442188],[-122.33839119866656,47.61044105698325],[-122.33838971359123,47.610431910072826],[-122.33838805454228,47.61042277643159],[-122.33838622565239,47.61041365874686],[-122.33838422692158,47.610404557018654],[-122.33838205437603,47.610395474041525],[-122.33837971612235,47.61038640970821],[-122.33837720413328,47.61037736686693],[-122.33837452246226,47.61036834546402],[-122.33837167118868,47.61035934824051],[-122.33836865436588,47.61035037514272],[-122.33836546809917,47.610341431706175],[-122.33836211223016,47.610332512448956],[-122.33835859104992,47.6103236255403],[-122.33835490042607,47.61031476829284],[-122.33835104449126,47.61030594339399],[-122.33834702737803,47.61029715353096],[-122.33834284098003,47.61028839881105],[-122.33833849340384,47.61027967912703],[-122.33833398075474,47.610271000014336],[-122.3383242371801,47.61025334144109],[-122.33831385779338,47.610235850313344],[-122.33830289520836,47.61021852319299],[-122.33829139385286,47.6102013540083],[-122.33827939831332,47.6101843421694],[-122.33826695699138,47.610167478809885],[-122.33825411010301,47.61015075242974],[-122.33824090207575,47.61013415695722],[-122.33822737304615,47.61011767815124],[-122.33821357133645,47.61010130440464],[-122.3381995330298,47.61008502152994],[-122.33818529834183,47.61006881802722],[-122.33817091138295,47.61005267686092],[-122.33815640418285,47.610036583897354],[-122.33814182490515,47.6100205220474],[-122.33812720144697,47.61000447449003],[-122.3378732737105,47.60972597523601],[-122.33780459496633,47.6096507046946],[-122.33773584425529,47.609575462485886],[-122.33701069798457,47.60878241369309],[-122.33699737073627,47.608767840524926],[-122.33698403149434,47.608753272997745],[-122.33697066825782,47.60873871675429],[-122.33695726894643,47.608724174696135],[-122.33694382561222,47.60870965241232],[-122.33693031814788,47.60869515565258],[-122.33691674265867,47.60868068995236],[-122.3369030830113,47.6086662582669],[-122.33688787656907,47.60865035536428],[-122.33687255815273,47.6086345060376],[-122.33685712355087,47.60861870485851],[-122.33684157689582,47.608602954514254],[-122.33682741292924,47.60858874884522],[-122.3368131648839,47.60857457993167],[-122.33679884881413,47.60856044207744],[-122.33678447680003,47.608546332380826],[-122.33677005678962,47.60853224525275],[-122.33675560475785,47.60851817225615],[-122.33674112467872,47.608504110596435],[-122.33672663665955,47.608490054523905],[-122.33672657404112,47.60848999228494],[-122.33671208602978,47.60847593621058],[-122.33669761400124,47.60846187169725],[-122.3366831820367,47.608447790200756],[-122.336668802058,47.608433683337545],[-122.33665449004009,47.608419542670575],[-122.33664027014336,47.608405362396596],[-122.33662615826353,47.608391131337655],[-122.33661217053384,47.608376846538484],[-122.33661196154273,47.608376629938604],[-122.33659811791217,47.608362280167725],[-122.33658439843175,47.60834787665679],[-122.3365707869679,47.60833342236103],[-122.33655727175727,47.60831893114592],[-122.33654382458614,47.60830440886828],[-122.33653043758599,47.608289863858104],[-122.3365170825432,47.60827530197221],[-122.33650374761511,47.608260734335055],[-122.33568321847808,47.60736392951121],[-122.33566722510501,47.6073464437363],[-122.33565125177063,47.607328949468645],[-122.33563531850261,47.60731143821779],[-122.33561944938184,47.60729390143973],[-122.33560366030396,47.60727632795666],[-122.33558797550803,47.607258714706525],[-122.33557241502169,47.60724105319888],[-122.33555700276767,47.60722332940789],[-122.33555381460857,47.60721963413763],[-122.33553859477657,47.60720183376941],[-122.33552351936089,47.6071839793945],[-122.33550857222842,47.60716607396779],[-122.33549373350958,47.607148131461784],[-122.33547897491208,47.60713015499206],[-122.33546428046121,47.60711215299556],[-122.33544963028729,47.60709413944471],[-122.33543500007215,47.60707611466058],[-122.33543103144001,47.6070712259473],[-122.33541640131696,47.60705320390169],[-122.3354017510971,47.60703518760369],[-122.33538705677883,47.60701718833819],[-122.33537229825531,47.60699921185456],[-122.33535745549885,47.6069812666433],[-122.33534250848172,47.60696336119472],[-122.33532743725543,47.60694550674015],[-122.33531221758109,47.60692770634163],[-122.33530909238873,47.60692408426807],[-122.33529368039734,47.606906363182276],[-122.33527812003719,47.606888698893265],[-122.33526243546822,47.60687108559811],[-122.33524665069216,47.60685351201184],[-122.33523078184196,47.60683597517943],[-122.33521484886636,47.606818463869516],[-122.33519887584607,47.60680096953817],[-122.33518288272963,47.60678348095402],[-122.3327025547754,47.60407214549512],[-122.33260798260191,47.60396882520525],[-122.33251331861645,47.60386554169749],[-122.33220383554828,47.60352810192685],[-122.33218727279647,47.60351005011343],[-122.3321706899503,47.60349200404647],[-122.3321540591141,47.603473980545544],[-122.33213736018214,47.60345598535949],[-122.33212057312754,47.603438026978175],[-122.33210367394958,47.60342011668574],[-122.3320866426214,47.60340226297202],[-122.3320694511686,47.603384479915455],[-122.3320675794941,47.603382557744],[-122.33205019986461,47.60336485668188],[-122.33203266829517,47.603347228911],[-122.3320150046548,47.6033296604595],[-122.33199723294429,47.6033121400431],[-122.33197937326952,47.60329466191295],[-122.3319614455785,47.60327721483819],[-122.33194347387196,47.60325978753461],[-122.33192548628217,47.60324237140558],[-122.33192398920288,47.60324092689154],[-122.33190947994899,47.603226881488396],[-122.3318949907299,47.60321282759364],[-122.33188053744058,47.60319875402975],[-122.33186613621312,47.60318465784236],[-122.33185181104825,47.603170527747274],[-122.33183757386723,47.603156355361484],[-122.3318234486707,47.60314212940089],[-122.33180945166956,47.60312784965201],[-122.33180935966837,47.60312775215134],[-122.331795502705,47.60311340749019],[-122.33178178196336,47.60309900619308],[-122.33176816923219,47.60308455411571],[-122.33175464869511,47.60307006517638],[-122.3317412082729,47.603055542276344],[-122.33172781991222,47.60304099675308],[-122.33171447161266,47.60302643424861],[-122.33170113929464,47.603011863306186],[-122.33082551472306,47.60205449465626],[-122.33080536855252,47.602032481002695],[-122.33078515421393,47.60201049292114],[-122.3307648117066,47.60198855862129],[-122.33074427300328,47.60196670916064],[-122.330723482077,47.601944969954495],[-122.33070237090077,47.60192337206025],[-122.33068088352668,47.60190194363408],[-122.330658956138,47.60188072116184],[-122.33063652889201,47.60185973833495],[-122.33062535060776,47.60184955904389],[-122.33061404453647,47.601839447241815],[-122.330602602573,47.60182940303529],[-122.33059103695408,47.60181942900527],[-122.33057933941673,47.60180951977644],[-122.33056751019754,47.60179968357172],[-122.3305555612967,47.60178991474903],[-122.33054348071418,47.60178021895036],[-122.33053127655509,47.60177059606893],[-122.33051894874077,47.60176104336382],[-122.33050649742874,47.601751566316864],[-122.33048070193344,47.60173243751222],[-122.33045446037039,47.60171358603082],[-122.3304278328192,47.601694986403736],[-122.33040087896514,47.60167659945705],[-122.33037365475644,47.60165839703439],[-122.33034621987835,47.60164033996199],[-122.33031862606863,47.60162239465482],[-122.33029092903892,47.60160452473363],[-122.33026317623784,47.60158668844387],[-122.3289217158507,47.600725191155455],[-122.32889152722707,47.60070579345803],[-122.3288613903637,47.60068636216836],[-122.32883134889342,47.60066686380888],[-122.3288014543965,47.600647259313455],[-122.32877175479443,47.60062752337419],[-122.32874230166757,47.60060761692516],[-122.32871314683251,47.600587509123436],[-122.32868434623697,47.600567171813694],[-122.32865595169758,47.60054657415307],[-122.32862802321455,47.60052568793318],[-122.3286006168144,47.60050448773998],[-122.32858788836346,47.60049437250408],[-122.32857529152443,47.60048418150275],[-122.32856282637606,47.60047391747717],[-122.32855049291834,47.60046358042722],[-122.32853829520369,47.60045317029977],[-122.32852623331094,47.60044268983579],[-122.32851430716116,47.600432136294394],[-122.32850251285943,47.60042151521079],[-122.32849086248443,47.6004108236843],[-122.32847934800992,47.60040006456242],[-122.32846796943583,47.60038923784521],[-122.32845673486706,47.600378343426236],[-122.32844564025116,47.60036738135875],[-122.32843468979794,47.60035635707151],[-122.32842387937629,47.600345267876776],[-122.32841321303852,47.60033411372141],[-122.32840269094218,47.60032290008737],[-122.32839231292961,47.60031162149272],[-122.32838208321076,47.600300283366245],[-122.32837200178561,47.600288885707954],[-122.32836206460165,47.600277428571175],[-122.32835227578994,47.600265914643636],[-122.32834263527174,47.60025434118435],[-122.32833314717818,47.60024271088115],[-122.32832380753548,47.600231026528284],[-122.32831462039607,47.600219288072495],[-122.32830558575984,47.60020749551387],[-122.32829669957422,47.60019564890566],[-122.32828797002284,47.60018375088243],[-122.3282793930532,47.60017180149739],[-122.32827097271763,47.60015980069739],[-122.32826270512108,47.600147754017605],[-122.32825459821093,47.60013565586964],[-122.32824664403961,47.600123511841936],[-122.32823884665956,47.600111321881414],[-122.32823120599193,47.60009908324701],[-122.32822372632525,47.60008680410843],[-122.32821640344949,47.60007447903704],[-122.3282092374434,47.600062110773855],[-122.32820223649051,47.60004970195334],[-122.32819539240695,47.6000372499411],[-122.32818871345519,47.60002476011257],[-122.32818219145136,47.60001222983333],[-122.32817583465773,47.599999664478815],[-122.32816963886437,47.599987058620385],[-122.32816360422854,47.599974417740036],[-122.3281577348814,47.59996174452549],[-122.32815203066532,47.599949033494816],[-122.32814648768523,47.599936290183244],[-122.32814110999348,47.59992351453755],[-122.32813589766863,47.59991070929873],[-122.32813085468442,47.59989787167259],[-122.32812597309321,47.59988500724763],[-122.328121260921,47.59987211317631],[-122.3281167100628,47.599859189565215],[-122.32811233283346,47.59984624173658],[-122.3281081170753,47.59983326985013],[-122.32810407081445,47.59982027105845],[-122.32810019420825,47.599807250843455],[-122.32809648717787,47.59979420646422],[-122.32809294574948,47.59978114071499],[-122.32808957405412,47.599768056283466],[-122.32808636796042,47.59975495048198],[-122.32808333565195,47.59974182594501],[-122.32808047315484,47.599728685466836],[-122.3280777764165,47.59971552910062],[-122.32807525354175,47.59970235673993],[-122.32807289650422,47.59968917123227],[-122.32807071333005,47.59967596973019],[-122.32806870012405,47.599662757768805],[-122.32806498372841,47.599634706504276],[-122.32806196365043,47.59960662141279],[-122.32805957512824,47.59957850608728],[-122.32805774545297,47.599550369709114],[-122.32805640604708,47.599522224147336],[-122.3280554879394,47.599494067566255],[-122.32805491842149,47.599465909147064],[-122.32805462852262,47.59943774705402],[-122.32805454942957,47.59940958493319],[-122.3280546122505,47.59938142368981],[-122.32805474396282,47.599353261541246],[-122.32806226469468,47.597874677692396],[-122.32806235602497,47.597859225279116],[-122.32806250821866,47.59784377480815],[-122.32806279421735,47.59782832532109],[-122.32806327075339,47.59781287607249],[-122.32806400687328,47.59779743163915],[-122.3280650635189,47.597781996704356],[-122.32806650973669,47.597766575844865],[-122.32806841067817,47.59775117917263],[-122.32807082331131,47.59773581416516],[-122.32807381294495,47.597720496416265],[-122.32807744488773,47.59770524151994],[-122.32807751400972,47.597704966410944],[-122.32808183751845,47.59768979565589],[-122.32808679188683,47.597674712581686],[-122.32809231632982,47.597659717986936],[-122.32809833790537,47.59764481283],[-122.32810479567134,47.597629992427535],[-122.32811162447567,47.59761524666752],[-122.32811876337611,47.59760057086662],[-122.3281261469848,47.59758594668993],[-122.32813371022851,47.59757136676645],[-122.32814140003376,47.59755681808348],[-122.32814914696041,47.597542282359385],[-122.32815271690144,47.597535597049045],[-122.32816046382176,47.59752106132417],[-122.32816814955981,47.59750651269258],[-122.32817570864921,47.59749193007859],[-122.32818307999086,47.59747730331692],[-122.32819019438112,47.59746262234908],[-122.32819699056357,47.59744787152793],[-122.32820340743922,47.597433040688415],[-122.3282093678577,47.5974181253604],[-122.32821481079884,47.59740311811978],[-122.32821967142655,47.597388019818624],[-122.32822387282687,47.59737283420972],[-122.32822403286279,47.59737219596092],[-122.32822750209505,47.59735692400286],[-122.3282303087573,47.59734158945927],[-122.32823251418525,47.59732621071816],[-122.32823419171405,47.59731080052598],[-122.3282353983909,47.59729536910117],[-122.32823620349845,47.597279929243236],[-122.32823667592575,47.597264480047016],[-122.32823688074544,47.59724902888336],[-122.32823688692517,47.59723357758808],[-122.32823675524904,47.59721812536231],[-122.32823655873679,47.59720267398856],[-122.32822074420532,47.59602652479335],[-122.32822017531015,47.59598540489315],[-122.32821956893147,47.59594749637674],[-122.32821951718937,47.59594428342343],[-122.3282186808532,47.59590316703768],[-122.32821832520658,47.59588979619686]]},"properties":{"LINK_TYPE":1,"DESCRIPTION":"Central Link","SEGMENT":"C","STATUS":"COMPLETE"}},{"type":"Feature","geometry":{"type":"LineString","coordinates":[[-122.32821832520658,47.59588979619686],[-122.32821757699686,47.5958620514254],[-122.32821611663114,47.5958209432401],[-122.32821420647836,47.59577984096546],[-122.32821176573286,47.5957387538894],[-122.32820869317094,47.59569768608416],[-122.32820695828676,47.595677788195175],[-122.32820504931905,47.59565789807789],[-122.32820297842443,47.59563801557247],[-122.32820073757763,47.59561814352639],[-122.32819833075219,47.59559827914544],[-122.3281957538961,47.59557842248284],[-122.32819301121927,47.59555857896731],[-122.3281901025643,47.59553874311685],[-122.32818702403685,47.59551892046666],[-122.32818377968907,47.59549911096351],[-122.32818036952129,47.59547931460729],[-122.32817678948149,47.595459531451326],[-122.32817304767413,47.59543976138907],[-122.32816913599511,47.595420004527035],[-122.32816505865425,47.59540026629383],[-122.32816081144219,47.59538054126083],[-122.3281564026207,47.59536083480343],[-122.32815182813785,47.59534114697479],[-122.32814708386306,47.59532147508729],[-122.32814217797944,47.5953018217753],[-122.32813710238293,47.59528218714531],[-122.32813186525668,47.59526257383177],[-122.32812645849664,47.59524298194117],[-122.32812089012847,47.595223408626026],[-122.32811515625762,47.59520385942146],[-122.32810281994692,47.595163593361605],[-122.32808987001819,47.595123414881876],[-122.32807639943495,47.59508331453463],[-122.328062493135,47.59504328571947],[-122.328048235741,47.59500331087241],[-122.328033720137,47.5949633778047],[-122.32801903110251,47.59492347443431],[-122.3280042533382,47.59488358593819],[-122.32765564547773,47.59394347853228],[-122.3276317065907,47.59387913921123],[-122.32760761457362,47.593814829317466],[-122.32758336926969,47.59375054336898],[-122.32755897075799,47.59368628410665],[-122.32753441903914,47.593622051530296],[-122.32750971419237,47.59355784838091],[-122.32739644823779,47.59326444145779],[-122.32738558252888,47.59323625649516],[-122.32737479747745,47.5932080567622],[-122.32736418183303,47.59317982738325],[-122.3273538122678,47.593151556383255],[-122.32734377760944,47.593123231627594],[-122.32733415858186,47.593094841088124],[-122.32732503996039,47.59306637268342],[-122.3273165108085,47.59303782250181],[-122.32731244749608,47.59302335693997],[-122.32730855389545,47.593008872696934],[-122.32730483390098,47.59299436423768],[-122.32730128766991,47.59297983704403],[-122.32729791520211,47.59296529111611],[-122.32729471244542,47.5929507265071],[-122.32729168766109,47.59293614859257],[-122.32728883258763,47.592921551996994],[-122.32728615135542,47.59290693940818],[-122.3272836440432,47.59289231356704],[-122.32728131065073,47.59287767447359],[-122.32727915117779,47.59286302212797],[-122.32727716983358,47.592848361958744],[-122.32727535835677,47.592833688590524],[-122.32727372095646,47.592819007452015],[-122.32727226160574,47.59280431574903],[-122.32726987036368,47.59277523252042],[-122.32726807849383,47.59274613045186],[-122.32726679701028,47.59271701619603],[-122.32726594900446,47.592687893505065],[-122.3272654373871,47.59265876913813],[-122.32726518914461,47.592629641312136],[-122.32726510710914,47.59260051404523],[-122.32726511016392,47.59257138566079],[-122.32726513140014,47.59254034860039],[-122.32726661250045,47.590317430341386]]},"properties":{"LINK_TYPE":1,"DESCRIPTION":"Central Link","SEGMENT":"C","STATUS":"COMPLETE"}},{"type":"Feature","geometry":{"type":"LineString","coordinates":[[-122.32743410176317,47.579115140252746],[-122.32742827413949,47.58791780513277]]},"properties":{"LINK_TYPE":1,"DESCRIPTION":"Central Link","SEGMENT":"C","STATUS":"COMPLETE"}},{"type":"Feature","geometry":{"type":"LineString","coordinates":[[-122.32816057528488,47.595860543806864],[-122.32815993363964,47.59584413035356],[-122.32815912593497,47.595827721824364],[-122.32815814406675,47.595811318325765],[-122.32815699208733,47.5957949198046],[-122.32815566999685,47.59577852626074],[-122.3281541778741,47.59576214043527],[-122.32815251571938,47.595745762328086],[-122.32815067948059,47.595729391992506],[-122.3281486772622,47.595713029321956],[-122.32814650516976,47.59569667985168],[-122.32814415899372,47.59568033815295],[-122.32814164699612,47.595664009601194],[-122.32813896107263,47.5956476943029],[-122.32813610924909,47.59563138941059],[-122.32813308357883,47.595615100512724],[-122.3281298920875,47.59559882476173],[-122.32812653080192,47.59558256495196],[-122.3281229998009,47.59556632382425],[-122.32811930305807,47.595550098584376],[-122.32811543246923,47.59553388933885],[-122.32811139629628,47.59551770146314],[-122.32810719040847,47.59550153226939],[-122.32810281893693,47.59548538444543],[-122.32809827775088,47.595469255303456],[-122.32809356700793,47.59545315032543],[-122.32808534144594,47.59542630721565],[-122.32807670812329,47.59539952156144],[-122.32806772774374,47.59537278982319],[-122.32805845274929,47.5953461030856],[-122.32804894773805,47.59531945227389],[-122.32803927333477,47.59529283110735],[-122.32802947792887,47.595266230724086],[-122.32801963001295,47.595239636514044],[-122.32756996380336,47.59402700140012],[-122.32756231905401,47.594006394179964],[-122.32755465818126,47.593985789913134],[-122.32754697315993,47.593965191447126],[-122.3275392396778,47.59394459910119],[-122.32753144565777,47.59392401577607],[-122.3275235831531,47.593903447060114],[-122.32751562785187,47.59388289327263],[-122.32750757172886,47.59386235726106],[-122.32749888322283,47.59384054903806],[-122.32749005758541,47.59381876455184],[-122.3274810989475,47.59379700649003],[-122.3274720112825,47.593775272058494],[-122.32746279061723,47.59375356405128],[-122.32745400076965,47.593733166548304],[-122.32744510612773,47.59371278961519],[-122.32743612282106,47.59369243029815],[-122.3274270670576,47.5936720883842],[-122.32741795480945,47.59365175543753],[-122.32740879823244,47.59363143129851],[-122.32739961353482,47.59361111575423],[-122.32739041263636,47.593590800422014],[-122.327275433955,47.593336983048374],[-122.32726283078954,47.59330913074043],[-122.3272503082835,47.593281263661886],[-122.3272379509772,47.59325336150847],[-122.32722584356823,47.59322540945776],[-122.3272140626499,47.59319739279403],[-122.32720269299818,47.59316929943586],[-122.32719181931013,47.59314111456111],[-122.32718152651856,47.593112831570465],[-122.32717674387607,47.59309900611262],[-122.32717212276337,47.59308515933926],[-122.32716765897099,47.59307128582163],[-122.32716335265619,47.593057391041725],[-122.32715920779219,47.59304347220534],[-122.32715522048409,47.593029534847716],[-122.32715139462651,47.59301557343363],[-122.32714773045534,47.59300159618606],[-122.32714422376105,47.592987597676334],[-122.32714087867421,47.592973580592115],[-122.3271376912214,47.59295954772774],[-122.32713466950636,47.59294549897671],[-122.32713180542517,47.59293143444543],[-122.32712910310813,47.59291735682177],[-122.32712656652849,47.59290326331154],[-122.32712418766094,47.592889156762055],[-122.32712197063591,47.59287503986121],[-122.32711991537464,47.592860909867944],[-122.3271180219556,47.592846769523284],[-122.32711629045733,47.59283262156821],[-122.327114724853,47.59281846320856],[-122.32711331711721,47.592804297291686],[-122.327110925964,47.592775214059735],[-122.32710913418302,47.59274611198863],[-122.32710785684031,47.59271699767785],[-122.32710700487148,47.59268787503893],[-122.32710649739494,47.59265875061806],[-122.32710624518943,47.59262962284494],[-122.32710616324295,47.59260049557789],[-122.3271061704386,47.59257136714023],[-122.32710619090422,47.59254029992917],[-122.32710767879114,47.590317381672236]]},"properties":{"LINK_TYPE":1,"DESCRIPTION":"Central Link","SEGMENT":"C","STATUS":"COMPLETE"}},{"type":"Feature","geometry":{"type":"LineString","coordinates":[[-122.32742827413949,47.58791780513277],[-122.32742807327477,47.58821936280824]]},"properties":{"LINK_TYPE":1,"DESCRIPTION":"Central Link","SEGMENT":"C","STATUS":"COMPLETE"}},{"type":"Feature","geometry":{"type":"LineString","coordinates":[[-122.32742827413949,47.58791780513277],[-122.32737179415471,47.58753494018084]]},"properties":{"LINK_TYPE":1,"DESCRIPTION":"Central Link","SEGMENT":"C","STATUS":"COMPLETE"}},{"type":"Feature","geometry":{"type":"LineString","coordinates":[[-122.32742807327477,47.58821936280824],[-122.3274279577053,47.5883958097781],[-122.32742792693072,47.588426652284625],[-122.32742783530368,47.58845749284844],[-122.32742762610171,47.58848833221475],[-122.32742723862957,47.58851917392279],[-122.32742661187692,47.58855001054798],[-122.32742568514811,47.58858084562968],[-122.3274244056144,47.58861167437768],[-122.32742270431942,47.588642494955884],[-122.3274214543702,47.58866108025102],[-122.32742002988645,47.58867965687075],[-122.32741843507696,47.588698230243864],[-122.32741666573257,47.58871679494159],[-122.32741472185307,47.58873535096383],[-122.3274126075686,47.58875390099851],[-122.32741031461845,47.58877243966992],[-122.3274078552358,47.5887909695595],[-122.32740522116003,47.588809485291705],[-122.32740047975862,47.58884015660481],[-122.32739532819411,47.58887080040138],[-122.32738981913693,47.58890141598939],[-122.32738401343939,47.588932005311534],[-122.32737797203265,47.58896257305131],[-122.32737175187522,47.58899312668663],[-122.32736541787153,47.58902366810683],[-122.32735901887693,47.58905420489627],[-122.32733587956109,47.58916450721217],[-122.3273294845835,47.58919504394669],[-122.32732314647882,47.589225585417665],[-122.32731692625777,47.58925613904986],[-122.3273108847741,47.58928670678596],[-122.3273050790659,47.58931729884481],[-122.32729956990836,47.58934791442826],[-122.32729441815552,47.58937855547904],[-122.32728967671567,47.58940922952825],[-122.32728704264524,47.58942774799852],[-122.32728458310918,47.58944627514424],[-122.32728229413453,47.5894648137597],[-122.32728017572161,47.58948336384489],[-122.32727823176482,47.58950191986463],[-122.32727646234312,47.589520484559905],[-122.32727486737801,47.58953905518979],[-122.32727344289661,47.589557634548406],[-122.32727219279344,47.58957621710064],[-122.32727049542854,47.589607037622926],[-122.32726921172608,47.589637866421945],[-122.32726828488465,47.58966870150182],[-122.32726765810261,47.58969954086655],[-122.32726727044803,47.58973037983248],[-122.32726706114589,47.58976121919789],[-122.3272669735515,47.58979206244875],[-122.32726694260208,47.589822902213584],[-122.32726661250045,47.590317430341386]]},"properties":{"LINK_TYPE":1,"DESCRIPTION":"Central Link","SEGMENT":"C","STATUS":"COMPLETE"}},{"type":"Feature","geometry":{"type":"LineString","coordinates":[[-122.32742807327477,47.58821936280824],[-122.32738710886025,47.588439390400985],[-122.32738457691693,47.58845299111369],[-122.32738203679042,47.58846658919172],[-122.32737947640469,47.588480187535836],[-122.32737689155076,47.5884937807173],[-122.32737427833433,47.58850737427118],[-122.32737161634003,47.588520962981725],[-122.32736890961958,47.58853454679568],[-122.3273661419665,47.588548125925875],[-122.32736163046064,47.58856957833015],[-122.32735695641523,47.588591016417176],[-122.32735211164817,47.58861243755239],[-122.3273471002108,47.58863384168253],[-122.32734192202442,47.58865522606667],[-122.32733856475143,47.5886687389066],[-122.32733514662402,47.588682249803796],[-122.32733167971828,47.58869575585748],[-122.32732817205861,47.588709254220376],[-122.32732462785401,47.58872275032115],[-122.32732106331092,47.5887362439469],[-122.32731747842918,47.58874973509768],[-122.32731388544246,47.58876322635477],[-122.32728307717638,47.58887888033648],[-122.32727419807729,47.58891225751194],[-122.32726540436559,47.58894564453298],[-122.32725677333697,47.58897905135254],[-122.32724838626034,47.589012485129174],[-122.32724033258671,47.58904595565614],[-122.32723268556074,47.58907947293956],[-122.32722553844955,47.58911303849652],[-122.32721896434094,47.589146656851185],[-122.32721598725531,47.58916310960923],[-122.3272131646021,47.58917957679088],[-122.32721050432754,47.589196052807786],[-122.32720799848578,47.58921254324836],[-122.32720565502296,47.58922904252418],[-122.32720346591452,47.589245553482726],[-122.32720143910664,47.58926207053558],[-122.32719956665352,47.5892785992711],[-122.32719785650121,47.589295134101015],[-122.32719630467695,47.58931167781944],[-122.32719491102355,47.58932822494447],[-122.32719254335163,47.5893621006391],[-122.32719075974482,47.58939599059877],[-122.32718947098915,47.589429893253204],[-122.32718860384092,47.589463798596285],[-122.32718806519127,47.58949771059296],[-122.32718777782306,47.58953162203135],[-122.32718766070342,47.58956553397575],[-122.3271876246958,47.58959944759683],[-122.3271875009257,47.589781145603915]]},"properties":{"LINK_TYPE":1,"DESCRIPTION":"Central Link","SEGMENT":"C","STATUS":"COMPLETE"}},{"type":"Feature","geometry":{"type":"LineString","coordinates":[[-122.32737738001883,47.57911512319855],[-122.32737179415471,47.58753494018084]]},"properties":{"LINK_TYPE":1,"DESCRIPTION":"Central Link","SEGMENT":"C","STATUS":"COMPLETE"}},{"type":"Feature","geometry":{"type":"LineString","coordinates":[[-122.32737179415471,47.58753494018084],[-122.32737157659962,47.58786290086463],[-122.32737154275785,47.587897168178756],[-122.32737142788517,47.58793143655731],[-122.32737115492326,47.587965704270395],[-122.32737064276219,47.58799996964156],[-122.32736981442194,47.58803423368185],[-122.32736859268635,47.588068489179626],[-122.32736689660211,47.58810273994012],[-122.32736464474371,47.588136973322946],[-122.32736323327555,47.588154732652825],[-122.32736165140467,47.58817248599496],[-122.32735989913098,47.58819023334941],[-122.32735797637557,47.58820797197511],[-122.32735588719,47.5882257018189],[-122.32735362347077,47.5882434229871],[-122.32735119324221,47.58826113263245],[-122.32734859245272,47.588278830808036],[-122.32734582110203,47.588296517513946],[-122.32734287918989,47.588314192750055],[-122.32733977068919,47.588331853722224],[-122.32733649154811,47.58834950048362],[-122.32732970849797,47.588383458858736],[-122.3273223807962,47.58841736406322],[-122.32731457755477,47.588451223415234],[-122.32730638806498,47.588485041225766],[-122.3272978854121,47.58851882201884],[-122.32728914689045,47.58855257574713],[-122.32728025384613,47.58858631231011],[-122.32727128349525,47.58862003891962],[-122.32720524295236,47.58886794748627],[-122.32719627250432,47.58890167408971],[-122.32718738339186,47.588935410592086],[-122.3271786610138,47.58896916683975],[-122.32717018258735,47.58900295004471],[-122.32716203359062,47.58903677279444],[-122.32715429513549,47.589070636765626],[-122.32714705262184,47.58910455180494],[-122.32714038724063,47.58913852233007],[-122.32713728562747,47.58915557996283],[-122.32713435060161,47.58917265185972],[-122.32713158208443,47.58918973527969],[-122.32712898015484,47.58920683296376],[-122.3271265447343,47.58922394217102],[-122.32712427574437,47.58924106016042],[-122.32712217723679,47.58925818687883],[-122.32712024523873,47.589275325120404],[-122.3271184755415,47.58929246945643],[-122.32711687632708,47.589309622521455],[-122.32711544751709,47.58932678157455],[-122.3271130777064,47.589361008271936],[-122.32711129211812,47.589395254716685],[-122.32711000543253,47.58942951380326],[-122.32710913630271,47.58946377563207],[-122.32710859964443,47.58949804132046],[-122.32710831434636,47.58953230919179],[-122.32710819119343,47.58956657767561],[-122.3271081571772,47.589600844988794],[-122.32710767879114,47.590317381672236]]},"properties":{"LINK_TYPE":1,"DESCRIPTION":"Central Link","SEGMENT":"C","STATUS":"COMPLETE"}},{"type":"Feature","geometry":{"type":"LineString","coordinates":[[-122.32726661250045,47.590317430341386],[-122.3271875009257,47.589781145603915]]},"properties":{"LINK_TYPE":1,"DESCRIPTION":"Central Link","SEGMENT":"C","STATUS":"COMPLETE"}},{"type":"Feature","geometry":{"type":"LineString","coordinates":[[-122.3271875009257,47.589781145603915],[-122.32710767879114,47.590317381672236]]},"properties":{"LINK_TYPE":1,"DESCRIPTION":"Central Link","SEGMENT":"C","STATUS":"COMPLETE"}},{"type":"Feature","geometry":{"type":"LineString","coordinates":[[-122.32430019510436,47.57645773222748],[-122.32429988864085,47.576825998611405]]},"properties":{"LINK_TYPE":1,"DESCRIPTION":"OMF","SEGMENT":"C","STATUS":"COMPLETE"}},{"type":"Feature","geometry":{"type":"LineString","coordinates":[[-122.32732853025865,47.578189736787365],[-122.32732809143926,47.57818856623108],[-122.32732103658387,47.5781714857201],[-122.32731335716473,47.578154528578416],[-122.32730923899524,47.578146019390644],[-122.32730495576739,47.57813754801727],[-122.3273005075599,47.57812911719932],[-122.32729589834504,47.57812072414253],[-122.32729112820141,47.578112371587935],[-122.32728619720778,47.578104062276374],[-122.32728110544288,47.57809579894887],[-122.3272758528281,47.57808757886445],[-122.32727044357165,47.578079407451796],[-122.3272648776735,47.57807128471088],[-122.32725915521233,47.57806321338265],[-122.3272532761097,47.57805519072615],[-122.32724724457358,47.578047222170014],[-122.32724105647465,47.57803930502648],[-122.32723472015046,47.57803144741207],[-122.32722823139297,47.578023643898014],[-122.32722159028087,47.57801589722521],[-122.32721480507311,47.578008212769184],[-122.32720786758944,47.57800058789535],[-122.3272007860102,47.57799302523825],[-122.32719355628453,47.57798552485107],[-122.32718618254192,47.577978089421485],[-122.32717866883326,47.57797071889637],[-122.32717101118638,47.57796341606975],[-122.32716321373073,47.57795618362945],[-122.32715527638773,47.577949018834424],[-122.32714720328671,47.57794192437249],[-122.32713899450646,47.57793490298445],[-122.3271306500469,47.577927954670365],[-122.32712216990812,47.577921079430205],[-122.3271135582195,47.57791427995169],[-122.32710481911046,47.57790755892253],[-122.32709594845161,47.57790091365495],[-122.32708695045109,47.57789434957766],[-122.32707782503014,47.5778878639497],[-122.327068580369,47.57788145940554],[-122.32705920844475,47.577875138792535],[-122.32704971728025,47.577868899263315],[-122.32704010298211,47.57786274635293],[-122.3270303735731,47.57785667721409],[-122.32702052913193,47.57785069458758],[-122.32701056568641,47.57784480126767],[-122.32700049538882,47.57783899709464],[-122.32699031005905,47.57783327943391],[-122.32698001390501,47.577827653714245],[-122.32696961097753,47.57782211988237],[-122.32695910532726,47.577816677885075],[-122.32694849298213,47.57781133051643],[-122.32693777791424,47.57780607498235],[-122.32692696433149,47.57780091671145],[-122.32691604810454,47.577795853015964],[-122.3269050374135,47.57779088653045],[-122.32689393233692,47.577786019995834],[-122.32688273279616,47.57778125067113],[-122.32687144284192,47.57777657850309],[-122.32686006668226,47.57777200892043],[-122.32684860018762,47.57776753923539],[-122.32683704748744,47.57776317213573],[-122.32682541263233,47.577758907568125],[-122.3268136956224,47.57775474553261],[-122.32680190058674,47.57775068871694],[-122.32679002744689,47.57774673438008],[-122.32677808041066,47.57774288795084],[-122.32676605939946,47.577739146688145],[-122.32675396441324,47.577735510592035],[-122.32674180363193,47.57773198229698],[-122.3267295770556,47.577728561803],[-122.32671728063342,47.57772524916328],[-122.32670492659611,47.57772204695917],[-122.32669250676359,47.577718952556125],[-122.32668003344524,47.57771597127642],[-122.32665517057495,47.57771038600996],[-122.32663010886279,47.577705214650415],[-122.32660488413606,47.57770043479107],[-122.3265795078391,47.577696021603565],[-122.32655400785488,47.57769195826953],[-122.326528403572,47.57768821437223],[-122.32650270262,47.57768477335939],[-122.3264769243874,47.57768160481422],[-122.32645108452668,47.577678689337084],[-122.32642519027428,47.577675996670955],[-122.32639924925992,47.577673510263416],[-122.32637327674294,47.577671197010055],[-122.326347272173,47.5776690377241],[-122.32632124683751,47.57766700209515],[-122.32629520423693,47.577665070883256],[-122.32626915160806,47.57766321383126],[-122.32624308824347,47.5776614062704],[-122.32621702161582,47.57765962616648],[-122.32597123709627,47.57764287433435]]},"properties":{"LINK_TYPE":1,"DESCRIPTION":"Central Link","SEGMENT":"C","STATUS":"COMPLETE"}},{"type":"Feature","geometry":{"type":"LineString","coordinates":[[-122.32738976913176,47.57817760224979],[-122.32738621133332,47.57816871004719],[-122.32738248426828,47.57815985023034],[-122.3273785919089,47.578151020005244],[-122.32737453441257,47.57814222485369],[-122.32737031583002,47.57813346472248],[-122.32736593218937,47.578124742405834],[-122.32736138754132,47.578116057850416],[-122.32735667783528,47.57810741110951],[-122.32735180727934,47.578098807611816],[-122.32734677992438,47.57809024730404],[-122.3273415875902,47.5780817275517],[-122.32733624266515,47.57807325641796],[-122.32733073283974,47.57806482858057],[-122.32732507042364,47.57805644936178],[-122.32731925144473,47.57804812155577],[-122.32731327582441,47.57803984242151],[-122.3273071476923,47.578031614646754],[-122.32730086712695,47.578023440972444],[-122.32729443412848,47.57801532139859],[-122.32728784869688,47.57800725592511],[-122.32728111098963,47.57799925003393],[-122.32727422497874,47.577991300930925],[-122.32726719479382,47.57798341130368],[-122.32726001241186,47.5779755839997],[-122.32725268990666,47.57796781611829],[-122.3272452193341,47.57796011324779],[-122.32723760474478,47.57795247533492],[-122.32722985018965,47.57794490232653],[-122.32722195169656,47.577937397016704],[-122.3272139173671,47.57792995929907],[-122.3272057431505,47.57792258922668],[-122.32719742920413,47.57791529228157],[-122.32718898355088,47.57790806561627],[-122.32718040229723,47.57790091476588],[-122.32717168528603,47.57789383424848],[-122.32716284077598,47.57788682943951],[-122.32715386479504,47.57787990313313],[-122.32714475726462,47.577873052588394],[-122.32713552636481,47.57786628043977],[-122.32712616804484,47.577859586740466],[-122.32711668651292,47.577852976919154],[-122.32710708161162,47.57784644549385],[-122.32709735349829,47.577839997946526],[-122.3270875062236,47.577833634223936],[-122.32707754391703,47.57782735701376],[-122.32706746244916,47.57782116362823],[-122.32705726594936,47.57781505675509],[-122.32704695449624,47.57780903913529],[-122.32703653611273,47.57780310792136],[-122.3270260028545,47.57779726870168],[-122.32701536679525,47.57779151857561],[-122.32700461991192,47.57778586039051],[-122.32699377030622,47.57778029403994],[-122.32698281400577,47.57777482231808],[-122.32697175903363,47.577769442377466],[-122.32696060554689,47.5777641597],[-122.32694934941621,47.57775897159795],[-122.32693800287245,47.577753880652615],[-122.32692655789263,47.57774888971132],[-122.32691502242103,47.57774399318569],[-122.3269033966934,47.57773919929868],[-122.32689168460334,47.57773450251509],[-122.32687988217856,47.57772990562905],[-122.32686799362712,47.57772541406922],[-122.32685602689307,47.577721022247346],[-122.32684397395366,47.57771673301066],[-122.32683184696101,47.57771254619961],[-122.32681963789216,47.57770846466154],[-122.32680735484857,47.57770448828999],[-122.32679499783022,47.57770061708501],[-122.32678257088776,47.577696850993235],[-122.32677007815053,47.57769319270256],[-122.32675751151693,47.57768964231927],[-122.3267448830606,47.577686196942814],[-122.3267321888879,47.57768286210837],[-122.32671943710027,47.577679637709416],[-122.32670662348963,47.57767651831723],[-122.32669375234255,47.577673512101555],[-122.32666806522391,47.57766786911224],[-122.32664218339336,47.57766264271736],[-122.32661613846997,47.57765780508132],[-122.32658994610614,47.57765333680454],[-122.32656363402756,47.5776492155867],[-122.32653721375713,47.57764541934035],[-122.32651070476213,47.57764192038979],[-122.32648411864405,47.577638699388466],[-122.3264574707408,47.57763572597292],[-122.32643076455268,47.57763298090305],[-122.3264040196255,47.57763043924414],[-122.32637723914529,47.57762807079222],[-122.32635042661217,47.577625856307264],[-122.32632359331373,47.57762376547898],[-122.32629674680103,47.57762177901416],[-122.32626988215873,47.577619866815276],[-122.32624301496085,47.577618006741716],[-122.32621614037072,47.577616171436944],[-122.32597763196055,47.577599916372705]]},"properties":{"LINK_TYPE":1,"DESCRIPTION":"Central Link","SEGMENT":"C","STATUS":"COMPLETE"}},{"type":"Feature","geometry":{"type":"LineString","coordinates":[[-122.32597763196055,47.577599916372705],[-122.32572147594924,47.57760415584634]]},"properties":{"LINK_TYPE":1,"DESCRIPTION":"Central Link","SEGMENT":"C","STATUS":"COMPLETE"}},{"type":"Feature","geometry":{"type":"LineString","coordinates":[[-122.32597763196055,47.577599916372705],[-122.32547171509502,47.577565434068845]]},"properties":{"LINK_TYPE":1,"DESCRIPTION":"Central Link","SEGMENT":"C","STATUS":"COMPLETE"}},{"type":"Feature","geometry":{"type":"LineString","coordinates":[[-122.32597123709627,47.57764287433435],[-122.32546531989617,47.57760839474301]]},"properties":{"LINK_TYPE":1,"DESCRIPTION":"Central Link","SEGMENT":"C","STATUS":"COMPLETE"}},{"type":"Feature","geometry":{"type":"LineString","coordinates":[[-122.32597123709627,47.57764287433435],[-122.32572147594924,47.57760415584634]]},"properties":{"LINK_TYPE":1,"DESCRIPTION":"Central Link","SEGMENT":"C","STATUS":"COMPLETE"}},{"type":"Feature","geometry":{"type":"LineString","coordinates":[[-122.32572147594924,47.57760415584634],[-122.32546531989617,47.57760839474301]]},"properties":{"LINK_TYPE":1,"DESCRIPTION":"Central Link","SEGMENT":"C","STATUS":"COMPLETE"}},{"type":"Feature","geometry":{"type":"LineString","coordinates":[[-122.32572147594924,47.57760415584634],[-122.32547171509502,47.577565434068845]]},"properties":{"LINK_TYPE":1,"DESCRIPTION":"Central Link","SEGMENT":"C","STATUS":"COMPLETE"}},{"type":"Feature","geometry":{"type":"LineString","coordinates":[[-122.32547171509502,47.577565434068845],[-122.32506458337993,47.577537685034486]]},"properties":{"LINK_TYPE":1,"DESCRIPTION":"Central Link","SEGMENT":"C","STATUS":"COMPLETE"}},{"type":"Feature","geometry":{"type":"LineString","coordinates":[[-122.32546531989617,47.57760839474301],[-122.32489949926551,47.577569828851075]]},"properties":{"LINK_TYPE":1,"DESCRIPTION":"Central Link","SEGMENT":"C","STATUS":"COMPLETE"}},{"type":"Feature","geometry":{"type":"LineString","coordinates":[[-122.32506458337993,47.577537685034486],[-122.3242524243202,47.57748232228256],[-122.32421692220086,47.577479905894265],[-122.32418141666189,47.5774775114758],[-122.32414590428043,47.57747516100809],[-122.32411038560565,47.57747287367794],[-122.32407484919169,47.57747067431354],[-122.32403930376749,47.577468584736344],[-122.32400373780851,47.577466627033594],[-122.32396815591439,47.57746482033889],[-122.32394238154856,47.57746361719008],[-122.32391659769966,47.57746250738793],[-122.32389080833981,47.57746148813834],[-122.32386500941817,47.57746055949445],[-122.32383920506378,47.57745972414411],[-122.32381339114733,47.57745897939947],[-122.32378757179781,47.57745832794834],[-122.32376175098744,47.57745776699667],[-122.32372608537379,47.57745714038613],[-122.323690411924,47.57745666467738],[-122.32365473413921,47.57745632063056],[-122.32361905544226,47.57745608626473],[-122.32358337115471,47.57745593970511],[-122.32354769280079,47.57745585886468],[-122.32351200760073,47.577455821974844],[-122.32347632700046,47.577455804207595],[-122.32321391272029,47.57745571638856]]},"properties":{"LINK_TYPE":1,"DESCRIPTION":"Central Link","SEGMENT":"C","STATUS":"COMPLETE"}},{"type":"Feature","geometry":{"type":"LineString","coordinates":[[-122.32506458337993,47.577537685034486],[-122.32477164926803,47.577492267238696],[-122.3247617037785,47.577490667472205],[-122.3247517954994,47.57748895205261],[-122.32474193261073,47.57748712361457],[-122.32473211924196,47.57748518484599],[-122.32472235126369,47.57748313305901],[-122.32471264090675,47.57748097083524],[-122.3247029800698,47.577478698280984],[-122.32469338098356,47.577476317977826],[-122.32468383951877,47.577473827237874],[-122.32467436377712,47.577471225955],[-122.32466495391554,47.57746851961115],[-122.32465560985564,47.57746570546529],[-122.32464633977736,47.57746278615224],[-122.32463714368086,47.57745976167203],[-122.32462802164457,47.57745663476557],[-122.32461898169154,47.57745340258571],[-122.32461001984964,47.57745006792663],[-122.32460114827101,47.57744663062884],[-122.3245923589328,47.5774430935397],[-122.32458365993642,47.57743945655293],[-122.32457505136054,47.57743572240956],[-122.32456653725579,47.577431891056484],[-122.32455811762223,47.57742796249369],[-122.32454980056139,47.577423936614956],[-122.32454158217953,47.57741981895548],[-122.32453347057813,47.57741560940893],[-122.324525461628,47.57741130528749],[-122.32451756358762,47.57740691196691],[-122.32450977240622,47.57740242950041],[-122.3245020961853,47.577397857781655],[-122.3244945350034,47.57739319955169],[-122.32448708893905,47.57738845755155],[-122.32447976196434,47.57738362898716],[-122.32447255828714,47.57737871928732],[-122.3244654779074,47.57737372845208],[-122.32445852090355,47.57736865922248],[-122.324451691248,47.577363508804396],[-122.32444498909749,47.57735828267981],[-122.32443841850296,47.577352980795695],[-122.32443198351503,47.5773476030989],[-122.32442568023987,47.577342155124484],[-122.32441951670056,47.57733663402535],[-122.32441348495252,47.57733104538961],[-122.32440759714797,47.57732538905801],[-122.32440185328682,47.57731966503059],[-122.32439624947538,47.577313878842396],[-122.32439078968581,47.577308027699274],[-122.32438547804732,47.577302114289296],[-122.32438031471679,47.577296144094326],[-122.32437529953735,47.577290111632394],[-122.32437043282276,47.57728402786751],[-122.32436571846691,47.57727788726461],[-122.32436116059878,47.57727169251152],[-122.32435675532471,47.57726544914334],[-122.32435250661682,47.57725915436607],[-122.32434841463208,47.57725281366162],[-122.32434448342123,47.57724642697695],[-122.3243407090119,47.57723999710606],[-122.32433709545481,47.577233523995965],[-122.3243336428283,47.57722701038758],[-122.32433035121089,47.57722045902192],[-122.32432722473182,47.577213872586896],[-122.32432426331239,47.57720724834149],[-122.3243214671881,47.57720059450869],[-122.32431883628028,47.5771939083475],[-122.32431637066756,47.577187192598956],[-122.3243140744789,47.57718044995089],[-122.32431194374215,47.57717368319741],[-122.32430998250791,47.5771668922854],[-122.32430819085454,47.577160079955874],[-122.32430656886052,47.57715324894982],[-122.32430511652582,47.577146399267235],[-122.32430383797956,47.57713953359593],[-122.32430272519863,47.577132654783206],[-122.32430178636304,47.5771257654638],[-122.32430101742192,47.5771188656908],[-122.32430042250442,47.57711195815208],[-122.32429999763825,47.57710504564171],[-122.32429974687403,47.57709812810663],[-122.32429966623948,47.57709120834095],[-122.32429988864085,47.576825998611405]]},"properties":{"LINK_TYPE":1,"DESCRIPTION":"OMF","SEGMENT":"C","STATUS":"COMPLETE"}},{"type":"Feature","geometry":{"type":"LineString","coordinates":[[-122.32489949926551,47.577569828851075],[-122.32283797591218,47.577569136861946]]},"properties":{"LINK_TYPE":1,"DESCRIPTION":"OMF","SEGMENT":"C","STATUS":"COMPLETE"}},{"type":"Feature","geometry":{"type":"LineString","coordinates":[[-122.32489949926551,47.577569828851075],[-122.32424510648877,47.57752522093756],[-122.32420983578201,47.577522820706704],[-122.32417456157707,47.57752043970483],[-122.32413927655735,47.577518105447886],[-122.32410398929505,47.577515834275665],[-122.32406868429344,47.57751365106922],[-122.32403336623086,47.5775115777033],[-122.32399803565632,47.57750963336473],[-122.3239626851744,47.57750784282851],[-122.3239338719197,47.57750650950794],[-122.32390504575915,47.57750529151349],[-122.32387621487261,47.57750419147993],[-122.32384737100136,47.577503204031515],[-122.32381851835294,47.57750233459708],[-122.32378966097791,47.577501583123535],[-122.32376079871912,47.57750094412895],[-122.3237253599957,47.57750031728601],[-122.32368991748683,47.57749984129193],[-122.3236544707214,47.57749949970089],[-122.32361902296542,47.577499265050044],[-122.32358357366938,47.57749911815247],[-122.3235481222057,47.57749903708037],[-122.32351267199725,47.57749899985289],[-122.32347722241634,47.577498984542174],[-122.32229621314708,47.57749857825749]]},"properties":{"LINK_TYPE":1,"DESCRIPTION":"Central Link","SEGMENT":"C","STATUS":"COMPLETE"}},{"type":"Feature","geometry":{"type":"LineString","coordinates":[[-122.32429988864085,47.576825998611405],[-122.324257132757,47.57705550023785],[-122.32425575808467,47.57706240069606],[-122.32425421281157,47.577069286938965],[-122.32425249272987,47.57707615353773],[-122.32425060189021,47.57708300043924],[-122.32424854013564,47.57708982216148],[-122.32424631159518,47.57709662139234],[-122.32424390808893,47.577103395497055],[-122.3242413375613,47.57711013888748],[-122.32423860001214,47.57711685156351],[-122.32423569139073,47.57712353357835],[-122.3242326196415,47.57713017934372],[-122.32422938071362,47.57713678891277],[-122.324225974607,47.57714336228556],[-122.3242224092662,47.577149893873724],[-122.32421867666805,47.57715638652456],[-122.32421478467856,47.57716283190888],[-122.32421072932542,47.577169232820765],[-122.32420651458084,47.57717558646611],[-122.32420214449539,47.57718189279178],[-122.32419761486148,47.57718814636892],[-122.3241929297297,47.57719434714436],[-122.32418808910005,47.5772004951182],[-122.32418309686621,47.577206584755196],[-122.32417795302814,47.57721261605542],[-122.32417265758582,47.57721858901887],[-122.32416721443293,47.577224498110425],[-122.32416162364801,47.57723034607105],[-122.32415588920321,47.57723613010666],[-122.3241500068908,47.577241844788325],[-122.32414398489065,47.57724749275089],[-122.32413782312436,47.577253071253274],[-122.32413152151337,47.57725857755451],[-122.32412508410835,47.57726401160141],[-122.32411851083087,47.577269370653106],[-122.32411180160234,47.577274651968445],[-122.32410496460284,47.577279858182266],[-122.32409799562451,47.577284983865724],[-122.32409090276889,47.577290028912486],[-122.32408368198519,47.57729499337567],[-122.32407634129638,47.57729987440815],[-122.32406887657326,47.5773046693219],[-122.32406129186663,47.5773093780639],[-122.32405359519943,47.577313997786845],[-122.32404577854858,47.57731853133803],[-122.32403785390953,47.577322973076065],[-122.32402981730988,47.57732732579499],[-122.32402167264344,47.5773315839598],[-122.32401341991024,47.577335747570444],[-122.32400506721177,47.57733981652064],[-122.32399661446959,47.57734378806951],[-122.32398806176221,47.57734766495793],[-122.32397941703405,47.577351441597735],[-122.32397067623455,47.577355118041986],[-122.32396184341438,47.57735869423757],[-122.32395292262433,47.57736217013143],[-122.32394391775817,47.57736554018839],[-122.32393482897295,47.57736880989045],[-122.32392566016252,47.577371973702554],[-122.32391641537758,47.57737503157151],[-122.32390709056746,47.577377983550484],[-122.3238976978059,47.57738082673913],[-122.32388823312071,47.57738356393155],[-122.32387870048426,47.577386192333584],[-122.3238691038687,47.57738870915122],[-122.32385944740348,47.577391117072274],[-122.32384973101001,47.57739341335575],[-122.32383995873916,47.577395597948566],[-122.323830130591,47.57739767085076],[-122.323820254667,47.577399631956006],[-122.32381033088878,47.57740147852341],[-122.32380036330711,47.577403210499774],[-122.32379035192209,47.57740482788523],[-122.3237803007845,47.577406330626545],[-122.32377021394512,47.57740771867065],[-122.32376009537622,47.57740898922351],[-122.32374994515644,47.57741014502606],[-122.32373976725808,47.57741118328421],[-122.32372956581038,47.57741210668587],[-122.32321391272029,47.57745571638856]]},"properties":{"LINK_TYPE":1,"DESCRIPTION":"OMF","SEGMENT":"C","STATUS":"COMPLETE"}},{"type":"Feature","geometry":{"type":"LineString","coordinates":[[-122.32321391272029,47.57745571638856],[-122.32280472031512,47.577455576343134]]},"properties":{"LINK_TYPE":1,"DESCRIPTION":"Central Link","SEGMENT":"C","STATUS":"COMPLETE"}},{"type":"Feature","geometry":{"type":"LineString","coordinates":[[-122.32280472031512,47.577455576343134],[-122.32229621314708,47.57749857825749]]},"properties":{"LINK_TYPE":1,"DESCRIPTION":"Central Link","SEGMENT":"C","STATUS":"COMPLETE"}},{"type":"Feature","geometry":{"type":"LineString","coordinates":[[-122.32280472031512,47.577455576343134],[-122.32125580444317,47.577455033748656],[-122.32120515859981,47.5774550054313],[-122.3211545191349,47.577454916683905],[-122.32110387630233,47.57745471005184],[-122.32105323648099,47.5774543251276],[-122.32100260207748,47.577453704297646],[-122.32095197931449,47.5774527816725],[-122.32090137075565,47.57745150512053],[-122.32085079080386,47.57744981138733],[-122.32082775571914,47.577448887031515],[-122.32080472996834,47.5774478638368],[-122.3207817135518,47.57744674180322],[-122.32075871052028,47.5774455208778],[-122.32073571690145,47.577444203854476],[-122.32071273658966,47.57744278519838],[-122.32068977379234,47.577441270338404],[-122.32066682032982,47.57743965663965],[-122.32064388430376,47.57743794399604],[-122.32059360869066,47.57743385239931],[-122.3205434063289,47.57742934577999],[-122.32049327496958,47.577424487233586],[-122.3204432081562,47.57741933442686],[-122.32039319538147,47.57741394507917],[-122.3203432262941,47.577408382392235],[-122.32029328617912,47.57740269865644],[-122.32024335666166,47.57739695992025],[-122.31983367682939,47.577349771022114]]},"properties":{"LINK_TYPE":1,"DESCRIPTION":"Central Link","SEGMENT":"C","STATUS":"COMPLETE"}},{"type":"Feature","geometry":{"type":"LineString","coordinates":[[-122.32229621314708,47.57749857825749],[-122.32080265843585,47.577498047661706],[-122.32062922424338,47.5774979854446],[-122.32058364381984,47.57749796189113],[-122.32053806611619,47.577497891669715],[-122.32049248987991,47.57749773092473],[-122.32044691378023,47.577497433059584],[-122.32040134053761,47.57749695142455],[-122.32035577295069,47.577496242111074],[-122.32031021779069,47.57749525841651],[-122.32026468190766,47.577493956379314],[-122.3202409934117,47.57749313916054],[-122.32021731425085,47.57749222310265],[-122.32019364442519,47.57749120820568],[-122.32016998385666,47.577490091728635],[-122.32014633270188,47.57748887915353],[-122.32012269493349,47.57748756768633],[-122.32009907055154,47.57748615732713],[-122.32007545558379,47.577484650869835],[-122.32005185797533,47.57748304272661],[-122.32002827383202,47.577481338432364],[-122.3199830021381,47.57747779261233],[-122.3199377822116,47.5774739307672],[-122.31989261530538,47.57746979675286],[-122.31984749464918,47.57746543727179],[-122.31980569298214,47.577461226327976]]},"properties":{"LINK_TYPE":1,"DESCRIPTION":"Central Link","SEGMENT":"C","STATUS":"COMPLETE"}},{"type":"Feature","geometry":{"type":"LineString","coordinates":[[-122.32430137564161,47.575038133644526],[-122.32430019510436,47.57645773222748]]},"properties":{"LINK_TYPE":1,"DESCRIPTION":"OMF","SEGMENT":"C","STATUS":"COMPLETE"}},{"type":"Feature","geometry":{"type":"LineString","coordinates":[[-122.32283797591218,47.577569136861946],[-122.32253336038544,47.57756903263341],[-122.32251310287634,47.57756902371895],[-122.32249284466171,47.57756899013204],[-122.32247258940035,47.5775689181148],[-122.322452332336,47.57756878305145],[-122.32243207697081,47.57756856570212],[-122.32241182672847,47.57756824408595],[-122.32239158098193,47.57756779627502],[-122.32237134331189,47.57756720577056],[-122.32235111706363,47.57756644785068],[-122.32233090573946,47.57756550327546],[-122.32231072094316,47.57756435269894],[-122.32229056602023,47.577562971399324],[-122.32227045273123,47.57756134551263],[-122.32225039260173,47.57755945295194],[-122.32223039302797,47.577557268942364],[-122.32221047395049,47.57755478225492],[-122.32219064673819,47.577551965320644],[-122.3221709353822,47.577548806857564],[-122.32215135950977,47.5775452846727],[-122.32213194295538,47.57754138200206],[-122.32211270963201,47.57753708482264],[-122.32209368337426,47.577532376370485],[-122.32208421391817,47.57752984882517],[-122.32207481034743,47.577527216220396],[-122.32206546853297,47.577524475868145],[-122.32205619665473,47.57752163040344],[-122.3220469987635,47.57751867977319],[-122.3220378749377,47.57751562671846],[-122.32202882922812,47.5775124711862],[-122.32201985750565,47.57750921048847],[-122.32201097215766,47.577505852689164],[-122.3220021730275,47.577502392306315],[-122.32199345614272,47.577498832133955],[-122.32198482968332,47.57749517480706],[-122.32197629762165,47.57749141753161],[-122.32196785614208,47.57748756858362],[-122.32195951318937,47.57748362237506],[-122.32195126884201,47.57747958164698],[-122.32194312715066,47.5774754463463],[-122.32193508827214,47.57747122195507],[-122.321927152128,47.577466905732294],[-122.32191932697657,47.57746250305387],[-122.32191161266101,47.577458008437965],[-122.32190400536582,47.57745343016048],[-122.32189651716479,47.57744876532142],[-122.32188914400719,47.57744401397378],[-122.32188189010047,47.57743918154661],[-122.32187475949539,47.57743426798682],[-122.32186774814114,47.577429273347455],[-122.32186086016694,47.577424200316564],[-122.32185409970177,47.57741905158206],[-122.3218474707181,47.577413824350046],[-122.32184096932183,47.57740852415543],[-122.32183459956362,47.57740315094522],[-122.32182836557267,47.57739770740747],[-122.32182226727059,47.577392190801156],[-122.32181630489238,47.57738660934929],[-122.32181048233204,47.577380957516844],[-122.32180479982465,47.57737524352683],[-122.32179926134252,47.57736946458523],[-122.32179386291328,47.5773636234861],[-122.3217886127167,47.57735772286437],[-122.32178351075281,47.5773517627201],[-122.32177855304907,47.577345745847275],[-122.32177374778541,47.57733967488086],[-122.32176909091099,47.577333549873906],[-122.32176459052718,47.57732737072033],[-122.32176023868927,47.57732114300825],[-122.32175604754939,47.577314866578554],[-122.3217520090844,47.577308544278246],[-122.32174812734489,47.57730217605445],[-122.32174440248764,47.577295767389],[-122.32173746565053,47.57728288850475],[-122.32173113266411,47.57726987010025],[-122.3217253877169,47.57725672609258],[-122.32172020697425,47.57724347324575],[-122.3217155586569,47.5772301339119],[-122.32171142274586,47.577216716579066],[-122.3217077671484,47.57720323263538],[-122.32170456397941,47.57718969889793],[-122.32170178504013,47.57717612121976],[-122.32169940633936,47.57716251088297],[-122.32169738744814,47.57714887115867],[-122.32169570834755,47.57713521053505],[-122.32169433678841,47.5771215349181],[-122.32169324044311,47.577107847473016],[-122.32169238706258,47.577094154105836],[-122.32169174821321,47.57708045244676],[-122.32169129569667,47.57706674834889],[-122.32169099718548,47.577053044977326],[-122.32169082011724,47.57703933727426],[-122.32169073629362,47.577025631092766],[-122.32169070917979,47.57701192416902],[-122.32169071852235,47.5769982167681],[-122.32169075621015,47.576956156673475]]},"properties":{"LINK_TYPE":1,"DESCRIPTION":"OMF","SEGMENT":"C","STATUS":"COMPLETE"}},{"type":"Feature","geometry":{"type":"LineString","coordinates":[[-122.32743410176317,47.579115140252746],[-122.32743448887214,47.57852818366888],[-122.32743449528863,47.57850990810094],[-122.32743446516915,47.57849163027106],[-122.32743435816303,47.578473356193356],[-122.3274341376557,47.57845508086489],[-122.32743376719002,47.578436804764635],[-122.32743320641538,47.57841853390683],[-122.32743242276831,47.57840026323527],[-122.32743137597693,47.57838200150504],[-122.32743002553356,47.57836374924843],[-122.32742833903204,47.57834550689118],[-122.32742627627947,47.57832728592936],[-122.32742380081895,47.57830908684203],[-122.32742087642985,47.57829091833098],[-122.32741746689136,47.57827278909813],[-122.3274135359829,47.57825470784536],[-122.32740904351155,47.578236686068756],[-122.32740396143708,47.57821873510465],[-122.32739824980278,47.578200874672014],[-122.32739555060974,47.578193095412225],[-122.32739272242154,47.578185339783225],[-122.32738976913176,47.57817760224979]]},"properties":{"LINK_TYPE":1,"DESCRIPTION":"Central Link","SEGMENT":"C","STATUS":"COMPLETE"}},{"type":"Feature","geometry":{"type":"LineString","coordinates":[[-122.32737738001883,47.57911512319855],[-122.32737773682646,47.57857609183728],[-122.32737774660504,47.57855835640105],[-122.3273777239771,47.57854062139059],[-122.32737764463774,47.57852288712516],[-122.32737748428231,47.57850515392416],[-122.32737720637472,47.57848741952556],[-122.32737679073986,47.578469686936465],[-122.3273762049713,47.57845195658254],[-122.32737542079236,47.57843423157744],[-122.32737440976882,47.57841650955263],[-122.32737314775348,47.578398796309386],[-122.32737159828935,47.578381092326694],[-122.32736974533073,47.578363403299406],[-122.32736754837009,47.578345729759626],[-122.32736498738967,47.57832808019641],[-122.32736203419152,47.57831046046421],[-122.32735866049919,47.57829287367648],[-122.3273548381934,47.57827532842873],[-122.32735054320597,47.57825783326301],[-122.32734574344543,47.57824039956903],[-122.32734041889438,47.57822303583576],[-122.3273345415124,47.57820575339945],[-122.32732853025865,47.578189736787365]]},"properties":{"LINK_TYPE":1,"DESCRIPTION":"Central Link","SEGMENT":"C","STATUS":"COMPLETE"}},{"type":"Feature","geometry":{"type":"LineString","coordinates":[[-122.31980569298214,47.577461226327976],[-122.31980241331563,47.577460893544746],[-122.31975736469067,47.57745621775624],[-122.31971233374524,47.57745145123283],[-122.31966731370844,47.57744664067703],[-122.31910836930288,47.57738680162806]]},"properties":{"LINK_TYPE":1,"DESCRIPTION":"Central Link","SEGMENT":"C","STATUS":"COMPLETE"}},{"type":"Feature","geometry":{"type":"LineString","coordinates":[[-122.31983367682939,47.577349771022114],[-122.31913964549139,47.577269824974216],[-122.31913784850104,47.577269618125484]]},"properties":{"LINK_TYPE":1,"DESCRIPTION":"Central Link","SEGMENT":"C","STATUS":"COMPLETE"}},{"type":"Feature","geometry":{"type":"LineString","coordinates":[[-122.31910836922467,47.57738679888707],[-122.3190455826961,47.57738008693904],[-122.31899388553022,47.577374595595124],[-122.31894217031146,47.57736918123976],[-122.31889042995456,47.577363879611546],[-122.31883865340207,47.57735872924286],[-122.31878684174818,47.57735376850738],[-122.31873497980598,47.577349033249526],[-122.31868306866959,47.57734456184287],[-122.31863110133133,47.577340392767006],[-122.31857907888501,47.57733656439544],[-122.31852699440093,47.577333117948754],[-122.3184748569176,47.57733008621274],[-122.31844833645837,47.5773287160773],[-122.3184218032375,47.57732746675041],[-122.31839526114922,47.57732633269727],[-122.31836870622072,47.577325316711644],[-122.3183421425027,47.577324418740766],[-122.31831556999481,47.57732363878454],[-122.31828898877508,47.577322979583926],[-122.31826240273786,47.57732243560411],[-122.31823581196097,47.57732200958603],[-122.31820922057317,47.57732170421784],[-122.3181826243673,47.57732151407038],[-122.31815602755007,47.57732144457276],[-122.31812942996517,47.57732149024305],[-122.31810283581936,47.57732165651025],[-122.31807624098353,47.57732194068633],[-122.31804964950831,47.577322342718354],[-122.31802306139353,47.5773228626064],[-122.31799648068971,47.577323500297474],[-122.31796990739659,47.57732425579168],[-122.31794334151415,47.57732512908896],[-122.31791678717094,47.577326122877466],[-122.31789024015984,47.57732723172808],[-122.31786370468768,47.577328461069925],[-122.31783718059795,47.57732980542105],[-122.31781067209751,47.577331270210486],[-122.3177841749792,47.57733285000922],[-122.31775769750054,47.57733455019345],[-122.31773123545439,47.577336365334105],[-122.31770479304755,47.577338300860276],[-122.31767837012352,47.57734035129004],[-122.31765196676031,47.57734251936431],[-122.31762558303595,47.577344807824204],[-122.31759922689533,47.577347211081936],[-122.31757289023686,47.577349729243316],[-122.31754658131815,47.57735236768453],[-122.31752029593197,47.577355120976534],[-122.317494038207,47.577357991807496],[-122.3174678081431,47.577360980177396],[-122.31744160971269,47.57736408329238],[-122.31741544299372,47.57736730389349],[-122.317389307908,47.57737063923978],[-122.31736320453331,47.57737409207217],[-122.31733713279142,47.5773776596498],[-122.31731110078374,47.577381341866904],[-122.31728510048664,47.577385141570275],[-122.31725913992328,47.57738905591314],[-122.31723321917174,47.57739308763658],[-122.31720733807548,47.57739723125867],[-122.31718149679075,47.577401492261366],[-122.31715569516098,47.57740586516271],[-122.31712993739306,47.57741035539189],[-122.31710422738134,47.57741495741407],[-122.31707855718038,47.57741967681695],[-122.317052938786,47.57742450796009],[-122.31702736417478,47.5774294536902],[-122.31700183731915,47.57743451121344],[-122.31697636234777,47.57743968321797],[-122.31695093918235,47.577444966962915],[-122.3169255638502,47.57745036524202],[-122.3169002443745,47.577455875208756],[-122.31687498083319,47.57746149960411],[-122.3168497690192,47.577467232998984],[-122.31682461313937,47.57747308082251],[-122.31679951708803,47.57747903753995],[-122.3167744769705,47.577485108686155],[-122.31674949668121,47.57749128872633],[-122.31672457629818,47.57749758040152],[-122.31669971987189,47.5775039836589],[-122.31667492327342,47.57751049581036],[-122.31665019460424,47.57751711675036],[-122.31662552584064,47.57752384932546],[-122.31660092500594,47.57753069068914],[-122.31657639217819,47.57753764358241],[-122.31655192720102,47.57754470252332],[-122.31652753015244,47.577551870252925],[-122.3165032010322,47.57755914677124],[-122.31647894786373,47.57756652923171],[-122.31645476270154,47.577574023221956],[-122.31643065341272,47.577581620413426],[-122.31640661610267,47.57758932634101],[-122.31638265482188,47.57759714095188],[-122.31635877346494,47.57760505871125],[-122.31633496400829,47.57761308246592],[-122.31631123463137,47.57762121485119],[-122.31628758517802,47.57762945038515],[-122.316264015648,47.577637789067815],[-122.31624053017009,47.577646233587515],[-122.3162171246935,47.57765478399702],[-122.31619380319074,47.57766343750259],[-122.3161705656617,47.577672194104245],[-122.31614741202827,47.57768105106118],[-122.31612434649722,47.57769001380243],[-122.31610136899047,47.57769907958725],[-122.31607847942978,47.577708245674536],[-122.31605568186583,47.57771751201159],[-122.31603297232586,47.57772688139226],[-122.31601035073172,47.57773635107565],[-122.31596611592516,47.577755269055345],[-122.3159222152941,47.57777453912061],[-122.31587861954608,47.57779412874969],[-122.315835311463,47.57781400252142],[-122.3157922537291,47.57783413076054],[-122.31574942094683,47.57785447541046],[-122.31570678795288,47.577875006637434],[-122.3156643133028,47.577895692077924],[-122.31562197191144,47.57791650463911],[-122.31557973433074,47.577937406316934],[-122.31553755927249,47.57795837022974],[-122.31549541752284,47.57797936659623],[-122.31430176684924,47.57857426135237],[-122.31424738916341,47.57860135027838],[-122.31419296148563,47.57862839321469],[-122.31413843388081,47.57865534419748],[-122.31408376459329,47.57868215989832],[-122.31402889550853,47.57870879171764],[-122.31397378487111,47.57873519632699],[-122.31391838664115,47.57876132222737],[-122.31386265890771,47.578787120608105],[-122.31380655586497,47.578812548193014],[-122.3137805770584,47.578824120368786],[-122.31375451465131,47.57883560314088],[-122.31372836459309,47.57884699656193],[-122.3137021268057,47.57885829789091],[-122.31367580534018,47.578869507075005],[-122.31364940027454,47.57888062685521],[-122.31362291153091,47.57889165449036],[-122.31359633910934,47.57890258998051],[-122.31356968300996,47.57891343332552],[-122.3135429472837,47.57892418447266],[-122.31351612787988,47.578934843474606],[-122.31348922884926,47.5789454102785],[-122.31346225416509,47.57895588209065],[-122.3134351957256,47.57896625901643],[-122.31340806171059,47.5789765436913],[-122.31338084806929,47.57898673616793],[-122.31335356274768,47.578996830858905],[-122.31332619780004,47.579006833351535],[-122.31329875719935,47.57901674085203],[-122.31327124086782,47.57902655061939],[-122.31324365301222,47.57903626808284],[-122.31318351059522,47.579057039909046],[-122.31312306906669,47.579077412521315],[-122.31306236613182,47.57909742930051],[-122.31300144775334,47.57911713900419],[-122.31294035194789,47.579136595977346],[-122.31287911252518,47.57915584913571],[-122.31281777139648,47.579174947289815],[-122.31275635847615,47.579193944890335],[-122.31269490749541,47.579212888112245],[-122.31079749093678,47.57979753694032],[-122.3107472021106,47.57981302174034],[-122.3106968919888,47.57982847114839],[-122.3106465309705,47.57984384167709],[-122.31059608961057,47.57985909532091],[-122.31054555077229,47.57987419939836],[-122.3104948847774,47.579889107681],[-122.31044407028305,47.57990378205777],[-122.3103930900751,47.579918187106195],[-122.31034191463127,47.57993228207955],[-122.31029053460634,47.57994602322699],[-122.31023892858023,47.57995936969656],[-122.31021275828998,47.57996595309327],[-122.31018652816988,47.579972427581055],[-122.31016024211551,47.57997878762523],[-122.31013389218074,47.57998503881298],[-122.31010748638977,47.579991178298044],[-122.31008102466491,47.5799972033394],[-122.31005451113525,47.58000311662539],[-122.31002793769882,47.580008918261164],[-122.3100013165087,47.58001460808891],[-122.3099746393854,47.5800201834728],[-122.30994791038013,47.58002564436016],[-122.30992113362153,47.58003099343938],[-122.30989430903227,47.58003622796941],[-122.30986743263908,47.580041350743855],[-122.3098405124664,47.580046358916476],[-122.30981354446335,47.58005125253977],[-122.30978653268112,47.580056031561234],[-122.30975947711993,47.580060695980734],[-122.30973238183081,47.58006524574564],[-122.30970523863432,47.58006967822018],[-122.3096780598389,47.58007399872852],[-122.30965084123835,47.580078201841225],[-122.30962358291065,47.5800822902993],[-122.30959628485584,47.58008626410265],[-122.30956895517609,47.580090123146064],[-122.30954158966509,47.580093862000204],[-122.30951418855624,47.580097488887965],[-122.30948675169428,47.580100998327325],[-122.30945928718128,47.58010439021315],[-122.30943179104419,47.58010766733895],[-122.30940426320551,47.58011082696374],[-122.30937670771621,47.58011386903489],[-122.30934912457673,47.58011679355237],[-122.30932151386475,47.580119603257195],[-122.30929387955378,47.58012229535574],[-122.30926622164402,47.58012486984799],[-122.30923854013562,47.58012732673396],[-122.30921083510647,47.58012966875462],[-122.30918310640136,47.58013189042796],[-122.30915536220009,47.580133994389776],[-122.30912759447865,47.5801359834862],[-122.30909981523463,47.58013785207763],[-122.30907201239309,47.580139603062584],[-122.30904419810712,47.58014123628343],[-122.30901636840362,47.58014275453374],[-122.3089885231274,47.58014415233151],[-122.30896067038046,47.58014542957155],[-122.30893280221667,47.580146591841014],[-122.30890492666025,47.58014763629376],[-122.30887703966052,47.580148562982345],[-122.30884914519092,47.58014936911317],[-122.30882124332935,47.58015005742728],[-122.30879333407593,47.58015062792468],[-122.3087654214819,47.580151080552746],[-122.30873750959833,47.580151415258946],[-122.30870959024593,47.580151629407396],[-122.30868167168202,47.580151728374986],[-122.30865374970057,47.580151706732245],[-122.30862583248124,47.5801515671151],[-122.3085979119225,47.58015130962867],[-122.30857000017731,47.58015093411525],[-122.30854208906628,47.58015043793897],[-122.30851418279585,47.580149826529244],[-122.30848628526185,47.580149094351626],[-122.30845839256898,47.58014824694056],[-122.30843050861283,47.58014727876158],[-122.3084026375224,47.58014619250307],[-122.30837477119589,47.58014498827025],[-122.30834692178634,47.580143665905396],[-122.30831908119207,47.58014222551361],[-122.30829125759277,47.58014066973082],[-122.30826344678252,47.58013899312761],[-122.3082356528899,47.580137198392435],[-122.30820787599293,47.58013528826632],[-122.30818012006497,47.58013325995567],[-122.30815238097772,47.58013111077217],[-122.30812466301518,47.580128848886176],[-122.30809696594461,47.58012646607475],[-122.30806928992152,47.58012396781987],[-122.30804163891935,47.58012135132808],[-122.30801401293837,47.580118616599364],[-122.30798641205628,47.58011576637477],[-122.30795884024671,47.58011279786073],[-122.3079312935364,47.58010971385086],[-122.30790377597661,47.58010651429259],[-122.30787629154074,47.58010319639247],[-122.30784883617807,47.58009976020299],[-122.30782141409495,47.580096211153645],[-122.30779402513639,47.58009254376254],[-122.30776666938004,47.58008876077063],[-122.30773935087716,47.580084862125446],[-122.3077120696279,47.58008084782701],[-122.30768482563235,47.58007671787531],[-122.30765761889083,47.58007247227037],[-122.307630453532,47.58006811370079],[-122.30760332940075,47.58006363668453],[-122.30757624665256,47.58005904670362],[-122.30754920520992,47.58005434101711],[-122.3075222092016,47.58004952231347],[-122.30749525855016,47.58004458785182],[-122.30746835333332,47.58003954037307],[-122.30744149752466,47.5800343770839],[-122.30741468715098,47.58002910077765],[-122.30738792626337,47.580023711402035],[-122.30736121891292,47.580018208904455],[-122.30733456104888,47.58001259333753],[-122.30730795672235,47.58000686464874],[-122.30728140593347,47.58000102283814],[-122.30725490876002,47.57999507064677],[-122.30722846504695,47.579989002592654],[-122.30720208312901,47.579982826793795],[-122.30717575467179,47.579976535132324],[-122.30714948801003,47.57997013572624],[-122.30712327893785,47.579963623146],[-122.30709713150621,47.5799569973393],[-122.30707104587052,47.579950263788064],[-122.30704502195327,47.57994341975136],[-122.30701906380558,47.57993646517671],[-122.3069931673767,47.579929400116704],[-122.3069673408462,47.5799222272074],[-122.30691642462924,47.579907712787836],[-122.30686575286711,47.579892814041266],[-122.30681531036524,47.579877566810744],[-122.30676506993154,47.579862012578786],[-122.30671501247537,47.579846192723004],[-122.30666511462267,47.5798301404503],[-122.30661535330921,47.57981389993169],[-122.30656569721384,47.57979750996093],[-122.30651612701287,47.57978100369244],[-122.30646660741144,47.57976442271352],[-122.3064171191633,47.57974780291934],[-122.3036702496267,47.57882489899587],[-122.30362488706693,47.57880966421195],[-122.30357950489865,47.57879445159967],[-122.30353409166578,47.57877928598516],[-122.30348862375959,47.57876419235141],[-122.30344308567318,47.5787491955768],[-122.30339746189948,47.578734320539624],[-122.30335173685373,47.57871958937716],[-122.30330589502888,47.57870502696766],[-122.30327205457935,47.57869442513915],[-122.30323814416877,47.57868392840069],[-122.30320415982355,47.57867353954564],[-122.30317010551703,47.57866325578052],[-122.30313598529992,47.578653077052955],[-122.30310179114758,47.57864300620854],[-122.30306753513513,47.57863304034917],[-122.30303320518726,47.57862318237291],[-122.30299881337889,47.57861342938156],[-122.30296435168547,47.57860378422078],[-122.30292982828605,47.57859424952682],[-122.30289523897476,47.57858481986998],[-122.30286058787964,47.57857549793879],[-122.30282587094963,47.5785662837856],[-122.30279109231284,47.57855718009901],[-122.30275625181434,47.57854818139697],[-122.30272134960863,47.578539293161356],[-122.30268638974636,47.57853051533981],[-122.3026513680218,47.578521842502624],[-122.30261629276849,47.57851328276804],[-122.30258115572988,47.5785048307587],[-122.30254596095656,47.57849648642229],[-122.30251071265404,47.57848825518822],[-122.30247540661635,47.578480131626996],[-122.30244004697163,47.57847211842708],[-122.3024046296688,47.57846421564082],[-122.30236916280931,47.57845642316349],[-122.30233364234219,47.57844874104734],[-122.30229806826718,47.57844116929236],[-122.30226244463486,47.578433707846166],[-122.30222677152246,47.578426359449665],[-122.30219104885242,47.57841912136189],[-122.30215527662452,47.57841199358276],[-122.30211945491587,47.578404978853214],[-122.30208358769973,47.57839807437988],[-122.30204767497594,47.57839128016274],[-122.30199882856046,47.57838223179539],[-122.3019499102216,47.57837336256551],[-122.30190093149297,47.57836465038821],[-122.30185190367615,47.57835606495547],[-122.30180283433143,47.57834758697567],[-122.30175373468323,47.57833918339996],[-122.3017046203163,47.57833083209117],[-122.30165549458565,47.578322508327936],[-122.30097972472964,47.578208058894496]]},"properties":{"LINK_TYPE":1,"DESCRIPTION":"Central Link","SEGMENT":"C","STATUS":"COMPLETE"}},{"type":"Feature","geometry":{"type":"LineString","coordinates":[[-122.31913784850104,47.577269618125484],[-122.31908805322531,47.577263888099424],[-122.31903645396451,47.577257989680774],[-122.31898483657346,47.57725216550978],[-122.31893319404529,47.57724645406605],[-122.31888151127177,47.57724089393485],[-122.31882978521818,47.577235520801835],[-122.31877801300641,47.57723037583459],[-122.31872617937117,47.577225492136435],[-122.31867428961347,47.57722091351008],[-122.31862233656929,47.577216672953035],[-122.31857031743787,47.5772128143738],[-122.31851823720709,47.57720937061111],[-122.3184918487471,47.57720779585447],[-122.31846544752581,47.577206341906496],[-122.31843903330858,47.57720500054418],[-122.31841260227893,47.577203780043405],[-122.31838616643255,47.5772026747635],[-122.31835971766776,47.5772016848102],[-122.31833325606269,47.577200812924616],[-122.31830679376917,47.577200058947824],[-122.31828031863493,47.577199423038735],[-122.3182538427338,47.577198902297546],[-122.31822735804232,47.57719849957106],[-122.31820087266166,47.57719821475349],[-122.31817438246293,47.577198045156756],[-122.31814789562542,47.57719799341596],[-122.31812140404753,47.57719805963703],[-122.31809491583056,47.577198243714115],[-122.31806843089615,47.57719854290626],[-122.31804194932235,47.57719895995438],[-122.31801547110884,47.57719949485855],[-122.31798900030621,47.57720014756584],[-122.3179625368362,47.577200915335325],[-122.31793607672603,47.5772018009608],[-122.31790963212764,47.577202804283665],[-122.31788319486127,47.577203922668765],[-122.31785676508314,47.577205161597945],[-122.31783035471061,47.57720651268973],[-122.31780395182597,47.57720798432571],[-122.3177775684248,47.57720957086522],[-122.31775119648368,47.5772112751551],[-122.31772484410382,47.577213097089476],[-122.3176985112069,47.5772150339275],[-122.31767219779282,47.57721708566917],[-122.31764590393952,47.577219255055475],[-122.3176196296468,47.57722154208634],[-122.31759337888705,47.57722394396803],[-122.31756715173833,47.57722646344154],[-122.31754095217298,47.57722909771301],[-122.31751477614009,47.57723184683526],[-122.31748862776836,47.57723471349653],[-122.31746250697957,47.577237694955805],[-122.31743641385152,47.57724079395407],[-122.31741035227869,47.57724400495653],[-122.31738432646776,47.577247333392364],[-122.31735832823902,47.577250776626265],[-122.31733236569377,47.57725433455251],[-122.31730643883188,47.577258007171245],[-122.31728054765316,47.577261794482375],[-122.31725469207922,47.57726569374494],[-122.31722887631702,47.57726971038814],[-122.31720310028824,47.57727384167101],[-122.3171773639145,47.577278084852544],[-122.31715167132464,47.57728244262095],[-122.31712601846768,47.577286915029106],[-122.31710040931607,47.577291499283184],[-122.31707484792041,47.57729619533031],[-122.31704933030797,47.57730100596444],[-122.31702386052928,47.57730593113274],[-122.31699843445533,47.57731096814706],[-122.31697306423818,47.57731611684892],[-122.31694774177623,47.57732137734404],[-122.31692246706938,47.577326749632455],[-122.3168972482188,47.57733223360849],[-122.31687208522446,47.57733782927219],[-122.31684697403547,47.577343536676445],[-122.31682191870246,47.57734935576842],[-122.31679691914712,47.57735528380727],[-122.31677197949807,47.577361323481],[-122.31674709562651,47.57736747210164],[-122.31672227571177,47.57737373230451],[-122.3166975156249,47.57738010140145],[-122.31667281536585,47.577386579392574],[-122.31664817898508,47.57739316622502],[-122.31662361053327,47.57739986184603],[-122.31659910190882,47.577406666361284],[-122.31657466121305,47.57741357966518],[-122.31655028844585,47.577420601757765],[-122.31652598757981,47.577427729845304],[-122.31647817183668,47.5774421238212],[-122.31643061409288,47.577456898291864],[-122.31638329712968,47.577472017836094],[-122.3163361956269,47.5774874471385],[-122.31628929236604,47.57750315077783],[-122.31624256607789,47.577519093385646],[-122.31619599144285,47.5775352396464],[-122.31614954726986,47.577551556932484],[-122.31610320411066,47.5775680072401],[-122.31605694482525,47.57758455788888],[-122.31601073202005,47.57760117646244],[-122.31596455260602,47.577617830227446],[-122.31383778317287,47.57838500954758],[-122.31380649598557,47.578396294382536],[-122.3137752086288,47.57840757372688],[-122.31374391689597,47.578418842151464],[-122.31371260855668,47.57843009707341],[-122.31368129163462,47.57844133564628],[-122.31364995366557,47.578452547064394],[-122.31361859067677,47.57846373412133],[-122.31358720648525,47.5784748885415],[-122.31353606934867,47.578492960381176],[-122.3134848564566,47.57851093447147],[-122.3134335678091,47.57852881081233],[-122.31338220737948,47.57854658660987],[-122.31333077111697,47.57856426191677],[-122.31327925917769,47.57858184221485],[-122.31322767132816,47.57859931928107],[-122.31317601177524,47.57861669854466],[-122.31312428044114,47.57863397726439],[-122.31307247740413,47.57865115818125],[-122.31302059853569,47.578668238606866],[-122.31296865193755,47.57868521843571],[-122.31291663355927,47.57870209772033],[-122.31286454340105,47.57871887646073],[-122.31281238146313,47.5787355546567],[-122.31276014774572,47.57875213230826],[-122.31270785035068,47.5787686093098],[-122.31267567735368,47.578778685161915],[-122.31264348315545,47.57878872837659],[-122.31261126783394,47.578798741694754],[-122.31257903972445,47.57880873323401],[-122.31254679477618,47.578818703047055],[-122.31251454132459,47.578828659251364],[-122.31248228357616,47.578838607276275],[-122.31245002160885,47.578848549862755],[-122.31032334529542,47.57950383408049],[-122.31027417748489,47.57951897507407],[-122.31022498853594,47.579534086158574],[-122.3101757529769,47.57954912653484],[-122.31012644969829,47.579564066315015],[-122.31007705751271,47.57957887287008],[-122.31002755912851,47.57959350803667],[-122.30997792533464,47.579607942031906],[-122.30992814694123,47.57962213658699],[-122.3098781987107,47.57963605912552],[-122.3098280634295,47.57964967422479],[-122.30977772793511,47.57966294640951],[-122.30972717898746,47.57967583746337],[-122.30970106658528,47.57968231579607],[-122.30967489435479,47.57968868521951],[-122.30964866221849,47.579694942992695],[-122.3096223742273,47.579701089063036],[-122.30959603045916,47.57970712617148],[-122.30956963075877,47.57971304883593],[-122.30954317528179,47.579718862538456],[-122.30951666800148,47.57972456448531],[-122.30949010884028,47.57973015193557],[-122.30946349795391,47.5797356303711],[-122.3094368392378,47.57974099425736],[-122.30941012864143,47.5797462436469],[-122.30938337442205,47.57975138391645],[-122.30935656832263,47.57975640968922],[-122.30932971844516,47.57976132085999],[-122.30930282486747,47.579766120169694],[-122.30927588751206,47.579770804877356],[-122.30924890637915,47.57977537498291],[-122.30922188154652,47.57977983322734],[-122.30919482103863,47.57978417676447],[-122.30916771675354,47.57978840569941],[-122.30914057679352,47.57979251992698],[-122.30911339703002,47.579796516758826],[-122.30908618166951,47.57980040162416],[-122.3090589306345,47.57980417178212],[-122.3090316479761,47.579807827180005],[-122.30900432956588,47.57981136512945],[-122.30897697953255,47.57981478831883],[-122.30894959787636,47.57981809674814],[-122.3089221886484,47.57982129036471],[-122.30889474772016,47.57982436648017],[-122.3088672792206,47.57982732778294],[-122.30883978712302,47.57983017147938],[-122.30881226745443,47.57983290036307],[-122.30878472013724,47.57983551169298],[-122.3087571533512,47.57983800810498],[-122.30872956296794,47.57984038691061],[-122.3087019489876,47.579842648109874],[-122.30867431958987,47.57984479433864],[-122.30864666667316,47.57984682570198],[-122.30861899413318,47.57984873666534],[-122.30859131022733,47.579850532605604],[-122.30856360677623,47.579852210886834],[-122.30853588790875,47.5798537741975],[-122.30850815752059,47.5798552170031],[-122.30848041171633,47.579856544838044],[-122.30845265446956,47.579857754908886],[-122.30842488983126,47.57985884716298],[-122.30839710977745,47.57985982444651],[-122.30836932638347,47.579860683860744],[-122.30834153552094,47.579861422717265],[-122.30831373734529,47.57986204649807],[-122.30828593177915,47.57986255246215],[-122.30825812295119,47.579862943297925],[-122.30823031070639,47.5798632135235],[-122.30820249925117,47.57986336856818],[-122.3081746843794,47.579863403002626],[-122.30814687029753,47.579863322256244],[-122.30811906105671,47.579863126276535],[-122.30809124840003,47.579862809686496],[-122.30806344455799,47.57986237506964],[-122.30803564150668,47.579861825271934],[-122.30800784321946,47.579861157499884],[-122.30798005374756,47.579860371700974],[-122.30795227309106,47.57985946787519],[-122.30792450132789,47.57985844876361],[-122.3078967383806,47.57985731162512],[-122.30786898424928,47.57985605645982],[-122.30784124306278,47.57985468595614],[-122.30781351871694,47.57985319457963],[-122.3077858073939,47.57985159060571],[-122.30775810886084,47.57984986581153],[-122.30773042740195,47.579848028367444],[-122.30770276278442,47.57984607005058],[-122.30767511921466,47.57984399629038],[-122.30764749669282,47.57984180708683],[-122.30761989109055,47.57983949975153],[-122.30759230653666,47.57983707697286],[-122.30756474700449,47.57983453595748],[-122.30753721257202,47.579831879446296],[-122.30750970323923,47.57982910743935],[-122.3074822190065,47.57982621993667],[-122.30745475979627,47.57982321419722],[-122.30742733386577,47.57982009559811],[-122.30739993295828,47.579816858762314],[-122.30737256525326,47.57981350632581],[-122.30734522670005,47.579810038341144],[-122.30731792142733,47.57980645749688],[-122.3072906492801,47.57980275831099],[-122.30726341041368,47.5797989462655],[-122.30723620880161,47.57979501856693],[-122.30720904444411,47.57979097521533],[-122.30718191734132,47.57978681621072],[-122.30715483162189,47.579782544241624],[-122.30712778323506,47.57977815936054],[-122.30710077615439,47.57977365877406],[-122.30707381045762,47.57976904522314],[-122.30704689011824,47.57976431591436],[-122.30702001116303,47.579759473641204],[-122.3069931776432,47.57975451835126],[-122.30696639368736,47.57974945273303],[-122.3069396550896,47.579744271357065],[-122.30691296192752,47.57973897696439],[-122.30688632230337,47.57973356945001],[-122.3068597321662,47.579728048866514],[-122.30683319159387,47.579722417954905],[-122.30680670463732,47.579716676662734],[-122.30678027114169,47.57971081950806],[-122.3067538913397,47.57970485471383],[-122.30672756912747,47.57969877674574],[-122.30670130045411,47.57969258565622],[-122.30667509357673,47.57968628682231],[-122.30664894031614,47.5796798776081],[-122.30662284869669,47.57967335516762],[-122.30659681887377,47.579666724982914],[-122.30657085076983,47.57965998431301],[-122.3065449444626,47.579653135898965],[-122.3065191039256,47.57964617694736],[-122.30649332510808,47.579639107510715],[-122.30644344416902,47.57962507577435],[-122.30639379576527,47.579610668093224],[-122.30634436477966,47.579595923051436],[-122.3062951359398,47.57958087375091],[-122.30624608999989,47.57956555608718],[-122.30619719953457,47.57955000331956],[-122.30614845339966,47.57953425123852],[-122.30609982416952,47.5795183331034],[-122.30605129252041,47.57950228206847],[-122.30600283094901,47.57948612865199],[-122.30595441623545,47.57946991154254],[-122.30590602897816,47.57945366115349],[-122.30347765816191,47.57863775555564],[-122.30343229582151,47.57862252069483],[-122.30338691394992,47.578607310746726],[-122.30334149306681,47.57859215338295],[-122.30329601369168,47.57857707627524],[-122.303250456344,47.57856210709517],[-122.30320480559399,47.57854727346204],[-122.30315904180623,47.57853259756552],[-122.30311314565466,47.578518112559],[-122.30308073855606,47.57850803780625],[-122.30304826157241,47.57849807088525],[-122.30301571057542,47.57848820910735],[-122.3029830897705,47.578478457902115],[-122.30295039908009,47.578468814528456],[-122.30291763850398,47.57845927898638],[-122.30288480804211,47.5784498512758],[-122.3028519118224,47.57844053408529],[-122.30281894571658,47.57843132472614],[-122.30278591782609,47.578422223093604],[-122.30275282417728,47.57841323198097],[-122.30271966071918,47.57840435144054],[-122.30268643960403,47.57839558131519],[-122.30265315265274,47.57838691896859],[-122.30261980399322,47.57837836708936],[-122.30258639362539,47.57836992567738],[-122.30255292162632,47.57836159747364],[-122.30251939189198,47.57835337694374],[-122.30248580052604,47.578345269621906],[-122.30245215555266,47.57833727266254],[-122.30241844887,47.578329386170154],[-122.30238468865679,47.57832161278107],[-122.30235087078476,47.57831394980656],[-122.30231699938186,47.57830639993523],[-122.30228307039697,47.57829896321943],[-122.30224909185438,47.57829163681334],[-122.30221505978025,47.57828442351037],[-122.30218097417445,47.578277323310374],[-122.30214683908758,47.578270336161005],[-122.30211265451946,47.578263462062246],[-122.30207842046991,47.578256701014],[-122.30204413693862,47.57825005301629],[-122.3020098079763,47.5782435180167],[-122.30197542953195,47.578237096067525],[-122.30194100573333,47.578230789857365],[-122.30190653650311,47.57822459664529],[-122.30187202596908,47.5782185191198],[-122.30183747000297,47.57821255459227],[-122.30180286860454,47.57820670306268],[-122.30176822995254,47.57820096716723],[-122.3017335459451,47.578195347010634],[-122.3016988246063,47.5781898397472],[-122.3016640660906,47.57818445085885],[-122.30162926619228,47.57817917491592],[-122.30159442491123,47.57817401191835],[-122.30155955050334,47.57816896724347],[-122.30152464289114,47.57816403815027],[-122.30147500894512,47.57815722896759],[-122.3014253119447,47.57815062622679],[-122.30137557129336,47.578144199515236],[-122.30132578606315,47.57813791594112],[-122.30127596771058,47.578131750678445],[-122.30122612753783,47.578125673419464],[-122.30117626882262,47.5781196567019],[-122.30112640684088,47.5781136674247],[-122.30101378164198,47.578100149796136]]},"properties":{"LINK_TYPE":1,"DESCRIPTION":"Central Link","SEGMENT":"C","STATUS":"COMPLETE"}},{"type":"Feature","geometry":{"type":"LineString","coordinates":[[-122.30097972472964,47.578208058894496],[-122.29995853065698,47.57803509941481],[-122.29968779536976,47.57798924321342],[-122.29964788432967,47.57798247238334],[-122.29960799567496,47.577975632701076],[-122.29956816011413,47.57796866344685],[-122.29952839994527,47.577961493041606],[-122.2994887458001,47.57795405802469],[-122.2994492322839,47.57794629214232],[-122.29940753820954,47.57793764676043]]},"properties":{"LINK_TYPE":1,"DESCRIPTION":"Central Link","SEGMENT":"C","STATUS":"COMPLETE"}},{"type":"Feature","geometry":{"type":"LineString","coordinates":[[-122.30101378164198,47.578100149796136],[-122.29997418408338,47.57797537991168],[-122.29984142871176,47.57795944731243],[-122.29980154077514,47.57795464772855],[-122.29976167116988,47.57794977934467],[-122.29972183837471,47.57794477885677],[-122.29968205658592,47.577939574790086],[-122.29964236048578,47.57793410363179],[-122.29960276427109,47.577928293907185],[-122.29956330270163,47.57792208484446],[-122.29952401038295,47.577915410189775],[-122.29950725044098,47.577912396216526],[-122.29949053228101,47.57790928299054],[-122.29947385200676,47.57790607604607],[-122.2994572135147,47.5779027698489],[-122.29944061695939,47.57789936988098],[-122.2994240622636,47.57789587340144],[-122.29940755752907,47.57789228030576]]},"properties":{"LINK_TYPE":1,"DESCRIPTION":"Central Link","SEGMENT":"C","STATUS":"COMPLETE"}},{"type":"Feature","geometry":{"type":"LineString","coordinates":[[-122.29940755752907,47.57789228030576],[-122.29938984669938,47.57788830791046],[-122.2993721935472,47.57788422508933],[-122.29935459402178,47.577880031894544],[-122.29933705630198,47.57787573096279],[-122.29931957220921,47.57787131965742],[-122.299302153973,47.57786680056291],[-122.29928479754275,47.577862173731425],[-122.29926750284135,47.577857436422036],[-122.29925027407403,47.57785259406456],[-122.29923311116363,47.577847643917984],[-122.29921601816115,47.57784258593016],[-122.29919899109301,47.577837422894305],[-122.29918203798366,47.57783215196501],[-122.2991651589875,47.57782677862433],[-122.2991483498996,47.577821297442554],[-122.29913161897584,47.57781571379719],[-122.29911496208841,47.577810024999536],[-122.29909838733893,47.577804230945205],[-122.29908189083098,47.5777983371684],[-122.29906547241035,47.57779233818724],[-122.29904914033303,47.57778623937923],[-122.29903288642025,47.57778003810792],[-122.29901672290171,47.57777373695765],[-122.29900064564943,47.57776733323971],[-122.29898465474069,47.577760829695094],[-122.29896875025268,47.57775422906485],[-122.29895294020993,47.577747528503615],[-122.29893722056158,47.57774072806358],[-122.29892159543574,47.577733830433665],[-122.29890606085874,47.57772683840705],[-122.298890624778,47.57771974639741],[-122.29887528734776,47.577712559886706],[-122.29886004856809,47.57770527887503],[-122.29884490843907,47.57769790336241],[-122.29882986696073,47.57769043334888],[-122.29881493223463,47.57768286873009],[-122.29880009623645,47.57767521235147],[-122.29878536706772,47.57766746410864],[-122.29877074472847,47.577659624001654],[-122.29875622921882,47.57765169203059],[-122.29874182466664,47.577643670884235],[-122.29872752702114,47.57763556061481],[-122.2987133403332,47.577627361170215],[-122.29869926873076,47.57761907523927],[-122.29868530808584,47.57761070013319],[-122.2986714625264,47.57760223854088],[-122.2986577320525,47.577593690462315],[-122.29864411674124,47.57758505863855],[-122.29863062469417,47.57757634296521],[-122.29861724773266,47.577567540805816],[-122.29860399006176,47.57755865759014],[-122.29859085978293,47.577549693213825],[-122.29857784466675,47.577540645092526],[-122.29856495701989,47.577531518551694],[-122.2985521966879,47.57752230810938],[-122.29853955985162,47.57751302204075],[-122.29852705048448,47.57750365755278],[-122.29851466858653,47.577494214645405],[-122.29850241415787,47.5774846933187],[-122.2984902914034,47.57747509900253],[-122.2984783002459,47.57746542895586],[-122.2984664406855,47.577455683178854],[-122.29845471279917,47.57744586441247],[-122.29844312063776,47.57743597260455],[-122.29843166427828,47.577426010496126],[-122.2984203436436,47.57741597534631],[-122.29840915881087,47.57740586989607],[-122.29839811390785,47.57739569683431],[-122.29838720488385,47.57738545621325],[-122.2983764397631,47.57737514518748],[-122.29836581059836,47.5773647693435],[-122.29835532549106,47.577354328576895],[-122.2983449843641,47.57734382014678],[-122.29833478737166,47.57733324953519],[-122.29832473046281,47.57732261679427],[-122.29831482166205,47.57731191907872],[-122.2982937920012,47.57728849099466],[-122.29827337128614,47.57726481376724],[-122.29825347973521,47.57724093229644],[-122.29823402923415,47.5772168833634],[-122.29821493571956,47.5771927036971],[-122.29819611107735,47.57716843007867],[-122.29817746291143,47.57714409111833],[-122.29815890708159,47.57711972080385],[-122.29728554112042,47.575971526530225],[-122.29726469587902,47.5759441008185],[-122.2972439269282,47.575916649443116],[-122.29722331045937,47.57588914400348],[-122.29720292274095,47.57586155883993],[-122.29718284019525,47.575833873774904],[-122.29716314306405,47.5758060603557],[-122.29714391189708,47.57577810109367],[-122.29712522303927,47.5757499730704],[-122.29711607581062,47.57573578861377],[-122.29710708540551,47.5757215610079],[-122.29709825174677,47.575707287511904],[-122.297089578885,47.57569296807359],[-122.29708106689709,47.57567860543408],[-122.29707271180934,47.575664202386484],[-122.29706451751828,47.57564975339672],[-122.29705648822836,47.575635263894696],[-122.29704861591533,47.575620736725675],[-122.29704090852623,47.575606166303466],[-122.29703335811384,47.57559155821434],[-122.29702597682983,47.57557691230194],[-122.29701875664988,47.57556223141152],[-122.29701169741983,47.57554751006124],[-122.29700480342136,47.57553275642182],[-122.29699807457717,47.57551796775242],[-122.2969915108872,47.57550314405295],[-122.29698511242835,47.575488288064555],[-122.29697887912346,47.57547339704621],[-122.2969728112035,47.5754584792209],[-122.2969669085143,47.57544352910675],[-122.2969611710558,47.57542854670371],[-122.2969556031094,47.57541354018265],[-122.29695020039344,47.57539850137282],[-122.29694496718935,47.57538343844499],[-122.29693989936948,47.5753683487104],[-122.29693500098418,47.575353232116925],[-122.29693027218747,47.57533809414655],[-122.2969257087745,47.57532292936946],[-122.29692131494986,47.575307743215525],[-122.29691709071336,47.57529253568481],[-122.29691303598783,47.57527730403625],[-122.29690915100423,47.57526205649286],[-122.29690543560837,47.57524678757276],[-122.2969018898771,47.57523150001691],[-122.29689851381026,47.5752161938253],[-122.29689531153544,47.57520087168684],[-122.29689227495129,47.575185533705785],[-122.2968894121587,47.57517017977789],[-122.2968867192612,47.575154815437315],[-122.29688419610447,47.57513943520204],[-122.29688184681598,47.57512404176097],[-122.29687966742198,47.57510863790728],[-122.29687765784541,47.57509322089992],[-122.29687582229072,47.57507779616875],[-122.29687415670723,47.57506236376593],[-122.29687266101763,47.57504692095051],[-122.29687133942652,47.575031473152336],[-122.29687018780612,47.575016017682536],[-122.2968683978666,47.57498520433189],[-122.29686720305432,47.57495437235359],[-122.29686651869163,47.57492353654749],[-122.29686626368931,47.574892695215205],[-122.29686634908832,47.574861854985656],[-122.29686669379988,47.57483101416062],[-122.29686720466088,47.57480017393906],[-122.29686780471043,47.574769335311544],[-122.2968857450665,47.573867097534034]]},"properties":{"LINK_TYPE":1,"DESCRIPTION":"Central Link","SEGMENT":"D","STATUS":"COMPLETE"}},{"type":"Feature","geometry":{"type":"LineString","coordinates":[[-122.29940754141137,47.57793761655728],[-122.29937076197317,47.577929519264686],[-122.299352737948,47.57792536170398],[-122.29933477152342,47.57792109097632],[-122.29931686285391,47.57791671256374],[-122.29929901583596,47.57791222093209],[-122.2992812265733,47.577907621615545],[-122.29926350309036,47.5779029117688],[-122.29924584141372,47.57789809418503],[-122.29922824551699,47.57789316607099],[-122.29921071547743,47.57788813016783],[-122.29919325939677,47.57788298637111],[-122.29917586917351,47.57787773478522],[-122.29915854893568,47.57787237809908],[-122.2991413067078,47.577866913467226],[-122.29912413438831,47.57786134099411],[-122.29910704023324,47.57785566605744],[-122.29909002003758,47.57784988322728],[-122.29907308205726,47.577843997881395],[-122.29905622216447,47.577838007331],[-122.29903944440998,47.57783191152389],[-122.29902274894829,47.577825715942105],[-122.29900613562505,47.577819415103676],[-122.29898961261912,47.57781301164522],[-122.29897317190611,47.57780650841227],[-122.29895682151057,47.57779990255931],[-122.29894056150964,47.57779319682745],[-122.29892439190341,47.577786391216705],[-122.29890831681989,47.57777948841592],[-122.29889233205402,47.57777248299537],[-122.298876441811,47.5777653803848],[-122.29886065014155,47.57775818053218],[-122.29884495704583,47.57775088343742],[-122.29882935855017,47.577743491893834],[-122.29881386260192,47.57773600031504],[-122.2987984694326,47.57772841692402],[-122.29878317896502,47.57772073897993],[-122.29876799112212,47.577712963741696],[-122.29875291018618,47.57770509938023],[-122.29873793187495,47.577697137724805],[-122.29872306452148,47.57768908689391],[-122.29870830804873,47.57768094414676],[-122.298693658483,47.57767271227646],[-122.29867912384873,47.57766438843778],[-122.29866470017232,47.577655975423816],[-122.2986503875309,47.577647475975766],[-122.29863619394895,47.577638887248135],[-122.29862211537576,47.57763020929323],[-122.2986081519655,47.577621447593124],[-122.29859431174262,47.57761259930236],[-122.29858058668276,47.57760366726649],[-122.29856698481026,47.57759464864013],[-122.29855350620238,47.57758554616428],[-122.29854014688541,47.577576362632215],[-122.29852691496082,47.577567097939585],[-122.29851381035157,47.57755774934541],[-122.29850082916116,47.57754832238396],[-122.29848797544024,47.577538817003074],[-122.29847524911183,47.577529230461785],[-122.29846265430363,47.577519565448924],[-122.29845019109284,47.577509824705544],[-122.29843785535161,47.57750000554292],[-122.29842565533559,47.57749011333864],[-122.29841359096773,47.57748014535179],[-122.29840165819715,47.577470101634646],[-122.29838986527966,47.57745998756476],[-122.2983782040365,47.577449800505654],[-122.29836668256927,47.57743954035293],[-122.29835530095511,47.577429209847665],[-122.29834405927087,47.57741881173086],[-122.29833295338882,47.577408343313756],[-122.29832199546115,47.57739780443986],[-122.29831117348975,47.57738720074775],[-122.29830049962689,47.57737653208089],[-122.29828996974462,47.577365795750524],[-122.29827958399719,47.577354997238686],[-122.29826934230728,47.57734413380446],[-122.29825924880289,47.5773332081366],[-122.29823792870624,47.577309394421604],[-122.29821721763345,47.57728533430443],[-122.29819703580301,47.57726107268503],[-122.29817729502331,47.577236643603506],[-122.29815791123092,47.57721208378882],[-122.29813879623455,47.577187427281075],[-122.29811985779226,47.577162708172345],[-122.29810101168668,47.57713795770942],[-122.2972296789105,47.57599243220326],[-122.29720861496526,47.57596472138831],[-122.29718763128466,47.57593698211658],[-122.29716679603601,47.57590918883273],[-122.29714618961542,47.57588131856599],[-122.29712588829122,47.57585334565687],[-122.29710597650993,47.57582524708252],[-122.29708652251531,47.57579700002882],[-122.29706761900904,47.575768586850764],[-122.29705841774764,47.575754353729394],[-122.29704937728354,47.57574007466575],[-122.29704048951541,47.57572574976414],[-122.29703175849366,47.57571137897247],[-122.29702318842311,47.575696967720646],[-122.2970147711251,47.575682513371994],[-122.29700651470098,47.575668015822195],[-122.29699841930464,47.575653480553356],[-122.29699048073118,47.575638902135616],[-122.29698270318538,47.57562428599888],[-122.2969750825393,47.57560962945432],[-122.29696762697114,47.575594935138696],[-122.29696032845666,47.57558020589728],[-122.29695319501987,47.57556543888485],[-122.29694621871347,47.5755506396877],[-122.2969394074845,47.57553580271965],[-122.29693275743644,47.575520933514724],[-122.29692627254252,47.57550602927998],[-122.29691994890622,47.575491095549395],[-122.29691378645036,47.5754761295822],[-122.29690778922541,47.57546113132614],[-122.29690195738534,47.575446106263264],[-122.29689629085289,47.57543105165266],[-122.29689078962798,47.57541596749427],[-122.29688544981398,47.575400859322286],[-122.29688027935784,47.57538572155048],[-122.29687527031237,47.57537055976512],[-122.29687043077854,47.57535537386197],[-122.29686575670571,47.575340163893124],[-122.29686124809365,47.575324929858716],[-122.29685690906992,47.57530967444754],[-122.29685273153316,47.57529439776389],[-122.29684872763501,47.57527909965146],[-122.29684488530054,47.57526378300757],[-122.29684121668153,47.57524844767587],[-122.2968377096259,47.57523309381277],[-122.29683437231186,47.575217724055044],[-122.29683120466207,47.575202335661636],[-122.29682820683063,47.57518693411467],[-122.29682537468966,47.57517151672524],[-122.29682271236668,47.57515608618219],[-122.29682021986152,47.57514064248554],[-122.29681789312343,47.57512518568745],[-122.29681574033052,47.575109718424706],[-122.29681375338144,47.57509424080152],[-122.29681193640373,47.575078755506766],[-122.29681028932002,47.575063259799464],[-122.2968088122074,47.57504775642065],[-122.29680750101507,47.575032245422435],[-122.29680636392102,47.575016729441536],[-122.29680457700347,47.57498558975502],[-122.29680338941773,47.574954436871046],[-122.29680271220457,47.57492327741851],[-122.29680246037832,47.57489211523319],[-122.29680255697741,47.57486095130557],[-122.29680290486503,47.5748297896278],[-122.29680342295255,47.57479862850153],[-122.29680403015159,47.57476746622833],[-122.29682194706231,47.57386651751086]]},"properties":{"LINK_TYPE":1,"DESCRIPTION":"Central Link","SEGMENT":"D","STATUS":"COMPLETE"}},{"type":"Feature","geometry":{"type":"LineString","coordinates":[[-122.2968857450665,47.573867097534034],[-122.29689681095246,47.5733106360444]]},"properties":{"LINK_TYPE":1,"DESCRIPTION":"Central Link","SEGMENT":"D","STATUS":"COMPLETE"}},{"type":"Feature","geometry":{"type":"LineString","coordinates":[[-122.29682194706231,47.57386651751086],[-122.29683301362984,47.573310056027374]]},"properties":{"LINK_TYPE":1,"DESCRIPTION":"Central Link","SEGMENT":"D","STATUS":"COMPLETE"}},{"type":"Feature","geometry":{"type":"LineString","coordinates":[[-122.27965262186454,47.51835951125291],[-122.27966967083312,47.518427067588284],[-122.27968369104742,47.51848261972888],[-122.2796977115198,47.51853818009073],[-122.27973326530758,47.51867907074819]]},"properties":{"LINK_TYPE":1,"DESCRIPTION":"Central Link","SEGMENT":"D","STATUS":"COMPLETE"}},{"type":"Feature","geometry":{"type":"LineString","coordinates":[[-122.29683301362984,47.573310056027374],[-122.29684382193857,47.57276647149084],[-122.29684517096567,47.572695244717885],[-122.29684638227593,47.57262401971739],[-122.29684745579297,47.57255279374833],[-122.2968483954906,47.57248156401756],[-122.29685096131236,47.57227097378836],[-122.29686913032059,47.57078178322885],[-122.29686974494042,47.5707255152212],[-122.29687021772371,47.57066924629713],[-122.2968705487479,47.57061297919778],[-122.29687073785954,47.57055670844107],[-122.29687078521302,47.57050043950898],[-122.29687069080886,47.570444172401515],[-122.2968704504432,47.57038790168889],[-122.29687007237106,47.57033163274871],[-122.29686954849247,47.570275365685355],[-122.29686888278097,47.5702190977056],[-122.29684975210705,47.568755860289755],[-122.29684948630587,47.56873530154769],[-122.29684922447804,47.56871474001254],[-122.29684897892766,47.568694181009825],[-122.29684875355093,47.56867361900545],[-122.29684855660189,47.56865305937715],[-122.29684839610368,47.56863249927964],[-122.29684827610632,47.568611938660815],[-122.29684820501808,47.56859138838035],[-122.29684821755237,47.56855593706403],[-122.29684840034355,47.56852048904008],[-122.29684874918703,47.56848503887868],[-122.29684926820964,47.56844958926866],[-122.29684995343794,47.56841414300316],[-122.29685080884468,47.5683786972891],[-122.29685183450655,47.568343254867415],[-122.29685302629609,47.56830781304925],[-122.29685438834002,47.568272374523474],[-122.296855916665,47.568236942083246],[-122.29685761516669,47.56820151019433],[-122.29685947987169,47.56816608164991],[-122.2968606406071,47.56814553744884],[-122.29686184994205,47.56812499262215],[-122.29686309977643,47.568104447274145],[-122.29686438621408,47.568083906938874],[-122.29686570092399,47.56806336349767],[-122.29686703596003,47.56804282253679],[-122.2968683872721,47.568022284108274],[-122.29686974660616,47.56800174283456],[-122.29690825211154,47.56741948517513],[-122.29691063657249,47.5673832355678],[-122.2969129480535,47.567346984157794],[-122.29691511357825,47.56731072914265],[-122.29691705199362,47.567274466083],[-122.29691869857754,47.56723819855413],[-122.29691997622737,47.567201922064555],[-122.29692081212154,47.56716564029371],[-122.29692112533888,47.5671293570253],[-122.29692105988985,47.56710987330483],[-122.2969208202158,47.56709038908513],[-122.2969204105209,47.56707090979612],[-122.29691983065128,47.56705142995584],[-122.29691908473416,47.56703195225309],[-122.29691816474676,47.567012479533105],[-122.29691707061241,47.566993009054926],[-122.29691581050807,47.56697354345535],[-122.29691438046103,47.56695408552734],[-122.29691278039459,47.56693463253003],[-122.29691100625882,47.56691518451546],[-122.29690906630802,47.56689574686141],[-122.29690695236525,47.5668763169311],[-122.29690467253087,47.56685689462024],[-122.29690221870493,47.566837480033186],[-122.29689959914167,47.56681807854753],[-122.29689680971433,47.56679868747447],[-122.29689384637311,47.5667793068661],[-122.29689071729511,47.566759939359116],[-122.29688741843063,47.56674058500566],[-122.29688394572986,47.56672124385791],[-122.29688031134279,47.56670191575935],[-122.29687650319688,47.56668260360739],[-122.29687252534224,47.56666330734994],[-122.29686838182896,47.56664402693479],[-122.2968640686073,47.566624762414044],[-122.29685958575443,47.56660551652868],[-122.29685493327062,47.56658628927877],[-122.29685011520594,47.566567080612046],[-122.29684512758763,47.56654789332167],[-122.29683997438885,47.56652872461448],[-122.29683465163674,47.56650957728356],[-122.29682916338162,47.566490451276785],[-122.29682350557354,47.56647134664626],[-122.2968176823397,47.5664522660808],[-122.29681168963037,47.56643320963258],[-122.29680553149566,47.56641417724935],[-122.29679920793568,47.56639516893115],[-122.29679271902768,47.5663761874189],[-122.29678606477178,47.56635723271259],[-122.29677924111832,47.566338304864345],[-122.29677225211731,47.566319403821986],[-122.29676510181882,47.56630052953334],[-122.2967577822773,47.566281687584656],[-122.29675030143862,47.566262872389615],[-122.29674265540717,47.56624408948234],[-122.29673484410607,47.56622533612178],[-122.29672686768944,47.5662066177899],[-122.29671873005334,47.56618792895252],[-122.29671042722521,47.56616927240281],[-122.29670196333183,47.5661506508295],[-122.29669333424665,47.566132061543726],[-122.29668454417374,47.566113509975374],[-122.29667558898629,47.56609499343544],[-122.29666647678422,47.56607651181972],[-122.29665719954498,47.566058067973366],[-122.29664776131861,47.56603966184419],[-122.29663816210525,47.56602129343224],[-122.29662840595488,47.56600296268525],[-122.29661848484494,47.56598467244853],[-122.29660840687532,47.56596642261766],[-122.29658922816414,47.565932548168036],[-122.29656956252495,47.56589878966183],[-122.29654948285615,47.56586514616065],[-122.29652906143973,47.565831594798084],[-122.29650836673872,47.565798120983004],[-122.29648747118887,47.565764707331006],[-122.2964664348452,47.56573132839131],[-122.29644533434694,47.56569797220959],[-122.29095579955033,47.557024360471644],[-122.29092652394773,47.556977979566454],[-122.29089737705034,47.55693156410027],[-122.2908683546553,47.556885108643044],[-122.29083945691575,47.556838618676906],[-122.29081068788054,47.55679209415007],[-122.29078204342353,47.55674553237347],[-122.29075352362123,47.556698936088324],[-122.29035726108363,47.556049765115745],[-122.29034566744072,47.55603076097008],[-122.29033408182778,47.556011753978424],[-122.2903225244137,47.55599274114025],[-122.29031100719236,47.555973716817945],[-122.29029953818524,47.55595467816668],[-122.29028813748441,47.55593561944494],[-122.29027681723711,47.555916540497094],[-122.29026558546488,47.55589743847831],[-122.29025189577081,47.555873873851766],[-122.29023836690276,47.55585026603261],[-122.2902249989371,47.555826617761994],[-122.29021178782453,47.555802929091776],[-122.29019874158652,47.555779197177365],[-122.29018585227783,47.55575542760446],[-122.29017312791991,47.555731617528366],[-122.29016056041442,47.55570776705299],[-122.29014815793589,47.55568387881551],[-122.29013591643508,47.55565995286796],[-122.29012383591183,47.55563598921032],[-122.29011191636594,47.555611987842674],[-122.29010016184628,47.55558794871319],[-122.2900885683802,47.55556387461477],[-122.29007714001662,47.55553976549563],[-122.29006797635549,47.555520162591904],[-122.29005890934216,47.555500539255],[-122.29004992285697,47.5554808984336],[-122.2900410008568,47.55546124581719],[-122.29003213516688,47.55544157876861],[-122.29002330982095,47.555421905718454],[-122.29001451267173,47.55540222682241],[-122.29000572759963,47.55538254502902],[-122.28960962009074,47.55449482268947],[-122.28958668450436,47.554443605646426],[-122.2895636040428,47.55439242061722],[-122.28954037870662,47.55434126760174],[-122.28951700437044,47.55429014391077],[-122.28949348103475,47.554239049544215],[-122.28946980877652,47.55418798724299],[-122.28944599164517,47.5541369569551],[-122.28942202964092,47.55408595868046],[-122.2893979187154,47.554034992470925],[-122.28937365886891,47.55398405832628],[-122.28934925407422,47.55393315345368],[-122.2881402330013,47.55141964955928],[-122.28810660414376,47.5513498852589],[-122.28807284658214,47.55128015001676],[-122.28803895214301,47.55121044119545],[-122.28800493312609,47.551140764121435],[-122.28731853915062,47.54973799961615],[-122.28729121428348,47.54968201791295],[-122.28726401032125,47.54962601272141],[-122.28723692313855,47.54956998135239],[-122.28720995265853,47.54951392106499],[-122.2871831030824,47.54945783728952],[-122.28591931567875,47.54681147578729],[-122.28589462482739,47.54675994600041],[-122.28586978507538,47.546708448273655],[-122.28584479252758,47.54665698814065],[-122.28581965505191,47.54660555727486],[-122.28579436065637,47.54655416131336],[-122.28576892148659,47.54650280010081],[-122.28574333349451,47.54645147368892],[-122.28571759255584,47.54640017938829],[-122.28569170287206,47.54634892262904],[-122.28539709874133,47.54576750469522],[-122.28537005636993,47.54571395385131],[-122.28534317506944,47.54566036804003],[-122.28531645873491,47.54560674172774],[-122.28528990751869,47.54555308039651],[-122.28526351729566,47.54549938135723],[-122.28523729211372,47.545445644558264],[-122.28521123204871,47.54539187274075],[-122.28401441706967,47.54291380879525],[-122.2831204683238,47.54106267593604],[-122.28309475194673,47.541009601250444],[-122.28306887469599,47.54095656425775],[-122.28304283649572,47.54090356221686],[-122.28301664147057,47.540850597817105],[-122.28299028549684,47.54079766836889],[-122.28296377269903,47.54074477656154],[-122.28293709895345,47.54069191970557],[-122.28291026838475,47.54063910049019],[-122.28288327694536,47.540586318966994],[-122.28285612868369,47.54053357508424],[-122.28116327910931,47.53725534291351],[-122.28114658483278,47.53722299464724],[-122.28112993884406,47.5371906347956],[-122.28111339338176,47.5371582489832],[-122.28109699686503,47.53712583110914],[-122.28108079343694,47.5370933669012],[-122.28106483953563,47.53706084741442],[-122.28104918342757,47.53702826106607],[-122.28103387345557,47.536995599014396],[-122.28102420924816,47.536974499239555],[-122.28101471413517,47.53695336440595],[-122.28100538009735,47.53693219735768],[-122.2809962152297,47.53691099799176],[-122.2809872194559,47.53688976356716],[-122.28097838483284,47.53686849966904],[-122.28096972335086,47.536847200660794],[-122.28096122301928,47.53682587217911],[-122.2809528959807,47.536804514069395],[-122.28094473413967,47.53678312643474],[-122.28093673749603,47.53676170927525],[-122.28092891422101,47.53674026522876],[-122.280921256143,47.5367187916575],[-122.28091376738558,47.5366972912509],[-122.28090644794852,47.53667576400906],[-122.28089929378403,47.536654209983496],[-122.28089231306326,47.5366326318122],[-122.28088550173844,47.536611029546684],[-122.28087885973318,47.53658940044599],[-122.28087238719957,47.53656774999222],[-122.28086608406126,47.53654607544434],[-122.28085995039427,47.536524379543394],[-122.28085399016976,47.53650265949684],[-122.28084819949224,47.53648092083831],[-122.28084257828537,47.5364591608268],[-122.28083712654896,47.53643737946229],[-122.28083184848253,47.53641558217538],[-122.28082673988627,47.53639376353549],[-122.28082180488344,47.53637192623218],[-122.28081703950254,47.536350073058045],[-122.28081244779091,47.536328203961546],[-122.28080802562457,47.536306316253196],[-122.28080377712703,47.5362844126225],[-122.28079969832673,47.53626249586208],[-122.28079579327088,47.536240565920345],[-122.28079205783571,47.53621862010785],[-122.28078850019223,47.536196661062576],[-122.28078510819753,47.536174688939134],[-122.28078189407012,47.53615270632396],[-122.28077884971482,47.53613071332011],[-122.28077597910273,47.53610870713506],[-122.28077328238594,47.53608669325079],[-122.28077075544053,47.536064668977936],[-122.28076840239002,47.53604263700597],[-122.28076622315794,47.53602059459379],[-122.28076421789649,47.53599854722351],[-122.2807623864531,47.535976489413095],[-122.28076072500843,47.53595442943718],[-122.28075923745754,47.53593236176208],[-122.28075792387627,47.535910289128935],[-122.28075678426454,47.53588821153766],[-122.28075587340093,47.53586766379763],[-122.2807550959547,47.53584710887411],[-122.28075443184025,47.53582655250689],[-122.28075386089586,47.53580599769483],[-122.28075336677907,47.535785439162126],[-122.28075292528058,47.53576487995913],[-122.28075252425782,47.535744320240546],[-122.28075213942546,47.53572376031573],[-122.28064535767625,47.52994889948473],[-122.2806446875215,47.5299131060302],[-122.28064396872655,47.529877310453365],[-122.28064315692598,47.5298415188033],[-122.28064219935574,47.52980572626821],[-122.28064104760348,47.52976993894882],[-122.28063966104679,47.529734151878614],[-122.28063798325547,47.529698374002415],[-122.28063597368343,47.529662603094714],[-122.28063440491584,47.529638477231245],[-122.28063266220228,47.52961435632557],[-122.28063074554301,47.52959024037779],[-122.2806286550905,47.52956613486986],[-122.28062639069267,47.529542034319725],[-122.28062395242605,47.52951794146849],[-122.28062134029071,47.52949385631602],[-122.28061855436313,47.52946978160341],[-122.2806155905203,47.52944571464113],[-122.28061245700881,47.52942166080811],[-122.2806091496297,47.52939761467385],[-122.28060566448825,47.52937358177192],[-122.28060200960282,47.52934955925815],[-122.28059818100262,47.52932554992515],[-122.28059417868789,47.52930155377283],[-122.28059000265891,47.52927757080128],[-122.28058565291595,47.52925360101033],[-122.28058112953525,47.52922964714111],[-122.28057643656415,47.52920570914193],[-122.28057156583273,47.52918178437494],[-122.28056652558747,47.52915787821904],[-122.28056131170548,47.52913398798469],[-122.28055592426304,47.52911011641293],[-122.28055036730754,47.52908626345213],[-122.2805446326689,47.5290624264644],[-122.28053873264079,47.52903861077705],[-122.28053265508227,47.52901481654473],[-122.28052640801157,47.52899104092329],[-122.28051999150493,47.52896728665372],[-122.28051339739257,47.52894355109807],[-122.28050663804395,47.52891984232466],[-122.28049970513698,47.52889615221364],[-122.2804925989003,47.528872488987844],[-122.28048532322885,47.528848847113785],[-122.28047787819897,47.52882522933242],[-122.28047026388698,47.5288016383847],[-122.28046247617004,47.52877807158114],[-122.28045451917141,47.5287545316112],[-122.28044639289136,47.52873101847476],[-122.28043809733009,47.52870753217186],[-122.28042962844083,47.52868407275398],[-122.28042099439384,47.52866064285903],[-122.28041218709544,47.52863724259001],[-122.28040321456359,47.528613869102806],[-122.28039407290392,47.52859052793091],[-122.28038476204031,47.528567216333315],[-122.28037528204928,47.528543937051026],[-122.28036563293084,47.52852069008391],[-122.2803558186562,47.528497472639415],[-122.28034583533082,47.528474290251054],[-122.28033568692567,47.528451140126236],[-122.28032536939406,47.52842802231644],[-122.28031488288836,47.528404942303645],[-122.28029904467556,47.528370789800206],[-122.28028288455312,47.528336707202186],[-122.28026645078069,47.528302682926864],[-122.28024978772298,47.52826871092515],[-122.28023294363953,47.52823477961452],[-122.28021596686578,47.528200880153236],[-122.28019889352001,47.52816700111345],[-122.28018178003134,47.52813313355056],[-122.27910314141997,47.525999643207484],[-122.2790900344272,47.52597370640175],[-122.27907696761113,47.52594775811544],[-122.2790639813634,47.52592179509262],[-122.27905110767784,47.5258958032163],[-122.2790383949636,47.52586977638644],[-122.27902587139572,47.525843708760604],[-122.27901358920174,47.52581758596445],[-122.27900158083149,47.525791410326995],[-122.27899301878564,47.52577228706557],[-122.27898462175091,47.5257531288],[-122.27897639782074,47.52573393542743],[-122.27896833905332,47.52571471253284],[-122.27896044529668,47.52569545463426],[-122.27895272479594,47.5256761671107],[-122.27894517350443,47.525656850013775],[-122.27893779134574,47.525637500602514],[-122.27893057442506,47.525618124410336],[-122.27892353075978,47.525598718593415],[-122.27891665630281,47.52557928320325],[-122.2789099511302,47.52555982098079],[-122.27890341936434,47.52554033461568],[-122.27889705688236,47.525520821418375],[-122.27889086368408,47.52550128138897],[-122.27888483984538,47.525481717268406],[-122.27887899345956,47.52546212895376],[-122.27887331246211,47.52544251934061],[-122.27886780487043,47.52542288558493],[-122.27886247076032,47.52540323042776],[-122.27885731020754,47.525383556610116],[-122.27885231901324,47.52536385870152],[-122.27884750145199,47.525344144873536],[-122.27884285332476,47.525324409695635],[-122.27883838280094,47.52530465580588],[-122.27883408186281,47.52528488604831],[-122.27882995448093,47.52526509763038],[-122.27882600073119,47.52524529329313],[-122.27882222061322,47.52522547303665],[-122.27881861420306,47.5252056396019],[-122.27881518142433,47.525185790247896],[-122.27881192242893,47.52516593045668],[-122.27880883706466,47.52514605474623],[-122.27880592548328,47.52512616859864],[-122.27880318760866,47.52510626927281],[-122.27880062359256,47.52508636225086],[-122.27879823328283,47.52506644205078],[-122.27879601683124,47.52504651415453],[-122.27879397828433,47.5250265785107],[-122.2787921135952,47.52500663517071],[-122.2787904227636,47.524986684134696],[-122.27878890578944,47.52496672540256],[-122.27878756274838,47.52494676171534],[-122.27878639364036,47.52492679307305],[-122.27878540251177,47.524906819424174],[-122.27878458539183,47.52488684356127],[-122.27878394228026,47.52486686548435],[-122.27878347310089,47.52484688245233],[-122.27878317800557,47.52482689994732],[-122.27878306096467,47.52480691517674],[-122.27878311396074,47.52478693098463],[-122.27878334508688,47.524766947267985],[-122.27878375441897,47.52474696676784],[-122.27878433378739,47.524726986846126],[-122.27878508723857,47.52470700745141],[-122.2787860189711,47.52468703401417],[-122.27878712486205,47.52466706384488],[-122.27878840491127,47.52464709694353],[-122.27878985927047,47.524627138792134],[-122.27879148778756,47.52460718390874],[-122.27879329061432,47.524587237775265],[-122.27879526767445,47.52456729765073],[-122.27879742309057,47.52454736622464],[-122.27879974884507,47.52452744634098],[-122.27880224883239,47.52450753246624],[-122.27880492328048,47.52448763282338],[-122.27880777608368,47.524467741878944],[-122.27881079922449,47.5244478624769],[-122.27881399674936,47.5244279945657],[-122.2788173646875,47.524408140937844],[-122.27882091113199,47.52438830149039],[-122.27882462806541,47.52436847906726],[-122.2788285193821,47.52434866813492],[-122.27883258523399,47.52432887417542],[-122.27883682157409,47.52430909724015],[-122.27884291117009,47.52428199484204],[-122.27884928493714,47.524254921731234],[-122.27885589836167,47.52422787847423],[-122.2788627187662,47.524200854518746],[-122.27886970163733,47.52417385043123],[-122.27887680230988,47.52414686129603],[-122.2788839883344,47.5241198847841],[-122.27889121084723,47.52409291054931],[-122.27954060727554,47.52167033251001]]},"properties":{"LINK_TYPE":1,"DESCRIPTION":"Central Link","SEGMENT":"D","STATUS":"COMPLETE"}},{"type":"Feature","geometry":{"type":"LineString","coordinates":[[-122.29689681095246,47.5733106360444],[-122.29690845937562,47.57272488536655],[-122.29690981082284,47.572653603720774],[-122.29691102042588,47.57258232115862],[-122.29691209628614,47.57251103757589],[-122.29691303435386,47.572439753024675],[-122.29691508745586,47.572271332929425],[-122.29693325447647,47.5707821368777],[-122.29693387099722,47.57072579481068],[-122.2969343456814,47.57066945182734],[-122.29693467455635,47.5706131107209],[-122.29693486564594,47.570556768646036],[-122.29693491085006,47.570500425707],[-122.29693481421954,47.57044408185176],[-122.29693457583186,47.57038773982122],[-122.29693419561036,47.570331396874415],[-122.29693367363264,47.57027505575229],[-122.29693300577182,47.570218713766046],[-122.29691532772777,47.56886662055116],[-122.29691470228437,47.5688182736539],[-122.29691411329291,47.56876992628735],[-122.29691360538129,47.568721580619105],[-122.29691321897285,47.56867323338676],[-122.29691298646799,47.56862488417332],[-122.29691294852103,47.56857653793931],[-122.29691314952811,47.56852818862929],[-122.29691362617011,47.56847984399705],[-122.2969141363514,47.56844638792487],[-122.29691480051135,47.56841293261253],[-122.29691561062641,47.56837948090533],[-122.29691657066944,47.56834603001005],[-122.29691768469017,47.56831257987466],[-122.29691894871526,47.5682791332922],[-122.29692103429545,47.56823080633601],[-122.29692339550563,47.5681824840576],[-122.29692599597162,47.56813416966705],[-122.29692878693842,47.568085858308095],[-122.2969317400552,47.56803755034556],[-122.29693481084836,47.56798924909398],[-122.29693795858623,47.5679409468517],[-122.29694114689543,47.56789264682897],[-122.29697465362067,47.567385981531345],[-122.29697645661489,47.567358596027155],[-122.29697821895344,47.56733120556226],[-122.2969799002907,47.56730381614018],[-122.29698145592305,47.56727642285228],[-122.29698284122406,47.56724902353115],[-122.29698402387125,47.56722162133493],[-122.29698495113844,47.56719421420031],[-122.29698559078044,47.567166808026485],[-122.29698585201135,47.567147128161054],[-122.29698593496695,47.567127447848655],[-122.29698585187423,47.56710776967392],[-122.29698559455649,47.56708809100012],[-122.29698516706394,47.56706841177508],[-122.2969845655008,47.56704873753294],[-122.29698379384017,47.567029065480554],[-122.29698285208231,47.56700939561802],[-122.29698173625447,47.566989730738314],[-122.2969804504068,47.566970070789395],[-122.29697899453949,47.56695041577118],[-122.29697736460277,47.56693076573591],[-122.29697556480086,47.56691112611333],[-122.29697359093,47.56689149147367],[-122.29697145116721,47.56687186445352],[-122.29696913343992,47.566852247950415],[-122.29696664982113,47.566832639066824],[-122.29696399236522,47.56681304338907],[-122.29696116496821,47.56679345538295],[-122.2969581677844,47.566773880530526],[-122.29695500081398,47.566754318831684],[-122.29695166000724,47.56673477033866],[-122.29694815346414,47.566715234947075],[-122.29694447308506,47.56669571276127],[-122.29694062299718,47.56667620646996],[-122.29693660320066,47.56665671607327],[-122.29693241369567,47.56663724157109],[-122.29692805050949,47.56661778575657],[-122.2969235216652,47.56659834578439],[-122.29691882319001,47.56657892444775],[-122.29691395508414,47.56655952174649],[-122.29690891742483,47.56654014042166],[-122.29690371021225,47.56652078047327],[-122.29689833741939,47.56650143910816],[-122.29689279102372,47.56648211917149],[-122.29688707920225,47.566462823300014],[-122.29688119790531,47.566443551545866],[-122.2968751511058,47.56642430111588],[-122.2968689349082,47.56640507754411],[-122.2968625492356,47.566385878089555],[-122.29685599821511,47.56636670544108],[-122.29684928176985,47.56634755685767],[-122.29684239600428,47.56632843787331],[-122.29683534489124,47.566309345695004],[-122.29682812850807,47.56629028306358],[-122.296820742728,47.566271247290224],[-122.29681319175505,47.566252243804676],[-122.29680547551246,47.566233269866025],[-122.29679759400042,47.566214325474164],[-122.29678954737305,47.566195416111064],[-122.29678133952648,47.56617653624253],[-122.29677296251496,47.56615769145485],[-122.2967644203117,47.566138878954874],[-122.29675571704372,47.566120101431316],[-122.29674685271114,47.56610135888425],[-122.29673781929132,47.56608265415884],[-122.29672862480729,47.56606398440975],[-122.29671926925914,47.56604534963708],[-122.29670975280105,47.566026755322646],[-122.29670007130629,47.566008198777624],[-122.2966902288249,47.56598967994975],[-122.29668022543406,47.56597120158008],[-122.29667006113384,47.565952763668534],[-122.29665973600152,47.56593436895604],[-122.29664924988309,47.565916011960596],[-122.29663438207062,47.56589051090184],[-122.29661924493456,47.56586508459938],[-122.29660387453877,47.56583971887897],[-122.29658831535494,47.56581441042626],[-122.29657259932011,47.56578914237811],[-122.29655676677895,47.56576390873135],[-122.29654086189495,47.565738695207465],[-122.29652491691287,47.565713495907566],[-122.29101472793245,47.557007273558185],[-122.29098550294813,47.5569609660521],[-122.29095639849375,47.556914621347765],[-122.29092742274399,47.55686824208249],[-122.29089857157274,47.556821825567205],[-122.2908698450565,47.55677537454313],[-122.29084124716731,47.55672888621736],[-122.29081277393264,47.556682363382954],[-122.29045386770454,47.55609439466293],[-122.29043293881453,47.556060089278645],[-122.29041205005974,47.55602576966645],[-122.2903912458269,47.5559914297735],[-122.29037057019576,47.555957052582784],[-122.29035006747621,47.55592262930057],[-122.29032978182454,47.55588814565105],[-122.29030975350136,47.55585359289223],[-122.2902900268162,47.55581896223045],[-122.29027729631325,47.555796238069334],[-122.2902647105151,47.55577347366452],[-122.29025227362389,47.555750674445996],[-122.29023998953522,47.555727834880024],[-122.29022785442989,47.55570496324153],[-122.29021586807771,47.55568205130756],[-122.29020403063176,47.55565910456017],[-122.29019234614098,47.55563612294747],[-122.29018081055627,47.55561310652145],[-122.29016942395396,47.55559005802313],[-122.29015232463615,47.55555479042983],[-122.29013553138371,47.55551945858807],[-122.29011900385892,47.5554840684988],[-122.29010270187719,47.55544863164514],[-122.29008657303045,47.55541315692482],[-122.29007057705785,47.555377653079745],[-122.29005466980284,47.55534213438582],[-122.29003880680237,47.55530660415484],[-122.28967098576801,47.55448227610032],[-122.2896480195617,47.554430979943795],[-122.28962490030587,47.554379713163925],[-122.28960163609888,47.55432847565679],[-122.2895782230455,47.55427727295621],[-122.28955466091612,47.55422609683914],[-122.28953095399005,47.5541749554766],[-122.28950710211438,47.55412384338644],[-122.28948309726827,47.55407276341339],[-122.28945894754996,47.55402171545355],[-122.28943465295981,47.553970699506884],[-122.28941020952597,47.55391971836612],[-122.28820118574758,47.55140621237891],[-122.2881675310702,47.55133639632841],[-122.28813374761248,47.55126660659527],[-122.2880998274305,47.55119684876505],[-122.2880657825178,47.551127117200075],[-122.2873794040434,47.549724380265026],[-122.28735210493969,47.54966845308574],[-122.28732492261567,47.54961249972886],[-122.28729786119607,47.54955652288362],[-122.28727091647902,47.54950051711998],[-122.28724409258912,47.54944448512718],[-122.28598030241173,47.54679812430295],[-122.28595557277814,47.546746512764955],[-122.28593069432057,47.54669493602811],[-122.28590566291463,47.54664339140307],[-122.28588048268543,47.546591881579054],[-122.285855153557,47.54654040381488],[-122.2858296715578,47.546488960903254],[-122.28580404073662,47.54643755279231],[-122.28577826109371,47.546386179481935],[-122.28575232850486,47.546334838282775],[-122.28545772385371,47.5457534232471],[-122.28543072427863,47.54569995687147],[-122.2854038856978,47.54564645278744],[-122.2853772122355,47.54559291368426],[-122.28535070381483,47.54553933682113],[-122.28532435638714,47.545485722249836],[-122.28529817002826,47.54543207271158],[-122.28527214870971,47.54537838541364],[-122.28407533511523,47.542900319316814],[-122.2831813844368,47.541049186936775],[-122.2831556252368,47.54099603055125],[-122.28312970913511,47.54094290906604],[-122.28310362811243,47.540889825325365],[-122.28307739416057,47.540836773692185],[-122.28305099536492,47.540783762544315],[-122.28302443966925,47.540730786296386],[-122.28299772302607,47.54067784499982],[-122.28297084963621,47.54062494408502],[-122.28294381529976,47.54057207812141],[-122.28291662414121,47.540519249798294],[-122.28124150916477,47.53727536883875],[-122.28122038529735,47.53723442883008],[-122.2811993419591,47.53719347133993],[-122.28117845552194,47.53715247620138],[-122.2811578105291,47.537111425885456],[-122.28113748342825,47.53707030296632],[-122.28111755868582,47.53702908717408],[-122.2810981170253,47.53698776925444],[-122.2810792430649,47.53694633441973],[-122.28106999863621,47.53692547882016],[-122.28106091932989,47.53690459095439],[-122.2810520051457,47.536883670822384],[-122.2810432520358,47.53686271847587],[-122.28103466412388,47.53684173660426],[-122.28102624133355,47.53682072246652],[-122.28101798374078,47.536799678803824],[-122.28100988729778,47.536778605667706],[-122.28100196009963,47.53675750295504],[-122.280994194127,47.53673637351004],[-122.28098659342731,47.53671521728116],[-122.28097916197189,47.5366940314759],[-122.2809718918176,47.536672821679346],[-122.28096479098328,47.53665158504751],[-122.28095785549735,47.5366303243729],[-122.28095108528349,47.53660903691458],[-122.28094448454127,47.53658772810303],[-122.28093804914684,47.536566395248784],[-122.28093177910002,47.53654503835199],[-122.28092567447669,47.53652366015357],[-122.28091973932428,47.53650226060202],[-122.28091397356648,47.53648083695638],[-122.28090837338392,47.53645939749123],[-122.2809029426716,47.536437936673025],[-122.2808976773819,47.5364164545534],[-122.28089258171438,47.53639495656273],[-122.28088765154517,47.5363734400117],[-122.28088289496914,47.53635190479712],[-122.2808782999196,47.536330353814776],[-122.28087387853898,47.53630878690991],[-122.28086962677962,47.53628720413423],[-122.28086554059357,47.53626560553919],[-122.28086162410449,47.536243993814395],[-122.2808578773121,47.53622236895973],[-122.28085430021623,47.53620073097523],[-122.28085088869294,47.536179077171525],[-122.28084765106559,47.536157415668534],[-122.28084457908655,47.53613574108731],[-122.2808416808507,47.53611405332476],[-122.28083894841502,47.53609235796611],[-122.28083638582693,47.536070654959715],[-122.28083399705751,47.536048941513044],[-122.2808317740116,47.53602721772926],[-122.28082972088859,47.53600548903884],[-122.2808278416599,47.5359837526492],[-122.28082612823007,47.53596200866341],[-122.28082458472271,47.53594025977103],[-122.28082252725964,47.535906567890244],[-122.28082082185941,47.53587286878256],[-122.28081942399861,47.53583916301515],[-122.28081828113453,47.53580545399927],[-122.2808173446202,47.535771739612755],[-122.28081655794203,47.53573802605946],[-122.28081587642448,47.53570430842449],[-122.28081524355437,47.535670592911835],[-122.28070830092973,47.52988741768652],[-122.28070791615811,47.52986685776172],[-122.28070751932168,47.52984630073261],[-122.28070709003282,47.52982574137494],[-122.28070661217942,47.52980518263598],[-122.28070607362034,47.52978462467038],[-122.2807054541202,47.52976406773595],[-122.28070474161414,47.529743514728345],[-122.28070392380876,47.529722960320235],[-122.28070280834288,47.52969897674912],[-122.28070152297757,47.52967499808442],[-122.28070006763679,47.52965102158513],[-122.28069844247302,47.52962705273328],[-122.28069664336344,47.529603088839394],[-122.28069467840234,47.5295791298003],[-122.28069253957186,47.52955517846023],[-122.28069023091942,47.52953123476747],[-122.2806877523691,47.529507295981126],[-122.28068510414951,47.529483370324115],[-122.28068228603244,47.52945944957345],[-122.28067929817047,47.529435539211164],[-122.28067613651673,47.529411639288725],[-122.28067280924172,47.52938775244407],[-122.28066930809926,47.52936387329829],[-122.28066564133596,47.52934000723019],[-122.28066180085794,47.52931615434296],[-122.28065779468336,47.52929231179244],[-122.28065361487072,47.529268485163676],[-122.28064926531498,47.52924466892318],[-122.28064475029178,47.529220871242295],[-122.280640065602,47.529197086690644],[-122.28063520727508,47.529173318060664],[-122.28063018340526,47.52914956524932],[-122.28062498994564,47.52912582830809],[-122.2806196269727,47.52910210997795],[-122.2806140944105,47.5290784075179],[-122.28060839645852,47.52905472635835],[-122.28060252891768,47.52903106106881],[-122.28059649194053,47.52900741713134],[-122.28059028552721,47.52898379454578],[-122.2805839136489,47.52896019051968],[-122.2805773722588,47.528936605104484],[-122.28057066563245,47.528913046471686],[-122.28056378949472,47.52888950644973],[-122.2805567439981,47.52886599052065],[-122.28054953311364,47.52884249589179],[-122.28054215699386,47.52881902804518],[-122.28053461143973,47.52879558155031],[-122.28052690065059,47.52877216183763],[-122.28051902057979,47.52874876895866],[-122.28051097519827,47.52872540012078],[-122.28050276458258,47.52870205806495],[-122.2804943887327,47.52867874279114],[-122.28048584764895,47.528655454299404],[-122.28047713736068,47.528632195382116],[-122.2804682659621,47.52860896593626],[-122.28045922528318,47.52858576332379],[-122.2804500235704,47.52856259292367],[-122.28044065265392,47.5285394520979],[-122.28043112062792,47.528516340743344],[-122.28042142352167,47.52849326165255],[-122.28041156133543,47.528470214825475],[-122.28040153811628,47.52844720021044],[-122.28039134584664,47.52842422065163],[-122.28038099659159,47.52840127325323],[-122.28037047821027,47.528378358169974],[-122.28035980291996,47.52835547798806],[-122.28034895865602,47.528332635603135],[-122.28033954183061,47.52831308734424],[-122.28033002452322,47.52829356504229],[-122.28032041459967,47.52827406037105],[-122.28031072824774,47.5282545731244],[-122.28030098562623,47.52823510030355],[-122.28029119879999,47.52821563901285],[-122.28028137975765,47.52819618361575],[-122.28027154865785,47.52817673111337],[-122.27918950450645,47.52603651222639],[-122.27917639746147,47.52601057543059],[-122.27916333066919,47.525984629895234],[-122.27915034429321,47.52595866414124],[-122.27913747063154,47.52593267501569],[-122.27912475786516,47.52590664819549],[-122.27911223416923,47.525880577838194],[-122.2790999519993,47.52585445779237],[-122.27908793945439,47.52582827947452],[-122.27907945500272,47.52580932797613],[-122.27907113563805,47.52579034421451],[-122.27906297723767,47.525771325500216],[-122.27905498797077,47.525752274471266],[-122.27904715981984,47.52573319397173],[-122.27903950080204,47.52571408115765],[-122.27903200694665,47.52569493882155],[-122.27902467825335,47.52567576696343],[-122.27901751472204,47.52565656558339],[-122.27901052047538,47.525637337370874],[-122.27900369139036,47.5256180796365],[-122.27899703166553,47.52559879781078],[-122.27899053717816,47.52557948920422],[-122.27898421197453,47.52556015376536],[-122.27897805208399,47.52554079428675],[-122.27897206147698,47.52552140797586],[-122.27896623625861,47.52550200036628],[-122.27896058452227,47.52548257135509],[-122.27895509809814,47.525463118304174],[-122.27894978110888,47.525443643903145],[-122.27894463363036,47.52542415089301],[-122.27893965551031,47.52540463379185],[-122.27893484697663,47.525385100822575],[-122.27893020383037,47.52536554655479],[-122.27892573431681,47.52534597636756],[-122.27892143431302,47.52532638757127],[-122.27891730389491,47.525306782907045],[-122.27891334298616,47.52528715963392],[-122.27890955173872,47.52526752323384],[-122.278905934123,47.525247870914356],[-122.27890248212147,47.52522820551953],[-122.27889920382736,47.525208526946315],[-122.27889609519379,47.525188835246276],[-122.27889316026729,47.525169130367885],[-122.27889039103013,47.525149415155134],[-122.27888779557568,47.52512968950514],[-122.27888536985701,47.52510995346938],[-122.2788831179206,47.52509020699631],[-122.27888103579566,47.525070452878474],[-122.2788791234819,47.5250506911159],[-122.27887738510188,47.52503092439811],[-122.27887581645663,47.52501114729456],[-122.27887442174479,47.52499136523582],[-122.27887319691933,47.52497157827336],[-122.27887214198019,47.524951786407165],[-122.27887126104982,47.52493199232679],[-122.27887055000537,47.52491219334274],[-122.27887001296925,47.52489239214451],[-122.27886964597069,47.52487259152462],[-122.2788694529041,47.52485278594951],[-122.27886942995069,47.52483298369373],[-122.27886957695814,47.52481317927532],[-122.27886989804908,47.52479337538374],[-122.2788703892526,47.524773574811384],[-122.27887105453912,47.52475377476597],[-122.27887189001386,47.52473398078085],[-122.2788728955246,47.52471418737405],[-122.27887407526975,47.52469439997613],[-122.27887542512659,47.524674615897446],[-122.27887694517077,47.52465483787913],[-122.27887863952496,47.52463506861066],[-122.27888050399008,47.524615302661424],[-122.27888253879414,47.52459554825456],[-122.27888474783147,47.52457579985643],[-122.27888712308464,47.52455606031106],[-122.2788896727228,47.52453633225652],[-122.27889239269903,47.52451661574424],[-122.2788952869839,47.52449690798173],[-122.27889834755979,47.52447721181294],[-122.27890157854924,47.524457529927375],[-122.2789049839227,47.52443785953257],[-122.27890855566268,47.52441820347244],[-122.27891230193832,47.52439856438502],[-122.27891621450408,47.524378936891246],[-122.27892030160511,47.52435932637016],[-122.27892455514798,47.524339732924695],[-122.27892897925508,47.524320159244375],[-122.27893357377431,47.52430059984721],[-122.27893833885734,47.52428106021509],[-122.27894520396721,47.52425404391122],[-122.27895235332335,47.52422705963539],[-122.27895974645881,47.52420010790251],[-122.27896734267875,47.52417318100438],[-122.2789750973179,47.5241462740255],[-122.27898297792684,47.524119384636755],[-122.27899093571784,47.52409250523302],[-122.27899893411892,47.524065630795825],[-122.27911837451326,47.52366469261945],[-122.27913389903809,47.52361231523788],[-122.27914927312356,47.52355991509069],[-122.27916449684608,47.52350749491898],[-122.27917956615961,47.52345505477434],[-122.27919448923377,47.52340259729477],[-122.2792092618703,47.52335011704988],[-122.27922388017515,47.52329761957323],[-122.27923834811934,47.52324510207229],[-122.27925266570324,47.52319256454721],[-122.27926683300335,47.52314000973906],[-122.27965694757049,47.52168464233131]]},"properties":{"LINK_TYPE":1,"DESCRIPTION":"Central Link","SEGMENT":"D","STATUS":"COMPLETE"}},{"type":"Feature","geometry":{"type":"LineString","coordinates":[[-122.27976525912997,47.51854798076199],[-122.27982598934021,47.51875683971059],[-122.27983575833782,47.51879046080772],[-122.27984548711399,47.51882409064233],[-122.27985513520646,47.51885772972964],[-122.27986466230482,47.51889138406706],[-122.27987402000629,47.518925059754935],[-122.27988318013902,47.51895876263595],[-122.27989209010164,47.51899249338016],[-122.27990071370559,47.51902626067427],[-122.27990671440995,47.51905054671344],[-122.27991254158789,47.519074851414075],[-122.27991820333169,47.51909917467317],[-122.27992369154859,47.519123516593844],[-122.27992901433092,47.51914787707302],[-122.2799341634338,47.51917225073179],[-122.27993914305529,47.51919664300067],[-122.27994395311919,47.51922105113868],[-122.27994859354918,47.51924547240478],[-122.27995306442108,47.51926990954009],[-122.27995736168839,47.51929436259604],[-122.27996148924498,47.51931882603919],[-122.27996544724282,47.51934330535155],[-122.27996923552949,47.519367795051146],[-122.27997285005841,47.519392295189505],[-122.2799762949518,47.51941680845612],[-122.2799795661631,47.519441334902524],[-122.2799826675862,47.519465868995184],[-122.27998559922082,47.51949041073417],[-122.27998835717266,47.519514965653],[-122.27999094525951,47.51953952547712],[-122.2799933636333,47.51956409568859],[-122.27999560817135,47.51958867359788],[-122.27999768284376,47.519613256412555],[-122.27999958367995,47.5196378469251],[-122.28000131464988,47.519662442343005],[-122.28000287582958,47.51968704540725],[-122.28000425897383,47.51971165073895],[-122.28000547629752,47.51973626092451],[-122.28000651963167,47.519760873325914],[-122.28000739309844,47.51978549063279],[-122.28000809257514,47.519810110155504],[-122.28000861806166,47.51983473189421],[-122.2800089776502,47.519859355745716],[-122.28000915912558,47.51988397912372],[-122.28000917462658,47.51990860187349],[-122.28000901613629,47.51993322683927],[-122.28000868350234,47.51995784853892],[-122.28000818092303,47.51998247240297],[-122.28000750412355,47.520007090259945],[-122.280006657302,47.520031707540234],[-122.28000564038221,47.52005632150291],[-122.28000444939364,47.5200809349405],[-122.28000308815415,47.520105539578424],[-122.28000155689166,47.52013014363969],[-122.27999985133154,47.52015473895284],[-122.2799979716255,47.520179330999866],[-122.27999592571388,47.52020391419563],[-122.279993705656,47.520228494125284],[-122.27999131534573,47.52025306525521],[-122.2799887507365,47.520277627636936],[-122.27998601587444,47.52030218121894],[-122.27998311075926,47.52032672600118],[-122.27998003539074,47.52035126198369],[-122.27997678564624,47.520375786476954],[-122.2799733656479,47.52040030217043],[-122.27996977531944,47.5204248063231],[-122.27996601466062,47.520449298934956],[-122.27996208359514,47.52047377726493],[-122.27995797815248,47.52049824410559],[-122.27995370634895,47.52052269661286],[-122.27994926421415,47.52054713757916],[-122.27994464754931,47.520571561574144],[-122.27993986047665,47.520595971287136],[-122.2799349069661,47.52062036392561],[-122.27992978304727,47.520644742282165],[-122.2799244845974,47.52066910366721],[-122.27991901970907,47.520693447977656],[-122.27991113886388,47.5207272938404],[-122.27990296987926,47.52076111321013],[-122.27989455314238,47.52079490283043],[-122.27988593339104,47.52082867035751],[-122.27987714711834,47.52086241806851],[-122.27986823898644,47.520896150878684],[-122.27985924953495,47.52092987101363],[-122.2798502195318,47.52096358892213],[-122.27965694757049,47.52168464233131]]},"properties":{"LINK_TYPE":1,"DESCRIPTION":"Central Link","SEGMENT":"D","STATUS":"COMPLETE"}},{"type":"Feature","geometry":{"type":"LineString","coordinates":[[-122.27979792007453,47.51893527479601],[-122.27980605600399,47.51896751554193],[-122.27983406117505,47.51907849411389],[-122.279839723959,47.51910125169479],[-122.27984523749319,47.51912402762798],[-122.2798505976551,47.519146819224],[-122.27985580849081,47.51916962643131],[-122.27986086190758,47.51919244935301],[-122.27986576599784,47.519215287886055],[-122.27987051671502,47.519238142081974],[-122.27987506713082,47.51926077947049],[-122.27987947218953,47.519283429677834],[-122.27988372379845,47.5193060928072],[-122.2798878259276,47.51932876606592],[-122.27989177872897,47.51935145493615],[-122.27989558205013,47.519374153935814],[-122.27989923192074,47.51939686585752],[-122.27990273635707,47.51941958785712],[-122.27990608726638,47.51944232003783],[-122.27990928869477,47.51946506234804],[-122.27991234056597,47.519487812046734],[-122.2799152389856,47.51951057466756],[-122.27991798777161,47.519533341935905],[-122.2799205870759,47.51955611933379],[-122.2799230368222,47.519578904120266],[-122.27992533296401,47.519601696346854],[-122.27992748359377,47.51962449591043],[-122.27992947657233,47.51964730296575],[-122.27993132388632,47.51967011187612],[-122.2799330175951,47.51969292822661],[-122.27993456174462,47.51971575196571],[-122.2799359561827,47.51973857761141],[-122.2799371968628,47.51976140521531],[-122.27993828798316,47.51978424020774],[-122.27993922534506,47.519807077158404],[-122.27994001704103,47.519829915964145],[-122.2799406509319,47.51985275677959],[-122.2799411391564,47.51987559945011],[-122.2799414736217,47.519898444078784],[-122.27994165829784,47.51992128787314],[-122.27994169326071,47.519944133574114],[-122.27994157438779,47.51996697849225],[-122.27994130572503,47.51998982257597],[-122.27994088322603,47.52001266587687],[-122.27994031498329,47.52003550829187],[-122.2799395929038,47.52005834992405],[-122.27993871683539,47.52008118529132],[-122.27993769502255,47.520104019772724],[-122.27993651937247,47.52012685347123],[-122.27993519377901,47.52014968085336],[-122.2799337142719,47.52017250471161],[-122.27993208886748,47.520195322201886],[-122.27993030954892,47.520218136168296],[-122.27992837624,47.52024094386983],[-122.27992629703313,47.52026374520335],[-122.27992406383544,47.52028654027198],[-122.27992168473949,47.52030932897261],[-122.2799191515763,47.520332108667304],[-122.27991646442169,47.52035488209704],[-122.27991363129208,47.520377646417764],[-122.27991064814104,47.52040040168099],[-122.27990751092197,47.52042314793822],[-122.27990422772723,47.52044588508636],[-122.27990079038813,47.52046861048751],[-122.27989720302661,47.5204913268311],[-122.27989346556663,47.52051403137614],[-122.2798895820543,47.52053672407104],[-122.27988554439665,47.52055940501883],[-122.2798813566398,47.52058207416799],[-122.27987701878372,47.52060473151856],[-122.27987239967317,47.52062804778285],[-122.27986761824755,47.52065134966201],[-122.27986267855293,47.52067463710451],[-122.27985757654281,47.52069791016187],[-122.27985232015762,47.52072116324898],[-122.27984690557882,47.520744404640396],[-122.27984133257819,47.520767626113],[-122.27983633369483,47.520787906359935],[-122.27983122922144,47.52080817424129],[-122.27982603534352,47.52082842955091],[-122.27982076847458,47.52084868030581],[-122.27981543655513,47.52086892092086],[-122.2798136996047,47.52087546894231],[-122.27981006401562,47.520889156568856],[-122.27980465902486,47.52090938988785],[-122.27979923769216,47.52092961793063],[-122.27974145092372,47.521145209523546],[-122.27970426760956,47.521283938898726]]},"properties":{"LINK_TYPE":1,"DESCRIPTION":"Central Link","SEGMENT":"D","STATUS":"COMPLETE"}},{"type":"Feature","geometry":{"type":"LineString","coordinates":[[-122.27979792007453,47.51893527479601],[-122.27973786302702,47.51869729021487],[-122.27973640348321,47.51869151500478],[-122.27973326530758,47.51867907074819]]},"properties":{"LINK_TYPE":1,"DESCRIPTION":"Central Link","SEGMENT":"D","STATUS":"COMPLETE"}},{"type":"Feature","geometry":{"type":"LineString","coordinates":[[-122.27979792007453,47.51893527479601],[-122.27978860900502,47.518793586584444],[-122.27978723107363,47.51877368641654],[-122.27978571160175,47.51875379079295],[-122.27978405066567,47.51873390245479],[-122.27978225223558,47.518714018609465],[-122.27978030821926,47.51869413935999],[-122.27977983033483,47.51868946215021],[-122.27977781894981,47.51866992650562],[-122.27976525912997,47.51854798076199]]},"properties":{"LINK_TYPE":1,"DESCRIPTION":"Central Link","SEGMENT":"D","STATUS":"COMPLETE"}},{"type":"Feature","geometry":{"type":"LineString","coordinates":[[-122.27976525912997,47.51854798076199],[-122.27965311600613,47.51816229381799],[-122.27963748637043,47.518108251061],[-122.27962201403511,47.51805418710561],[-122.27960670716809,47.51800010458978],[-122.27959155752448,47.51794599813463],[-122.27957656930201,47.51789187317073],[-122.2795617384541,47.517837729749644],[-122.27954707292041,47.51778356228644],[-122.27953256483637,47.51772937910716],[-122.27951821801946,47.51767517193738],[-122.27950403269735,47.51762094900015],[-122.27949000871736,47.517566704813554],[-122.27947614615526,47.51751244211862],[-122.27946244501032,47.51745816091542],[-122.27944890123615,47.517403861255545],[-122.27943552292436,47.51734954303596],[-122.27942230198225,47.517295206359876],[-122.27940924253153,47.51724085391669],[-122.27939634846567,47.51718648017304],[-122.27938361184412,47.517132090713964],[-122.27937103671243,47.517077685488054],[-122.27935862299412,47.51702326175431],[-122.2793463707647,47.51696882225383],[-122.27933428399372,47.51691436419413],[-122.27932235466459,47.516859890419276],[-122.27931058682282,47.51680540087781],[-122.27929898046804,47.51675089556984],[-122.27928753972171,47.516696377184836],[-122.27927625633926,47.51664184034388],[-122.27912561893419,47.51590829968854],[-122.27912143972954,47.51588793339301],[-122.27911726869618,47.515867569735335],[-122.27911312179003,47.51584720028648],[-122.27910900725503,47.515826830425425],[-122.27910493303108,47.515806454567226],[-122.27910091537812,47.51578607524687],[-122.27909696635797,47.51576568956886],[-122.27909309024473,47.515745305704684],[-122.27908804877679,47.515718073508964],[-122.27908316075731,47.515690828392],[-122.27907843015592,47.51566356756126],[-122.27907385307853,47.51563629655033],[-122.27906942952491,47.5156090153592],[-122.27906516346472,47.51558172119543],[-122.27906105085171,47.51555441411049],[-122.27905709588373,47.515527099534886],[-122.27905329443853,47.51549977477921],[-122.27905054498136,47.51547929705615],[-122.27904787636967,47.5154588155621],[-122.27904526837341,47.51543833055444],[-122.27904271694665,47.5154178420848],[-122.27904021002739,47.515397353048584],[-122.27903773540173,47.51537686085933],[-122.27903528100784,47.51535636841252],[-122.27903283867768,47.51533587307019],[-122.27896315186884,47.51475065180975],[-122.27896071371732,47.51473015915539],[-122.27895827953758,47.514709663708565],[-122.2789558655893,47.51468916800419],[-122.27895347591836,47.5146686719908],[-122.27895111854045,47.51464817282436],[-122.27894880162336,47.5146276731429],[-122.27894653310679,47.514607167361504],[-122.2789443213106,47.514586663600106],[-122.27894110943814,47.51455578322222],[-122.27893804719142,47.514524898197934],[-122.27893513037222,47.51449400309671],[-122.27893236325426,47.51446310609011],[-122.27892974156329,47.51443219900666],[-122.27892726552709,47.514401290069344],[-122.2789249390393,47.51437037374464],[-122.27892347117074,47.51434984132084],[-122.27892206383942,47.514329302642615],[-122.27892070498372,47.51430876060542],[-122.27891938261787,47.514288220845735],[-122.27891809658993,47.514267677881655],[-122.27891683483818,47.51424713460855],[-122.27891558927092,47.51422659112948],[-122.27891434775046,47.514206047598854],[-122.27889781180706,47.51393140518161],[-122.27889657434653,47.513910861599385],[-122.27889532879524,47.51389031812008],[-122.27889406706167,47.513869774846825],[-122.27889278914562,47.513849231779496],[-122.27889147893998,47.513828691865086],[-122.27889013629266,47.51380814962162],[-122.27888874921834,47.5137876106856],[-122.27888730954919,47.51376707241893],[-122.27888480821888,47.51373305988727],[-122.27888215322649,47.51369905205329],[-122.27887934060251,47.5136650517095],[-122.278876374241,47.51363105332241],[-122.27887325032445,47.51359706516641],[-122.278869972747,47.513563081708114],[-122.27886654158505,47.51352910568843],[-122.27886295279295,47.513495137158856],[-122.27885921041687,47.51346117606791],[-122.27885531041133,47.51342722246708],[-122.27885125689832,47.5133932790458],[-122.27884704980232,47.513359343063094],[-122.27884268515369,47.51332541731141],[-122.27883816692254,47.51329149899824],[-122.27883349518534,47.51325759086465],[-122.27882866994211,47.513223692910515],[-122.27882567832604,47.51320323197687],[-122.2788226422847,47.51318277435058],[-122.27881956181808,47.5131623200316],[-122.27881644906365,47.513141868865475],[-122.27881330394537,47.51312141811117],[-122.27881013860069,47.513100967614214],[-122.27880696119718,47.513080520012686],[-122.27880377570462,47.51306007251411],[-122.27871752508331,47.51250666051419],[-122.27870898088447,47.51245131279901],[-122.27870060632026,47.5123959519567],[-122.27869239337466,47.512340580831314],[-122.27868435013852,47.512285199319955],[-122.2786764725658,47.51222980747414],[-122.27866876057973,47.51217440255281],[-122.27866121028624,47.51211899008964],[-122.27865383366986,47.51206356444804],[-122.278646618745,47.51200813126462],[-122.27863956940479,47.511952685005916],[-122.27863268580077,47.5118972311539],[-122.278625971978,47.511841769657146],[-122.27859658992908,47.51159607321822]]},"properties":{"LINK_TYPE":1,"DESCRIPTION":"Central Link","SEGMENT":"D","STATUS":"COMPLETE"}},{"type":"Feature","geometry":{"type":"LineString","coordinates":[[-122.27959373513048,47.518352290121896],[-122.27975862618752,47.519121870343234],[-122.2797658856694,47.519155783890135],[-122.27977310477434,47.51918970069284],[-122.27978023914552,47.51922362680013],[-122.27978724832023,47.51925756272733],[-122.27979408801758,47.51929151726416],[-122.27980071769858,47.51932548818496],[-122.27980710117457,47.51935948417655],[-122.2798131856916,47.51939350042675],[-122.27981730444118,47.51941764865927],[-122.27982125355548,47.5194418100198],[-122.27982503303423,47.51946598450833],[-122.27982864684745,47.51949016933236],[-122.27983208690237,47.51951436459495],[-122.27983536136736,47.51953857293407],[-122.27983846199747,47.51956278897075],[-122.2798413970372,47.51958701808407],[-122.27984416221184,47.519611252102386],[-122.27984675362691,47.51963549655936],[-122.27984917937488,47.51965975135189],[-122.27985143525697,47.51968401104959],[-122.27985352134912,47.51970827839339],[-122.2798554336047,47.51973255343482],[-122.2798571800401,47.5197568333299],[-122.27985875660872,47.51978111813016],[-122.27986015926405,47.51980540788704],[-122.27986139609845,47.51982970249756],[-122.27986245894299,47.519853999323786],[-122.27986335596607,47.51987830100363],[-122.27986407892278,47.51990260215821],[-122.27986463605762,47.51992690816642],[-122.27986501920172,47.51995121639032],[-122.279865232325,47.51997552403737],[-122.27986527954957,47.51999983379707],[-122.27986515263052,47.52002414029051],[-122.279864855766,47.52004844894806],[-122.27986438880372,47.520072754287824],[-122.2798637518194,47.52009705905071],[-122.27986294885916,47.520121363185254],[-122.27986197167806,47.52014566131245],[-122.27986082439816,47.52016995612181],[-122.27985950709535,47.52019425035433],[-122.27985801961725,47.52021853852794],[-122.27985636196355,47.52024282064271],[-122.27985453818042,47.52026709664702],[-122.27985254017494,47.52029136664402],[-122.27985037199319,47.52031563058203],[-122.27984803768129,47.520339888409694],[-122.27984553311663,47.520364137437376],[-122.2798428542525,47.52038837771664],[-122.2798400091816,47.52041260914443],[-122.27983699385709,47.52043683177222],[-122.27983381232522,47.520461045548515],[-122.27983045641695,47.52048524783538],[-122.27982693422479,47.52050943852968],[-122.27982324170212,47.52053361768296],[-122.27981937884869,47.520557785295146],[-122.27981534566432,47.5205819413663],[-122.27981114604297,47.52060608036279],[-122.2798067801365,47.52063020776669],[-122.27980223985202,47.52065432368098],[-122.27979753305391,47.52067841977955],[-122.27979265996993,47.520702504285424],[-122.27978761640149,47.52072657176816],[-122.27978240234832,47.5207506222276],[-122.27977702185663,47.52077465561229],[-122.27976916121489,47.52080850394862],[-122.27976100426459,47.52084232315355],[-122.27975259963775,47.52087611534982],[-122.27974398382742,47.5209098828146],[-122.27973520149554,47.52094363046313],[-122.27972629730426,47.520977363210605],[-122.27971730782299,47.521011086075376],[-122.27970827771404,47.52104480397265],[-122.27954060727554,47.52167033251001]]},"properties":{"LINK_TYPE":1,"DESCRIPTION":"Central Link","SEGMENT":"D","STATUS":"COMPLETE"}},{"type":"Feature","geometry":{"type":"LineString","coordinates":[[-122.27973326530758,47.51867907074819],[-122.27967256509571,47.51854333987558],[-122.27966657937905,47.518529799439584],[-122.27966071841327,47.51851623273712],[-122.27965498227414,47.518502642509134],[-122.27964937500789,47.518489028704096],[-122.27962690002043,47.51843379260331],[-122.27959373513048,47.518352290121896]]},"properties":{"LINK_TYPE":1,"DESCRIPTION":"Central Link","SEGMENT":"D","STATUS":"COMPLETE"}},{"type":"Feature","geometry":{"type":"MultiLineString","coordinates":[[[-122.27970426760956,47.521283938898726],[-122.27968856930477,47.5214166584866],[-122.27968094295115,47.52148112896305],[-122.2796809396653,47.52148115642465],[-122.27968014677329,47.521487884361655]],[[-122.27968014356348,47.52148791456423],[-122.27965694757049,47.52168464233131]]]},"properties":{"LINK_TYPE":1,"DESCRIPTION":"Central Link","SEGMENT":"D","STATUS":"COMPLETE"}},{"type":"Feature","geometry":{"type":"LineString","coordinates":[[-122.27970426760956,47.521283938898726],[-122.27965008455139,47.52141192502784],[-122.2796497995515,47.52141259495675],[-122.27962375063473,47.521474122038136],[-122.27962098875277,47.52148064197595],[-122.27954060727554,47.52167033251001]]},"properties":{"LINK_TYPE":1,"DESCRIPTION":"Central Link","SEGMENT":"D","STATUS":"COMPLETE"}},{"type":"Feature","geometry":{"type":"LineString","coordinates":[[-122.27959373513048,47.518352290121896],[-122.2795019506319,47.51792391449411],[-122.2794902779775,47.51786980763018],[-122.27947844388171,47.51781571653066],[-122.27946645239129,47.51776164114404],[-122.2794542995365,47.517707584262745],[-122.27944198928797,47.517653543094184],[-122.27942951760002,47.517599517689845],[-122.27941688851931,47.51754550799818],[-122.27940410219846,47.51749151950113],[-122.27934447130396,47.51724134125012],[-122.27933170848054,47.517187464868805],[-122.27931910722302,47.517133575461706],[-122.27930666333278,47.51707966759832],[-122.27929437680928,47.51702574127881],[-122.27928224772818,47.51697179924411],[-122.27927028013505,47.51691784144286],[-122.2792584699832,47.51686386792655],[-122.27924681727232,47.51680987869526],[-122.27923532200188,47.51675587374908],[-122.27922398424741,47.51670185582903],[-122.2792128079024,47.516647819401605],[-122.27906217137277,47.51591427866209],[-122.27905799226846,47.515893915105245],[-122.27905382118347,47.515873548704164],[-122.27904967430156,47.51585317925299],[-122.27904555979084,47.51583280938969],[-122.27904148566726,47.51581243627022],[-122.27903746796262,47.51579205420662],[-122.27903351492091,47.51577166857788],[-122.27902963883197,47.5157512847116],[-122.27902454116725,47.51572377628916],[-122.27901960496699,47.51569625210164],[-122.27901482229109,47.5156687177339],[-122.27901019710929,47.51564117039359],[-122.27900572942124,47.51561361008067],[-122.27900142334879,47.515586039484624],[-122.2789972707997,47.51555845870851],[-122.27899327574367,47.51553086495986],[-122.27898943833249,47.51550326372071],[-122.27898669294623,47.515482785944634],[-122.2789840203895,47.515462307241556],[-122.27898141646409,47.51544182218096],[-122.27897886506223,47.51542133370986],[-122.27897635809191,47.51540084193122],[-122.27897388349118,47.51538034974058],[-122.27897143316811,47.51535985724091],[-122.2789689908629,47.51533936189718],[-122.27889930079623,47.51475414339011],[-122.27889686259364,47.5147336479934],[-122.27889443248476,47.51471315249367],[-122.27889201856141,47.51469265678793],[-122.27888962486944,47.514672160824674],[-122.27888726751654,47.514651661656934],[-122.27888495062435,47.51463116197415],[-122.27888268220876,47.51461065893251],[-122.27888046631563,47.51459015248034],[-122.27887723145669,47.514559025615874],[-122.27887414217756,47.51452789415658],[-122.27887120244802,47.514496755310006],[-122.27886841226773,47.514465609076076],[-122.27886576766653,47.5144344582474],[-122.27886327673588,47.51440330272094],[-122.27886093130783,47.51437213985868],[-122.27885946758632,47.514351610123555],[-122.27885806028017,47.514331071444545],[-122.27885670144961,47.51431052940655],[-122.27885537910896,47.51428998964617],[-122.27885409310618,47.51426944668134],[-122.27885283137961,47.51424890340755],[-122.27885158583754,47.51422835992772],[-122.2788503443423,47.51420781639646],[-122.27884049423228,47.51404422937366],[-122.27883758037775,47.51399592268947],[-122.27883462599416,47.51394761377913],[-122.27883159489711,47.51389931132902],[-122.27882844243055,47.513851010423664],[-122.27882513225836,47.51380271426734],[-122.27882162796838,47.5137544233235],[-122.27881788925505,47.513706143589076],[-122.27881387550867,47.51365787009687],[-122.2788107268498,47.513622404329865],[-122.27880741239267,47.51358694341485],[-122.27880392816786,47.51355149014437],[-122.27880027012992,47.51351604456984],[-122.27879644644675,47.51348060932934],[-122.27879245299705,47.51344518173331],[-122.27878828978092,47.51340976178171],[-122.27878395687489,47.51337435221554],[-122.27877945427919,47.51333895303482],[-122.27877306463384,47.513290816716264],[-122.27876639981054,47.51324268115764],[-122.27875950064791,47.51319455954898],[-122.27875240355868,47.51314645142689],[-122.27874515297091,47.51309835348395],[-122.27873778117527,47.51305026256719],[-122.27873033672132,47.5130021780588],[-122.27872284785363,47.51295409685725],[-122.27865382362938,47.512511216715566],[-122.27864526897423,47.512455781386244],[-122.27863687998406,47.51240033572245],[-122.2786286565823,47.5123448769832],[-122.27862059884444,47.51228940790953],[-122.27861270669393,47.51223392576045],[-122.2786049802823,47.51217843601803],[-122.27859742350266,47.51212293314874],[-122.27859003246087,47.51206742268624],[-122.27858280700434,47.51201189914846],[-122.27857574728456,47.51195636801746],[-122.27856885322493,47.511900826552285],[-122.27856212887075,47.511845274701415],[-122.27853274704461,47.51159957550494]]},"properties":{"LINK_TYPE":1,"DESCRIPTION":"Central Link","SEGMENT":"D","STATUS":"COMPLETE"}},{"type":"Feature","geometry":{"type":"LineString","coordinates":[[-122.27837718398902,47.50984159629608],[-122.27837976417499,47.5099319115432],[-122.27838094144137,47.509973947492824],[-122.27838221580268,47.51001598220706],[-122.2783835953501,47.51005801558296],[-122.27838508008408,47.51010004762046],[-122.27838667634751,47.510140263051454],[-122.27838845069367,47.510180478958546],[-122.27839039884957,47.51022068717013],[-122.27839251692203,47.51026089321973],[-122.27839481300241,47.51030109700439],[-122.2783972788481,47.51034129314504],[-122.2783999226267,47.510381484279705],[-122.27840273624741,47.51042167051131],[-122.2784057237562,47.51046185178838],[-122.27840888919904,47.51050202805943],[-122.27841222433318,47.510542193945405],[-122.27841573343267,47.51058235761778],[-122.27841941222427,47.510622510905094],[-122.27842326887549,47.51066265644525],[-122.2784272994172,47.510702797030795],[-122.2784314128134,47.51074213042138],[-122.27843566369016,47.51078145932062],[-122.27844005601742,47.51082078093591],[-122.27844759076686,47.510886306009844],[-122.27845527904061,47.5109518209041],[-122.27846312091528,47.511017328359685],[-122.27848014808805,47.511159721824356]]},"properties":{"LINK_TYPE":1,"DESCRIPTION":"Central Link","SEGMENT":"E","STATUS":"COMPLETE"}},{"type":"Feature","geometry":{"type":"LineString","coordinates":[[-122.27844090034975,47.50984076087924],[-122.27844353422846,47.50993286321082],[-122.2784446818965,47.50997397549149],[-122.27844593078093,47.51001508922623],[-122.2784472767603,47.510056201725476],[-122.27844871983497,47.510097312989295],[-122.27845029871106,47.51013719137837],[-122.27845204742678,47.51017706486432],[-122.2784539700281,47.510216933395675],[-122.27845606254586,47.51025679976495],[-122.27845832895005,47.51029666117971],[-122.27846076122586,47.51033652048379],[-122.2784633673128,47.51037637209228],[-122.27846614728733,47.510416218746165],[-122.27846909305867,47.510456060548364],[-122.27847221264238,47.51049589465492],[-122.2784755061149,47.51053572380684],[-122.27847896538535,47.51057554810704],[-122.27848259839338,47.51061536197053],[-122.27848640529128,47.51065517087933],[-122.27849037791238,47.51069497219538],[-122.2784945242722,47.51073476307467],[-122.2784988404016,47.51077454630966],[-122.27850347369332,47.51081555117163],[-122.27850820385888,47.51085654657493],[-122.27851303509614,47.51089753795],[-122.27851796335968,47.510938525348365],[-122.27854399448303,47.51115621951568]]},"properties":{"LINK_TYPE":1,"DESCRIPTION":"Central Link","SEGMENT":"E","STATUS":"COMPLETE"}},{"type":"Feature","geometry":{"type":"LineString","coordinates":[[-122.28212481953368,47.491358749669416],[-122.28253965803341,47.49373077671135],[-122.28254872473704,47.493782615965706],[-122.2825579124825,47.493834442706614],[-122.2825672213462,47.49388625967512],[-122.28257255422416,47.49391539914525],[-122.28257799607539,47.493944528998234],[-122.2825835509444,47.49397364918254],[-122.28258921074267,47.494002759801255],[-122.28259435555643,47.49402862500834],[-122.28259962147573,47.49405448044343],[-122.28260501246886,47.49408032331389],[-122.28261335517244,47.49411906241283],[-122.2826220408165,47.494157766971874],[-122.28263110168014,47.49419643383701],[-122.28264056988999,47.49423505437202],[-122.28265048169362,47.4942736226302],[-122.28266086937028,47.49431213545741],[-122.28267176497083,47.494350581476475],[-122.28268320077473,47.494388957533225],[-122.28269520883308,47.49442725225041],[-122.28270782936187,47.49446545688856],[-122.2827210863236,47.49450356017368],[-122.28272795827503,47.49452256483598],[-122.282734999408,47.49454154266039],[-122.2827422096465,47.494560490905776],[-122.28274958494627,47.49457940962387],[-122.2827571252313,47.49459829607353],[-122.28276483462231,47.494617152944166],[-122.28277270907518,47.4946359802873],[-122.28278074843762,47.49465477262097],[-122.28278895278608,47.49467353268607],[-122.28279732212062,47.49469226048263],[-122.28280585636529,47.494710953269546],[-122.28281455956456,47.494729610995236],[-122.28282341958554,47.49474823381448],[-122.28283244856144,47.494766821572355],[-122.28284163825141,47.494785368890085],[-122.28285099285218,47.49480388119805],[-122.28286051228788,47.49482235575515],[-122.28287019243798,47.49484078987199],[-122.28288003337897,47.494859186289524],[-122.28289003907905,47.49487754221507],[-122.28290020137345,47.494895855010874],[-122.28291052850349,47.49491413005562],[-122.28292101619637,47.49493235917792],[-122.28293166460459,47.49495054785968],[-122.28294247365206,47.494968693359844],[-122.28295343921852,47.494986792989046],[-122.28296456542442,47.4950048494366],[-122.28297585219391,47.4950228599614],[-122.2829872954827,47.495040824615124],[-122.28299889529087,47.49505874339767],[-122.28301065558676,47.49507661351635],[-122.28302257240233,47.495094437763754],[-122.28303464558536,47.49511221065786],[-122.28304687528825,47.495129937680595],[-122.28305926135889,47.495147613349914],[-122.28307180379721,47.495165237665745],[-122.28308449855913,47.49518281067968],[-122.28309734968909,47.49520033234006],[-122.28311035718714,47.49521780264678],[-122.2831235129647,47.49523522170311],[-122.28313682495816,47.4952525839237],[-122.28315028927581,47.495269894842146],[-122.28316390576519,47.495287148976345],[-122.28317767442658,47.495304346326336],[-122.28319159533612,47.49532148963298],[-122.2832056643734,47.49533857620686],[-122.2832198855829,47.49535560599637],[-122.28323425896467,47.49537257900136],[-122.28324877627769,47.49538948984308],[-122.28326344576327,47.495406343900186],[-122.2832782633008,47.49542313848329],[-122.28329322484605,47.49543987364396],[-122.2833083384117,47.49545654653783],[-122.28332359590894,47.49547315726817],[-122.2833390014586,47.495489708524275],[-122.28335455086386,47.495506194875674],[-122.28337024420097,47.49552261906337],[-122.28338608147011,47.49553898108726],[-122.28340206656333,47.49555527541365],[-122.2834181915442,47.49557150762776],[-122.28343446030495,47.495587672195924],[-122.2834508729217,47.49560377185904],[-122.28346742527397,47.49561980392774],[-122.28348411736177,47.4956357684019],[-122.28350094918522,47.4956516652815],[-122.28351792478885,47.495667494514834],[-122.28353503608373,47.49568325620513],[-122.28355228696198,47.49569894481867],[-122.28356967757615,47.49571456583734],[-122.28358720380552,47.495730116571856],[-122.28360486557403,47.49574559428101],[-122.28362266295792,47.495761001705816],[-122.28364059992545,47.495776336053545],[-122.28365866846399,47.4957916001685],[-122.28367687246556,47.49580678851685],[-122.28369520788581,47.49582190115026],[-122.28371367892163,47.49583694349898],[-122.28373227725551,47.49585190744328],[-122.2837510110526,47.4958667956208],[-122.28376987634469,47.495881610824064],[-122.28378886893493,47.49589634762271],[-122.28380799294402,47.49591100870605],[-122.28382724417501,47.49592558864359],[-122.28384662682495,47.49594009286567],[-122.28386613272869,47.49595451873459],[-122.28388576997509,47.495968866146875],[-122.28390553039911,47.495983132464744],[-122.28392541400063,47.49599731768826],[-122.28394542490051,47.49601142450666],[-122.2839655589017,47.49602544748949],[-122.28398581615677,47.496039392118696],[-122.28400619643695,47.49605325017127],[-122.28402669997102,47.49606702987008],[-122.28404732248578,47.49608072304378],[-122.28408894132119,47.496107874277826],[-122.28413101249879,47.49613470438966],[-122.28417350396775,47.496161224756186],[-122.28421639191885,47.49618745213317],[-122.28425964842192,47.49621340058691],[-122.28430324562324,47.49623908692476],[-122.28434715956085,47.49626452242056],[-122.28439136253344,47.49628972936379],[-122.28443583057918,47.496314719028156],[-122.28448053988865,47.49633950816966],[-122.28452546680505,47.49636411902616],[-122.28455552880897,47.49638043343969],[-122.28458566584601,47.49639668107895],[-122.28461588203697,47.496412864633186],[-122.28464995177652,47.496431003308494],[-122.28468409266225,47.496449080740874],[-122.28471829675763,47.496467102515744],[-122.28475257199895,47.496485063047544],[-122.28481360891654,47.496516901357765],[-122.28487472504368,47.496548675558],[-122.28493591213865,47.496580380269464],[-122.2853871720945,47.49681421243058],[-122.28544268618663,47.49684296776674],[-122.28549813326242,47.496871784257195],[-122.28555351316936,47.49690065642009],[-122.285590371304,47.49691996014418],[-122.2856271583439,47.4969393250896],[-122.28566387428918,47.496958751256436],[-122.28571877652043,47.496988043490084],[-122.28577342973406,47.497017544531936],[-122.28582780241378,47.497047284947314],[-122.28588184305,47.497077303783314],[-122.28593550784036,47.49710762627861],[-122.28598875328777,47.49713828863603],[-122.28601471425482,47.49715346512455],[-122.28604056038891,47.49716873081996],[-122.28606629168998,47.49718408572225],[-122.28609190815821,47.49719952983159],[-122.28611741368528,47.49721505761422],[-122.28614279629038,47.497230674707545],[-122.28616806803083,47.497246378215316],[-122.2861932208175,47.49726216824113],[-122.2862182545741,47.49727804204413],[-122.286243169377,47.497294002365365],[-122.28626796927072,47.49731004915311],[-122.2862926460899,47.497326179769956],[-122.286317203879,47.49734239416432],[-122.28634163859351,47.497358692387955],[-122.28636595420163,47.49737507164818],[-122.28639014681147,47.49739153747887],[-122.28641421627039,47.497408084398046],[-122.28643815853381,47.497424712457594],[-122.28646198169079,47.497441421554065],[-122.28648567772863,47.49745821453203],[-122.28650925053913,47.49747508585787],[-122.28653269623034,47.49749204106537],[-122.28655601457338,47.497509071931646],[-122.28657920976528,47.49752618388694],[-122.28660227371701,47.497543377034965],[-122.28662521032038,47.497560645841936],[-122.2866480156835,47.49757799584177],[-122.28667069369814,47.4975954215007],[-122.2866932443643,47.497612922818895],[-122.28671565966924,47.49763050264091],[-122.286737947702,47.49764816086328],[-122.28676010022062,47.49766589210764],[-122.28678212546706,47.497683701752536],[-122.28680401519927,47.49770158441958],[-122.28682576949359,47.49771954284987],[-122.28684739231821,47.497737574250614],[-122.28686887962853,47.49775567867382],[-122.28689023150079,47.49777385886044],[-122.28691145182682,47.49779210927683],[-122.28693253259378,47.49781043276758],[-122.28695347380157,47.4978288293328],[-122.28697428346294,47.49784729612801],[-122.28699495348863,47.49786583325678],[-122.287015483955,47.49788444346029],[-122.28703587470918,47.49790312125656],[-122.28705612987208,47.497921869334874],[-122.28707624127796,47.49794068505787],[-122.28709621709257,47.49795957106311],[-122.28711604915,47.497978524713155],[-122.28713573745024,47.49799754600813],[-122.28715529000603,47.4980166321035],[-122.28717469483634,47.49803578863674],[-122.28719395980104,47.498055007281366],[-122.28721308100816,47.49807429357115],[-122.28723205838129,47.49809364476523],[-122.28725088787573,47.498113060915486],[-122.28726957758066,47.49813254191835],[-122.28728811933023,47.49815208513653],[-122.2873065172454,47.498171693259266],[-122.2873247672051,47.49819136359742],[-122.28734286913274,47.49821109341011],[-122.28736082722575,47.49823088812751],[-122.28737863728641,47.498250742319605],[-122.2873962993148,47.49827065598642],[-122.28741381338725,47.49829063186901],[-122.2874311753824,47.49831066727824],[-122.28744838934489,47.498330762162354],[-122.28746545519813,47.4983509137805],[-122.28748236897387,47.498371124925484],[-122.28749913464011,47.498391392804564],[-122.2875157481522,47.49841171746962],[-122.28753220950989,47.49843209892078],[-122.28754851871315,47.49845253715801],[-122.28756467576189,47.498473032181415],[-122.28758068050293,47.49849357850912],[-122.28759652904452,47.498514181674885],[-122.28761222939936,47.49853483883422],[-122.28762776943336,47.4985555501426],[-122.28764316120386,47.49857631270369],[-122.28765839662151,47.498597126621135],[-122.28767347576246,47.49861799463605],[-122.28768839855029,47.498638914007415],[-122.28770316490835,47.498659881994314],[-122.28771777895749,47.498680901286036],[-122.28773223260843,47.498701971986286],[-122.28774652975267,47.49872308856123],[-122.28776067054304,47.49874425649297],[-122.28777465482639,47.49876547029954],[-122.28778847863438,47.498786732773794],[-122.28780214601159,47.49880804386411],[-122.28781565276022,47.49882939814018],[-122.28782900307768,47.49885080103237],[-122.28784219276626,47.498872247110484],[-122.28785522190225,47.498893739115566],[-122.28786809048555,47.49891527704774],[-122.28788079836298,47.49893685542503],[-122.28789334568725,47.49895847972945],[-122.28790573230542,47.49898014447914],[-122.28791795829375,47.49900185241503],[-122.28793002365194,47.499023603537296],[-122.28794192418238,47.49904539241574],[-122.28795366408241,47.499067224480534],[-122.28796523915419,47.49908909430169],[-122.28797665351884,47.49911100456834],[-122.28798790305487,47.499132952591374],[-122.2879989877623,47.499154938370886],[-122.28800991176183,47.499176964595996],[-122.28802067085591,47.499199025836674],[-122.28803126512068,47.499221124833944],[-122.28804169447952,47.49924325884678],[-122.28805195893226,47.499265427875315],[-122.28806205847864,47.49928763191958],[-122.2880719930421,47.49930986823859],[-122.28808176277529,47.49933214231437],[-122.28809136744877,47.49935444592399],[-122.28810080317035,47.499376784601345],[-122.28811007383183,47.4993991528126],[-122.28811917554108,47.49942155609161],[-122.28812811211323,47.4994439861637],[-122.2881368837011,47.499466448510816],[-122.28814548618324,47.4994889404438],[-122.28815391955939,47.499511461962726],[-122.28816218787424,47.49953401301579],[-122.28817028692976,47.499556588172936],[-122.28817821695525,47.49957919565708],[-122.28818597772103,47.49960182724531],[-122.28820128671185,47.499648028159335],[-122.28821595910969,47.499694324971856],[-122.28823005123334,47.49974070599342],[-122.28824363542765,47.49978715384543],[-122.28825677220952,47.49983366226864],[-122.28826952201953,47.499880222262775],[-122.28827783368604,47.499911283863746],[-122.28828603241541,47.499942357879256],[-122.28829411828389,47.499973447050415],[-122.28830609790762,47.50002009916973],[-122.28831796865025,47.50006676365122],[-122.2883297346327,47.50011344318407],[-122.28860909843834,47.501220867436935],[-122.28862139297243,47.50126964875672],[-122.28863380452425,47.5013184176079],[-122.28864633309423,47.50136717399028],[-122.28865479436699,47.50139966496711],[-122.28866338065859,47.50143214063123],[-122.28867209196922,47.50146460098263],[-122.28868545934203,47.50151325338369],[-122.28869924602964,47.50156185105361],[-122.2887135246115,47.501610384836],[-122.28872162680004,47.501637111281696],[-122.28872989826988,47.5016638136214],[-122.28873834298965,47.50169048906221],[-122.28874695302275,47.501717143189765],[-122.2887557322615,47.50174377047019],[-122.28876468070602,47.50177037090349],[-122.28877379835662,47.501796944489534],[-122.28878308528998,47.50182349396934],[-122.28879254135335,47.50185001386091],[-122.28880216257855,47.50187650695695],[-122.28881195301082,47.501902973205624],[-122.28882191249727,47.501929407124834],[-122.28883203714635,47.50195581424847],[-122.28884233092658,47.50198219178362],[-122.2888614157475,47.502029961996996],[-122.28888097957616,47.50207764106611],[-122.28890095807772,47.502125243525306],[-122.2889144715323,47.50215693761605],[-122.28892810986027,47.50218861091084],[-122.28894186886389,47.502220257979445],[-122.28896266438771,47.502267699147026],[-122.28898357664016,47.50231511687909],[-122.28900460150025,47.50236250848641],[-122.28999160457072,47.50458865837147],[-122.29000712593427,47.504623666328214],[-122.29002253466813,47.504658697663736],[-122.29003782665038,47.50469374968901],[-122.29004633767234,47.504713486981444],[-122.29005474803222,47.50473324201649],[-122.29006305376137,47.50475301758706],[-122.29007125890489,47.50477281364136],[-122.29007844814079,47.504790429141224],[-122.29008551656389,47.50480806538442],[-122.29009247638595,47.504825724956206],[-122.2901026623188,47.50485225458587],[-122.2901125261832,47.50487884318608],[-122.29012203157262,47.50490549122391],[-122.2901311461254,47.50493219911469],[-122.29013983770965,47.50495897549654],[-122.29014807381044,47.50498581530287],[-122.29015581412895,47.505012724534545],[-122.29016303019523,47.505039698073084],[-122.2901696897239,47.50506673907462],[-122.29017575218607,47.5050938453173],[-122.2901811850665,47.50512101173434],[-122.29018370103383,47.50513487856794],[-122.29018604748902,47.50514876128606],[-122.29018821618854,47.50516265451052],[-122.29019021529919,47.5051765608786],[-122.29019204069898,47.505190477701184],[-122.29019369643301,47.50520440492633],[-122.29019517441087,47.50521834265786],[-122.29019648264598,47.505232288051],[-122.29019761297145,47.50524623846854],[-122.29019857347744,47.50526019380677],[-122.29019936019517,47.50527415685847],[-122.2901999729714,47.50528812214171],[-122.2902004118825,47.505302092397436],[-122.29020067685181,47.50531606488473],[-122.29020076780257,47.50533003686257],[-122.29020068473467,47.5053440083309],[-122.29020042764797,47.50535797928977],[-122.2901999965423,47.50537194973922],[-122.29019939530951,47.505385914145265],[-122.29019861601232,47.50539987809369],[-122.29019766658772,47.50541383599882],[-122.29019654291388,47.50542778517142],[-122.2901952451438,47.505441731093526],[-122.29019377312409,47.50545566828313],[-122.29019213089997,47.505469596688386],[-122.29019031434935,47.505483513620064],[-122.29018832354878,47.50549742181928],[-122.29018615834492,47.50551131580393],[-122.29018382285938,47.50552519826318],[-122.29018131701545,47.505539066455974],[-122.29017863676793,47.50555292043418],[-122.29017578203985,47.50556675745686],[-122.29017275695307,47.505580580213035],[-122.29016956135416,47.50559438322075],[-122.29016619524313,47.5056081664799],[-122.290162654651,47.50562193278348],[-122.2901589434699,47.50563567659746],[-122.2901550658213,47.50564940061103],[-122.29015101346164,47.5056630994459],[-122.29014679051254,47.505676775791216],[-122.29014240094237,47.50569042685396],[-122.29013784070602,47.5057040526861],[-122.29013310980316,47.505717653287604],[-122.2901282122024,47.50573122586554],[-122.29012314385832,47.505744770471765],[-122.29011790873949,47.50575828431337],[-122.2901125028006,47.50577176744225],[-122.29010693008667,47.505785219806455],[-122.29010119464276,47.50579864135411],[-122.29009528830186,47.505812029447945],[-122.29008921907761,47.505825381243106],[-122.29008298300131,47.50583869953257],[-122.2900765799962,47.5058519815752],[-122.29007001006225,47.50586522737102],[-122.2900632812131,47.50587843407523],[-122.29005638535828,47.50589160179155],[-122.29004932646632,47.50590472772705],[-122.29004210469023,47.505917817363766],[-122.29003471980016,47.50593086247858],[-122.29002717187265,47.50594386581251],[-122.29001946487615,47.50595682457265],[-122.29001159881065,47.505969738758964],[-122.29000356963074,47.50598260842326],[-122.28999538138154,47.505995433513625],[-122.28998702986469,47.50600820859991],[-122.28997852729222,47.50602093626751],[-122.28996986152843,47.506033616671914],[-122.28996104051058,47.5060462442274],[-122.28995206034628,47.50605882446779],[-122.28994292889647,47.50607134906631],[-122.28993363822353,47.5060838236086],[-122.28992419229616,47.50609624530183],[-122.28991459508283,47.50610861135306],[-122.28990484253838,47.506120921814066],[-122.28989493870777,47.50613317663302],[-122.28988487954584,47.50614537586169],[-122.28987467306636,47.50615751665529],[-122.28986431514743,47.506169596324746],[-122.28985380586562,47.50618161761087],[-122.28984314926599,47.50619358046184],[-122.28983234115022,47.506205479447466],[-122.28982138976174,47.50621731994595],[-122.28981029082559,47.506229093786075],[-122.28979904449491,47.50624080644988],[-122.28978765061645,47.50625245245527],[-122.28977611735714,47.506264034439496],[-122.28976443654994,47.50627554976516],[-122.28975261620877,47.50628699558762],[-122.28974064839622,47.50629837749245],[-122.28972854501819,47.50630968710103],[-122.28971629813734,47.506320929999056],[-122.28970391569095,47.50633210060076],[-122.2896913937103,47.50634320169888],[-122.28967873211887,47.50635423055246],[-122.28966593496176,47.50636518710958],[-122.28965300216247,47.506376068629145],[-122.28963993379745,47.506386877852165],[-122.28962672979017,47.506397612037524],[-122.28961339410924,47.50640826839229],[-122.28959993087656,47.50641884960566],[-122.28958633192494,47.50642935304023],[-122.2895726012996,47.50643977864415],[-122.28955874709108,47.50645012631352],[-122.28954476113233,47.50646039341112],[-122.2895306475451,47.506470582626],[-122.28951641022155,47.50648068842428],[-122.28950204519295,47.50649071359876],[-122.28948755642797,47.50650065535651],[-122.28947294804847,47.506510516386605],[-122.2894582118109,47.50652029131076],[-122.28944335992743,47.50652998271436],[-122.28942838423106,47.50653958796001],[-122.28941329288891,47.50654910968493],[-122.28939808170259,47.506558542459025],[-122.28938275479396,47.5065678889713],[-122.28936730811773,47.50657714927364],[-122.28935175373317,47.50658632046932],[-122.28933607942801,47.50659539997291],[-122.2893202974911,47.506604393110834],[-122.28930440372406,47.506613294452876],[-122.28928839812701,47.50662210399895],[-122.28927228474524,47.50663082169717],[-122.28925605953346,47.506639447599355],[-122.28923973462757,47.506647981549904],[-122.28922329781516,47.506656420963296],[-122.2892067612322,47.50666476568395],[-122.28919012090991,47.50667301850464],[-122.28917337669526,47.50668117394335],[-122.28915653263363,47.50668923194817],[-122.28913958880153,47.50669719526005],[-122.28912254512251,47.506705061137986],[-122.2891054057184,47.506712832270985],[-122.28908817035975,47.506720500436096],[-122.28907083927608,47.50672807385619],[-122.28905341635974,47.506735546997476],[-122.28903589756551,47.50674291991165],[-122.28901829098392,47.506750192495055],[-122.28900059661513,47.506757364747564],[-122.28898281033742,47.50676443398006],[-122.28896493627255,47.50677140288164],[-122.288946978466,47.50677827140032],[-122.2889289327194,47.50678503410601],[-122.28891080727647,47.50679169637701],[-122.28889259793895,47.50679825278298],[-122.28887430882878,47.50680470601311],[-122.28885593986945,47.506811053326395],[-122.2888374911376,47.506817297463726],[-122.28881896660212,47.50682343563235],[-122.28880036618641,47.506829465091016],[-122.28878169004379,47.50683539132186],[-122.28876294206644,47.506841208790945],[-122.2887441223311,47.50684692023921],[-122.28872523488305,47.50685252561481],[-122.28870627552412,47.50685801948759],[-122.28868724845275,47.5068634072876],[-122.2886681535924,47.50686868627379],[-122.28864899903388,47.506873856342516],[-122.28862977661015,47.50687891485638],[-122.28861049044313,47.506883864504566],[-122.2885911486234,47.50688870518329],[-122.28857174298416,47.50689343425524],[-122.28855228161595,47.50689805161667],[-122.28853276451893,47.50690255726762],[-122.28851318772442,47.5069069540009],[-122.28849355917013,47.50691123623069],[-122.28847387893263,47.50691540669805],[-122.28845414701205,47.50691946540299],[-122.28843436745387,47.50692341229357],[-122.28841453613629,47.50692724468063],[-122.28839466122656,47.50693096520147],[-122.28837473860304,47.50693457116694],[-122.2883547723111,47.50693806252511],[-122.28833476235097,47.506941439276076],[-122.28829538529224,47.506947737587865],[-122.28825586707197,47.50695361817126],[-122.28821622433105,47.50695909726472],[-122.28817646989471,47.506964199381734],[-122.28813662055676,47.50696894624291],[-122.28809668898916,47.506973356879655],[-122.28805668389515,47.50697745311623],[-122.28801661405437,47.50698125951802],[-122.28797649213848,47.50698479511647],[-122.2879363228818,47.506988084528714],[-122.28789611903248,47.50699114952731],[-122.28786929429754,47.5069930752305],[-122.28784245932886,47.506994924282964],[-122.2878156139738,47.506996691202595],[-122.28778539743911,47.50699859451957],[-122.28775517486893,47.50700042661425],[-122.287724942218,47.5070021875385],[-122.28769469948655,47.50700387729217],[-122.28764091781994,47.5070067623703],[-122.28758713400664,47.50700957067489],[-122.2875333357581,47.50701229687936],[-122.28142263944507,47.50732185080923],[-122.28135681055086,47.50732519362217],[-122.28129099247926,47.50732863497006],[-122.28125809293908,47.50733040623515],[-122.28122519942109,47.50733224870532],[-122.28119231184907,47.50733415963955],[-122.28115943831354,47.50733613893463],[-122.28113022305882,47.50733797287055],[-122.28110102229749,47.50733989161541],[-122.28107183190804,47.50734189247982],[-122.28102807763746,47.50734507433363],[-122.28098435830012,47.507348494277146],[-122.28094068679255,47.507352179565835],[-122.28089707188956,47.5073561547656],[-122.28085352244213,47.507360447183565],[-122.2808100513464,47.507365084075104],[-122.28076666730111,47.50737008726528],[-122.28072338724745,47.50737548395797],[-122.28068022400541,47.507381298667724],[-122.28065823607217,47.50738443877875],[-122.28063627964933,47.50738769364693],[-122.2806143668728,47.50739106311759],[-122.28059248965164,47.50739454729389],[-122.28057065210723,47.50739814886528],[-122.28054885813263,47.50740186229819],[-122.28052710787988,47.50740569307474],[-122.28050540119658,47.5074096357129],[-122.28048374220408,47.507413692902155],[-122.2804621268569,47.5074178646941],[-122.28044056316953,47.50742214824459],[-122.28041904717251,47.50742654634622],[-122.28039758283504,47.507431056206556],[-122.28037617023307,47.50743568056655],[-122.28035481333572,47.50744041663375],[-122.28033350809754,47.50744526445963],[-122.28031226268516,47.50745022668221],[-122.2802910729009,47.507455297871054],[-122.28026994286617,47.50746048071562],[-122.28024886853551,47.50746577526751],[-122.28022786196863,47.50747117863111],[-122.28020691110554,47.5074766937021],[-122.28018602808213,47.50748232032591],[-122.28016521274623,47.5074880530205],[-122.2801444571591,47.50749389737106],[-122.28012377338055,47.50749985048197],[-122.28010315736532,47.50750591240482],[-122.28008261315844,47.50751208308814],[-122.28006213663853,47.50751835984243],[-122.28004173597222,47.507524745305695],[-122.28002140703794,47.50753123678852],[-122.28000115388099,47.50753783423937],[-122.2799809765773,47.50754454039939],[-122.27996087902012,47.50755134973499],[-122.27994085731596,47.5075582677797],[-122.2799209153581,47.507565289000134],[-122.27990105726776,47.50757241608578],[-122.27988127892348,47.50757964634718],[-122.2798615843706,47.50758697973287],[-122.27984197360897,47.50759441624289],[-122.27982244671453,47.50760195861825],[-122.2798030116259,47.50760960127397],[-122.27978366025222,47.50761734431313],[-122.27976440076023,47.50762519037374],[-122.27974523314975,47.507633139455834],[-122.27972615322341,47.507641186129035],[-122.27970716914784,47.50764933303125],[-122.27968827695358,47.507657582955105],[-122.2796694845033,47.507665927574585],[-122.27965078385817,47.507674372474796],[-122.27963217906357,47.50768291760423],[-122.27961367401274,47.50769155742942],[-122.27959526878163,47.50770029469142],[-122.27957696741548,47.50770912933875],[-122.279558765869,47.507718061423056],[-122.27954066399,47.50772708546227],[-122.27952267002127,47.50773620683548],[-122.27950477984132,47.50774542285322],[-122.27948699337409,47.507754730774515],[-122.279469314741,47.50776413328894],[-122.27945174791127,47.507773627604024],[-122.27943428479419,47.507783213822854],[-122.2794169376018,47.50779289453194],[-122.27939969801535,47.50780266161127],[-122.27938257435346,47.507812523181016],[-122.27936556234283,47.507822471069595],[-122.27934866213545,47.50783251075918],[-122.2793318816699,47.50784263666469],[-122.27931521293156,47.507852851630275],[-122.27929866401104,47.50786315555297],[-122.27928223475642,47.507873542950755],[-122.27926592531963,47.507884019305706],[-122.27924973554867,47.507894579135936],[-122.27923366551956,47.50790522518242],[-122.27921771920161,47.50791595465273],[-122.27920189659486,47.507926767546884],[-122.27918619769927,47.50793766386502],[-122.27917062656022,47.5079486435556],[-122.27915517898039,47.50795970118819],[-122.27913985915711,47.507970842193394],[-122.27912466701443,47.507982063830184],[-122.27910960247632,47.507993363357635],[-122.27909466966416,47.50800474346533],[-122.27907986850205,47.50801620141226],[-122.27906519898994,47.50802773719854],[-122.27905066105187,47.50803934808315],[-122.27903625476387,47.508051036807196],[-122.27902198814073,47.50806280052672],[-122.2790078530157,47.50807463660375],[-122.27899385358616,47.50808655046884],[-122.27897998962423,47.50809853389902],[-122.27896626532736,47.50811059232494],[-122.27895268061944,47.5081227230055],[-122.27893923137917,47.50813492325131],[-122.2789259256975,47.50814719295946],[-122.27891275960492,47.50815953492247],[-122.27889973699497,47.50817194360689],[-122.27888685389824,47.50818442180522],[-122.27887411832967,47.5081969666736],[-122.27886152219843,47.50820957831497],[-122.27884907351941,47.50822225388546],[-122.27883677236875,47.50823499612609],[-122.27882461462497,47.50824780234747],[-122.2788126044096,47.50826067523903],[-122.27880074149466,47.508273606577866],[-122.27878902603233,47.50828660184603],[-122.27877746199201,47.50829965825105],[-122.27876604937381,47.50831277579306],[-122.27875478405636,47.508325951782496],[-122.27874367008515,47.5083391861679],[-122.27873270746024,47.50835247894942],[-122.27872190022721,47.50836583007548],[-122.27871124426468,47.50837923685672],[-122.27870074361813,47.50839269924163],[-122.27869039828764,47.50840621723029],[-122.27868020415201,47.50841978813315],[-122.27867016930195,47.50843341184738],[-122.27866028969234,47.50844708842445],[-122.27865056532319,47.50846081786439],[-122.27864100008803,47.508474594633775],[-122.27863159413894,47.50848842421463],[-122.27862234740007,47.508502303865995],[-122.27861325567405,47.50851622815738],[-122.27860432720387,47.50853020246793],[-122.27859555779219,47.50854422136703],[-122.2785869515606,47.508558287544346],[-122.27857850438772,47.50857239831033],[-122.27857022031915,47.50858655361353],[-122.27856209523353,47.50860075076453],[-122.27855413729783,47.50861499240135],[-122.2785463382694,47.50862927314499],[-122.27853870631513,47.508643595633465],[-122.27853123731377,47.50865795717736],[-122.27852393531079,47.508672357725246],[-122.27851679618506,47.50868679458752],[-122.27850982405793,47.50870127045388],[-122.27850301885367,47.5087157825832],[-122.27849637652692,47.50873033102712],[-122.27848990104725,47.508744912993095],[-122.27848359638429,47.5087595256887],[-122.27847745864464,47.50877417464745],[-122.2784714876766,47.508788854387376],[-122.27846568348009,47.508803564908476],[-122.27846005010083,47.50881830615931],[-122.278454587463,47.50883307539889],[-122.27844929159714,47.50884787541975],[-122.27844416235162,47.50886270073986],[-122.2784392078932,47.50887755399736],[-122.27843442402485,47.50889242976164],[-122.27842980685311,47.50890733356629],[-122.278425364317,47.50892225982629],[-122.27842109237132,47.508937208593224],[-122.27841698697071,47.50895217991854],[-122.27841306025175,47.50896717364781],[-122.27840929992622,47.50898218445352],[-122.27840571423704,47.5089972177147],[-122.27840229898706,47.50901226800084],[-122.27839905822184,47.5090273352605],[-122.27839598789608,47.509042419545125],[-122.27839309205537,47.50905752080331],[-122.27839037062392,47.50907263629403],[-122.27838781948046,47.50908776332772],[-122.27838332400928,47.50911742563306],[-122.27837945290341,47.50914712934923],[-122.27837616945055,47.50917686397553],[-122.27837343709061,47.50920662449329],[-122.27837121521767,47.50923640593526],[-122.27836946719546,47.5092662005417],[-122.27836814844835,47.50929600613789],[-122.2783672224159,47.50932581770509],[-122.27836665261329,47.50935563296551],[-122.27836645087271,47.50937551210925],[-122.27836637049676,47.50939538970878],[-122.278366415607,47.50941526845363],[-122.27836659030639,47.509437632520914],[-122.27836686614336,47.50945999530136],[-122.27836724723949,47.509482359484444],[-122.27836773344293,47.50950471958823],[-122.2783688475198,47.509549440735135],[-122.27837011128236,47.50959415997749],[-122.27837718398902,47.50984159629608]]},"properties":{"LINK_TYPE":1,"DESCRIPTION":"Central Link","SEGMENT":"E","STATUS":"COMPLETE"}},{"type":"Feature","geometry":{"type":"LineString","coordinates":[[-122.27340806601441,47.48352358297326],[-122.27342055872086,47.483540358895155],[-122.27343319571463,47.483557086371725],[-122.27344597692007,47.48357376266199],[-122.27345890226177,47.483590385024826],[-122.27347197593457,47.483606958890846],[-122.27348518970021,47.48362347888072],[-122.27349855164583,47.48363994489164],[-122.27351205368447,47.48365635702626],[-122.27352569985983,47.48367271523318],[-122.27353948612834,47.483689019563705],[-122.27355341645807,47.4837052672254],[-122.2735674868055,47.483721458269564],[-122.27358170128996,47.48373759538586],[-122.27359605167314,47.483753673194755],[-122.27361054207425,47.48376969438599],[-122.27362517646131,47.48378565616717],[-122.27363994674728,47.48380155864079],[-122.27365485293232,47.4838174018068],[-122.27366989905988,47.48383318561397],[-122.27368508513021,47.483848910062136],[-122.27370040298058,47.48386457251283],[-122.27371586069808,47.48388017286346],[-122.27373145019573,47.4838957112165],[-122.27374717956069,47.483911187469346],[-122.2737630406302,47.48392659898352],[-122.27377903752358,47.483941948448674],[-122.27379516612172,47.48395723317507],[-122.2738114264246,47.48397245316259],[-122.27382782247588,47.483987608359925],[-122.27384435015634,47.484002696077305],[-122.27386100542255,47.484017716365976],[-122.27389615364638,47.484048827661276],[-122.27393184021881,47.48407965791691],[-122.27396802500785,47.48411021860963],[-122.27400467993611,47.48414051832119],[-122.27404177310977,47.48417057390778],[-122.27407927652706,47.48420039669224],[-122.27411715814277,47.48422999804884],[-122.27415538598723,47.484259392092774],[-122.27419393625354,47.484288595577766],[-122.27423277285274,47.48431761992949],[-122.27427187602149,47.4843464818503],[-122.27429807868606,47.48436563916495],[-122.27432437285721,47.484384740472784],[-122.27435075838346,47.48440378029167],[-122.27438054109797,47.48442514055723],[-122.2744104031935,47.484446444968135],[-122.27444035290864,47.48446769890361],[-122.27447037803708,47.4844888997766],[-122.27452389259318,47.484526503768585],[-122.27457749863814,47.484564048993334],[-122.2746311920525,47.48460153276108],[-122.27629710397797,47.4857644838304]]},"properties":{"LINK_TYPE":1,"DESCRIPTION":"Central Link","SEGMENT":"E","STATUS":"COMPLETE"}},{"type":"Feature","geometry":{"type":"LineString","coordinates":[[-122.27346472580744,47.48350434487117],[-122.27347752505386,47.48352152819352],[-122.2734904765236,47.48353865748579],[-122.27350358433581,47.48355573543768],[-122.27351684429583,47.483572756618386],[-122.27353026044716,47.48358972097651],[-122.27354382477873,47.48360663135561],[-122.27355754530187,47.48362348491214],[-122.27357142194103,47.48364027890489],[-122.27358544668499,47.483657016177474],[-122.27359961953387,47.483673696729895],[-122.27361394842335,47.48369031497738],[-122.27362842129877,47.483706873814796],[-122.2736430502906,47.48372337308827],[-122.27365782326859,47.48373981295155],[-122.27367274816835,47.483756187819985],[-122.27368781705445,47.48377250327821],[-122.27370303786243,47.48378875374143],[-122.27371840258112,47.48380494205325],[-122.27373391517852,47.48382106542133],[-122.27374957161108,47.483837123896876],[-122.27376537187895,47.48385311747983],[-122.27378131995,47.483869043377844],[-122.27379740781284,47.4838849044345],[-122.27381364347907,47.483900697805986],[-122.27383001886162,47.48391642359501],[-122.2738465380041,47.48393208175011],[-122.27386319678736,47.48394766958154],[-122.2738799952114,47.48396318708929],[-122.27389693739558,47.48397863696293],[-122.27391401510148,47.483994013823065],[-122.27394847768714,47.484024464762676],[-122.27398346267218,47.484054643091206],[-122.27401893389249,47.484084557492935],[-122.27405486342195,47.48411422203178],[-122.2740912150962,47.48414364539217],[-122.27412796907637,47.48417284153548],[-122.27416508530571,47.484201824679545],[-122.27420254386954,47.4842306060447],[-122.27424030875466,47.48425919979756],[-122.27427836019778,47.484287622640615],[-122.27431666615341,47.484315885948185],[-122.27434233202578,47.484334646997105],[-122.27436809337166,47.484353349246994],[-122.27439393821187,47.484371998333884],[-122.27442310998427,47.484392913918825],[-122.2744523613638,47.48441378187245],[-122.27448169624259,47.48443459666128],[-122.27451110660927,47.48445536112901],[-122.27456351971664,47.484492189398395],[-122.27461602438532,47.48452896164259],[-122.2746686124524,47.484565675223095],[-122.27634280234781,47.485734402042375]]},"properties":{"LINK_TYPE":1,"DESCRIPTION":"Central Link","SEGMENT":"E","STATUS":"COMPLETE"}},{"type":"Feature","geometry":{"type":"LineString","coordinates":[[-122.27102522818417,47.4757669906562],[-122.27262472752183,47.478643027845735],[-122.27264764803752,47.47868422594176],[-122.27267049229948,47.47872544419449],[-122.27269326427512,47.47876667981154],[-122.27270836932225,47.478794190381684],[-122.2727233940522,47.47882172116236],[-122.27273833846485,47.47884927215363],[-122.27275318242002,47.4788768463529],[-122.27276789791827,47.478904455083196],[-122.2727824928187,47.478932090018944],[-122.27280410803702,47.47897361174141],[-122.2728253495467,47.479015220458884],[-122.27284617317483,47.47905692769968],[-122.27286653459721,47.47909873951013],[-122.27288637751131,47.47914066757244],[-122.27290565744127,47.479182712450964],[-122.27292433021367,47.47922488567408],[-122.27293336301311,47.479245889763114],[-122.27294223484976,47.47926692331277],[-122.27295094587478,47.47928799180512],[-122.27295948777473,47.47930908711981],[-122.27296786878703,47.47933021463621],[-122.27297608883586,47.479351371613454],[-122.27298413983468,47.47937255815408],[-122.27299202582648,47.479393774206855],[-122.27299975077864,47.47941501697952],[-122.27300730660461,47.47943628657467],[-122.27301470139048,47.47945758288982],[-122.27302192704983,47.47947890602745],[-122.27302898754982,47.47950025319545],[-122.27303588296607,47.47952162713477],[-122.27304261314704,47.47954302236342],[-122.27304917420062,47.479564444414784],[-122.27305557406169,47.47958588770421],[-122.27306180067616,47.479607355126674],[-122.27306786609775,47.47962884378737],[-122.27307376223989,47.479650353788756],[-122.27307948910237,47.479671885131],[-122.27308505065251,47.47969343502171],[-122.27309044696574,47.479715006202035],[-122.27309567392305,47.4797365959822],[-122.27310073144862,47.47975820162124],[-122.27310562373674,47.47977982854988],[-122.2731103465926,47.47980147133749],[-122.27311490001614,47.47982312998402],[-122.27311928805025,47.47984480443822],[-122.2731235066516,47.47986649475136],[-122.2731275558199,47.47988820092355],[-122.27313143547934,47.47990992021373],[-122.27313514967291,47.479931652570656],[-122.27313869435719,47.47995339804561],[-122.27314206548877,47.47997515668991],[-122.27314527115385,47.479996928401],[-122.27314831120091,47.48001870769684],[-122.27315117769469,47.48004050016208],[-122.27315387452681,47.4800623002634],[-122.27315640184834,47.48008411348288],[-122.27315876347538,47.48010593154615],[-122.27316095147258,47.48012776003782],[-122.27316297385052,47.48014959611436],[-122.27316482244687,47.48017143713731],[-122.2731665013803,47.48019328579643],[-122.27316801461816,47.480215139299375],[-122.27316935414943,47.480237000489815],[-122.27317052790914,47.48025886378306],[-122.27317152788619,47.480280732022806],[-122.27317236209113,47.480302602365384],[-122.27317302243733,47.48032447491345],[-122.27317351708675,47.480346352305396],[-122.27317383780128,47.480368229161776],[-122.27317398862408,47.48039010543134],[-122.27317397367369,47.48041198380376],[-122.27317378478787,47.480433861640634],[-122.27317342600955,47.480455738890655],[-122.27317290138187,47.48047761550254],[-122.27317220266674,47.480499486096875],[-122.27317133413423,47.48052135884533],[-122.27317029960028,47.48054322547364],[-122.2731690909783,47.48056508608438],[-122.27316615529416,47.48060907436947],[-122.2731625839041,47.4806530378148],[-122.27315842135812,47.48069697859709],[-122.2731537202173,47.48074089604958],[-122.27314852884827,47.4807847840747],[-122.27314289599623,47.48082865027996],[-122.2731368701038,47.48087249130877],[-122.27313265705793,47.48090170834873],[-122.27312831424376,47.48093091332468],[-122.27312384181248,47.48096011171864],[-122.27311925990456,47.480989300533224],[-122.27311459293101,47.48101848494258],[-122.27310983669702,47.481047659516065],[-122.27310258695059,47.4810914173556],[-122.2730952601423,47.481135167946164],[-122.27308784818523,47.481178911390224],[-122.27305744479108,47.48135860819126],[-122.27305010213801,47.481401933973665],[-122.27304285262062,47.4814452640581]]},"properties":{"LINK_TYPE":1,"DESCRIPTION":"Central Link","SEGMENT":"E","STATUS":"COMPLETE"}},{"type":"Feature","geometry":{"type":"LineString","coordinates":[[-122.27096563864963,47.475782225823856],[-122.27256859509484,47.47866448812445],[-122.27259102184487,47.47870479586841],[-122.27261337638276,47.478745123717914],[-122.27263565458962,47.478785468983176],[-122.27265043584751,47.47881238591717],[-122.272665140755,47.47883932026949],[-122.2726797653444,47.47886627483242],[-122.2726942895513,47.47889325534434],[-122.27270869720297,47.4789202620105],[-122.27272298440745,47.478947300364155],[-122.27274414605321,47.478987922999394],[-122.27276495008562,47.47902862968349],[-122.2727853441699,47.47906942930632],[-122.27280529221939,47.47911033329359],[-122.27282474174784,47.479151345053126],[-122.2728436485064,47.479192473372315],[-122.27286196420287,47.47923372708982],[-122.27287097755361,47.479254613525434],[-122.27287982604948,47.47927553495493],[-122.27288851358243,47.47929648584502],[-122.27289703618459,47.47931746898804],[-122.27290539370449,47.479338478902044],[-122.27291359033654,47.47935952101771],[-122.27292162196161,47.479380592645455],[-122.27292948857956,47.47940169378521],[-122.27293719011452,47.479422821696076],[-122.27294472656638,47.4794439763781],[-122.27295209389167,47.479465157882515],[-122.2729593001767,47.479486366106904],[-122.27296634130232,47.4795075983614],[-122.27297321330082,47.47952885743846],[-122.2729799241828,47.47955014049459],[-122.27298646586169,47.47957144763221],[-122.27299283826162,47.47959277611042],[-122.27299904954437,47.479614128567746],[-122.27300509154773,47.47963550236572],[-122.27301096434728,47.47965690024537],[-122.27301667183458,47.47967831667342],[-122.27302221400942,47.479699751649896],[-122.27302758690418,47.47972120796719],[-122.27303279448607,47.479742682832914],[-122.27303783271181,47.47976417629845],[-122.27304270158108,47.47978568836382],[-122.27304740506133,47.479807216236686],[-122.2730519391848,47.47982876270946],[-122.27305630379989,47.47985032230007],[-122.27306049905776,47.47987190049059],[-122.27306452885009,47.479893491747674],[-122.27306838913356,47.4799150961227],[-122.27307207998348,47.47993671635668],[-122.27307560529161,47.4799583469163],[-122.27307895704695,47.47997999064514],[-122.27308214333574,47.480001647440695],[-122.27308515599572,47.48002331466453],[-122.27308800311313,47.480044992214054],[-122.2730906806444,47.4800666801406],[-122.27309318851373,47.480088375703104],[-122.2730955267967,47.48011008164271],[-122.27309769541728,47.48013179521832],[-122.27309969437536,47.48015351642996],[-122.27310152763825,47.48017524248532],[-122.27310318719493,47.48019697622807],[-122.27310467708845,47.48021871760685],[-122.27310599716726,47.480240461139715],[-122.2731071475825,47.48026221230863],[-122.273108128107,47.48028396289061],[-122.27310894301063,47.48030572105738],[-122.27310958397987,47.48032747868852],[-122.27311005520902,47.48034924121471],[-122.2731103565466,47.48037100315395],[-122.27311048799226,47.480392764506306],[-122.27311044962161,47.48041452801265],[-122.27311024135864,47.48043629093214],[-122.27310986320323,47.48045805326468],[-122.2731093150795,47.480479812269245],[-122.2731086011061,47.48050157063559],[-122.27310771312071,47.48052332572527],[-122.27310665516634,47.48054507748704],[-122.27310542724275,47.48056682592077],[-122.27310250561011,47.48060985981954],[-122.27309896863932,47.48065287410381],[-122.27309485661024,47.480695862778546],[-122.27309022620301,47.48073882786673],[-122.27308512196802,47.48078177154519],[-122.2730795922722,47.48082468771636],[-122.27307368174199,47.48086758129807],[-122.27306955226764,47.480896163880004],[-122.27306529721984,47.48092473982863],[-122.27306091652275,47.480953306402924],[-122.27305643039266,47.48098186334642],[-122.27305185919705,47.48101041588473],[-122.27304720293589,47.481038964017856],[-122.27304011303049,47.481081773845496],[-122.27303293805275,47.48112457926769],[-122.2730256901324,47.4811673801306],[-122.27299551907946,47.48134568378643],[-122.2729874991317,47.48139304885111],[-122.27297958444723,47.48144041806392]]},"properties":{"LINK_TYPE":1,"DESCRIPTION":"Central Link","SEGMENT":"E","STATUS":"COMPLETE"}},{"type":"Feature","geometry":{"type":"LineString","coordinates":[[-122.28869754155198,47.46425440821985],[-122.28703726790225,47.463658984028335]]},"properties":{"LINK_TYPE":1,"DESCRIPTION":"Central Link","SEGMENT":"E","STATUS":"COMPLETE"}},{"type":"Feature","geometry":{"type":"LineString","coordinates":[[-122.28086252807853,47.48892898669922],[-122.28084466494253,47.48891357423781],[-122.2808266981971,47.48889821793429],[-122.2808086237984,47.488882917840236],[-122.2807904418225,47.4888676766966],[-122.28077215631335,47.4888524944517],[-122.28075376322715,47.488837371157096],[-122.28073526660769,47.48882230676122],[-122.28069325936319,47.48878861151062],[-122.28065076253294,47.48875520216848],[-122.2806078199153,47.488722053498094],[-122.2805644675253,47.488689151329986],[-122.28052075320508,47.48865647037603],[-122.2804767088496,47.48862399377734],[-122.28043237428913,47.48859169908992],[-122.28040267347751,47.48857025978747],[-122.28037287731028,47.48854888201658],[-122.28034298578766,47.488527565777],[-122.28031301478076,47.4885062998986],[-122.28028298023708,47.48848507595201],[-122.28025288215656,47.4884638939373],[-122.2802076535891,47.488432172665476],[-122.28016236555929,47.4884004932638],[-122.28011701791503,47.48836885025021],[-122.2767854555433,47.486043401944485]]},"properties":{"LINK_TYPE":1,"DESCRIPTION":"Central Link","SEGMENT":"E","STATUS":"COMPLETE"}},{"type":"Feature","geometry":{"type":"LineString","coordinates":[[-122.28081249467854,47.488955489719004],[-122.28079429165662,47.48893978270807],[-122.28077597708985,47.48892413743998],[-122.28075755090227,47.488908551173765],[-122.28073901316993,47.488893026650366],[-122.28072036389301,47.488877563869714],[-122.28070160711529,47.488862162780144],[-122.28068273474906,47.48884682348481],[-122.28064166845317,47.48881394429553],[-122.28060012836376,47.488781337103894],[-122.28055815850752,47.488748984896375],[-122.28051579879104,47.48871686796986],[-122.28047308507715,47.48868496667296],[-122.2804300572724,47.48865326130273],[-122.28038674711952,47.48862172951843],[-122.28035773593375,47.488600796905125],[-122.28032863335906,47.488579923031104],[-122.2802994354276,47.48855911068882],[-122.28027016197858,47.488538345915416],[-122.28024082895935,47.488517620281705],[-122.28021143636998,47.48849693378759],[-122.28016726409105,47.48846595856414],[-122.2801230362389,47.48843501967809],[-122.28007875281361,47.48840411712944],[-122.2767397570822,47.486073481169825]]},"properties":{"LINK_TYPE":1,"DESCRIPTION":"Central Link","SEGMENT":"E","STATUS":"COMPLETE"}},{"type":"Feature","geometry":{"type":"LineString","coordinates":[[-122.28866777503156,47.46429257997019],[-122.2870075004307,47.46369715260163]]},"properties":{"LINK_TYPE":1,"DESCRIPTION":"Central Link","SEGMENT":"E","STATUS":"COMPLETE"}},{"type":"Feature","geometry":{"type":"LineString","coordinates":[[-122.28218808383433,47.49135366756636],[-122.28260425795374,47.493733327480804],[-122.28261314667154,47.49378414624528],[-122.28262215246224,47.493834955288925],[-122.28263127532624,47.49388575461173],[-122.28263650334523,47.49391432234459],[-122.28264184033733,47.49394288046026],[-122.28264727821404,47.493971429062],[-122.28265282506405,47.49399996804655],[-122.282657866766,47.49402532455964],[-122.28266302552896,47.49405067135229],[-122.28266830135317,47.4940760084245],[-122.28267647328681,47.494113987429614],[-122.28268497610374,47.494151934790615],[-122.28269384193042,47.494189841871325],[-122.28270310709034,47.49422770546605],[-122.28271280371035,47.49426551693858],[-122.28272296414579,47.49430327587583],[-122.28273361640329,47.494340970952244],[-122.28274480077465,47.49437859616926],[-122.28275654129838,47.49441614299409],[-122.28276887414614,47.49445360273873],[-122.28278182732464,47.49449096407763],[-122.28278868342396,47.49450997990676],[-122.28279570862853,47.494528966156935],[-122.28280290293851,47.494547922828026],[-122.28281026627786,47.49456684717907],[-122.2828177987991,47.49458574469201],[-122.2828255003501,47.49460460988477],[-122.28283336688666,47.49462344280899],[-122.28284140649765,47.49464224336138],[-122.28284961101826,47.49466100890413],[-122.28285798456928,47.49467974212655],[-122.28286652303039,47.49469844033929],[-122.28287523044601,47.494717103490686],[-122.28288410277197,47.49473573163231],[-122.28289313993218,47.49475432202311],[-122.2829023459713,47.49477287461141],[-122.28291171280071,47.49479138950045],[-122.28292124850918,47.49480986658689],[-122.28293094897646,47.49482830318136],[-122.28294081420266,47.49484669928383],[-122.28295084418785,47.4948650548942],[-122.28296103488796,47.49488337006407],[-122.2829713902712,47.49490164200081],[-122.28298191033772,47.494919870704344],[-122.28299259104337,47.49493805622628],[-122.28300343238818,47.49495619856653],[-122.28301443834062,47.49497429493241],[-122.28302560485636,47.49499234537557],[-122.28303693201175,47.49501035263695],[-122.2830484196545,47.49502831123444],[-122.2830600677848,47.495046221167996],[-122.283071876479,47.495064085178655],[-122.28308384154032,47.4950818978359],[-122.2830959671658,47.49509966457013],[-122.28310825312698,47.49511737715819],[-122.28312069553193,47.49513504113375],[-122.28313329430458,47.49515265375577],[-122.28314604944502,47.49517021502416],[-122.28315896499794,47.49518772488718],[-122.28317203272208,47.49520517796616],[-122.28318525681436,47.49522257969135],[-122.28319863719884,47.495239927321684],[-122.2832121737993,47.49525721811607],[-122.28322586257147,47.49527445212622],[-122.28323970359173,47.495291632092965],[-122.28325370075208,47.49530875248262],[-122.28326784611633,47.4953258188805],[-122.28328214754471,47.49534282296014],[-122.28329659710096,47.49535977030683],[-122.28331120279772,47.49537665807625],[-122.28332595647008,47.495393483630586],[-122.28334085827068,47.49541025245181],[-122.28335591201525,47.49542695626518],[-122.28337111373568,47.4954435978633],[-122.28338646350836,47.495460179987084],[-122.28340196118091,47.49547669715456],[-122.2834176067534,47.495493149365586],[-122.28343339618148,47.49550953667181],[-122.2834493335859,47.49552586176244],[-122.28346541881426,47.495542119155424],[-122.2834816438541,47.49555831169512],[-122.28349801671806,47.49557443653703],[-122.28351453336174,47.495590493732784],[-122.2835311897409,47.49560648333398],[-122.2835479938681,47.49562240249627],[-122.28356493368642,47.495638254115526],[-122.28358202125297,47.495654035295686],[-122.2835992445108,47.49566974893274],[-122.28361661139634,47.49568538944123],[-122.28363411382075,47.49570095692446],[-122.28365175590481,47.495716454071676],[-122.28366953757227,47.49573187814183],[-122.28368745477881,47.495747229186506],[-122.28370551156885,47.49576250715398],[-122.2837237038218,47.495777709354826],[-122.28374202756949,47.49579283858169],[-122.28376049082458,47.495807891990154],[-122.28377908542204,47.4958228669425],[-122.2837978155588,47.49583776886895],[-122.28381667703796,47.49585259233911],[-122.28383566985963,47.495867337352955],[-122.28385479402367,47.49588200391038],[-122.2838740495303,47.49589659201138],[-122.28389343637937,47.4959111016558],[-122.28391295052656,47.49592553289532],[-122.28393259189563,47.49593988298879],[-122.28395236445478,47.49595414914354],[-122.28397226026765,47.495968336944856],[-122.2839922833024,47.49598244359995],[-122.28401243348277,47.49599646636772],[-122.2840327067644,47.496010405299906],[-122.28405310726794,47.49602426308566],[-122.28407363087277,47.4960380370356],[-122.2840942734581,47.496051724460365],[-122.28413510409557,47.49607832090121],[-122.28417637112389,47.49610460464997],[-122.28421805462571,47.49613058692863],[-122.28426011865841,47.4961562846478],[-122.2843025433046,47.4961817090297],[-122.28434530071048,47.49620687688156],[-122.28438836294607,47.49623180226999],[-122.28443171032268,47.496256504640016],[-122.28447531078952,47.49628099536894],[-122.2845191526707,47.49630529105753],[-122.28456320422049,47.496329414047096],[-122.28459267862654,47.49634540418175],[-122.28462222814122,47.496361330283435],[-122.28465184871995,47.49637719240372],[-122.28468525302124,47.49639497214905],[-122.28471872457565,47.49641269618559],[-122.28475225926252,47.496430361823904],[-122.28478586112611,47.496447969012344],[-122.28484570322306,47.49647918095606],[-122.28490561231683,47.496510326205126],[-122.28496560069325,47.49654141008632],[-122.2854183589002,47.49677602088144],[-122.28547523994052,47.49680548260181],[-122.28553204999953,47.496835008267965],[-122.28558879296916,47.49686459234618],[-122.28562655447219,47.49688437257611],[-122.28566424495834,47.496904216767774],[-122.28570186045947,47.49692412771404],[-122.28575810195413,47.4969541486156],[-122.28581409061903,47.49698438659893],[-122.28586977883637,47.4970148751773],[-122.28592512707732,47.49704564776065],[-122.28598008383236,47.49707674339618],[-122.28603460529901,47.49710818732269],[-122.28606071927194,47.497123482490174],[-122.28608671429136,47.49713886417524],[-122.2861125985226,47.49715433501543],[-122.28613836784491,47.497169892321615],[-122.28616402233475,47.497185538834884],[-122.28618955794742,47.49720127460699],[-122.28621497857486,47.49721709410433],[-122.28624028024895,47.497233000119714],[-122.28626546304598,47.497248995394266],[-122.28629052681335,47.497265074446],[-122.28631547155098,47.497281237274976],[-122.28634029733523,47.49729748662231],[-122.28636500004524,47.49731381979891],[-122.2863895837256,47.49733023675298],[-122.28641404433174,47.4973467375364],[-122.28643837781902,47.49736332220103],[-122.28646259227669,47.49737999064342],[-122.2864866835073,47.4973967374334],[-122.28651064769548,47.4974135708458],[-122.28653448865667,47.49743048260598],[-122.2865582024227,47.49744747550671],[-122.28658178899344,47.49746454954812],[-122.28660524836901,47.49748170473028],[-122.28662858054935,47.497498941053266],[-122.28665178538161,47.49751625303519],[-122.2866748630186,47.49753364615808],[-122.2866978093393,47.497551117732826],[-122.28672062426729,47.497568665018456],[-122.28674330795539,47.49758629349708],[-122.28676586429536,47.497603997634975],[-122.28678828519791,47.497621777535805],[-122.28681057875224,47.49763963309614],[-122.28683273694553,47.49765756716051],[-122.28685475962496,47.49767557424704],[-122.28687665091147,47.49769365704501],[-122.28689840668393,47.497711812865326],[-122.28692002701887,47.49773004444901],[-122.28694151183973,47.49774834905513],[-122.28696286114642,47.49776672668383],[-122.28698407493907,47.49778517733515],[-122.28700514909643,47.49780369831994],[-122.28702608369487,47.49782229237927],[-122.28704688270264,47.497840956720445],[-122.28706754619597,47.49785969408457],[-122.28708806593283,47.497878499093225],[-122.28710844603411,47.497897374435766],[-122.28712868649987,47.497916320112175],[-122.28714878725349,47.49793533338163],[-122.28716874425032,47.49795441429596],[-122.28718856161136,47.49797356554447],[-122.28720823513899,47.49799278169696],[-122.28722776895428,47.49801206544275],[-122.28724715489142,47.49803141414451],[-122.28726640111604,47.49805083043971],[-122.28728549946233,47.498070311691045],[-122.28730445397484,47.49808985784668],[-122.2873232646535,47.49810946890688],[-122.28734192745358,47.498129144923304],[-122.28736044229859,47.49814888315515],[-122.287378813233,47.498168683550645],[-122.28739703621213,47.49818854616174],[-122.28741511123582,47.49820847098839],[-122.287433038304,47.49822845803071],[-122.28745081734016,47.498248504547774],[-122.2874684484206,47.49826861328067],[-122.28748592734772,47.49828877879926],[-122.28750325831889,47.498309006533766],[-122.2875204412576,47.49832929374334],[-122.28753746799796,47.49834963779057],[-122.2875543466292,47.498370038571984],[-122.2875710731065,47.49839049613938],[-122.2875876475062,47.498411013233905],[-122.28760406967534,47.498431584373606],[-122.28762033564549,47.49845221235128],[-122.2876364535059,47.49847289706346],[-122.28765241501422,47.49849363313179],[-122.2876682203232,47.49851442603835],[-122.28768387332448,47.49853527024939],[-122.28769937417084,47.498556171246996],[-122.28771471454345,47.49857712091182],[-122.28772990268439,47.49859812462226],[-122.28774493447247,47.49861917968928],[-122.28775980586276,47.49864028616471],[-122.28777452486814,47.49866144120401],[-122.28778908347542,47.49868264765181],[-122.28780348969748,47.4987039026636],[-122.2878177314001,47.49872520639485],[-122.28783182071714,47.4987465586902],[-122.28784574551442,47.49876795970513],[-122.28785951380469,47.4987894065951],[-122.2878731256642,47.49881090210112],[-122.28788657292715,47.49883244358589],[-122.28789986360606,47.49885402820486],[-122.28791299373265,47.498875658750904],[-122.2879259592621,47.49889733527585],[-122.28793876820701,47.49891905493515],[-122.28795141247808,47.498940817832484],[-122.28796389611966,47.49896262391614],[-122.28797621905511,47.49898447044507],[-122.28798837731611,47.49900636021222],[-122.28800037487063,47.49902829042483],[-122.28801220775034,47.49905026387569],[-122.28802387984679,47.499072275031125],[-122.2880353871151,47.499094323942934],[-122.28804672970809,47.4991164160932],[-122.28805791144079,47.499138543207195],[-122.28806892437656,47.4991607108705],[-122.288079772407,47.49918291354943],[-122.28809045965313,47.49920515393319],[-122.28810097794883,47.499227429384476],[-122.2881113354598,47.4992497425406],[-122.28812152394359,47.49927208802337],[-122.2881315435528,47.499294471314826],[-122.28814140222381,47.4993168868293],[-122.28815109186695,47.49933933467049],[-122.28816061248203,47.49936181483846],[-122.28816996819015,47.49938433002249],[-122.28817915883799,47.4994068747405],[-122.28818818045723,47.4994294517854],[-122.2881970329711,47.49945205841625],[-122.28820571637951,47.49947469463309],[-122.28821423472694,47.4994973603841],[-122.28822258396835,47.49952005572118],[-122.28823076402725,47.4995427779034],[-122.28823877497979,47.499565529671656],[-122.28824662071749,47.49958830549233],[-122.28826235780298,47.49963563609378],[-122.28827743418178,47.49968306838681],[-122.28829191403244,47.49973058235549],[-122.28830585787166,47.49977817174056],[-122.28831933812087,47.499825821904324],[-122.28833241522052,47.49987352384648],[-122.28834094248629,47.4999053504354],[-122.28834934872597,47.49993718954255],[-122.28835763806053,47.49996904385722],[-122.28836991277244,47.5000168438214],[-122.28838207860429,47.50006465614776],[-122.2883941315876,47.50011248362912],[-122.28867341003476,47.501219555119384],[-122.28868532721212,47.5012668468895],[-122.28869735736103,47.50131412624276],[-122.28870949636045,47.50136139049001],[-122.28871769529859,47.501392889485615],[-122.28872601116512,47.50142437327215],[-122.28873443991543,47.501455841901446],[-122.28874737749386,47.50150301090862],[-122.28876071019268,47.5015501282365],[-122.28877450654629,47.50159718478067],[-122.28878217090855,47.50162257600515],[-122.28878999256956,47.50164794876117],[-122.28879796740817,47.501673300359464],[-122.28880609527151,47.50169862531807],[-122.28881437638948,47.50172393185991],[-122.28882281053261,47.50174921176194],[-122.28883140189905,47.5017744704543],[-122.28884014224626,47.501799702558685],[-122.28884903577226,47.50182491350514],[-122.2888580863693,47.5018500977598],[-122.28886728594765,47.501875255426405],[-122.28887663855247,47.501900386452945],[-122.28888614426054,47.50192549358048],[-122.2888957989505,47.50195057411978],[-122.28890561063594,47.50197562522606],[-122.28892415682276,47.50202192714785],[-122.28894315789876,47.50206814371838],[-122.28896254937591,47.50211428399008],[-122.28897566356822,47.50214500978859],[-122.28898889034514,47.502175709464694],[-122.28900223398126,47.50220639118948],[-122.28902240225393,47.50225237891128],[-122.28904267519466,47.5022983460943],[-122.28906305677219,47.502344289945626],[-122.29004941433423,47.50456898341164],[-122.29006536742745,47.50460495922651],[-122.29008119980205,47.504640958523865],[-122.29009691550284,47.50467698125189],[-122.29010566426565,47.50469726114488],[-122.29011430442966,47.504717564366246],[-122.29012283988686,47.50473788538223],[-122.29013127079027,47.504758229674785],[-122.29013865578347,47.5047763334747],[-122.29014591996419,47.50479445801792],[-122.29015306737745,47.50481260325267],[-122.29016353290471,47.504839869625705],[-122.29017366819747,47.504867192332185],[-122.29018343295706,47.5048945773732],[-122.29019279482193,47.50492202516389],[-122.29020172158354,47.504949541601675],[-122.29021018080358,47.504977124360686],[-122.29021812806137,47.505004776753026],[-122.29022553504008,47.50503249914196],[-122.29023236930121,47.505060289201836],[-122.29023859031575,47.50508814471073],[-122.29024416159992,47.50511606339477],[-122.29024670721593,47.50513012178563],[-122.2902490833199,47.505144196061075],[-122.29025128166829,47.50515828084299],[-122.29025331042787,47.50517237876855],[-122.2902551654766,47.50518648714873],[-122.29025684689113,47.50520060872451],[-122.29025835444142,47.50521473527284],[-122.29025968828051,47.505228872275794],[-122.29026084825522,47.50524301425136],[-122.2902618344418,47.505257163940556],[-122.29026264676362,47.50527131860233],[-122.2902632851439,47.505285475495754],[-122.29026375370438,47.505299637309896],[-122.2902640442779,47.50531380140755],[-122.29026416083283,47.50532796499589],[-122.29026410344576,47.50534213081578],[-122.29026387196326,47.50535629338535],[-122.29026346653843,47.505370458186505],[-122.29026288694132,47.505384616996295],[-122.29026213324843,47.50539877255576],[-122.29026120538293,47.50541292212382],[-122.29026010746652,47.505427068389565],[-122.29025883125553,47.50544120597481],[-122.29025738087155,47.50545533756866],[-122.29025576028306,47.50546946037827],[-122.29025396536812,47.50548357171441],[-122.29025199620318,47.50549767431817],[-122.29024985675672,47.50551176539656],[-122.29024753886165,47.505525842312466],[-122.29024505472994,47.5055399076511],[-122.29024239207271,47.505553956086125],[-122.29023955905681,47.50556799025482],[-122.29023655560549,47.505582007416145],[-122.29023337767347,47.50559600762193],[-122.29023002930575,47.50560999082035],[-122.29022650638044,47.50562395432223],[-122.29022281691125,47.50563789528277],[-122.29021895288413,47.50565181654672],[-122.29021491826767,47.505665715321214],[-122.29021071306165,47.50567959160619],[-122.29020633718946,47.50569344266067],[-122.29020179065081,47.50570726848463],[-122.29019707741433,47.505721066285126],[-122.29019219358781,47.505734841596016],[-122.29018713894136,47.50574858619434],[-122.29018191752,47.50576230002813],[-122.29017652535508,47.505775985890295],[-122.29017096641509,47.50578964098789],[-122.29016524069984,47.50580326532091],[-122.29015934813269,47.5058168561483],[-122.29015328871343,47.50583041347004],[-122.29014706236543,47.50584393454512],[-122.29014066908854,47.50585741937353],[-122.2901341130045,47.50587087064431],[-122.29012738991477,47.50588428292732],[-122.29012050386446,47.50589765617066],[-122.2901134508848,47.505910993167205],[-122.29010623883633,47.50592428559009],[-122.29009885978182,47.5059375390251],[-122.29009131768963,47.50595075067936],[-122.29008361660495,47.505963920500896],[-122.29007575232932,47.50597704305953],[-122.29006772906088,47.50599012378539],[-122.29005954260136,47.50600315724832],[-122.29005119699575,47.506016143396366],[-122.29004269232045,47.506029084970564],[-122.29003402842244,47.50604197648883],[-122.29002520530142,47.506054817951075],[-122.29001622700258,47.5060676093055],[-122.29000709352589,47.50608035055192],[-122.2899978007494,47.50609303900132],[-122.28998835271832,47.50610567460167],[-122.28997874943241,47.50611825735301],[-122.2899689948604,47.50613078446238],[-122.28995908495693,47.50614325598161],[-122.28994901972183,47.50615567191071],[-122.28993880724562,47.50616803214579],[-122.28992843928452,47.506180331308634],[-122.28991791996036,47.506192572088295],[-122.28990725331822,47.506204754432886],[-122.28989643928146,47.50621687560125],[-122.28988547380482,47.50622893564537],[-122.28987435688822,47.50624093456513],[-122.2898631005141,47.50625286672286],[-122.28985169269997,47.506264737756176],[-122.28984014145955,47.50627654482024],[-122.28982844267101,47.506288285225885],[-122.28981660442483,47.50629995886926],[-122.28980461863044,47.506311565854205],[-122.28979249330163,47.50632310333584],[-122.28978022851506,47.506334574055046],[-122.28976782007223,47.50634597258183],[-122.28975527217146,47.50635730434612],[-122.2897425886283,47.50636856107306],[-122.28972976150537,47.50637974834833],[-122.28971680286176,47.50639086327525],[-122.28970370453034,47.50640190321654],[-122.2896904746017,47.50641286806838],[-122.28967710910696,47.50642376062368],[-122.28966360789315,47.50643457540027],[-122.289649975082,47.5064453150873],[-122.2896362105968,47.506455976943684],[-122.28962231848294,47.50646656091754],[-122.28960829461852,47.50647706431961],[-122.28959414312538,47.50648748983912],[-122.28957986392687,47.50649783473491],[-122.28956545709966,47.50650810174794],[-122.28955092645924,47.50651828260335],[-122.28953626811342,47.506528382834894],[-122.289521486031,47.506538399649656],[-122.28950658433378,47.506548335736774],[-122.28949156279205,47.50655818287315],[-122.28947641759028,47.50656794933366],[-122.289461152544,47.50657762684326],[-122.28944576772984,47.506587218143025],[-122.28943027123825,47.50659672312918],[-122.28941465490226,47.506606139164354],[-122.2893989228437,47.50661546893758],[-122.28938307498595,47.506624709707935],[-122.2893671193431,47.506633858630536],[-122.28935104790112,47.50664291855014],[-122.2893348686741,47.50665188662188],[-122.28931857761677,47.50666076289766],[-122.28930217885097,47.506669550066576],[-122.2892856721471,47.50667823990552],[-122.28926905773478,47.50668684063743],[-122.28925233942975,47.506695343987445],[-122.28923551738514,47.506703755437556],[-122.28921859549318,47.50671206945376],[-122.28920156978506,47.50672028882892],[-122.28918444422976,47.50672841077013],[-122.28916721890373,47.50673643801835],[-122.289149893654,47.506744365091535],[-122.28913247267894,47.50675219741978],[-122.28911495574906,47.506759926780006],[-122.28909734713913,47.50676756134338],[-122.2890796425746,47.50677509293864],[-122.2890618462537,47.50678252699591],[-122.28904396214523,47.50678986072235],[-122.28902598612746,47.50679709142871],[-122.2890079223223,47.5068042218041],[-122.28898977065336,47.506811249107486],[-122.28897153516583,47.506818173286945],[-122.28895321181464,47.506824994394314],[-122.28893480869041,47.50683171232588],[-122.2889163217479,47.506838327133416],[-122.28889775495591,47.50684483602403],[-122.28887910839106,47.50685124173872],[-122.28886038602234,47.50685754148458],[-122.28884158380431,47.506863735313345],[-122.28882270982783,47.506869823121384],[-122.28880375592587,47.506875802271345],[-122.2887847343108,47.50688167534859],[-122.28876564093744,47.50688744240497],[-122.28874647572944,47.50689310069942],[-122.28872724273218,47.5068986501801],[-122.28870793790041,47.5069040908988],[-122.2886885733701,47.506909422699984],[-122.28866914105083,47.5069146456872],[-122.28864964491146,47.50691975706769],[-122.2886300850286,47.50692475958238],[-122.28861046544763,47.50692965317938],[-122.2885907901375,47.50693443506586],[-122.2885710510077,47.50693910534543],[-122.28855126019413,47.506943663862586],[-122.28853140960648,47.506948110720906],[-122.28851150733523,47.50695244581672],[-122.28849155330427,47.50695666640904],[-122.28847154759,47.50696077523882],[-122.28845149019267,47.506964772305935],[-122.28843138920287,47.50696865750685],[-122.28841123637724,47.506972425463125],[-122.28839103995945,47.50697608155306],[-122.2883707998731,47.50697962303564],[-122.28835051619485,47.50698305265186],[-122.28831005154278,47.50698953216399],[-122.28826944130056,47.506995580293776],[-122.28822870630762,47.50700121870988],[-122.28818785519088,47.507006466495575],[-122.28814690482068,47.50701134811243],[-122.28810586794557,47.50701588533297],[-122.28806475731417,47.50702009992955],[-122.28802358567481,47.50702401367468],[-122.28798235364006,47.507027648496326],[-122.28794107411117,47.507031031648985],[-122.28789975975987,47.50703418216418],[-122.28787219196775,47.50703616399886],[-122.28784461783414,47.50703806364862],[-122.28781702926872,47.5070398812171],[-122.28778597647886,47.507041836374164],[-122.2877549176534,47.507043720308495],[-122.28772384867067,47.50704553033089],[-122.28769276953076,47.50704726644132],[-122.28763750495226,47.50705023357393],[-122.28758222998327,47.50705311855318],[-122.2875269486694,47.5070559213273],[-122.28141749584329,47.50736540963618],[-122.2813534166954,47.50736866432749],[-122.28128934829451,47.50737201481471],[-122.28125517986274,47.50737385161273],[-122.28122102584808,47.507375770475996],[-122.28118688220516,47.507377771455985],[-122.2811527489337,47.50737985455275],[-122.28111862610969,47.50738202250733],[-122.28109020179895,47.50738392312448],[-122.28106179625527,47.50738591672246],[-122.28103340138775,47.50738800340441],[-122.2809908407425,47.507391326319784],[-122.28094832769894,47.50739490635814],[-122.28090587103212,47.5073987680855],[-122.28086347554776,47.5074029388604],[-122.28082114994444,47.507407440507905],[-122.28077891513306,47.50741229743922],[-122.28073677996433,47.50741753696151],[-122.28069475725819,47.50742318358927],[-122.28067309148938,47.507426267499405],[-122.2806514612004,47.50742946337433],[-122.28062987058857,47.507432776644336],[-122.28060831957772,47.50743620456855],[-122.28058680404621,47.5074397444576],[-122.28056533628221,47.507443401638724],[-122.28054390392121,47.50744716804364],[-122.28052252337272,47.50745105168923],[-122.28050118234847,47.50745504724811],[-122.28047989298427,47.50745915456563],[-122.28045864718942,47.507463373745004],[-122.28043745313049,47.5074677074241],[-122.2804163066859,47.50747215291349],[-122.28039521594624,47.50747671011012],[-122.28037417686612,47.507481379065574],[-122.28035319341464,47.507486156987305],[-122.28033226574368,47.50749104935743],[-122.28031139370118,47.50749605069384],[-122.28029058133237,47.507501160945125],[-122.2802698246677,47.50750638290382],[-122.28024913179786,47.50751171646688],[-122.28022850257055,47.50751715615233],[-122.28020793713779,47.507522707442234],[-122.2801874313021,47.507528364906136],[-122.28016699735143,47.50753413387149],[-122.28014662704287,47.50754000895941],[-122.28012632449776,47.50754599285931],[-122.2801060936852,47.507552082778716],[-122.28008593460525,47.50755827871773],[-122.28006584328843,47.507564583468906],[-122.28004582774918,47.507570994188185],[-122.28002588798756,47.507577510875564],[-122.28000602392736,47.50758413079014],[-122.27998623564451,47.50759085667298],[-122.27996652718438,47.50759768847256],[-122.27994689442538,47.5076046234994],[-122.27992734545818,47.50761166165051],[-122.27990788035872,47.507618805666986],[-122.27988849492941,47.50762605011834],[-122.27986919329169,47.50763339769411],[-122.2798499794907,47.50764084834282],[-122.27983084940507,47.50764839937498],[-122.27981180708007,47.507656050739165],[-122.27979285656097,47.50766380238385],[-122.27977399387842,47.50767165710166],[-122.27975522292553,47.50767960935905],[-122.27973654370226,47.5076876591561],[-122.27971795636071,47.507695811974905],[-122.27969946876334,47.50770405948935],[-122.27968107289544,47.5077124045436],[-122.27966277287837,47.50772084982717],[-122.27964457260535,47.507729389806585],[-122.27962647207625,47.507738024481846],[-122.27960847136717,47.50774675659405],[-122.27959057040194,47.50775558340225],[-122.27957277322598,47.50776450485493],[-122.27955507983911,47.50777352095218],[-122.27953749016531,47.50778262895304],[-122.27952000832599,47.507791831547],[-122.27950263019973,47.50780112604467],[-122.27948535983175,47.5078105123946],[-122.27946820119146,47.50781998780424],[-122.27945115030944,47.5078295550662],[-122.27943421123099,47.507839214129014],[-122.27941737975875,47.50784895956227],[-122.2794006681808,47.50785879669341],[-122.27938406420903,47.50786872019513],[-122.27936758005546,47.50787873265381],[-122.2793512115987,47.5078888313801],[-122.27933495479341,47.50789901642553],[-122.27931882177575,47.50790928763568],[-122.2793028043788,47.507919642372464],[-122.27928691076941,47.50793008327406],[-122.27927113278079,47.50794060770249],[-122.2792554825491,47.507951215503276],[-122.27923995190751,47.507961904038474],[-122.2792245449774,47.507972675997614],[-122.27920926175887,47.507983531380795],[-122.27919410614523,47.50799446465455],[-122.27917907416709,47.50800547861139],[-122.27916417383925,47.50801657040732],[-122.27914940119234,47.50802774283499],[-122.2791347561504,47.508038993153455],[-122.27912024268274,47.50805031857014],[-122.27910585682014,47.50806172187774],[-122.27909160657724,47.50807320023213],[-122.27907748798476,47.50808475642602],[-122.27906350493615,47.50809638492591],[-122.27904965338591,47.508108085783284],[-122.27903594150098,47.50811986163629],[-122.27902236111456,47.50813170984691],[-122.27900892031751,47.5081436303122],[-122.27899561903382,47.508155620291184],[-122.27898245321815,47.50816767983547],[-122.27896942691598,47.50817980889357],[-122.27895654417267,47.508192007414046],[-122.27894380086694,47.50820427270735],[-122.2789311969988,47.50821660477369],[-122.27891873668976,47.50822900630251],[-122.27890642383319,47.508241471760414],[-122.27889425033844,47.50825400125037],[-122.27888222429628,47.50826659466948],[-122.27887034570679,47.50827925201779],[-122.27885861044868,47.50829197060581],[-122.27884702264338,47.50830475312314],[-122.27883558213904,47.508317594087735],[-122.27882428908757,47.5083304989817],[-122.27881314730662,47.50834345953058],[-122.27880215694813,47.50835648121643],[-122.27879131381488,47.508369558608806],[-122.2787806260737,47.50838269434566],[-122.27877008555791,47.508395885789085],[-122.27875970043429,47.50840913557718],[-122.27874946642966,47.50842243553837],[-122.27873938774145,47.5084357911033],[-122.27872946429378,47.50844919953102],[-122.27871969204132,47.508462660872944],[-122.27871007899898,47.50847617228522],[-122.27870062119749,47.50848973656037],[-122.27869132253025,47.50850334816492],[-122.27868217498265,47.508517009942906],[-122.27867319061498,47.50853071899887],[-122.2786643613365,47.508544475435826],[-122.27865569516219,47.508558276409865],[-122.27864718407734,47.508572124764925],[-122.27863883609689,47.50858601765721],[-122.27863064717548,47.50859995513811],[-122.27862262128271,47.50861393441515],[-122.27861475437318,47.50862795553998],[-122.27860705049251,47.508642018461],[-122.27859950956487,47.508656120437365],[-122.27859212762081,47.50867026426153],[-122.27858491259936,47.50868444434856],[-122.27857786053133,47.50869866349096],[-122.27857097538612,47.50871291889628],[-122.27856425319455,47.50872721335707],[-122.27855769372862,47.50874153865031],[-122.27855130118603,47.50875590020652],[-122.27854507549077,47.5087702952848],[-122.27853901664308,47.508784723885135],[-122.27853312456709,47.508799183266554],[-122.27852739514145,47.508813670739556],[-122.27852183660916,47.508828191683165],[-122.278516444773,47.508842740666964],[-122.27851122367845,47.508857317639425],[-122.27850616928026,47.508871922652126],[-122.2785012815026,47.508886552963986],[-122.27849656439099,47.508901208523596],[-122.27849201794567,47.50891588933099],[-122.27848763804526,47.50893059269662],[-122.27848342873534,47.50894531856912],[-122.27847939001609,47.50896006694839],[-122.27847552188766,47.50897483783452],[-122.27847182419823,47.50898962574546],[-122.2784682970999,47.5090044361633],[-122.27846494036481,47.50901926086501],[-122.27846175414513,47.5090341053326],[-122.27845873836496,47.50904896682507],[-122.27845589699407,47.50906384254999],[-122.27845322606295,47.50907873529986],[-122.2784507254199,47.509093639592656],[-122.2784463741193,47.50912251586154],[-122.27844262688096,47.50915143105728],[-122.27843945119011,47.50918038010981],[-122.27843680621308,47.50920934982878],[-122.27843465958684,47.50923834062617],[-122.27843296666003,47.50926734758614],[-122.27843169476563,47.50929636015657],[-122.27843079947992,47.509325381644665],[-122.27843025233318,47.50935440692879],[-122.27843006030258,47.5093737594902],[-122.27842998559105,47.50939311055879],[-122.27843003224433,47.50941246008309],[-122.27843020269673,47.5094342319381],[-122.27843047428671,47.50945600250614],[-122.27843084701443,47.50947777178727],[-122.27843131683447,47.50949953983297],[-122.27843240615921,47.509543074019724],[-122.27843363707868,47.50958660640475],[-122.27844090034975,47.50984076087924]]},"properties":{"LINK_TYPE":1,"DESCRIPTION":"Central Link","SEGMENT":"E","STATUS":"COMPLETE"}},{"type":"Feature","geometry":{"type":"LineString","coordinates":[[-122.28703726790225,47.463658984028335],[-122.28685473455677,47.46361794156277]]},"properties":{"LINK_TYPE":1,"DESCRIPTION":"Central Link","SEGMENT":"E","STATUS":"COMPLETE"}},{"type":"Feature","geometry":{"type":"LineString","coordinates":[[-122.28703726790225,47.463658984028335],[-122.28670196914662,47.46353873031839]]},"properties":{"LINK_TYPE":1,"DESCRIPTION":"Central Link","SEGMENT":"E","STATUS":"COMPLETE"}},{"type":"Feature","geometry":{"type":"LineString","coordinates":[[-122.2870075004307,47.46369715260163],[-122.28667220149843,47.46357689880367]]},"properties":{"LINK_TYPE":1,"DESCRIPTION":"Central Link","SEGMENT":"E","STATUS":"COMPLETE"}},{"type":"Feature","geometry":{"type":"LineString","coordinates":[[-122.2870075004307,47.46369715260163],[-122.28685473455677,47.46361794156277]]},"properties":{"LINK_TYPE":1,"DESCRIPTION":"Central Link","SEGMENT":"E","STATUS":"COMPLETE"}},{"type":"Feature","geometry":{"type":"LineString","coordinates":[[-122.28685473455677,47.46361794156277],[-122.28667220149843,47.46357689880367]]},"properties":{"LINK_TYPE":1,"DESCRIPTION":"Central Link","SEGMENT":"E","STATUS":"COMPLETE"}},{"type":"Feature","geometry":{"type":"LineString","coordinates":[[-122.28685473455677,47.46361794156277],[-122.28670196914662,47.46353873031839]]},"properties":{"LINK_TYPE":1,"DESCRIPTION":"Central Link","SEGMENT":"E","STATUS":"COMPLETE"}},{"type":"Feature","geometry":{"type":"LineString","coordinates":[[-122.28670196914662,47.46353873031839],[-122.28647181438056,47.46345618589322],[-122.28643794001582,47.463444023053555],[-122.28640401495375,47.46343192666069],[-122.28637003904161,47.463419891232604],[-122.28633601250827,47.463407924992204],[-122.28631326700047,47.46340002596555],[-122.28629046689699,47.4633921989249],[-122.28626761631615,47.463384446559544],[-122.28623321172967,47.46337298691192],[-122.28619863976651,47.463361759723306],[-122.28616388517442,47.463350798092634],[-122.28612892873548,47.46334013791152],[-122.28609375115528,47.46332981233055],[-122.2860583414523,47.463319862619706],[-122.28602268833949,47.463310319085075],[-122.28600520096978,47.463305821281985],[-122.28598765587405,47.46330142841042],[-122.2859700491629,47.46329714600411],[-122.28595238876737,47.46329296847759],[-122.28593467476368,47.46328889857176],[-122.28591690715179,47.46328493628664],[-122.28589908600784,47.46328108436318],[-122.28588121933932,47.463277339956875],[-122.28586329906227,47.463273703171204],[-122.28584533333672,47.46327017664364],[-122.28582732216259,47.46326676037419],[-122.28580926546339,47.4632634516218],[-122.2857911674336,47.46326025581673],[-122.28577302387856,47.463257167528646],[-122.28575484303462,47.46325419213618],[-122.28573662474906,47.46325132415715],[-122.28571836513248,47.46324856912541],[-122.28570007226845,47.46324592693736],[-122.28568174600444,47.463243392111096],[-122.2856633865692,47.46324097286949],[-122.2856449978518,47.463238663678865],[-122.28562657588665,47.463236467331946],[-122.28560812868108,47.46323438098417],[-122.2855896522694,47.46323240742838],[-122.28557115076963,47.46323054935373],[-122.28555262402915,47.46322880127823],[-122.28553407616599,47.46322716589117],[-122.28551550718005,47.463225643192494],[-122.28549692118942,47.463224235871515],[-122.2854783139995,47.46322293849792],[-122.28545969384649,47.46322175645027],[-122.28544105661216,47.46322068703924],[-122.28542240633818,47.46321973021311],[-122.28540374310084,47.46321888871288],[-122.28537625188355,47.4632178530799],[-122.28534873885711,47.46321705078748],[-122.28532121584172,47.463216470716375],[-122.28530057039696,47.463216175540275],[-122.28527991984303,47.463215987362915],[-122.28525926829812,47.463215908873586],[-122.28523861568567,47.463215937331334],[-122.28521796566616,47.46321605897936],[-122.28519731396882,47.463216265646395],[-122.28517666882995,47.46321656271103],[-122.28515602201301,47.463216944794624],[-122.28512850006642,47.463217565649366],[-122.28510098544018,47.46321830430877],[-122.28507347813414,47.46321916077287],[-122.28504304906254,47.46322021913012],[-122.28501263127616,47.46322139249789],[-122.28498222088541,47.46322268640993],[-122.28495182185574,47.46322409807346],[-122.2849214383051,47.46322563017778],[-122.28489106603888,47.463227277292695],[-122.28486070513316,47.46322904215908],[-122.28483036374772,47.463230927414656],[-122.28480003768802,47.46323292762912],[-122.28476973114827,47.46323504823272],[-122.28473943993383,47.46323728379527],[-122.28470916823885,47.46323963974697],[-122.28467891995261,47.463242110554226],[-122.28464868714357,47.463244701802374],[-122.28461848178482,47.46324740785441],[-122.28458829991035,47.463250231503025],[-122.28455814159636,47.463253175489214],[-122.28452800661384,47.46325623159002],[-122.28449789923326,47.46325940797682],[-122.28446781937814,47.46326270190851],[-122.28443776697208,47.46326611064419],[-122.28440774613301,47.4632696368732],[-122.28437775274257,47.46327327790627],[-122.28434779099499,47.46327703917364],[-122.28431786470333,47.46328091240074],[-122.2842879660122,47.46328490591395],[-122.28425810681846,47.463289011335206],[-122.28422827926677,47.46329323699098],[-122.28419849121212,47.463297574554815],[-122.28416873876488,47.46330202956053],[-122.28413902184859,47.46330659926705],[-122.28410934862305,47.4633112863122],[-122.28407971092818,47.463316088058185],[-122.28405011684754,47.463321004401834],[-122.2840205663809,47.46332603534312],[-122.28399105548631,47.46333118093371],[-122.28396158820539,47.46333644112203],[-122.28393216857981,47.463341815856374],[-122.28390279249146,47.46334730244749],[-122.28387346817622,47.46335290627411],[-122.2838441873978,47.463358621957546],[-122.2838149542741,47.46336445218722],[-122.28378577284688,47.463370396911415],[-122.28375664303975,47.46337645338925],[-122.28372756492872,47.46338262436178],[-122.28369853439551,47.46338890713956],[-122.28366956356572,47.46339530156786],[-122.28364064443156,47.46340181049088],[-122.28361178095854,47.46340843111607],[-122.28358297307037,47.463415160702404],[-122.28355422496122,47.46342200468038],[-122.28352553251266,47.463428960360616],[-122.2834968997666,47.46343602769152],[-122.28346833076476,47.463443206621506],[-122.28343981734689,47.4634504945129],[-122.28341137171489,47.46345789395176],[-122.28338298578473,47.46346540504145],[-122.28335466352198,47.46347302498941],[-122.28332640492647,47.46348075379568],[-122.2832982141162,47.46348859414962],[-122.28327009101483,47.463496543310285],[-122.28324203158033,47.46350460132938],[-122.28321404389635,47.4635127681037],[-122.2831861239208,47.463521043684885],[-122.28315827561943,47.463529425280356],[-122.28313049914428,47.463537918372225],[-122.28310279434297,47.463546517478456],[-122.28307516129158,47.46355522534008],[-122.28304760395562,47.463564039164645],[-122.28302011829314,47.46357295900375],[-122.2829927124639,47.46358198749513],[-122.28296538234981,47.46359112194954],[-122.28293812795067,47.46360036236709],[-122.2829109533084,47.46360970869611],[-122.2828838583466,47.463619158195655],[-122.28285684321753,47.46362871634784],[-122.28282990776874,47.463638377670684],[-122.28280305604203,47.463648142112646],[-122.28277628811345,47.46365801241473],[-122.28274960390678,47.46366798583607],[-122.28272300342189,47.46367806237662],[-122.28269648665871,47.46368824203653],[-122.282670057659,47.46369852476416],[-122.28264371642268,47.46370891055964],[-122.28261746699165,47.463719399371335],[-122.28259130120571,47.46372998856167],[-122.2825652271487,47.463740678027314],[-122.28253924489661,47.463751470509415],[-122.28251335033134,47.46376236331863],[-122.28248755153665,47.463773356351794],[-122.28246184447049,47.4637844496606],[-122.28243623317478,47.4637956431935],[-122.28241071757323,47.46380693420948],[-122.28238529369995,47.46381832550128],[-122.28235996956272,47.46382981422472],[-122.28233474523749,47.463841403120895],[-122.28230961256419,47.46385308955204],[-122.28228458359253,47.46386487062247],[-122.2822596544327,47.463876751865726],[-122.28223482493233,47.46388872780001],[-122.28221009920951,47.463900801114676],[-122.2821854731461,47.46391296912048],[-122.28216095086002,47.46392523450683],[-122.28213653227519,47.46393759453281],[-122.28211222143345,47.463950049146796],[-122.28208801017476,47.463962595711244],[-122.28206391077721,47.46397523955325],[-122.2820399149284,47.46398797255317],[-122.28201603094057,47.464000802830846],[-122.28199225454344,47.464013722214894],[-122.28196858588913,47.464026736187485],[-122.28194502894345,47.46403984195601],[-122.28192157958831,47.46405303683112],[-122.28189824598371,47.464066323450744],[-122.28187502408763,47.464079701866524],[-122.28185191786596,47.46409316928592],[-122.28182892327668,47.464106725760665],[-122.28180604031975,47.4641203712907],[-122.28178327715517,47.46413410851399],[-122.28176062951272,47.46414792925921],[-122.28171431386099,47.46417668603416],[-122.28166843978039,47.46420576619038],[-122.28162294923726,47.46423511837156],[-122.28157777634262,47.464264699547584],[-122.28153286313913,47.46429446110293],[-122.2814881396198,47.46432435731778],[-122.28144353127892,47.46435432607781],[-122.28139902606667,47.46438437027886],[-122.28102946081023,47.46463374412789],[-122.28098646676706,47.46466274612468],[-122.28094339847486,47.46469169695426],[-122.28091462153441,47.46471094805436],[-122.28088576228734,47.464730148099356],[-122.28086406321674,47.46474451043749],[-122.28084228985692,47.46475881887945],[-122.28082044228395,47.46477307616625],[-122.28079852453985,47.46478728224637],[-122.28077284506406,47.46480377375818],[-122.28074705003809,47.46482018173671],[-122.28072113541992,47.464836506233446],[-122.2806951050995,47.4648527417147],[-122.280668959229,47.46486889366244],[-122.28064269773232,47.46488495933557],[-122.2806163205335,47.46490093599295],[-122.28058983175066,47.46491682632397],[-122.28056322734172,47.46493263038018],[-122.2805365112728,47.4649483453689],[-122.28050967950185,47.46496397134158],[-122.28048274018899,47.46497951093604],[-122.2804556892162,47.46499496146277],[-122.28042852246558,47.46501032023221],[-122.28040125213917,47.46502558983068],[-122.280373870153,47.46504077036119],[-122.28034638054913,47.46505586177204],[-122.28031878325163,47.46507086132227],[-122.28029107826056,47.46508576901171],[-122.28026326557588,47.4651005848403],[-122.28023534923986,47.4651153087564],[-122.28020732528636,47.46512994355254],[-122.28017919752956,47.465144480954045],[-122.28015096619751,47.46515892918384],[-122.28012263113828,47.46517328275988],[-122.28009419647003,47.4651875443715],[-122.2800656579987,47.465201708588225],[-122.28003701587636,47.465215780891924],[-122.28000827406925,47.46522975849],[-122.27997943661944,47.465243641330865],[-122.27995049544288,47.465257429517436],[-122.27992145862382,47.46527112294666],[-122.27989232204415,47.465284718928956],[-122.27986308974621,47.46529821741271],[-122.2798337577639,47.46531162119039],[-122.27980433410548,47.46532492741789],[-122.27977481068687,47.46533813619806],[-122.27974519963452,47.46535124737645],[-122.27971548889809,47.46536426384842],[-122.27968569045204,47.465377179977345],[-122.27965579621235,47.46538999586622],[-122.27962581037312,47.465402716945455],[-122.27959573270647,47.465415334991945],[-122.27956556740666,47.46542785543613],[-122.27953531447368,47.46544027827795],[-122.27950496971367,47.46545259808683],[-122.27947453732072,47.46546482029318],[-122.2794440171431,47.46547693941487],[-122.27941341337483,47.46548896088242],[-122.27938272182215,47.4655008792652],[-122.279351942561,47.46551269730417],[-122.2793210835998,47.46552441215527],[-122.2792901369304,47.46553602666236],[-122.27925911063721,47.46554754072247],[-122.27922800052625,47.46555894890496],[-122.27919681079166,47.465570256640255],[-122.2791655373156,47.465581461238834],[-122.27913418810634,47.465592559856574],[-122.27910275523183,47.465603558078435],[-122.2790712467004,47.465614453060425],[-122.2790396583941,47.46562524211287],[-122.2790079944312,47.46563592792522],[-122.27897625473587,47.46564650775643],[-122.2789444393841,47.46565698434743],[-122.2789125483003,47.46566735495721],[-122.27888058560242,47.46567762227514],[-122.27884854709683,47.46568778087072],[-122.2788164369776,47.46569783617431],[-122.27878425516886,47.46570778544489],[-122.27875200167087,47.46571762868242],[-122.27871968044995,47.465727363094345],[-122.27868728761598,47.465736994214026],[-122.2786548270594,47.46574651650805],[-122.2786222988562,47.465755932717194],[-122.27858970293074,47.465765240100524],[-122.27855703935913,47.46577444139892],[-122.27852431210759,47.4657835338199],[-122.27849151713426,47.46579251741483],[-122.27846648945363,47.46579929898707],[-122.27844141517774,47.465806004371814],[-122.27841629819692,47.465812628035614],[-122.27839113454505,47.46581917277093],[-122.2783659242982,47.465825641318666],[-122.27834067134678,47.46583202814532],[-122.27831340712318,47.46583879429253],[-122.27828608715704,47.46584544598011],[-122.27825870359199,47.46585199153383],[-122.27823126832679,47.46585842257637],[-122.27820377342911,47.46586474469255],[-122.27817622278963,47.46587095234883],[-122.27814861648417,47.46587704828624],[-122.27812095863106,47.46588303519428],[-122.27809324907854,47.46588890759086],[-122.27806548790277,47.465894668216976],[-122.27803767907012,47.465900314280084],[-122.27800981861449,47.46590584857263],[-122.2779819064602,47.4659112683536],[-122.27795395076748,47.46591657626102],[-122.27792594749448,47.46592177234633],[-122.27789790053164,47.465926851076],[-122.27786981003091,47.465931817932066],[-122.27784167187446,47.46593667022488],[-122.27781349422258,47.46594141059248],[-122.27778527288166,47.46594603360437],[-122.27775701601182,47.46595054189856],[-122.27772871552914,47.46595493557795],[-122.27770037959382,47.46595921728061],[-122.27767200401229,47.46596338157591],[-122.2776435929026,47.46596743115341],[-122.27761514618909,47.4659713632721],[-122.27758666799001,47.46597518062149],[-122.2775581542633,47.46597888325298],[-122.27752960905138,47.46598247111511],[-122.2775010322785,47.465985941466904],[-122.27747242402071,47.4659892970493],[-122.27744378824451,47.465992535069795],[-122.27741512502591,47.465995658269385],[-122.27738643428917,47.465998663907065],[-122.27735771611049,47.46600155472388],[-122.27732897445622,47.466004327927294],[-122.27730020528443,47.466006983568654],[-122.27727141675551,47.46600952428623],[-122.27724260879361,47.4660119473389],[-122.27721377331487,47.46601425282958],[-122.2771849224458,47.46601644060389],[-122.27715605222014,47.466018513454266],[-122.27712716652881,47.466020465847286],[-122.27709826148138,47.466022303316365],[-122.27706934104435,47.46602402306903],[-122.27704040521799,47.46602562510525],[-122.27701145407823,47.466027112166124],[-122.27698249151574,47.46602847871808],[-122.27695352164879,47.46602972745081],[-122.27692453646904,47.46603086120805],[-122.27689554390929,47.466031874404976],[-122.27686654412143,47.466032772523626],[-122.27683753298761,47.466033552874336],[-122.27680851851667,47.46603421261334],[-122.27677949681815,47.46603475727397],[-122.27675047185852,47.4660351840639],[-122.27672144356231,47.466035490242064],[-122.27669241612334,47.46603568123904],[-122.27666338138185,47.4660357544167],[-122.27663435146434,47.46603570962074],[-122.27660532232889,47.46603554690265],[-122.27657629389996,47.46603526352135],[-122.2765472663293,47.46603486495891],[-122.27651824358347,47.46603434842287],[-122.27648922978051,47.466033716602894],[-122.27646021668485,47.46603296411972],[-122.27643121245671,47.46603209361159],[-122.27640222113841,47.46603110502707],[-122.27637323472172,47.466030001210015],[-122.27634425717316,47.466028779368024],[-122.27631529253499,47.46602743944968],[-122.27628634080747,47.466025981454976],[-122.27625740199078,47.466024405383955],[-122.27622848020305,47.46602271392626],[-122.27619957132656,47.46602090439223],[-122.27617067940358,47.466018976730524],[-122.27614180443429,47.46601693094109],[-122.27611294649482,47.466014769765074],[-122.27608410955149,47.466012490409966],[-122.27605529368049,47.46601009561685],[-122.27602649880608,47.46600758264473],[-122.2759977290465,47.466004954183205],[-122.27596898028384,47.46600220754274],[-122.27594025663629,47.46599934541293],[-122.27591156207049,47.46599636500138],[-122.27588288857797,47.46599326915188],[-122.27585424828547,47.46599005771039],[-122.27582563310878,47.46598673077961],[-122.27579705105663,47.465983285515804],[-122.27576849823863,47.46597972745241],[-122.27573997450342,47.465976051107404],[-122.27571148801123,47.465972259119134],[-122.27568303471998,47.46596835153887],[-122.27565461463004,47.46596432836682],[-122.27562623185942,47.46596019229246],[-122.27559788625669,47.46595593783392],[-122.27556957797364,47.46595157047319],[-122.27554130693467,47.465947087469296],[-122.27551308129998,47.46594249146058],[-122.27548489290972,47.46593777980877],[-122.27545674580612,47.465932952462495],[-122.2754286441074,47.46592801211142],[-122.27540058377143,47.46592295880704],[-122.2753725728827,47.465917792446575],[-122.27534460328141,47.46591251039175],[-122.27531668312773,47.46590711528096],[-122.27528881242175,47.465901607114205],[-122.27523074697316,47.4658897483449],[-122.27517287580784,47.4658774565881],[-122.27511517656781,47.4658648006775],[-122.27505762659194,47.465851838482706],[-122.27500019528588,47.46583863345796],[-122.27494285998802,47.465825243472736],[-122.27488557049884,47.465811754166026],[-122.27482833886936,47.46579816264283],[-122.27326556331965,47.465427364174374],[-122.27321446235014,47.46541523229685],[-122.27316332302567,47.46540317491648],[-122.27311214130397,47.465391192084475],[-122.27307798578207,47.46538327615855],[-122.27304379211854,47.46537544296544],[-122.27300955207772,47.46536768712574],[-122.27295810268069,47.46535625875719],[-122.27290651931979,47.465345103520114],[-122.27285478314496,47.46533427100894],[-122.27280288743229,47.46532381066414],[-122.27275080921383,47.465313769390384],[-122.27272525677314,47.465309020881115],[-122.27269965893208,47.46530438536291],[-122.27267401973273,47.46529986278424],[-122.27264833909928,47.46529545040419],[-122.27262261306502,47.465291151014995],[-122.27259684971405,47.46528696451409],[-122.27257104500404,47.46528289095275],[-122.27254520701916,47.465278930228315],[-122.27251932767483,47.46527508244335],[-122.27249341101322,47.46527134754662],[-122.27246746115166,47.465267728227765],[-122.2724414780145,47.46526422174577],[-122.27241546160157,47.46526082810064],[-122.27238941191263,47.4652575472923],[-122.2723633330652,47.4652543820105],[-122.27233722498362,47.465251329514246],[-122.27231108774329,47.46524839254448],[-122.27228492538602,47.46524557104999],[-122.27225873379402,47.465242862340894],[-122.27223251708489,47.46524026910706],[-122.27220627930038,47.46523779129709],[-122.27218001632272,47.46523542622132],[-122.27215372822735,47.46523317662064],[-122.27212742309828,47.46523104239259],[-122.27210109689322,47.46522902358843],[-122.27207475365401,47.46522712015685],[-122.27204839338056,47.46522533209782],[-122.27202201203059,47.46522365946267],[-122.27199562173014,47.465222102097556],[-122.27196921035285,47.46522066015624],[-122.27194279002474,47.465219333484946],[-122.2719163567036,47.46521812213496],[-122.27188991450681,47.46521702879602],[-122.27186345924109,47.46521604803731],[-122.27183699914154,47.465215185238364],[-122.27181052604816,47.46521443776073],[-122.27178404804498,47.46521380550182],[-122.27175756917396,47.46521328841043],[-122.2717310814263,47.46521288933007],[-122.27170458869276,47.46521260272747],[-122.27167809920834,47.46521243398213],[-122.27165160488892,47.465212383196544],[-122.27162510962513,47.46521244483747],[-122.27159861761,47.465212624335656],[-122.27157212876782,47.465212918950115],[-122.27154564317398,47.46521333142196],[-122.27151916067724,47.465213856268974],[-122.27149367135875,47.465214472717044],[-122.27146819329678,47.46521520417929],[-122.27144271833143,47.465216048017346],[-122.27141725469765,47.46521700961073],[-122.27139689110315,47.46521786817678],[-122.27137653381621,47.46521880891829],[-122.27135618687895,47.46521983178403],[-122.27133584640013,47.46522094230728],[-122.27131552031283,47.46522213490356],[-122.27129520472587,47.46522341510609],[-122.2712749039079,47.465224791086676],[-122.27125461374115,47.46522626015561],[-122.2712343423852,47.46522782495141],[-122.2712140857224,47.465229482784366],[-122.27119384794568,47.46523123908516],[-122.27117362920609,47.465233099335975],[-122.27115343346993,47.46523506074448],[-122.27113325684623,47.46523712884396],[-122.27111310726785,47.465239298049994],[-122.27109226354426,47.465241662501484],[-122.2710714513609,47.46524414445416],[-122.27105066660005,47.46524674121821],[-122.27102991734566,47.46524945269117],[-122.27100919963102,47.46525228166543],[-122.27098851734715,47.46525522260761],[-122.27096787064484,47.465258280999834],[-122.27094726356613,47.46526145679095],[-122.27092669191774,47.46526474455001],[-122.2709061638592,47.46526814691588],[-122.27088567939039,47.46527166388835],[-122.2708652344691,47.46527529551876],[-122.27084483717935,47.465279041704726],[-122.27082448340353,47.46528289975638],[-122.27080418130103,47.465286872312454],[-122.27078392271214,47.46529095673434],[-122.27076371983851,47.46529515560939],[-122.27074356452033,47.46529946629912],[-122.27072346484161,47.46530388870116],[-122.27070341676017,47.46530842286662],[-122.27068342431804,47.46531306874445],[-122.27066349163263,47.46531782902445],[-122.27064361443524,47.46532269553482],[-122.27062380103646,47.46532767639617],[-122.27060404320093,47.465332766229004],[-122.27058435305494,47.46533796487972],[-122.2705647225896,47.4653432751917],[-122.27054515981351,47.46534869432163],[-122.27052566068447,47.465354222320755],[-122.27050622916903,47.465359856396866],[-122.27048686946013,47.46536560198082],[-122.2704675814066,47.46537145359067],[-122.27044836104187,47.46537741401866],[-122.27042921637445,47.46538348042139],[-122.27041014336226,47.465389652850085],[-122.27039114604715,47.46539593125358],[-122.27037222847122,47.465402315580796],[-122.27035338659229,47.46540880588291],[-122.27033462445237,47.46541540210878],[-122.2703159419004,47.46542209877642],[-122.27029734320483,47.46542890405775],[-122.27027882409702,47.4654358097809],[-122.2702603927366,47.46544281858458],[-122.27024204515682,47.46544993326102],[-122.27022378921545,47.46545714548489],[-122.2702056170546,47.46546446358162],[-122.27018753248987,47.46547187927702],[-122.27016953971423,47.46547939800192],[-122.27015164261883,47.46548701422333],[-122.27013383319476,47.465494730784464],[-122.27011612356839,47.46550254753196],[-122.27009850557994,47.46551046182713],[-122.27008098334693,47.46551847635994],[-122.27006356076039,47.46552658559716],[-122.27004623789585,47.46553479227981],[-122.27002901071108,47.46554309645924],[-122.27001189125683,47.46555149524084],[-122.26999486740694,47.465559988778274],[-122.2699779512875,47.465568576917974],[-122.26996113893182,47.46557726245221],[-122.26994443415568,47.465586037106895],[-122.26992783306783,47.465594906415085],[-122.26991134367695,47.46560386753364],[-122.26989496194092,47.465612920513706],[-122.26987869190181,47.465622065304174],[-122.26986252944204,47.465631299215296],[-122.26984648272126,47.465640624885715],[-122.2698305476219,47.46565003962565],[-122.26981472811049,47.46565954064299],[-122.26979902426261,47.465669130678776],[-122.2697834400448,47.46567880694095],[-122.26976797149042,47.46568857222165],[-122.26975261844859,47.46569842103892],[-122.26973738907894,47.4657083560315],[-122.26972228338148,47.46571837719942],[-122.269707293121,47.46572847916304],[-122.26969243057485,47.46573866725099],[-122.26967769155002,47.46574893603238],[-122.26966307612183,47.46575928824833],[-122.26964858818164,47.465769718365685],[-122.26963422383818,47.46578023191761],[-122.26961999102478,47.46579082331993],[-122.2696058857748,47.4658014953648],[-122.26959191205498,47.46581224526004],[-122.2695780658232,47.46582307305697],[-122.26956435516367,47.465833978653215],[-122.26955077588342,47.46584495661802],[-122.2695373281334,47.46585601243349],[-122.26952401588025,47.46586714330743],[-122.26951083904859,47.46587834649886],[-122.26949780175605,47.465889624697745],[-122.26948489584296,47.4659009752654],[-122.26947213336028,47.46591239530743],[-122.26945950629919,47.46592388766715],[-122.26944702266866,47.46593544950128],[-122.26943467438436,47.46594708091222],[-122.26942247349733,47.46595877900553],[-122.2694104079567,47.46597054667571],[-122.2693984898134,47.46598238102839],[-122.26938671502542,47.46599428211471],[-122.26937508755955,47.46600624714253],[-122.26936360337362,47.466018276163055],[-122.26935226246768,47.46603036917641],[-122.26934107292608,47.466042526080265],[-122.26933003063138,47.466054744184795],[-122.26931913558364,47.46606702349004],[-122.26930838778283,47.466079363996116],[-122.26929779523788,47.46609176285967],[-122.26928734986468,47.46610422018307],[-122.26927705570542,47.46611673591523],[-122.26926691276012,47.46612931005617],[-122.2692569249201,47.466141937072756],[-122.26924709233644,47.466154622447064],[-122.2692374108161,47.466167360748216],[-122.26922788440139,47.46618015192518],[-122.26921851316777,47.46619299871891],[-122.26920929696448,47.46620589564753],[-122.26920023983371,47.466218842659885],[-122.26919134177562,47.46623183975597],[-122.26918259874822,47.46624488698698],[-122.26917401471812,47.466257981560844],[-122.26916558968566,47.466271123477576],[-122.26915732365075,47.466284312737194],[-122.26914921661358,47.466297549339714],[-122.26914127246559,47.466310827752054],[-122.26913349128218,47.46632415071524],[-122.26912586902132,47.46633751828039],[-122.26911840957463,47.466350924914444],[-122.26911111309283,47.46636437609948],[-122.269103983392,47.46637786356124],[-122.26909701253878,47.46639139288415],[-122.2690902085422,47.46640496122495],[-122.26908356728474,47.46641856589373],[-122.26907709280877,47.466432206839464],[-122.26907078511427,47.46644588406208],[-122.26906464015934,47.466459597612825],[-122.26905866587745,47.46647334190738],[-122.26905285425998,47.46648711978909],[-122.2690472133912,47.4665009311557],[-122.26904173915376,47.4665147733173],[-122.2690364314723,47.466528643532996],[-122.26903129446463,47.46654254449266],[-122.2690263240132,47.46655647350637],[-122.2690215240849,47.466570427782074],[-122.26901257658022,47.4665979442039],[-122.26900425016007,47.46662554873589],[-122.26899651630391,47.46665323351314],[-122.26898934634023,47.4666809851887],[-122.26898270785692,47.46670880143082],[-122.26897656402254,47.46673666625373],[-122.26897088654258,47.46676458001548],[-122.26896564270301,47.46679252942022],[-122.26896080016694,47.46682051487712],[-122.26895632225354,47.46684852588241],[-122.26895218066788,47.466876562794155],[-122.26894958975807,47.46689526562581],[-122.26894711629669,47.46691397519742],[-122.26894476432604,47.466932691457835],[-122.2689422423855,47.4669537542503],[-122.2689398257666,47.46697482393613],[-122.26893751843649,47.4669958977232],[-122.26893531231063,47.46701697571383],[-122.2689315680904,47.4670544591577],[-122.26892794124002,47.467091946600505],[-122.26892443587741,47.467129440732144],[-122.26883633141176,47.46807121449361],[-122.26883135339042,47.468124265977494],[-122.26882651706589,47.46817732389451],[-122.26882181839633,47.468230388295886],[-122.26881737071777,47.46828346323181],[-122.26881325495265,47.46833655042075],[-122.26880956010865,47.46838965147869],[-122.26880637107575,47.468442765331964],[-122.26880376481076,47.468495896491],[-122.26880183017126,47.4685490410899],[-122.26880117056143,47.46857415762548],[-122.26880067676221,47.468599274805584],[-122.26880035693397,47.46862439526891],[-122.26880020284146,47.46864951363581],[-122.26880021867811,47.468674635337116],[-122.26880040025097,47.468699754941966],[-122.26880075167806,47.468724875140204],[-122.26880127288423,47.46874999319085],[-122.2688019598273,47.46877510914503],[-122.26880281654994,47.46880022295155],[-122.26880383901002,47.46882533466163],[-122.26880503521707,47.46885044143192],[-122.26880639716208,47.468875546105735],[-122.26880792469439,47.468900643200996],[-122.26880962200744,47.468925738148656],[-122.26881148902606,47.468950828207646],[-122.26881352567514,47.46897591063693],[-122.26881572791252,47.46900098548768],[-122.26881809581388,47.46902605550086],[-122.26882063731325,47.46905111509217],[-122.2688233444771,47.46907616984594],[-122.26882621715485,47.46910121428008],[-122.26882925946444,47.46912625108446],[-122.26883247125532,47.46915127477706],[-122.26883584863616,47.46917629089103],[-122.26883939557415,47.469201296634175],[-122.26884743775834,47.469254175189846],[-122.26885614589786,47.469307006933384],[-122.26886543510447,47.469359792938576],[-122.26887522857433,47.46941253417679],[-122.26888543363513,47.469465242788125],[-122.2688959734825,47.469517919744135],[-122.26890675941043,47.469570574392655],[-122.26891768654308,47.46962321628638],[-122.268928750763,47.46967584273534],[-122.26935899007647,47.471724867702]]},"properties":{"LINK_TYPE":1,"DESCRIPTION":"Central Link","SEGMENT":"E","STATUS":"COMPLETE"}},{"type":"Feature","geometry":{"type":"LineString","coordinates":[[-122.28667220149843,47.46357689880367],[-122.28643622671946,47.46349226817011],[-122.28640324675672,47.463480425645365],[-122.28637021601944,47.46346864682692],[-122.28633713862577,47.46345693440398],[-122.28630401442291,47.46344528289452],[-122.28628186917183,47.4634375955333],[-122.28625967329023,47.46342997736563],[-122.28623742281259,47.4634224311842],[-122.28620392436662,47.463411277994204],[-122.28617026639783,47.46340034893728],[-122.2861364257227,47.46338968269776],[-122.28610239105454,47.463379309581775],[-122.28606813913343,47.46336926553269],[-122.28603366286694,47.46335958628682],[-122.28599894303703,47.463350307735645],[-122.28598154541743,47.46334583894151],[-122.2859640821405,47.46334148066441],[-122.28594656128983,47.463337232800846],[-122.28592898683101,47.46333309255805],[-122.28591135479837,47.46332906272873],[-122.28589366923366,47.463325143261095],[-122.28587593013675,47.463321334155154],[-122.28585814154953,47.463317635359154],[-122.28584030354813,47.463314049614034],[-122.28582241605623,47.46331057417881],[-122.28580448319188,47.46330721174268],[-122.28578650487869,47.46330395956466],[-122.2857684852347,47.46330082033395],[-122.28575042425985,47.463297794050575],[-122.2857323179122,47.463294880766206],[-122.2857141783172,47.463292080325616],[-122.28569599739109,47.46328939283231],[-122.28567778329374,47.46328682092376],[-122.28565953183063,47.463284359169705],[-122.28564125131426,47.46328201568964],[-122.28562293747385,47.463279782312256],[-122.28560459862179,47.46327766715715],[-122.28558622652177,47.46327566484571],[-122.28556782925735,47.46327377527448],[-122.285549406981,47.463272003925454],[-122.28553096358195,47.46327034526483],[-122.28551249509457,47.463268802085466],[-122.28549400967873,47.46326737702475],[-122.28547550313978,47.46326606465249],[-122.2854569836378,47.46326486760614],[-122.28543844316505,47.46326378873023],[-122.28541989369468,47.46326282238754],[-122.28540132729526,47.4632619741635],[-122.28537442258974,47.46326094747595],[-122.28535647086795,47.46326039299614],[-122.28533851785039,47.46325993724129],[-122.28532055934247,47.4632595747811],[-122.28530035055941,47.46325927950099],[-122.28528014070902,47.463259091168055],[-122.28525992574943,47.463259009834005],[-122.285239713688,47.46325903265443],[-122.28521950017762,47.46325914871707],[-122.28519928903135,47.463259349747105],[-122.28517908024905,47.463259635744656],[-122.28515887787258,47.4632600066579],[-122.28513194175139,47.46326061179161],[-122.2851050087561,47.463261329299925],[-122.285078087123,47.46326216456153],[-122.28504796078835,47.46326320533657],[-122.28501784573899,47.46326436112233],[-122.28498773808529,47.463265637452466],[-122.28495764179272,47.46326703153425],[-122.28492756082674,47.46326854057502],[-122.28489749122153,47.463270167367476],[-122.28486743701878,47.46327191185999],[-122.284837398142,47.46327377131146],[-122.28480737466731,47.46327574846299],[-122.28477736659438,47.46327784331454],[-122.28474737788885,47.46328005307342],[-122.28471740870286,47.46328238322172],[-122.28468745880757,47.46328482553637],[-122.28465753247339,47.46328738818869],[-122.28462762954761,47.46329006569677],[-122.28459774598822,47.46329285811223],[-122.28456788591306,47.46329576812448],[-122.28453805336392,47.46329879568179],[-122.28450824826429,47.46330193804319],[-122.28447846657221,47.46330519526042],[-122.28444871644743,47.463308569971055],[-122.28441899377162,47.46331205948587],[-122.2843892985446,47.463315663804856],[-122.28435963892628,47.46331938556568],[-122.28433000675639,47.46332322213076],[-122.2843004101185,47.46332717339671],[-122.28427084901253,47.46333123936354],[-122.28424131947251,47.463335422823995],[-122.28421182942972,47.46333971819275],[-122.28418237499444,47.463344131003424],[-122.28415295601408,47.46334865577421],[-122.28412357660656,47.463353295194274],[-122.28409424081367,47.463358049212104],[-122.28406494055133,47.46336291793103],[-122.28403568390326,47.46336790124772],[-122.28400647086917,47.46337299916226],[-122.28397730137283,47.463378208933634],[-122.28394817541397,47.46338353056191],[-122.2839190931448,47.46338896952903],[-122.28389006242045,47.46339451750882],[-122.28386107530925,47.463400180086566],[-122.283832135853,47.463405957210675],[-122.28380324794102,47.46341184334746],[-122.28377441172553,47.46341784397905],[-122.28374562308824,47.46342395641607],[-122.28371689011284,47.46343018055531],[-122.28368820875731,47.46343651644839],[-122.28365957909753,47.463442966836375],[-122.28363100898873,47.46344952339298],[-122.28360249057539,47.4634561944446],[-122.28357403178892,47.46346297440593],[-122.2835456286634,47.46346986606968],[-122.28351728928237,47.46347686933253],[-122.28348900548585,47.46348398155695],[-122.28346078131551,47.46349120269121],[-122.28343262088931,47.463498535424755],[-122.28340452413099,47.46350597701665],[-122.2833764869984,47.463513527518565],[-122.2833485175752,47.46352118682725],[-122.28332061181946,47.46352895499442],[-122.28329277377286,47.46353683196844],[-122.28326499939337,47.46354481780099],[-122.28323729676465,47.463552912388856],[-122.28320966176851,47.46356111304277],[-122.2831820984468,47.46356941971106],[-122.28315460283356,47.463577835186484],[-122.28312717889435,47.46358635667646],[-122.28309983074729,47.463594986870305],[-122.2830725541979,47.463603720337844],[-122.28304534939834,47.46361256256098],[-122.28301822435627,47.46362151069561],[-122.28299117495345,47.463630562052366],[-122.28296419722395,47.46363971942395],[-122.28293730329345,47.46364898265548],[-122.28291048500189,47.46365834910938],[-122.282883750433,47.46366781868231],[-122.28285709157888,47.463677394218685],[-122.28283051644716,47.46368707287427],[-122.28280402503778,47.46369685464907],[-122.28277761330857,47.463706739594855],[-122.28275128934347,47.463716727608364],[-122.28272504902422,47.4637268160003],[-122.28269889242684,47.463737007511746],[-122.28267282763517,47.463747302039486],[-122.28264684648899,47.46375769694582],[-122.28262095303022,47.463768192179224],[-122.28259515130073,47.46377878768809],[-122.28256943725842,47.463789483524124],[-122.28254381494516,47.46380027963573],[-122.28251828436086,47.46381117602301],[-122.28249284947123,47.46382216989339],[-122.28246750226852,47.4638332640912],[-122.28244225487842,47.46384445846154],[-122.2824170990647,47.463855747625836],[-122.28239204306342,47.46386713696289],[-122.28236707863837,47.463878621093976],[-122.2823422139495,47.46389020265686],[-122.28231744899679,47.4639018816517],[-122.28229278378015,47.46391365807856],[-122.28226821822334,47.46392552919646],[-122.28224375232631,47.46393749500549],[-122.28221938608905,47.46394955550564],[-122.28219512767151,47.46396171333484],[-122.28217096883746,47.46397396311438],[-122.28214691370488,47.46398630753369],[-122.28212296623968,47.46399874380019],[-122.28209912247588,47.46401127470663],[-122.28207538233734,47.464023897512014],[-122.28205175398409,47.464036614854216],[-122.28202823322181,47.46404942130291],[-122.28200482012662,47.46406231959917],[-122.2819815146985,47.46407530974303],[-122.28195832090327,47.464088388941995],[-122.28193523874084,47.46410155719614],[-122.28191226828737,47.464114817246475],[-122.28188941350868,47.46412816630051],[-122.28186666632071,47.46414160446151],[-122.28184403877339,47.46415512883368],[-122.2818215228587,47.46416874226142],[-122.2817991226187,47.464182444693115],[-122.28175443410913,47.46421024295792],[-122.28171016643203,47.46423834567612],[-122.2816662536221,47.46426670707653],[-122.28162264588195,47.464295281181606],[-122.28157928548265,47.46432402759892],[-122.28153610234072,47.4643528978676],[-122.28149302629696,47.46438184078573],[-122.28145004919124,47.464410853715655],[-122.28107751119626,47.4646622371401],[-122.28103333819654,47.4646920301756],[-122.280989090945,47.46472177204299],[-122.28095952401338,47.464741551466396],[-122.28092987050385,47.464761271662894],[-122.28090757165536,47.4647760227954],[-122.28088519851708,47.46479072003159],[-122.28086274704667,47.46480536342299],[-122.28084022128637,47.464819952918],[-122.28081452159746,47.4648364446971],[-122.28078870635831,47.46485285294295],[-122.28076277556875,47.46486917765538],[-122.28073672915296,47.46488541609348],[-122.28071056711077,47.46490156825706],[-122.28068429356031,47.46491763683545],[-122.28065790034162,47.46493361919075],[-122.28063139950471,47.46494951242722],[-122.28060478311764,47.46496532212986],[-122.28057805507041,47.464981042765025],[-122.28055121543903,47.464996677073636],[-122.28052426414757,47.465012222314634],[-122.28049720119607,47.465027678487935],[-122.28047003070259,47.46504304828293],[-122.28044275251519,47.46505832621747],[-122.2804153667859,47.46507351777354],[-122.2803878693207,47.4650886175206],[-122.28036026827978,47.46510362809645],[-122.28033255962116,47.46511854955263],[-122.28030474731084,47.4651333790964],[-122.28027682730692,47.46514811677934],[-122.28024880365147,47.46516276254973],[-122.28022067237852,47.46517731920012],[-122.28019244142023,47.46519178114526],[-122.28016411085262,47.465206151126125],[-122.28013567259173,47.465220429245754],[-122.28010713876375,47.46523461534944],[-122.28007850120868,47.465248706799116],[-122.2800497639685,47.46526270354321],[-122.2800209270435,47.4652766055816],[-122.27999199455171,47.46529041560381],[-122.27996296229914,47.465304128179156],[-122.27993383448003,47.4653177487381],[-122.27990460690025,47.4653312718501],[-122.27987528367804,47.46534470020448],[-122.2798458688556,47.46535803374974],[-122.27981635823892,47.46537126705527],[-122.27978675205601,47.46538440834402],[-122.27975705412116,47.465397449341346],[-122.27972726458638,47.465410395529204],[-122.27969738329989,47.46542324142555],[-122.27966741041367,47.465435992512255],[-122.27963734577587,47.465448643307305],[-122.27960719350469,47.465461196500065],[-122.27957694948216,47.46547364940102],[-122.2795466218685,47.46548600464803],[-122.27951620257976,47.465498262344084],[-122.27948569962409,47.465510419645035],[-122.27945510888368,47.46552247386135],[-122.27942443051053,47.465534430474975],[-122.27939367251298,47.4655462866418],[-122.27936282680695,47.465558042464764],[-122.27933190147678,47.465569697840834],[-122.27930088836246,47.46558125013193],[-122.27926979966627,47.46559270192441],[-122.27923862730422,47.46560405332131],[-122.27920737120053,47.46561530158146],[-122.2791760394394,47.46562644660191],[-122.27914462797897,47.465637488433956],[-122.27911313689528,47.465648429818636],[-122.27908157015463,47.465659267963325],[-122.27904992768121,47.465670000127005],[-122.27901820558496,47.4656806318431],[-122.27898641179839,47.46569115752652],[-122.27895454235532,47.465701579969725],[-122.27892260129815,47.46571189912114],[-122.27889058450889,47.4657221122912],[-122.27885849610583,47.465732222169386],[-122.27882633601313,47.465742226014584],[-122.27879410423097,47.46575212382677],[-122.27876180480159,47.46576191555434],[-122.278729433759,47.46577160398979],[-122.27869699506944,47.46578118634052],[-122.2786644887332,47.46579066260653],[-122.2786319146744,47.46580003004671],[-122.27859927708724,47.46580929409153],[-122.27856657177796,47.46581844931042],[-122.2785338028647,47.4658274983928],[-122.27850687843556,47.46583485252551],[-122.27847989902206,47.46584211960877],[-122.27845286851463,47.465849294109184],[-122.27842578294718,47.46585637881908],[-122.27839865032814,47.46586337089458],[-122.27837146676725,47.46587027586903],[-122.278344232113,47.4658770882605],[-122.27831676469769,47.46588381860812],[-122.27828924169157,47.465890439977976],[-122.27826165897673,47.465896949680484],[-122.27823402059553,47.46590334766413],[-122.27820632654802,47.46590963392882],[-122.27817857683442,47.46591580847461],[-122.27815077549702,47.46592187124995],[-122.27812291849386,47.46592782230621],[-122.27809501390931,47.46593366154049],[-122.2780670536592,47.4659393890557],[-122.27803904979432,47.46594500195631],[-122.27801099018845,47.46595050039676],[-122.27798288711989,47.465955889704574],[-122.27795473631889,47.465961161708265],[-122.27792654205561,47.465966324579206],[-122.27789830006036,47.46597137014593],[-122.2778700185693,47.46597630378746],[-122.27784168934654,47.46598112012464],[-122.27781332062841,47.46598582453657],[-122.27778491241493,47.465990417023214],[-122.27775646455464,47.46599489210249],[-122.27772797308148,47.46599925256687],[-122.2776994501219,47.466003498262],[-122.27767088759184,47.466007629290665],[-122.27764228953372,47.466011645601455],[-122.27761365587178,47.46601554445333],[-122.2775849908,47.46601933127679],[-122.2775562901248,47.46602300064126],[-122.27752755788852,47.46602655249529],[-122.27749879828505,47.46602999226944],[-122.27747000712093,47.46603331453308],[-122.27744118843826,47.46603651923475],[-122.27741233827109,47.466039609166884],[-122.27738346462797,47.466042581485574],[-122.27735456758502,47.466045438931786],[-122.2773256430243,47.466048178815996],[-122.27729669506407,47.46605080382769],[-122.27726772362874,47.466053311225856],[-122.27723873276048,47.466055700959025],[-122.27720972253545,47.466057975768244],[-122.27718069280205,47.46606013017144],[-122.27715163967014,47.46606216970211],[-122.2771225752663,47.466064094205784],[-122.27709349135469,47.46606589830347],[-122.27706439212933,47.46606758742569],[-122.27703528148098,47.46606915603898],[-122.27700615551925,47.46607060967674],[-122.27697701416851,47.46607194559796],[-122.2769478655891,47.466073166440836],[-122.27691870558748,47.46607426677474],[-122.27688953828172,47.46607524928921],[-122.27686035970572,47.466076116776755],[-122.2768311777923,47.46607686365243],[-122.27680198460912,47.46607749550113],[-122.27677279220681,47.46607800942758],[-122.27674359250143,47.46607840553461],[-122.27671438953521,47.46607868377077],[-122.27668518735057,47.46607884408473],[-122.27665598190548,47.4660788865278],[-122.27662677724234,47.46607881104858],[-122.27659757336134,47.466078617647156],[-122.27656837026268,47.46607830632344],[-122.27653917610665,47.46607787971569],[-122.27650997861534,47.466077332496035],[-122.27648079006708,47.46607666999238],[-122.27645161038619,47.466075889463625],[-122.27642243553073,47.466074990961225],[-122.27639326954312,47.46607397443377],[-122.27636411242345,47.46607283988126],[-122.27633496424775,47.466071590044734],[-122.27630582898259,47.46607022213175],[-122.27627670662811,47.46606873614237],[-122.27624759718452,47.466067132076574],[-122.27621850469419,47.466065409882994],[-122.27618942519102,47.466063572353974],[-122.27616036271714,47.46606161943824],[-122.27613131712134,47.4660595456537],[-122.27610229259747,47.46605735643105],[-122.27607328510365,47.46605505182166],[-122.27604429860635,47.46605262903316],[-122.2760153372236,47.46605009075519],[-122.27598639683784,47.46604743429814],[-122.27595747744917,47.46604465966198],[-122.27592858729362,47.46604177222608],[-122.27589971813563,47.466038766611106],[-122.2758708781353,47.46603564545538],[-122.27584206721713,47.46603240601789],[-122.27581328553283,47.466029053780666],[-122.27578453293097,47.466025583261754],[-122.27575580948766,47.46602199720214],[-122.27572711924515,47.46601829555046],[-122.27569846220354,47.4660144783068],[-122.27566983836311,47.46601054547113],[-122.27564125184196,47.466006499733105],[-122.27561269844651,47.466002335662154],[-122.27558418237066,47.46599805868891],[-122.275555707581,47.465993666021035],[-122.27552726599335,47.465989157761314],[-122.2754988698101,47.46598453649662],[-122.2754705108714,47.465979799588744],[-122.27544219733738,47.46597494967603],[-122.27541392516623,47.46596998680981],[-122.27538569428218,47.465964908249155],[-122.27535751284555,47.46595971663235],[-122.27532937277226,47.465954412062146],[-122.27530128207093,47.46594899169486],[-122.27527324089316,47.46594346101254],[-122.27521380547937,47.46593133996143],[-122.27515457220733,47.4659187775957],[-122.27509551437413,47.465905831836416],[-122.27503660962154,47.46589257151711],[-122.27497783139744,47.4658790600408],[-122.27491914506514,47.46586536091298],[-122.27486051644225,47.46585155408525],[-122.27480193759618,47.46583764514238],[-122.2732370527256,47.465466346605254],[-122.27318744950047,47.465454568617545],[-122.2731378078433,47.46544286238723],[-122.27308812782957,47.465431230655426],[-122.2730549732942,47.465423543314934],[-122.27302178046536,47.46541593322587],[-122.27298854537626,47.465408403180504],[-122.27293860501068,47.46539729840338],[-122.27288853846142,47.46538645569249],[-122.2728383268785,47.46537592464218],[-122.27278795934468,47.465365749262304],[-122.27273741678287,47.465355970924165],[-122.27271227842986,47.46535128296632],[-122.27268709864288,47.4653467052073],[-122.27266187337962,47.46534223769841],[-122.27263660668207,47.46533788038825],[-122.27261129855003,47.46533363327683],[-122.272585949059,47.46532949910516],[-122.2725605620997,47.46532547233998],[-122.2725351378232,47.465321558463145],[-122.27250967622928,47.46531775747472],[-122.27248418128427,47.46531406658239],[-122.27245864894594,47.46531048583739],[-122.27243308737395,47.465307017878196],[-122.27240748848399,47.46530366280725],[-122.27238186028437,47.46530041778106],[-122.27235620285059,47.46529728554062],[-122.27233051214034,47.46529426613714],[-122.27230479623775,47.46529135946806],[-122.27227905506696,47.46528856279242],[-122.27225328473698,47.46528588164342],[-122.27222748921407,47.465283313228824],[-122.27220167246455,47.465280854756294],[-122.27217583059743,47.46527851175907],[-122.27214996757898,47.465276281444986],[-122.27212408340901,47.46527416381395],[-122.27209818212953,47.46527215881467],[-122.27207225977376,47.465270269239454],[-122.27204632030814,47.465268492296026],[-122.27202036777449,47.46526682793308],[-122.27199439408854,47.46526527625312],[-122.27196841145194,47.465263839843445],[-122.27194241170471,47.465262516065444],[-122.27191640300653,47.46526130755769],[-122.27189038123947,47.4652602116304],[-122.27186435044544,47.46525922823232],[-122.27183831069993,47.465258360104436],[-122.27181226604486,47.46525760719553],[-122.27178620832021,47.46525696686706],[-122.2717601497277,47.465256441706295],[-122.27173408614948,47.46525602902347],[-122.27170801758535,47.46525572881861],[-122.27168194822845,47.46525554652244],[-122.27165587785186,47.46525547391195],[-122.27162980668206,47.465255519210196],[-122.27160373860985,47.46525567688392],[-122.27157766959304,47.46525594698434],[-122.27155160374905,47.4652563322012],[-122.27152554511977,47.46525683248336],[-122.27149948958741,47.465257445140956],[-122.27147903690236,47.46525800597614],[-122.27145858625667,47.46525864081492],[-122.27143814176775,47.46525935234712],[-122.27141770351106,47.465260143313735],[-122.27139727537757,47.46526100818152],[-122.27137812552196,47.46526189249149],[-122.27135898998256,47.465262856133876],[-122.2713398565576,47.46526389652138],[-122.27132073737313,47.465265013500265],[-122.2713003529788,47.46526629183351],[-122.27127998335338,47.46526766594484],[-122.27125962857238,47.46526913857521],[-122.27123928863573,47.465270709724685],[-122.27121896750972,47.465272376601064],[-122.27119993199005,47.46527403540911],[-122.27118091520563,47.465275787203474],[-122.27116192127376,47.46527763467395],[-122.2711429421103,47.465279577923],[-122.2711223008928,47.46528180819936],[-122.27110168702251,47.465284150546196],[-122.2710811047681,47.46528661313526],[-122.27106054993614,47.46528919053578],[-122.2710400306864,47.46529188538636],[-122.27101954290097,47.46529469499721],[-122.27099909062181,47.46529761931714],[-122.27097867392445,47.46530066108722],[-122.27095829677513,47.465303817515185],[-122.27093795917389,47.46530708860109],[-122.2709176651626,47.46531047429376],[-122.2708974107746,47.46531397738541],[-122.27087719990077,47.46531759234281],[-122.27085703665857,47.46532132185582],[-122.27083691700592,47.46532516597573],[-122.2708168449091,47.4653291219102],[-122.27079682448569,47.46533319234921],[-122.27077685161801,47.4653373746029],[-122.27075693446558,47.465341671309936],[-122.27073706891062,47.46534607978049],[-122.27071725907072,47.465350602704476],[-122.27069750479464,47.46535523459979],[-122.27067781019997,47.465359978156364],[-122.27065817131995,47.46536483616643],[-122.27063859601216,47.46536980030454],[-122.27061908046089,47.465374878844976],[-122.27059962855715,47.46538006625454],[-122.2705802403008,47.46538536253336],[-122.2705609197339,47.46539076763014],[-122.27054166693173,47.465396284285966],[-122.2705224818188,47.4654019097599],[-122.2705033643195,47.465407641310954],[-122.27048431855124,47.465413481628936],[-122.27046534443845,47.46541942797291],[-122.27044644609876,47.46542548303275],[-122.27042762353187,47.46543164680844],[-122.27040887658691,47.46543791381801],[-122.27039020938125,47.465444286751314],[-122.27037161787271,47.465450765659654],[-122.27035310610337,47.46545735049177],[-122.27033467803973,47.46546403845557],[-122.27031633368166,47.465470829551066],[-122.27029807310466,47.465477726519325],[-122.27027989615755,47.46548472387837],[-122.27026180703345,47.46549182705904],[-122.27024380558129,47.465499030579394],[-122.27022589180105,47.46550633443947],[-122.27020806981011,47.465513741329126],[-122.27019033945751,47.4655212457664],[-122.27017270493633,47.4655288531821],[-122.27015516205331,47.46553655814554],[-122.27013771492605,47.465544363346545],[-122.27012036347902,47.46555226604412],[-122.27010310778755,47.46556026897937],[-122.27008595578504,47.4655683665679],[-122.2700688994625,47.46557656165318],[-122.27005194682876,47.46558485139187],[-122.27003509795914,47.46559323852499],[-122.27001835277821,47.465601720311625],[-122.2700017072438,47.465610296802986],[-122.26998517348216,47.46561896784559],[-122.26996874333359,47.46562773080077],[-122.2699524248823,47.465636585566294],[-122.2699362141616,47.46564553493441],[-122.26992011506263,47.46565457337182],[-122.26990412766082,47.465663703619796],[-122.26988825188066,47.46567292293719],[-122.26987248772221,47.46568223132418],[-122.26985684334505,47.46569163141937],[-122.26984131051405,47.465701117843224],[-122.26982589731342,47.46571069049338],[-122.26981060381867,47.46572035211097],[-122.26979542987874,47.465730097213964],[-122.26978037152708,47.46573992859459],[-122.26976544088996,47.46574984609937],[-122.26975062980775,47.465759847089736],[-122.26973593828036,47.4657699315657],[-122.26972137843421,47.46578009937382],[-122.26970693806751,47.46579034792663],[-122.26969262938206,47.46580067981172],[-122.26967844414271,47.46581108964937],[-122.26966439050913,47.465821580078384],[-122.2696504644393,47.4658321511499],[-122.2696366658577,47.46584280012306],[-122.26962300284869,47.465853526895465],[-122.2696094712946,47.4658643287774],[-122.26959607531312,47.465875208458755],[-122.26958281078667,47.465886163249685],[-122.26956968168194,47.46589719035804],[-122.26955668814985,47.465908295265976],[-122.26954383400627,47.4659194696993],[-122.26953111535997,47.46593071919126],[-122.26951853610217,47.4659420382087],[-122.26950609630845,47.46595342949266],[-122.26949379590343,47.465964890302224],[-122.26948163885365,47.465976417845205],[-122.26946962531026,47.46598801760375],[-122.26945775100475,47.46599968140596],[-122.2694460241724,47.46601141463159],[-122.26943444062003,47.466023211849866],[-122.26942300042337,47.46603507580183],[-122.26941170754908,47.466047003695294],[-122.26940056603932,47.46605899547927],[-122.26938956773456,47.46607104851497],[-122.26937871667688,47.466083162751374],[-122.26936802102614,47.46609534082714],[-122.26935746850505,47.46610757741386],[-122.26934707124013,47.46611987235803],[-122.26933682518934,47.466132225710844],[-122.26932673035269,47.466144637472404],[-122.26931679069708,47.46615710485056],[-122.26930700225576,47.46616963063748],[-122.26929736892012,47.46618220930008],[-122.2692878906903,47.466194840838355],[-122.26927856764173,47.46620752799339],[-122.26926939962368,47.4662202652832],[-122.26926039075384,47.46623305539763],[-122.26925154095687,47.4662458955958],[-122.2692428461906,47.46625878592879],[-122.26923431042198,47.46627172360457],[-122.26922593365106,47.46628470862309],[-122.26921771999548,47.466297743674325],[-122.26920966526238,47.466310823327376],[-122.26920176945187,47.4663239475823],[-122.26919404057288,47.46633711359585],[-122.26918647069208,47.46635032695231],[-122.26917906362543,47.46636357937756],[-122.26917181952399,47.46637687635369],[-122.2691647382369,47.46639021239868],[-122.26915781976433,47.46640358751259],[-122.26915107219062,47.46641700159311],[-122.26914448338952,47.46643045479373],[-122.26913806533679,47.466443941479],[-122.26913181009898,47.4664574672333],[-122.26912572156753,47.46647102652348],[-122.26911979974264,47.466484619349515],[-122.2691140486665,47.466498245660354],[-122.2691084602549,47.46651190555825],[-122.26910304244154,47.46652559345895],[-122.26909779537733,47.46653931484451],[-122.26909271486943,47.466553064284035],[-122.26908780488463,47.46656683898542],[-122.26908306153176,47.466580644481894],[-122.26907436863787,47.46660742009836],[-122.26906628066051,47.46663428402929],[-122.26905876892825,47.466661222927755],[-122.26905180087806,47.46668822897995],[-122.2690453479892,47.466715294320906],[-122.26903938174088,47.46674241108577],[-122.26903386552775,47.46676957151178],[-122.269028766862,47.46679677052611],[-122.26902405729814,47.46682400300478],[-122.26901970831504,47.466851261082844],[-122.26901567934043,47.466878539789654],[-122.26901315953802,47.466896739943444],[-122.2690107571086,47.46691494409611],[-122.26900846808574,47.4669331550398],[-122.2690060155211,47.466953652111066],[-122.26900366416066,47.46697415338577],[-122.26900141804673,47.46699465881284],[-122.26899927725495,47.46701517113323],[-122.2689956306357,47.467051644301115],[-122.26899210542878,47.46708812141673],[-122.26898868958331,47.46712460537449],[-122.26889930257708,47.46808012719625],[-122.26889445264617,47.46813180607978],[-122.26888974037024,47.468183491447526],[-122.2688851575898,47.46823518066077],[-122.26888222791062,47.46826964586038],[-122.2688794399348,47.46830411749315],[-122.26887679358734,47.46833859281814],[-122.26887317421061,47.4683903191988],[-122.26887003234916,47.46844205873245],[-122.26886745296869,47.468493813086255],[-122.26886551279988,47.46854557854761],[-122.26886482061035,47.468570832594395],[-122.26886430231613,47.468596087183364],[-122.26886395387507,47.46862134236562],[-122.26886377940521,47.4686466008311],[-122.2688637747137,47.46867185714885],[-122.26886393987606,47.46869711405992],[-122.26886427893501,47.46872237151316],[-122.26886479181533,47.46874762676754],[-122.26886547043263,47.468772879925396],[-122.26886632691418,47.46879813083325],[-122.2688673490577,47.46882337690353],[-122.26886854509904,47.46884862351595],[-122.26886991481213,47.46887386244751],[-122.26887145430581,47.46889909923131],[-122.26887316342936,47.4689243283854],[-122.26887504637631,47.46894955534053],[-122.26887709895377,47.468974774665945],[-122.26887932520422,47.46899998631041],[-122.26888172108562,47.46902519032509],[-122.26888428667361,47.46905038945098],[-122.26888702585997,47.46907557815491],[-122.26888993467803,47.46910075922898],[-122.2688930170949,47.46912592988106],[-122.26889626906858,47.46915109016228],[-122.2688996905992,47.4691762400726],[-122.26890328168712,47.46920137961203],[-122.2689111729652,47.46925288634748],[-122.2689196978588,47.46930434667959],[-122.26892877956419,47.46935576157981],[-122.26893833738579,47.469407137552864],[-122.26894494061445,47.46944136973677],[-122.26895168495886,47.46947558642536],[-122.26895857057016,47.46950979310067],[-122.26896908042245,47.46956108299505],[-122.26897972751131,47.46961236292669],[-122.26899050360144,47.469663627515786],[-122.26942203822895,47.47171878337732]]},"properties":{"LINK_TYPE":1,"DESCRIPTION":"Central Link","SEGMENT":"E","STATUS":"COMPLETE"}},{"type":"Feature","geometry":{"type":"LineString","coordinates":[[-122.2767854555433,47.486043401944485],[-122.27654128112967,47.48590394312418]]},"properties":{"LINK_TYPE":1,"DESCRIPTION":"Central Link","SEGMENT":"E","STATUS":"COMPLETE"}},{"type":"Feature","geometry":{"type":"LineString","coordinates":[[-122.2767854555433,47.486043401944485],[-122.27634280234781,47.485734402042375]]},"properties":{"LINK_TYPE":1,"DESCRIPTION":"Central Link","SEGMENT":"E","STATUS":"COMPLETE"}},{"type":"Feature","geometry":{"type":"LineString","coordinates":[[-122.2767397570822,47.486073481169825],[-122.27629710397797,47.4857644838304]]},"properties":{"LINK_TYPE":1,"DESCRIPTION":"Central Link","SEGMENT":"E","STATUS":"COMPLETE"}},{"type":"Feature","geometry":{"type":"LineString","coordinates":[[-122.2767397570822,47.486073481169825],[-122.27654128112967,47.48590394312418]]},"properties":{"LINK_TYPE":1,"DESCRIPTION":"Central Link","SEGMENT":"E","STATUS":"COMPLETE"}},{"type":"Feature","geometry":{"type":"LineString","coordinates":[[-122.27654128112967,47.48590394312418],[-122.27629710397797,47.4857644838304]]},"properties":{"LINK_TYPE":1,"DESCRIPTION":"Central Link","SEGMENT":"E","STATUS":"COMPLETE"}},{"type":"Feature","geometry":{"type":"LineString","coordinates":[[-122.27654128112967,47.48590394312418],[-122.27634280234781,47.485734402042375]]},"properties":{"LINK_TYPE":1,"DESCRIPTION":"Central Link","SEGMENT":"E","STATUS":"COMPLETE"}},{"type":"Feature","geometry":{"type":"LineString","coordinates":[[-122.26942203822895,47.47171878337732],[-122.26947186525081,47.47195608708173],[-122.26948434523572,47.47201544630063],[-122.26949695026798,47.472074792968286],[-122.26950461493345,47.472110390907794],[-122.26951238853351,47.47214597924241],[-122.26952126401763,47.472185896909146],[-122.26953030892798,47.47222579872141],[-122.26953951914696,47.472265681989356],[-122.26954889871753,47.472305546661765],[-122.26955844764012,47.4723453927386],[-122.2695681618724,47.47238522027097],[-122.2695780454575,47.472425029207706],[-122.2695880983956,47.472464819548726],[-122.26959831664463,47.47250459134514],[-122.26960870012935,47.4725443418559],[-122.26961925693556,47.472584070978684],[-122.26962997493554,47.47262377886689],[-122.26964086229056,47.47266346815919],[-122.26965191892542,47.472703136114404],[-122.26966314079786,47.47274278278382],[-122.26967452783285,47.47278240542625],[-122.2696860841488,47.472822006731576],[-122.2696978057034,47.472861586750824],[-122.26970969242163,47.472901142743],[-122.26972174834647,47.4729406746569],[-122.26973396951112,47.472980185284534],[-122.26974635584043,47.47301967188498],[-122.26975891130192,47.4730591316659],[-122.26977163200434,47.47309857016048],[-122.269784517797,47.473137981886644],[-122.2697975687558,47.473177369585294],[-122.26981078884829,47.47321673046429],[-122.26982417006484,47.47325606736677],[-122.26983772041584,47.47329537744952],[-122.26985143585885,47.473334660763484],[-122.26986531639436,47.47337391730869],[-122.26987936202252,47.47341314708503],[-122.26989357274381,47.4734523500925],[-122.2699079444404,47.47349152364117],[-122.26992248527348,47.4735306703696],[-122.26993719120075,47.47356979032899],[-122.26995206214706,47.47360888077815],[-122.26996709407,47.47364794176829],[-122.26998229505536,47.473686973196926],[-122.26999765701804,47.473725975166396],[-122.27001318400114,47.47376494762541],[-122.27002887600497,47.47380389057399],[-122.27004473295445,47.473842801270955],[-122.27006075088254,47.47388168250842],[-122.27007693375698,47.4739205314942],[-122.2700932775353,47.47395934827936],[-122.27010979037873,47.47399813550253],[-122.27012646008401,47.4740368905761],[-122.27014329870414,47.474075610605475],[-122.27016029426217,47.474114301226145],[-122.27017745873582,47.47415295680247],[-122.27019478403976,47.47419157743676],[-122.27021227032544,47.47423016861093],[-122.27022991736656,47.47426872210186],[-122.27024772935735,47.474307243340355],[-122.27026570622256,47.474345729585316],[-122.27028383987697,47.474384180939076],[-122.27030213833098,47.474422594558064],[-122.27032059769306,47.4744609759755],[-122.27033921781258,47.47449931970923],[-122.27035800280817,47.474537628449056],[-122.270376944519,47.47457589955622],[-122.27039605103107,47.4746141329283],[-122.27041531433456,47.474652331408564],[-122.27043474243979,47.47469049215352],[-122.2704543312288,47.47472861247334],[-122.27047407681029,47.474766697901146],[-122.27049398307611,47.47480474290353],[-122.270514054145,47.47484275017033],[-122.27053428193159,47.47488071980384],[-122.27055467040353,47.474918649011734],[-122.2705752155183,47.47495653784517],[-122.27059365643125,47.47499027182046],[-122.27061220172654,47.475023977051556],[-122.27064327133711,47.47508011474884],[-122.2706744575019,47.47513622354272],[-122.27102522818417,47.4757669906562]]},"properties":{"LINK_TYPE":1,"DESCRIPTION":"Central Link","SEGMENT":"E","STATUS":"COMPLETE"}},{"type":"Feature","geometry":{"type":"LineString","coordinates":[[-122.27304285262062,47.4814452640581],[-122.27303740356479,47.481478209398865],[-122.27303199905438,47.48151115691632],[-122.27302739719237,47.48153977290738],[-122.27302290479798,47.4815683984777],[-122.27301851775255,47.48159703093752],[-122.27301424414293,47.48162567018423],[-122.2730105583914,47.481651134998714],[-122.27300699416371,47.481676606497686],[-122.27300355557898,47.48170208737079],[-122.27299865696186,47.48174032321467],[-122.27299410682271,47.48177858205815],[-122.27298993331435,47.48181685806027],[-122.27298617694706,47.48185515344917],[-122.27298286602517,47.48189346786599],[-122.27298004098344,47.48193180079796],[-122.27297773409417,47.48197014909371],[-122.27297598174884,47.48200851229188],[-122.27297481614451,47.482046884500164],[-122.27297427764051,47.48208526246473],[-122.27297439042295,47.48212364313687],[-122.27297470317004,47.48214274247849],[-122.27297518985854,47.48216184235606],[-122.27297584629406,47.48218093733869],[-122.27297667255235,47.48220003016747],[-122.27297766855796,47.48221911810137],[-122.27297883835449,47.482238201089125],[-122.27298018201783,47.48225728187172],[-122.27298169130995,47.48227635506966],[-122.27298337431795,47.48229542058042],[-122.27298523104193,47.482314478403985],[-122.2729872575144,47.482333531332635],[-122.2729894535842,47.48235257388432],[-122.27299181925152,47.482371606059054],[-122.27299435855994,47.48239062780553],[-122.27299706754198,47.48240964191603],[-122.27299994604635,47.48242864290855],[-122.27300299811677,47.482447630731734],[-122.27300621566665,47.4824666054882],[-122.27300960678282,47.48248556707535],[-122.27301316742226,47.48250451554444],[-122.27301690155275,47.4825234481031],[-122.27302080108774,47.48254236485398],[-122.27302486999515,47.48256126300475],[-122.27302911246977,47.48258014798606],[-122.2730335201982,47.4825990116775],[-122.27303809737515,47.482617859509745],[-122.27304284789302,47.48263668594947],[-122.27304776374076,47.4826554938403],[-122.27305284888637,47.48267428038984],[-122.27305810340556,47.4826930483391],[-122.27306352707167,47.48271178946502],[-122.27306911606838,47.482730512041925],[-122.27307487421228,47.482749207795436],[-122.27308080165488,47.48276788220756],[-122.27308689420157,47.48278652984752],[-122.2730931559717,47.48280515340507],[-122.2730995828463,47.482823750190384],[-122.27310617886891,47.48284232015221],[-122.27311293999638,47.48286086334174],[-122.2731198661532,47.48287937701802],[-122.27312696145852,47.48289786387064],[-122.27313422171781,47.48291631846892],[-122.27314164700698,47.4829347435538],[-122.27314923732612,47.482953139125264],[-122.27315699259968,47.48297150244222],[-122.2731649128279,47.48298983350472],[-122.27317299793519,47.48300812957163],[-122.27318124395394,47.483026393435296],[-122.27318965889566,47.483044622252045],[-122.27319823467356,47.483062816124395],[-122.27320697128769,47.48308097505236],[-122.27321587278178,47.483099098984574],[-122.27322493900455,47.48311718243901],[-122.27323416606406,47.483135230948925],[-122.27324355380912,47.483153239032305],[-122.2732531023156,47.483171209430054],[-122.27326281562706,47.48318914209083],[-122.27327268550539,47.48320703163524],[-122.27328271606983,47.48322488075284],[-122.2732929112884,47.48324268665141],[-122.27330326314987,47.483260452174406],[-122.27331377157877,47.48327817458081],[-122.27332444458658,47.48329585102705],[-122.27333527011848,47.48331348440788],[-122.27334625626177,47.48333107462063],[-122.27335740286516,47.483348616183335],[-122.27336870603659,47.48336611462924],[-122.2733801615814,47.483383564527536],[-122.2733917775867,47.48340096577562],[-122.27340355008482,47.483418321165736],[-122.273415474881,47.48343562526712],[-122.27342755609457,47.48345288076939],[-122.27343979372554,47.48347008767256],[-122.27345218357937,47.48348724054584],[-122.27346472580744,47.48350434487117]]},"properties":{"LINK_TYPE":1,"DESCRIPTION":"Central Link","SEGMENT":"E","STATUS":"COMPLETE"}},{"type":"Feature","geometry":{"type":"LineString","coordinates":[[-122.27297958444723,47.48144041806392],[-122.27296954281884,47.48150143910355],[-122.27296484427679,47.48153065680944],[-122.27296025916992,47.48155988130225],[-122.27295578757399,47.48158911532309],[-122.27295142537032,47.481618356182146],[-122.27294766942956,47.48164435656869],[-122.27294403501244,47.4816703636397],[-122.27294053028146,47.481696380033675],[-122.27293554056921,47.48173542042695],[-122.27293090742124,47.481774483717416],[-122.27292666303394,47.481813564012896],[-122.27292284791739,47.48185266354157],[-122.2729194904518,47.48189178468558],[-122.27291663503962,47.48193092413977],[-122.27291430990984,47.48197007880433],[-122.2729125554975,47.48200924816646],[-122.27291140399952,47.482048426333854],[-122.27291089585101,47.48208761279381],[-122.27291106317371,47.48212679891306],[-122.27291140231746,47.482146122761414],[-122.27291191929484,47.48216544161238],[-122.27291260617054,47.482184761050625],[-122.27291346691241,47.48220407828383],[-122.27291450144507,47.48222339057095],[-122.27291570564967,47.4822426952223],[-122.27291708776451,47.48226199761728],[-122.27291863962729,47.48228129511745],[-122.27292036513026,47.48230058218951],[-122.27292226038166,47.48231986436673],[-122.2729243333927,47.48233913880561],[-122.27292657600111,47.48235840286762],[-122.27292899225063,47.48237765650147],[-122.27293158221696,47.48239690244815],[-122.27293434170566,47.48241613527699],[-122.27293727483588,47.48243535767758],[-122.27294038153224,47.48245456690902],[-122.27294365775154,47.48247376302251],[-122.27294710753735,47.482492945966705],[-122.27295072677077,47.482512113051975],[-122.27295451957106,47.48253126696799],[-122.27295848586277,47.48255040497365],[-122.27296262152703,47.48256952437928],[-122.272966926564,47.482588625184874],[-122.27297140509292,47.48260771008006],[-122.27297605299498,47.48262677637521],[-122.27298087431367,47.48264582401894],[-122.27298586493019,47.482664850321505],[-122.27299102484469,47.48268385528287],[-122.27299635405736,47.48270283890303],[-122.27300185249265,47.48272179844104],[-122.27300752426994,47.482740736586436],[-122.27301336534588,47.482759653390566],[-122.27301937556945,47.48277854337138],[-122.27302555089726,47.48279740658013],[-122.27303189956773,47.48281624839622],[-122.27303841731063,47.48283506064791],[-122.27304510015841,47.48285384612746],[-122.27305195215456,47.48287260478348],[-122.27305897322368,47.48289133387507],[-122.2730661593225,47.48291003345338],[-122.27307351449453,47.4829287034671],[-122.27308103874007,47.48294734391626],[-122.2730887279401,47.48296595211101],[-122.27309658613827,47.48298452800012],[-122.27310460524787,47.483003071686056],[-122.2731127932802,47.48302158032526],[-122.27312115031121,47.483040056658645],[-122.27312966817837,47.48305849804779],[-122.27313835496885,47.48307690439008],[-122.27314720252019,47.483095273046956],[-122.27315621495167,47.483113606708216],[-122.27316539218775,47.48313190263278],[-122.27317473422866,47.48315016082057],[-122.27318424099884,47.48316837853055],[-122.27319390853062,47.48318655855498],[-122.27320373674854,47.48320469815283],[-122.27321372962048,47.483222794531756],[-122.27322388729799,47.48324085317368],[-122.27323420146723,47.48325886595818],[-122.2732446803666,47.483276838264636],[-122.27325531987715,47.48329476740323],[-122.27326611587984,47.48331265068425],[-122.27327707653751,47.4833304907461],[-122.27328819368753,47.483348284950246],[-122.27329947137366,47.483366033245375],[-122.27331090952023,47.48338373289041],[-122.27332250415971,47.483401386677635],[-122.27333425933556,47.483418994555684],[-122.27334616680969,47.48343655114512],[-122.2733582347448,47.48345405908425],[-122.27337045902202,47.48347151568334],[-122.27338283971693,47.48348892368338],[-122.27339537667838,47.48350627760224],[-122.27340806601441,47.48352358297326]]},"properties":{"LINK_TYPE":1,"DESCRIPTION":"Central Link","SEGMENT":"E","STATUS":"COMPLETE"}},{"type":"Feature","geometry":{"type":"LineString","coordinates":[[-122.28086252807853,47.48892898669922],[-122.28088244795914,47.48894635538098],[-122.28090222821821,47.48896379438918],[-122.28092187289963,47.48898130367229],[-122.28094138200332,47.48899888323036],[-122.28096075545311,47.48901653032259],[-122.28097998935723,47.48903425048251],[-122.28099908356339,47.489052038228174],[-122.28101803807165,47.489069893559716],[-122.28103685288181,47.48908781647718],[-122.28105552799391,47.48910580698063],[-122.28107406340779,47.48912386507015],[-122.28109245904731,47.48914198800475],[-122.28111071094462,47.48916017857714],[-122.2811288189474,47.489178431305334],[-122.28114678725163,47.48919675161989],[-122.28116460761734,47.489215134141986],[-122.28118228820824,47.48923358150952],[-122.28119982498035,47.48925209377417],[-122.28121721373755,47.489270665505586],[-122.28123445867583,47.48928930213414],[-122.28125155964283,47.48930799817804],[-122.2812685126707,47.489326756429904],[-122.28128531768319,47.48934557414874],[-122.28130197475633,47.48936445407563],[-122.28131848778179,47.48938339067711],[-122.28133485279152,47.489402386745766],[-122.2813510657416,47.48942144233324],[-122.2813671306758,47.489440557388015],[-122.28138304744174,47.48945972642823],[-122.28139881214773,47.48947895498742],[-122.28141442868522,47.48949823753213],[-122.28142989316258,47.48951757959596],[-122.28144520939509,47.489536972904475],[-122.28146036944699,47.48955642304279],[-122.28147538133008,47.48957592716689],[-122.28149023688012,47.489595482638876],[-122.2815049402932,47.48961509488939],[-122.28151949134079,47.4896347556954],[-122.28153389017506,47.48965447053895],[-122.28154813267578,47.48967423673074],[-122.2815622228868,47.48969405421915],[-122.28157615676399,47.489713923055895],[-122.28158993415497,47.48973383775905],[-122.28160355521193,47.489753803810636],[-122.28161702390244,47.48977381841809],[-122.28163033213852,47.489793881684676],[-122.28164348396398,47.48981399355888],[-122.28165648327035,47.48983414850717],[-122.28166931807795,47.48985435216627],[-122.28168200044223,47.48987460164059],[-122.28169452227525,47.489894897033274],[-122.28170688350072,47.489915235603426],[-122.28171908823852,47.48993562004049],[-122.28173113229226,47.48995604491408],[-122.28174301985803,47.48997651565469],[-122.28175474269554,47.48999702688359],[-122.28176630896866,47.49001758123854],[-122.28177771455705,47.49003817603024],[-122.28178895541674,47.49005881131036],[-122.28180003559139,47.490079487027295],[-122.28181095912487,47.49010020312954],[-122.28182171380885,47.490120957030875],[-122.28183231177532,47.49014174857664],[-122.28184274493593,47.490162577869995],[-122.28185301329067,47.490183444911],[-122.28186312088317,47.490204349648145],[-122.28187306763726,47.490225289340415],[-122.2818828454648,47.490246264091105],[-122.28189246245357,47.49026727379698],[-122.28190191455933,47.49028831850978],[-122.2819112017058,47.490309395488445],[-122.28192032396892,47.49033050747413],[-122.28192928524032,47.49035164893315],[-122.28193807758399,47.490372825450805],[-122.28194670489157,47.490394031493516],[-122.28195516319481,47.490415269853955],[-122.28196346042951,47.49043653494693],[-122.28197158865962,47.49045783235769],[-122.28197955177666,47.490479156552645],[-122.28198734985664,47.49050051027284],[-122.28199497885527,47.49052189356995],[-122.28200243862017,47.4905433009619],[-122.2820097332713,47.49056473513821],[-122.28201686280836,47.4905861960989],[-122.2820238231111,47.490607681154614],[-122.28203061425545,47.49062919304636],[-122.28203723616508,47.49065072903317],[-122.28204369280759,47.49067228632243],[-122.28204998021495,47.49069386770686],[-122.28206208668924,47.49073720919593],[-122.28207356032438,47.490780632793076],[-122.28208445331079,47.49082412412259],[-122.28209480990323,47.490867674393996],[-122.28210468259692,47.490911280195476],[-122.28211411145054,47.49095492730609],[-122.2821231489597,47.490998612314016],[-122.28212898306286,47.4910277563684],[-122.28213467990268,47.49105691040025],[-122.2821402516112,47.49108607425471],[-122.28214571444066,47.491115250466336],[-122.28215108845882,47.491144433295155],[-122.28215637366571,47.49117362274118],[-122.2821641884813,47.491217416577804],[-122.28217192265686,47.49126121966916],[-122.28217957603987,47.49130502653322],[-122.28218808383433,47.49135366756636]]},"properties":{"LINK_TYPE":1,"DESCRIPTION":"Central Link","SEGMENT":"E","STATUS":"COMPLETE"}},{"type":"Feature","geometry":{"type":"LineString","coordinates":[[-122.26935899007647,47.471724867702],[-122.26940878856311,47.47196202646736],[-122.26942129125594,47.47202147863189],[-122.26943391083552,47.472080915606476],[-122.26944158505309,47.472116568268184],[-122.26944937224796,47.47215221127396],[-122.26945827541127,47.47219225472522],[-122.269467348001,47.47223228232216],[-122.2694765899421,47.472272291323705],[-122.26948599719233,47.47231228178097],[-122.2694955737947,47.47235225364275],[-122.26950531974951,47.47239220690897],[-122.26951523505723,47.47243214157967],[-122.26952531567561,47.47247205770587],[-122.26953556557206,47.47251195249541],[-122.26954598482253,47.472551828689284],[-122.26955656930932,47.4725916835975],[-122.26956732315081,47.47263151990991],[-122.26957824619657,47.47267133214451],[-122.26958933455518,47.4727111258343],[-122.26960059211866,47.4727508954462],[-122.26961201492033,47.472790643772214],[-122.26962360700313,47.47283037076113],[-122.26963536432473,47.47287007646413],[-122.26964729077736,47.47290975534798],[-122.26965938246954,47.47294941294574],[-122.26967164344435,47.47298904920625],[-122.26968406950853,47.47302865869855],[-122.2696966647806,47.4730682441125],[-122.26970942117559,47.473107805550285],[-122.26972235082187,47.473147342858454],[-122.26973544151625,47.47318685344933],[-122.26974870141999,47.4732263399616],[-122.26976212641522,47.47326579970536],[-122.26977572062054,47.473305235370404],[-122.26978947579994,47.47334464157692],[-122.2698034001901,47.47338402370461],[-122.26981748959781,47.4734233763225],[-122.26983174409875,47.47346270217154],[-122.26984616369333,47.473502001251745],[-122.26986075234925,47.473541270770816],[-122.26987550205673,47.473580513572],[-122.26989042082623,47.47361972681196],[-122.26990550057255,47.47365891059294],[-122.26992074945707,47.47369806755351],[-122.26993615924358,47.473737192313976],[-122.26995173405068,47.473776287564064],[-122.26996747784608,47.47381535051157],[-122.2699833826955,47.47385438674077],[-122.26999945241558,47.47389338797735],[-122.27001568723314,47.47393236244433],[-122.27003208287935,47.47397130196974],[-122.2700486434727,47.474010209243424],[-122.27006536908902,47.47404908700619],[-122.27008225957778,47.47408792977607],[-122.27009931097194,47.474126740345085],[-122.27011652731464,47.47416551866204],[-122.27013390860614,47.474204264726886],[-122.27015145065313,47.4742429731086],[-122.27016915764962,47.474281649238],[-122.27018702555318,47.474320293166244],[-122.2702050542132,47.47435889941117],[-122.2702232477482,47.47439747066257],[-122.27024160623398,47.47443600966134],[-122.27026012135893,47.474474508286725],[-122.27027880143531,47.47451297465937],[-122.2702976463125,47.47455140329712],[-122.27031664790528,47.4745897943023],[-122.27033581437497,47.474628150313414],[-122.27035514160359,47.474666468640635],[-122.27037462959157,47.47470474928382],[-122.27039427833905,47.47474299224288],[-122.27041408777096,47.47478119477678],[-122.27043405803857,47.47481936236742],[-122.27045419303401,47.474857489481494],[-122.27047448467195,47.47489557622131],[-122.27049493707109,47.47493362527657],[-122.27051555015609,47.474971633906236],[-122.27053401665191,47.47500541692231],[-122.27055259172418,47.475039176624975],[-122.27058370809186,47.4750953987468],[-122.2706149410894,47.47515159470628],[-122.27096563864963,47.475782225823856]]},"properties":{"LINK_TYPE":1,"DESCRIPTION":"Central Link","SEGMENT":"E","STATUS":"COMPLETE"}},{"type":"Feature","geometry":{"type":"LineString","coordinates":[[-122.27854399448303,47.51115621951568],[-122.27859657940611,47.51159598560889]]},"properties":{"LINK_TYPE":1,"DESCRIPTION":"Central Link","SEGMENT":"E","STATUS":"COMPLETE"}},{"type":"Feature","geometry":{"type":"LineString","coordinates":[[-122.27848014808805,47.511159721824356],[-122.27853274704461,47.51159957550494]]},"properties":{"LINK_TYPE":1,"DESCRIPTION":"Central Link","SEGMENT":"E","STATUS":"COMPLETE"}},{"type":"Feature","geometry":{"type":"LineString","coordinates":[[-122.28081249467854,47.488955489719004],[-122.28083247261267,47.48897290976681],[-122.28085231092518,47.488990400140935],[-122.2808720096921,47.48900796358247],[-122.28089157295734,47.489025600039966],[-122.28091099255693,47.489043306875544],[-122.28093027245859,47.48906108129679],[-122.28094941281441,47.489078928785744],[-122.28096840942831,47.48909684391208],[-122.28098726642017,47.4891148293652],[-122.28100597966996,47.489132882455834],[-122.2810245491776,47.48915100318404],[-122.2810429748668,47.4891691888088],[-122.28106125688986,47.48918744481233],[-122.28107939509435,47.4892057657126],[-122.28109738543637,47.48922415156125],[-122.28111523195972,47.489242602306796],[-122.28113293062043,47.489261118000904],[-122.28115048546225,47.48927969859201],[-122.28116788839725,47.489298344183375],[-122.28118514736109,47.48931704918989],[-122.28120225846195,47.48933581914528],[-122.28121921757949,47.48935465136005],[-122.2812360286817,47.48937354304175],[-122.28125269184441,47.489392496931515],[-122.28126920294758,47.48941151033987],[-122.28128556611104,47.48943058595638],[-122.28130177309468,47.489449718402206],[-122.28131783206243,47.489468910315296],[-122.28133373889398,47.489488159006335],[-122.28134948962145,47.48950746726788],[-122.28136509218044,47.48952682951487],[-122.28138053863509,47.48954625133255],[-122.28139582883308,47.4895657272389],[-122.28141096689433,47.48958525992352],[-122.28142595274267,47.4896048466454],[-122.28144078233393,47.48962448745617],[-122.28145545162417,47.48964418240749],[-122.28146996862488,47.48966392865528],[-122.28148432936823,47.48968372899215],[-122.281498533854,47.48970358341818],[-122.28151257788589,47.489723486502996],[-122.28152646558382,47.4897434409361],[-122.2815401968716,47.48976344397651],[-122.28155376778115,47.489783498416884],[-122.28156717823629,47.489803601516236],[-122.28158043228083,47.48982375322312],[-122.28159352587059,47.48984395358914],[-122.28160645892932,47.489864199873345],[-122.28161923145697,47.489884492075745],[-122.2816318435294,47.48990483293746],[-122.28164429499422,47.48992521697652],[-122.28165658600359,47.489945649675015],[-122.281668712285,47.489966122861496],[-122.28168067803433,47.48998664196652],[-122.28169247913158,47.490007204300625],[-122.28170411954433,47.49002780707137],[-122.2817155953045,47.49004845307135],[-122.281726910456,47.49006914224899],[-122.28173805683456,47.49008987196659],[-122.28174904245178,47.490110639379964],[-122.28175986333974,47.49013144728178],[-122.28177051949814,47.490152295672075],[-122.28178100680677,47.49017318186149],[-122.28179133335344,47.490194105746866],[-122.28180149104996,47.490215067431414],[-122.28181148386405,47.490236064122676],[-122.28182131187162,47.49025709856157],[-122.28183097095241,47.49027816805886],[-122.28184046515021,47.49029927256288],[-122.28184979034467,47.49032040938435],[-122.28185894661179,47.49034158126423],[-122.28186793799534,47.490362788151096],[-122.28187676029896,47.49038402461443],[-122.28188541764243,47.49040529334373],[-122.28189390193774,47.49042659444225],[-122.28190222119645,47.49044792506582],[-122.2819103673304,47.49046928531771],[-122.28191834842742,47.49049067509468],[-122.28192615639928,47.490512094499984],[-122.28193379521363,47.490533540741126],[-122.2819412648703,47.49055501381805],[-122.28194856544523,47.490576516471855],[-122.28195569678601,47.49059804322053],[-122.28196265492444,47.49061959685668],[-122.28196944382832,47.49064117458784],[-122.28197606349728,47.49066277641393],[-122.28198250988731,47.49068440238662],[-122.28198878299803,47.49070605250596],[-122.28200054993894,47.4907483865441],[-122.28201170822761,47.49079079963944],[-122.28202230601049,47.49083327746784],[-122.2820323834984,47.49087581129044],[-122.28204199318672,47.490918397695516],[-122.28205117925432,47.49096102515142],[-122.2820599901528,47.491003690298115],[-122.2820656757763,47.491032150755856],[-122.28207123626824,47.491060621036105],[-122.28207666773686,47.491089106672554],[-122.2820819982619,47.491117599080916],[-122.2820872399754,47.49114609810641],[-122.28209240096542,47.49117460364586],[-122.28210003349942,47.49121737157103],[-122.28210758539268,47.49126014875083],[-122.28211506053681,47.491302929651766],[-122.28212481953368,47.491358749669416]]},"properties":{"LINK_TYPE":1,"DESCRIPTION":"Central Link","SEGMENT":"E","STATUS":"COMPLETE"}},{"type":"Feature","geometry":{"type":"LineString","coordinates":[[-122.30045815697633,47.453318414910974],[-122.30043625097977,47.45583417000496],[-122.30043559447535,47.45590544549073],[-122.30043474398539,47.45597672348514],[-122.30043364449676,47.45604058213948],[-122.3004334930927,47.45604799568953],[-122.30043201615803,47.45610691267942],[-122.30043164781121,47.4561192646123],[-122.30042900568598,47.45619051916158],[-122.3004288872905,47.45619321058229],[-122.30042537257475,47.45626175636372],[-122.30042079099283,47.456329742865584],[-122.30042054586625,47.45633295964475],[-122.30041871051807,47.456355829617884],[-122.3004143310307,47.45640411232603],[-122.30040656189634,47.456474912195425],[-122.30040652934203,47.4564751922991],[-122.30039694603722,47.45654617466225],[-122.30037460103509,47.4566744540953],[-122.30033649881186,47.45683804019531],[-122.30028783634287,47.45700033150675],[-122.30022870586268,47.4571610169776],[-122.30015923201888,47.45731978787622],[-122.30007953938733,47.45747633272739],[-122.2999897812251,47.457630353392624],[-122.29989013916334,47.45778155410664],[-122.299780798805,47.4579296363089],[-122.29966197054924,47.45807432031052],[-122.29953388905273,47.45821532610782],[-122.2994070061247,47.458342606329694],[-122.29936825969259,47.4583793588081],[-122.299345596928,47.45840044961364],[-122.29928274442109,47.45845757940079],[-122.299223174709,47.45851010407108],[-122.29921862812272,47.458514053693094],[-122.2991534119253,47.45856994988856],[-122.29911965057163,47.4585983680406],[-122.29908726360905,47.458625339851324],[-122.29902035118559,47.45868030366891],[-122.29895282253607,47.458734924431276],[-122.29888483758963,47.45878928233104],[-122.29881655246491,47.4588434658365],[-122.29874811512087,47.45889756077955],[-122.29623284469318,47.46088438334238]]},"properties":{"LINK_TYPE":4,"DESCRIPTION":"Airport Link","SEGMENT":"F","STATUS":"COMPLETE"}},{"type":"Feature","geometry":{"type":"LineString","coordinates":[[-122.30052180482244,47.453319897786635],[-122.30049992739421,47.45583238959807],[-122.30049927033429,47.45590407364867],[-122.30049841517028,47.4559757575193],[-122.30049737257214,47.456037035229286],[-122.30049715968059,47.4560474383411],[-122.30049530964804,47.45611911039965],[-122.30049417107445,47.45615295850773],[-122.30049266696712,47.45619077351484],[-122.30049266142727,47.456190864072056],[-122.30048902918169,47.45626241659473],[-122.30048420191724,47.456334028442924],[-122.30047798248425,47.45640558974443],[-122.30047018023923,47.45647707828635],[-122.30046720480335,47.45650081027798],[-122.30046059225937,47.456548466530556],[-122.30045351025741,47.45659366106471],[-122.30042082938269,47.45675852614834],[-122.30037757287832,47.45692226665787],[-122.30032382497065,47.45708457438824],[-122.30025969398436,47.457245135336166],[-122.30018529664015,47.45740364635517],[-122.30010077391277,47.457559803982804],[-122.30000628722179,47.457713312716],[-122.29990201431372,47.457863882322606],[-122.29978816123285,47.45801122220293],[-122.29966493845873,47.45815505540836],[-122.29953258072838,47.45829510467541],[-122.29945726728614,47.45836918752318],[-122.29939546655058,47.45842734025458],[-122.29933222242474,47.458484776748435],[-122.29926771465863,47.45854156322954],[-122.29925752746814,47.458550384209886],[-122.29920210691368,47.45859776887276],[-122.29913557108881,47.45865346823104],[-122.29906826307126,47.45870874154848],[-122.29900034683149,47.45876366896507],[-122.29893197032814,47.458818336312014],[-122.29886329364462,47.458872829264216],[-122.29879446473987,47.45892723365369],[-122.29628114868376,47.46091251299091]]},"properties":{"LINK_TYPE":4,"DESCRIPTION":"Airport Link","SEGMENT":"F","STATUS":"COMPLETE"}},{"type":"Feature","geometry":{"type":"LineString","coordinates":[[-122.30045815697633,47.453318414910974],[-122.30045850490298,47.45327729431182],[-122.30045878405309,47.45323617186015],[-122.30045892168665,47.45319504849673],[-122.30045885322339,47.45315392779867],[-122.30045881244885,47.45314643721667],[-122.30045850981071,47.45311280517238],[-122.30045781886359,47.453071687040655],[-122.30045720118477,47.45304669358865],[-122.30045671160703,47.4530305715509],[-122.30045512346146,47.45298946228025],[-122.30045298184253,47.45294836565138],[-122.30045278477675,47.4529450942671],[-122.30045021416578,47.45290728808695],[-122.30044629787544,47.452861158184376],[-122.30042571831854,47.45269998160019],[-122.30039450078658,47.452539589694375],[-122.3003527031911,47.45238031349105],[-122.30030041530672,47.45222246714727],[-122.30023773925835,47.4520663728836],[-122.30016480110397,47.45191234164061],[-122.30008175114224,47.45176068404261],[-122.29998875171128,47.45161170781421],[-122.29988599319799,47.45146571208903],[-122.29977368199145,47.45132299030795],[-122.29965204452326,47.45118383016708],[-122.29952132718988,47.451048510877065],[-122.29938178834729,47.45091730600884],[-122.29925108965618,47.45080476660739]]},"properties":{"LINK_TYPE":4,"DESCRIPTION":"Airport Link","SEGMENT":"F","STATUS":"COMPLETE"}},{"type":"Feature","geometry":{"type":"LineString","coordinates":[[-122.30052180482244,47.453319897786635],[-122.3005221538464,47.45327853039361],[-122.30052243417077,47.45323716388907],[-122.30052247385002,47.45322922806456],[-122.30052257701976,47.45319579642059],[-122.30052250965373,47.45315442892886],[-122.30052216741544,47.4531130622501],[-122.3005214774885,47.453071694584054],[-122.30052037544738,47.45303033498992],[-122.30051878847613,47.45298898166745],[-122.30051672743129,47.45294902740577],[-122.30051664795447,47.452947638246094],[-122.30051637899355,47.45294310373554],[-122.30051388541621,47.45290631383728],[-122.30050098657111,47.45277850388356],[-122.30047510713563,47.45261689680802],[-122.3004386427374,47.45245623276324],[-122.30039166302511,47.45229682890999],[-122.3003342578493,47.452139002144996],[-122.30026654938439,47.45198306894429],[-122.30018866353234,47.451829334765044],[-122.30010076255843,47.45167810459188],[-122.30000301276218,47.45152968335484],[-122.29989561641958,47.45138436180695],[-122.29977878388051,47.45124243059496],[-122.29965274538304,47.451104169139015],[-122.29951775128414,47.45096985385582],[-122.29937407182801,47.45083974993605],[-122.29929999438157,47.45077712606722]]},"properties":{"LINK_TYPE":4,"DESCRIPTION":"Airport Link","SEGMENT":"F","STATUS":"COMPLETE"}},{"type":"Feature","geometry":{"type":"LineString","coordinates":[[-122.29929999438157,47.45077712606722],[-122.29922196839729,47.45071409526425],[-122.29906178876395,47.45059318144778],[-122.2990557856152,47.450588855382954],[-122.29901370841458,47.450558910897605],[-122.29897118272116,47.45052926010035],[-122.2989282602201,47.450499872161124],[-122.29889298091614,47.450476064115016],[-122.29888499663751,47.4504707161976],[-122.29884144358158,47.45044175863892],[-122.29879764473269,47.45041297150053],[-122.29875365970368,47.450384318366346],[-122.29870952798021,47.45035576582217],[-122.29866530124734,47.45032728303837],[-122.29862102699542,47.45029883375566],[-122.29811793343085,47.4499756785966],[-122.298074466323,47.44994773692146],[-122.29803109431943,47.44991972545272],[-122.29798791659584,47.44989157710226],[-122.29794503232763,47.44986322478222],[-122.2979025366496,47.4498346014571],[-122.29786054101373,47.44980564536468],[-122.29781914467242,47.449776292158596],[-122.29780204126509,47.449763888861874],[-122.29777845915446,47.44974648281791],[-122.29777634105541,47.449744900616444],[-122.29773860430079,47.449716166440744],[-122.29773628609135,47.44971436746298],[-122.29769969575774,47.44968528669522],[-122.297652539123,47.44964584050916],[-122.29755402739234,47.449555033508815],[-122.2974643900901,47.449460092136256],[-122.29738400208798,47.44936141190385],[-122.29731319845527,47.44925941077222],[-122.29725227399827,47.44915451270388],[-122.29720149172726,47.449047161263564],[-122.29716105815147,47.44893780348482],[-122.29713114379186,47.44882690057303],[-122.29712220591847,47.44878248881846],[-122.29711553998207,47.448742119593604],[-122.29711012477303,47.448701665679536],[-122.29710865489645,47.44868889054621],[-122.29710582351731,47.44866115077725],[-122.29710249921057,47.448620590364555],[-122.29710001500294,47.44858000540142],[-122.29709822550197,47.4485394005059],[-122.2970973223558,47.44851137536667],[-122.29709699362782,47.44849878841489],[-122.29709618595761,47.44845816810803],[-122.29709565321322,47.448417549737556],[-122.29709526181892,47.44837692680125],[-122.29708274783796,47.44699620837815],[-122.29708259778391,47.446979758407146],[-122.29708244376617,47.44696331122924],[-122.29708228563105,47.44694686136251],[-122.29708211941475,47.44693041160005],[-122.29708194115356,47.446913964735046],[-122.29708174665308,47.44689751533759],[-122.29708153606703,47.446881068889724],[-122.29708130520117,47.44686461996157],[-122.29708105009168,47.44684817134626],[-122.29708077073857,47.44683172304381],[-122.29707860704366,47.44673755556959],[-122.29706448157253,47.446423377547795],[-122.29706329841635,47.44640453618794],[-122.29706223535034,47.44638810348288],[-122.29706114400084,47.44637167114277],[-122.2970600324491,47.446355239063365],[-122.29705889665449,47.446338807296804],[-122.29705774477519,47.44632237847978],[-122.2970565806979,47.4463059470782],[-122.29705540053598,47.44628951862618],[-122.29705421633416,47.446273090226235],[-122.29705302397507,47.44625665918964],[-122.297051827653,47.44624023094613],[-122.29692477542376,47.444494231009436]]},"properties":{"LINK_TYPE":4,"DESCRIPTION":"Airport Link","SEGMENT":"F","STATUS":"COMPLETE"}},{"type":"Feature","geometry":{"type":"LineString","coordinates":[[-122.29925108965618,47.45080476660739],[-122.29923372263335,47.45079048592138],[-122.29907741178299,47.45066829372014],[-122.29901070068101,47.450619363938884],[-122.29896888694914,47.45058958877794],[-122.29892662472338,47.45056010730511],[-122.29888396561206,47.45053088594932],[-122.29884096549513,47.450501899310346],[-122.29879767186307,47.45047311112848],[-122.29875414051895,47.45044449326262],[-122.2987104149122,47.45041600950549],[-122.29866654665106,47.45038762628632],[-122.29862258330296,47.45035931008668],[-122.29857856847123,47.45033103018149],[-122.29807684562186,47.4500087537636],[-122.29803284327322,47.449980465267444],[-122.29798893610699,47.44995210971827],[-122.2979452232221,47.44992361728708],[-122.29790179975329,47.449894920938185],[-122.29787690375527,47.44987823382489],[-122.29785876891711,47.44986595353173],[-122.29782823939524,47.44984499583383],[-122.29781623812488,47.44983665335781],[-122.29777430251126,47.44980695338122],[-122.29773308191754,47.44977680269977],[-122.29770131472725,47.449752789923046],[-122.29769268779565,47.44974613955188],[-122.2976758254748,47.4497329626267],[-122.29765323998654,47.44971491303571],[-122.29759181096858,47.449663254544646],[-122.29749274149432,47.44957071901481],[-122.2974026157735,47.44947407015805],[-122.29732180455846,47.44937370079822],[-122.29725063879897,47.449270026207635],[-122.29718941337657,47.44916347309014],[-122.29713837894671,47.44905447694431],[-122.29709774613445,47.448943487492734],[-122.29706767714669,47.44883095782229],[-122.29705857397198,47.44878526220553],[-122.29705190614051,47.44874439121882],[-122.29704648491902,47.448703432854764],[-122.29704498774952,47.448690260485215],[-122.29704218176863,47.44866241619196],[-122.29703885160359,47.448621356812424],[-122.29703636138395,47.448580267400935],[-122.2970345700656,47.44853916348733],[-122.29703368441254,47.448511472644384],[-122.29703333225649,47.44849804968963],[-122.29703251880503,47.44845693315829],[-122.29703198408966,47.44841581028844],[-122.2970315869141,47.448374691127896],[-122.29702236503526,47.447356944313796],[-122.29702221103543,47.44734049713568],[-122.29702205291818,47.447324047268665],[-122.29702187055695,47.44730759771453],[-122.29702165998818,47.447291151266356],[-122.29702140893605,47.447274702598584],[-122.29702110939614,47.4472582545565],[-122.29702074520594,47.447241807348604],[-122.29702034880081,47.44722651767393],[-122.29702031636549,47.44722536097496],[-122.29701980267158,47.447208915696265],[-122.2970192000836,47.447192471564584],[-122.29701652987313,47.44713861779789],[-122.2970010713836,47.446969044553484],[-122.29699995481897,47.446960073477776],[-122.29699783807843,47.44694368727182],[-122.29699563259894,47.446927307694864],[-122.29699558220094,47.44692695188718],[-122.29699334638515,47.446910931901606],[-122.29699098751827,47.446894559787744],[-122.29698857223777,47.44687819388582],[-122.29698610443063,47.4468618286616],[-122.2969836004131,47.44684546938857],[-122.2969810640722,47.446829110532576],[-122.29697850752967,47.44681275193725],[-122.29697594298443,47.446796396187096],[-122.29692938978424,47.44649984527199],[-122.29692682519294,47.44648348677989],[-122.29692426472057,47.44646713097659],[-122.29692172841662,47.44645077211946],[-122.29691921628098,47.44643441020847],[-122.29691674051223,47.44641804782821],[-122.29691430911474,47.446401682133455],[-122.2969119342101,47.44638531296773],[-122.29690961976216,47.446368937537976],[-122.29690935631496,47.446367038000005],[-122.29690737804623,47.44635256116976],[-122.29690522095349,47.44633617548367],[-122.29689555080316,47.44625192939559],[-122.29689394673963,47.446235517379975],[-122.29689242341188,47.446219101580716],[-122.29689097273857,47.446202682101955],[-122.29688958259797,47.446186259100195],[-122.2968882490263,47.4461698353686],[-122.29688696394228,47.446153411011316],[-122.29688571110691,47.44613698349601],[-122.29688448655627,47.44612055561571],[-122.29688327816864,47.446104127526915],[-122.29688208182665,47.446087696540715],[-122.29676651764824,47.44449953043944]]},"properties":{"LINK_TYPE":4,"DESCRIPTION":"Airport Link","SEGMENT":"F","STATUS":"COMPLETE"}},{"type":"Feature","geometry":{"type":"LineString","coordinates":[[-122.29623284469318,47.46088438334238],[-122.29339479811723,47.46312591615278],[-122.29332630026796,47.46317998104518],[-122.29325765423773,47.463233957315566],[-122.29318913161055,47.463287435656135],[-122.29318871214078,47.46328776186496],[-122.29311932997962,47.46334130605983],[-122.2930493595615,47.46339449583644],[-122.29301006920446,47.4634239483969],[-122.29297866909111,47.463447245145694],[-122.29290711434088,47.46349945713002],[-122.29283456313226,47.46355103203457],[-122.29276089144722,47.46360187274125],[-122.2926859789267,47.46365186837448],[-122.29258866618757,47.46371416466124],[-122.29240480515206,47.46382420944046],[-122.29221408544954,47.46392874845049],[-122.29201686551195,47.46402758511062],[-122.291813520409,47.46412053907934],[-122.29160442514338,47.46420742727598],[-122.29138997166098,47.46428809382384],[-122.29124659854311,47.46433755055186],[-122.29115621555992,47.46436692953078],[-122.2910649433956,47.464395022902295],[-122.29097270325069,47.46442161506001],[-122.2908794284531,47.464446490241485],[-122.2907850764314,47.46446942689065],[-122.29069822038056,47.464488436637396],[-122.29068964495929,47.464490200190944],[-122.2905931476741,47.46450857415432],[-122.29058922051752,47.46450926347102],[-122.29049564687237,47.464524317651794],[-122.29041091952848,47.46453558116261],[-122.29039723680606,47.464537185434274],[-122.29029805260868,47.46454694818008],[-122.29016842894973,47.464554672256476],[-122.29002080686134,47.464556567464236],[-122.28987337285814,47.46455114994454],[-122.28972691634033,47.46453845069662],[-122.2895822195403,47.46451853371964],[-122.28944005378503,47.46449150702814],[-122.28937003924935,47.46447534212223],[-122.28936696131765,47.464474586443494],[-122.28931706894518,47.4644618238431],[-122.28926461940594,47.464447404972034],[-122.28921265716197,47.464432190134524],[-122.2891614793568,47.46441639487728],[-122.28916114889631,47.46441628943788],[-122.28911003680997,47.464399805077605],[-122.2890592710349,47.464382833663386],[-122.28900878980598,47.46436548018316],[-122.28895852304436,47.464347841505756],[-122.28895730606803,47.46434741017464],[-122.28890840456008,47.46433000896582],[-122.28885836030824,47.46431208222466],[-122.28869754155198,47.46425440821985]]},"properties":{"LINK_TYPE":4,"DESCRIPTION":"Airport Link","SEGMENT":"F","STATUS":"COMPLETE"}},{"type":"Feature","geometry":{"type":"LineString","coordinates":[[-122.29628114868376,47.46091251299091],[-122.29344502528961,47.463152530631234],[-122.29337614367631,47.46320689662646],[-122.29330710991516,47.46326117679233],[-122.29323778816904,47.46331528513276],[-122.29319425347228,47.4633489656659],[-122.29316801819624,47.463369130481446],[-122.29309766820131,47.46342262678971],[-122.29302658991463,47.46347567725231],[-122.29298835650746,47.46350374521594],[-122.29295465146413,47.463528193078936],[-122.29289247475728,47.4635725108944],[-122.29288171655247,47.463580071825746],[-122.29284450589178,47.463605968642916],[-122.29280766108484,47.46363121363363],[-122.29279227647447,47.463641639111145],[-122.29273236089004,47.46368151590211],[-122.29263181169162,47.46374591856517],[-122.29244588262287,47.46385719922151],[-122.29225301637767,47.46396291478985],[-122.292053579396,47.46406286584346],[-122.29184794247644,47.4641568638691],[-122.29163649694377,47.46424473105932],[-122.29141963459192,47.464326306054716],[-122.29127919432437,47.464374801088],[-122.29126082157379,47.464380902252],[-122.2911869175824,47.464404854272836],[-122.29109373456647,47.4644335891632],[-122.29099955435127,47.46446079030833],[-122.29095814651593,47.46447212015929],[-122.29090431423039,47.46448623915287],[-122.29087246571609,47.46449426273783],[-122.29080798383498,47.46450971672577],[-122.29078578141343,47.46451478940313],[-122.29071054461787,47.46453099293616],[-122.29069693081945,47.46453376170097],[-122.29061202646135,47.46454983432912],[-122.29051429162615,47.464565742624224],[-122.29051247953642,47.464566009931296],[-122.29041200625595,47.4645792771307],[-122.29035333304364,47.46458555289021],[-122.29031074152437,47.46458939838249],[-122.29024446168748,47.46459419511614],[-122.29009584465695,47.46459970615777],[-122.28994702651357,47.46459801366019],[-122.28979876363336,47.464589124366704],[-122.28965181361568,47.464573088880655],[-122.2895069266616,47.46454998258181],[-122.28936484206666,47.46451992486546],[-122.28934585921607,47.46451532885273],[-122.28934419402933,47.464514919728884],[-122.28933785458932,47.46451335040182],[-122.28929043540208,47.46450111816041],[-122.28923720158356,47.464486415947576],[-122.28918445513865,47.464470920508646],[-122.28913216267377,47.46445473921004],[-122.28908027043188,47.46443797419526],[-122.2890287205373,47.46442072491879],[-122.28897745915592,47.46440309078287],[-122.2889285887989,47.46438593870251],[-122.28892641216673,47.464385168708056],[-122.28887551353269,47.46436705551112],[-122.2888246851667,47.46434885090512],[-122.28866777503156,47.46429257997019]]},"properties":{"LINK_TYPE":4,"DESCRIPTION":"Airport Link","SEGMENT":"F","STATUS":"COMPLETE"}},{"type":"Feature","geometry":{"type":"MultiLineString","coordinates":[[[-122.32014267512581,47.619077685590455],[-122.3201535038635,47.619752612417294],[-122.32015397046206,47.619781852503515],[-122.32015442589297,47.61981109205013],[-122.3201548570002,47.619840331914496],[-122.32015525162154,47.61986957225554],[-122.32015559759485,47.61989881323207],[-122.3201558837518,47.61992805430455],[-122.32015609689702,47.61995729495983],[-122.32015622592104,47.61998653671414],[-122.32015625758913,47.62001577768375],[-122.32015618079187,47.62004501938487],[-122.32015598332754,47.620074260605854],[-122.32015565303388,47.62010350150563],[-122.32015517770921,47.62013274087259],[-122.32015454521081,47.62016197955087],[-122.32015374331742,47.62019121564363]],[[-122.30363639009529,47.647407327275495],[-122.3036369349225,47.64743473874406],[-122.30363752943875,47.647462149571034],[-122.30363816555123,47.64748956054636],[-122.30363883612274,47.6475169703912],[-122.30363953510788,47.647544380554685],[-122.30364025536953,47.64757178975791],[-122.30364098984805,47.64759919946301],[-122.30364173039231,47.64762660840434],[-122.30372038482554,47.650530741401774]],[[-122.31901710977067,47.62323356232785],[-122.31915541220036,47.62304442211762],[-122.31928519118301,47.62285254064069],[-122.31940632709609,47.622658093606],[-122.31951871053685,47.622461259329754],[-122.31962223721524,47.622262217430986],[-122.31971681407383,47.62206115012216],[-122.3198023551943,47.62185824089202],[-122.31987877980865,47.621653675902216],[-122.3199460203488,47.62144764182546],[-122.32000401539025,47.62124032730874],[-122.32005271064568,47.62103192227483],[-122.32009206297941,47.62082261649858],[-122.32012203643102,47.62061260240102],[-122.32014260209738,47.62040207093758],[-122.32015374331742,47.62019121564363]],[[-122.31901710977067,47.62323356232785],[-122.31899727982214,47.62325954935903],[-122.31897729829842,47.62328548421049],[-122.31895717843463,47.62331136876592],[-122.31893693052287,47.62333720837482],[-122.31891656477717,47.623363005645885],[-122.31889609244449,47.62338876385975],[-122.31887552481112,47.623414487667524],[-122.31885487109703,47.62344018037632],[-122.31883414356288,47.62346584525356],[-122.31881335248144,47.62349148696364],[-122.31879250909984,47.62351710878724],[-122.31877162267726,47.623542715401925],[-122.3187507044413,47.62356830940324],[-122.3187297646843,47.62359389614074],[-122.3187088146534,47.62361947889523],[-122.30739404054856,47.6374304932271],[-122.30737438905501,47.637454474799256],[-122.30735474267091,47.63747845835812],[-122.30733510960417,47.637502447224925],[-122.30731549494348,47.63752644201924],[-122.30729590486922,47.63755044608856],[-122.3072763445284,47.63757446210829],[-122.30725682207063,47.63759849134392],[-122.30723734162915,47.63762253648393],[-122.30697403921741,47.63795552948539],[-122.30672014437914,47.63829184333709],[-122.30647574814203,47.63863135696369],[-122.30624093947554,47.638973947943995],[-122.30601580326257,47.63931949253716],[-122.30580042029945,47.63966786568244],[-122.30559487037607,47.640018942330386],[-122.30539922510053,47.640372594793476],[-122.30521355712125,47.64072869605422],[-122.30503793396552,47.64108711710278],[-122.30487241809719,47.641447728992674],[-122.30471706991935,47.641810401430696],[-122.30457194576589,47.6421750034886],[-122.30443709889514,47.642541402904335],[-122.30431257752021,47.64290946816426],[-122.30419842576414,47.643279066433806],[-122.30409468771565,47.6436500635054],[-122.30400139937484,47.64402232595896],[-122.30391859366475,47.64439571904012],[-122.30384630351165,47.64477010799196],[-122.30378455269926,47.64514535748735],[-122.30373336503322,47.64552133288142],[-122.30369275815954,47.64589789686407],[-122.30366274878959,47.64627491487637],[-122.30364334647957,47.64665225039231],[-122.30363455873938,47.64702976622403],[-122.30363639009529,47.647407327275495]]]},"properties":{"LINK_TYPE":6,"DESCRIPTION":"University Link","SEGMENT":"","STATUS":"COMPLETE"}},{"type":"Feature","geometry":{"type":"MultiLineString","coordinates":[[[-122.32029345417506,47.619071900856504],[-122.32030470678595,47.61977315359247],[-122.32030517845922,47.61980267466798],[-122.32030563592438,47.6198321952436],[-122.32030606604486,47.61986171686199],[-122.32030645459234,47.61989123833804],[-122.32030678737758,47.61992075985717],[-122.32030705124437,47.619950282276676],[-122.32030723297784,47.61997980439831],[-122.32030731638125,47.620009327119156],[-122.32030729028611,47.62003884989965],[-122.32030713946999,47.620068372253144],[-122.32030684974355,47.620097894365074],[-122.32030640791113,47.62012741572229],[-122.3203058007577,47.620156935126495]],[[-122.30380860391125,47.64761450359215],[-122.30388753938642,47.65052867480944]],[[-122.3203058007577,47.620156935126495],[-122.32030124029204,47.62028201419048],[-122.32029345248618,47.62040701957033],[-122.32028243828643,47.620531914235684],[-122.32026820166,47.62065666043092],[-122.32025074754861,47.62078121901648],[-122.32023007993944,47.62090555292147],[-122.32020620685437,47.6210296243366],[-122.32017913426876,47.62115339479336],[-122.320148870205,47.62127682648199],[-122.32011542475193,47.62139988293624],[-122.32007880692657,47.6215225256473],[-122.32003902985899,47.62164471810878],[-122.31999610359996,47.62176642248331],[-122.31995004227446,47.621887601565504],[-122.31990086000785,47.62200821814983],[-122.31984857098482,47.6221282370862],[-122.31979319131942,47.62224761977163],[-122.31973473825772,47.62236633170112],[-122.3196732289482,47.622484334943195],[-122.31960868367847,47.62260159495282],[-122.319541119657,47.62271807585382],[-122.31947056015464,47.622833741005316],[-122.319397024467,47.62294855655994],[-122.31932053487229,47.62306248657502],[-122.31924111672926,47.623175496438215],[-122.31915879237634,47.62328755226216],[-122.31911408041285,47.62334642744264]],[[-122.31911408041285,47.62334642744264],[-122.31909387860485,47.62337260100248],[-122.31907352925552,47.623398721644385],[-122.31905304470378,47.62342479537675],[-122.31903243919825,47.62345082407004],[-122.31901172406442,47.62347681374581],[-122.31899091052972,47.62350276699952],[-122.31897001194682,47.623528689826195],[-122.31894904159009,47.62355458548007],[-122.31892800973212,47.62358045862559],[-122.31890692966692,47.62360631320211],[-122.31888581271993,47.62363215523136],[-122.31886467214608,47.62365798728225],[-122.31884351927081,47.6236838153765],[-122.30753772552407,47.63748235246348],[-122.30751807203005,47.63750633340141],[-122.30749842465929,47.63753031631292],[-122.30747878957266,47.63755430386018],[-122.30745917394492,47.637578298692354],[-122.30743958187027,47.63760230212738],[-122.30742002155688,47.63762631748653],[-122.30740049711822,47.637650346773],[-122.30738101670437,47.63767439125233]],[[-122.30738101670437,47.63767439125233],[-122.30711942917785,47.638005207189956],[-122.30686718679965,47.63833932216094],[-122.30662438063432,47.638676616459506],[-122.30639109964908,47.639016967663586],[-122.30616742671637,47.63936025274283],[-122.30595344266881,47.63970634800623],[-122.30574922629953,47.6400551291018],[-122.30555485128065,47.640406469685495],[-122.30537038618299,47.64076024210627],[-122.30519590063643,47.641116320068335],[-122.30503145507424,47.64147457465072],[-122.30487711192465,47.64183487553346],[-122.30473292453483,47.64219709388255],[-122.30459894617954,47.64256109812073],[-122.3044752250882,47.64292675741899],[-122.30436180740871,47.64329393891613],[-122.30425873324819,47.64366251119749],[-122.30416603959812,47.64403234014412],[-122.3040837614451,47.644403292345686],[-122.30401192769473,47.64477523446782],[-122.30395056518894,47.64514803182892],[-122.30389969570177,47.645521549810205],[-122.30385933796757,47.645895653829186],[-122.3038295076607,47.64627020865462],[-122.30381021435343,47.64664507844565],[-122.30380146664365,47.64702012874219],[-122.3038032659733,47.647395223116995]],[[-122.3038032659733,47.647395223116995],[-122.30380380987428,47.647422634597866],[-122.30380440346441,47.64745004543706],[-122.30380503966462,47.64747745641147],[-122.30380571032401,47.64750486625536],[-122.30380640939688,47.647532276417834],[-122.30380712873227,47.64755968563312],[-122.30380786329856,47.64758709533715],[-122.3038086039306,47.64761450427739]]]},"properties":{"LINK_TYPE":6,"DESCRIPTION":"University Link","SEGMENT":"","STATUS":"COMPLETE"}},{"type":"Feature","geometry":{"type":"MultiLineString","coordinates":[[[-122.33044455325306,47.61380044111526],[-122.33057806944458,47.61380802580946],[-122.3307120160293,47.61381023857327],[-122.3308459203122,47.613807071229694],[-122.33097931116413,47.61379853477733],[-122.33111171699521,47.61378465941707]],[[-122.33044455325306,47.61380044111526],[-122.33040432338241,47.61379704725162],[-122.33036418388991,47.61379320043896],[-122.33032413395256,47.61378894250391],[-122.33028417378009,47.61378431594487],[-122.3302443005027,47.61377936192986],[-122.3302045062031,47.61377412237873],[-122.33016478395768,47.61376863851274],[-122.3301251237827,47.61376295090802],[-122.33008551571407,47.61375710082571],[-122.3300459477608,47.61375112955377],[-122.33000640687891,47.61374507702288],[-122.32996687903075,47.61373898386235],[-122.32850665508856,47.61351362249812],[-122.3284374824476,47.61350295734071],[-122.32836828931262,47.61349235410603],[-122.32829905420661,47.61348187682789],[-122.32822975761985,47.61347158745761],[-122.32816038006212,47.6134615486318],[-122.32809090613573,47.61345182430413],[-122.32802131837659,47.613442477084554],[-122.32795160341297,47.613433570900064]],[[-122.32795160341297,47.613433570900064],[-122.32768985295341,47.61340471797276],[-122.32742660567183,47.6133829680736],[-122.32716228212354,47.61336835474366],[-122.32689730564623,47.61336090257972],[-122.32663210122938,47.61336062313622],[-122.3263670915007,47.613367516349136],[-122.32610270185319,47.61338157252502],[-122.3258393552414,47.61340276761081],[-122.32557747333314,47.613431067977196],[-122.32531747446424,47.613466429759974],[-122.32505977453435,47.61350879473519],[-122.3248047871654,47.613558095800705],[-122.32455292056393,47.61361425359012],[-122.32430457658673,47.61367717922662],[-122.32406015267034,47.613746770869994],[-122.32382004093614,47.613822917841276],[-122.32358462608578,47.613905497908256],[-122.32335428343346,47.613994379367135],[-122.32312938190762,47.61408941963229],[-122.32291028206403,47.614190466633026],[-122.32269733507225,47.614297358826505],[-122.32249088067019,47.61440992453872],[-122.32229125028242,47.61452798466545],[-122.32209876286912,47.61465134929893],[-122.32191372603741,47.61477982114017],[-122.3217364370353,47.61491319480057],[-122.32156717971142,47.6150512568411],[-122.32140622453457,47.61519378645734],[-122.32125382859334,47.6153405554792],[-122.32111023660964,47.61549132835745],[-122.32097567797628,47.615645864944014],[-122.32085036967956,47.61580391634061],[-122.32073451039409,47.61596523114512],[-122.32062828742032,47.61612954987677],[-122.32053186871313,47.616296609878354],[-122.32044541096917,47.61646614452501],[-122.32036905046643,47.61663788197267],[-122.32030291224298,47.616811547094386],[-122.32024709996182,47.61698686161264],[-122.32020170306315,47.61716354606224],[-122.320166795652,47.61734131637718],[-122.32014243359443,47.61751988872693],[-122.32012865547097,47.61769897744757]],[[-122.32012865547097,47.61769897744757],[-122.32012675121693,47.61774693387518],[-122.32012551234368,47.617794900803844],[-122.32012484138369,47.61784287333737],[-122.3201246459559,47.61789084719882],[-122.32012483073659,47.61793882157694],[-122.3201252993684,47.617986794988674],[-122.32012595857341,47.61803476728165],[-122.32012671205239,47.61808273902843],[-122.32014267512581,47.619077685590455]]]},"properties":{"LINK_TYPE":6,"DESCRIPTION":"University Link","SEGMENT":"","STATUS":"COMPLETE"}},{"type":"Feature","geometry":{"type":"MultiLineString","coordinates":[[[-122.32992653221815,47.61394165190452],[-122.33007562756183,47.61396052062874],[-122.33022627541044,47.61397249315122],[-122.33037777864499,47.613977513513476],[-122.3305294360239,47.61397555871883],[-122.33068054621873,47.61396663799407],[-122.33083040982258,47.61395079207754],[-122.33097833342457,47.613928093850994],[-122.33112363370418,47.61389864965654],[-122.33115496754579,47.61389069396532]],[[-122.32992653221815,47.61394165190452],[-122.32988703226664,47.613935476087335],[-122.32984769085564,47.613928855337264],[-122.32980850213399,47.61392183291815],[-122.32976945816452,47.61391445006459],[-122.32973054997686,47.61390674733936],[-122.32969176456649,47.61389876604368],[-122.32965308789582,47.61389054680696],[-122.3296145048941,47.61388212958653],[-122.3295759974502,47.61387355437976],[-122.32953754844652,47.61386486048543],[-122.32949913774506,47.61385608792741],[-122.32946074723425,47.613847276703076],[-122.32909273502943,47.613762736084645],[-122.32902555208916,47.61374731447712],[-122.32895833853303,47.61373195492807],[-122.32889106271139,47.61371672023398],[-122.3288236959949,47.61370167246618],[-122.32875620675286,47.6136868751063],[-122.32868856941516,47.61367239087086],[-122.32862075944436,47.613658283148084],[-122.32855275132887,47.61364461671007]],[[-122.32855275132887,47.61364461671007],[-122.32830005126138,47.61359854160951],[-122.32804480202424,47.61355941820613],[-122.32778742000272,47.61352731093433],[-122.32752832831746,47.61350227180462],[-122.32726795080377,47.61348434253934],[-122.32700671294758,47.613473551818394],[-122.32674504397204,47.613469917308464],[-122.3264833707576,47.61347344574296],[-122.3262221238649,47.6134841307863],[-122.32596173048067,47.61350195449764],[-122.32570261648516,47.613526888674656],[-122.32544520637403,47.6135588921125],[-122.32518992228555,47.61359791198757],[-122.32493718199379,47.61364388456914],[-122.32468739890967,47.61369673521928],[-122.32444098303633,47.613756376323735],[-122.32419833802766,47.613822710757624],[-122.32395986011667,47.613895629843086],[-122.32372594119586,47.61397501467948],[-122.32349696369168,47.61406073415405],[-122.32327330370337,47.61415264832774],[-122.32305532589736,47.61425060713113],[-122.32284338754162,47.61435444962579],[-122.32263783755123,47.61446400607277],[-122.32243901036945,47.61457909664179],[-122.32224723413348,47.61469953336025],[-122.32206282048226,47.614825118189984],[-122.32188607375511,47.614955645648614],[-122.32171728185189,47.61509090224325],[-122.32155672233253,47.615230667075885],[-122.32140465729147,47.615374709853775],[-122.32126133651505,47.61552279496068],[-122.32112699543468,47.61567468079799],[-122.32100185304124,47.615830117755216],[-122.32088611502233,47.61598885159602],[-122.32077997066338,47.6161506214421],[-122.32068359395792,47.616315163186094],[-122.32059714354868,47.616482207435304],[-122.3205207607193,47.61665148022343],[-122.32045457044651,47.616822704367614],[-122.32039868137971,47.61699559878294],[-122.32035318490503,47.61716988123662],[-122.32031815607965,47.617345265593556],[-122.32029365269601,47.61752146457058],[-122.32027971426753,47.61769818974931],[-122.32027774322466,47.617746145682936],[-122.32027645377795,47.61779411190478],[-122.32027574744647,47.617842083532196],[-122.32027552783451,47.617890057711676],[-122.32027569755219,47.617938032288215],[-122.32027615920927,47.61798600510678],[-122.3202768155129,47.61803397743857],[-122.320277569131,47.618081949184386],[-122.32029345417506,47.619071900856504]]]},"properties":{"LINK_TYPE":6,"DESCRIPTION":"University Link","SEGMENT":"","STATUS":"COMPLETE"}},{"type":"Feature","geometry":{"type":"LineString","coordinates":[[-122.29702754405899,47.447928565502416],[-122.2970872669393,47.44749486975897]]},"properties":{"LINK_TYPE":4,"DESCRIPTION":"Airport Link","SEGMENT":"F","STATUS":"COMPLETE"}},{"type":"Feature","geometry":{"type":"LineString","coordinates":[[-122.29709122116213,47.44793104312273],[-122.29702364113098,47.44749787819254]]},"properties":{"LINK_TYPE":4,"DESCRIPTION":"Airport Link","SEGMENT":"F","STATUS":"COMPLETE"}},{"type":"Feature","geometry":{"type":"LineString","coordinates":[[-122.2968670401195,47.57007813528872],[-122.29692550247859,47.569644869200005]]},"properties":{"LINK_TYPE":1,"DESCRIPTION":"Central Link","SEGMENT":"D","STATUS":"COMPLETE"}},{"type":"Feature","geometry":{"type":"LineString","coordinates":[[-122.2969213771535,47.56932931406713],[-122.29685159545633,47.5688968144727]]},"properties":{"LINK_TYPE":1,"DESCRIPTION":"Central Link","SEGMENT":"D","STATUS":"COMPLETE"}},{"type":"Feature","geometry":{"type":"LineString","coordinates":[[-122.28341342125609,47.54166931965193],[-122.28327563916676,47.541244370334]]},"properties":{"LINK_TYPE":1,"DESCRIPTION":"Central Link","SEGMENT":"D","STATUS":"COMPLETE"}},{"type":"Feature","geometry":{"type":"LineString","coordinates":[[-122.28282040254226,47.54033292587975],[-122.28254888264573,47.539938619777175]]},"properties":{"LINK_TYPE":1,"DESCRIPTION":"Central Link","SEGMENT":"D","STATUS":"COMPLETE"}},{"type":"Feature","geometry":{"type":"LineString","coordinates":[[-122.29676651764824,47.44449953043944],[-122.29671880862173,47.44384382877032],[-122.29669300089687,47.443423740174055],[-122.29667669274255,47.44300343305373],[-122.29664128269951,47.44171527673405],[-122.29663562130806,47.44142935469079],[-122.29663435660315,47.44114340814422],[-122.29663586796894,47.44068034504427],[-122.29663460328084,47.44039439850393],[-122.29662894204996,47.44010847578602],[-122.29661638666164,47.43965171292531],[-122.29661597444323,47.439636681890725],[-122.29661556323506,47.43962165084313],[-122.29661515705797,47.43960661904512],[-122.29661475595047,47.439591587867206],[-122.29661436391414,47.43957655588679],[-122.29661398199734,47.439561524461304],[-122.29661361220099,47.43954649287944],[-122.29661325652582,47.43953146042994],[-122.29661291703036,47.439516428457125],[-122.2966125967253,47.439501396236764],[-122.29661229561079,47.439486363768836],[-122.29661201772672,47.43947133100118],[-122.29661176509315,47.43945629790776],[-122.29661153872004,47.43944126447551],[-122.29661134064668,47.43942623136366],[-122.2966111728738,47.43941119786092],[-122.29661103843152,47.439396163928116],[-122.29661093834879,47.439381130237535],[-122.29661087565587,47.439366096750064],[-122.29661085134344,47.43935106276741],[-122.29661086846066,47.43933602893571],[-122.2966109279983,47.439320994556745],[-122.29661103302485,47.43930596096185],[-122.29661118554107,47.439290927439785],[-122.29661138655686,47.439275893977445],[-122.29661163811149,47.43926086123408],[-122.29661194321564,47.43924582848536],[-122.29661230392776,47.43923079707563],[-122.29661272222943,47.439215765608374],[-122.29661319916897,47.43920073544109],[-122.29661373775718,47.4391857058494],[-122.29662583230488,47.43899777054],[-122.29664783793118,47.438810248895116],[-122.29667972798008,47.43862338323165],[-122.2967214605323,47.438437411947774],[-122.29677298256073,47.43825257358268],[-122.29677751980157,47.43823785844762],[-122.29678211788897,47.43822315143868],[-122.29678677381204,47.438208453280154],[-122.29679148450255,47.438193762640644],[-122.29679625100864,47.438179080877674],[-122.29680106824198,47.438164406685786],[-122.2968059351926,47.438149740078124],[-122.29681085083118,47.43813508038233],[-122.29681581214697,47.438120428322925],[-122.2968208170816,47.43810578255531],[-122.2968258636341,47.438091143790885],[-122.29683095077543,47.43807651135736],[-122.29683607547544,47.438061885293926],[-122.29684123569503,47.4380472649413],[-122.29684643040491,47.438032649627296],[-122.29685165558435,47.438018040089354],[-122.29685691220493,47.43800343494383],[-122.29686219523582,47.43798883494118],[-122.29686750463861,47.437974238710964],[-122.29687283841258,47.43795964696436],[-122.29687819348922,47.437945058370126],[-122.29688356887789,47.43793047362643],[-122.29688896151006,47.43791589140189],[-122.2968943703951,47.43790131239485],[-122.29689979248361,47.43788673595911],[-122.29690522672745,47.437872160737165],[-122.29691067114484,47.437857588125645],[-122.29691612365828,47.437843016094845],[-122.29692158226696,47.43782844535609],[-122.29692704493176,47.437813875250185],[-122.29693250862276,47.43779930581622],[-122.2972082416695,47.43706414193806],[-122.29721370621351,47.437049572477875],[-122.29721916770535,47.437035002371275],[-122.29722462614498,47.43702043161829],[-122.29723007848338,47.437005859572736],[-122.29723552170982,47.43699128695908],[-122.29724095576665,47.43697671172143],[-122.29724637867244,47.436962135256465],[-122.29725178632965,47.43694755556057],[-122.29725717877673,47.43693297400421],[-122.29726255292614,47.43691838857078],[-122.29726790677717,47.43690379997163],[-122.29727323830993,47.436889208232785],[-122.29727854647608,47.43687461199683],[-122.29728382824572,47.436860011302834],[-122.29728908260881,47.43684540616386],[-122.29729430651648,47.436830795933815],[-122.29729949794859,47.43681618063873],[-122.29730465587618,47.436801559606415],[-122.29730977726929,47.436786932875975],[-122.29731486008886,47.43677229978822],[-122.29731990332492,47.436757660356285],[-122.29732490495758,47.43674301460618],[-122.29732986092783,47.436728361904784],[-122.29733477121648,47.4367137015669],[-122.29733963380365,47.43669903361859],[-122.29734444567876,47.43668435878427],[-122.29734920478347,47.43666967571941],[-122.29735391010784,47.4366549844372],[-122.29735855864128,47.43664028566195],[-122.29736314931613,47.4366255773509],[-122.2973676781312,47.436610860926784],[-122.29740804203745,47.43646889186745],[-122.29744258266638,47.43632621719007],[-122.29744583915752,47.43631134649952],[-122.29744903384746,47.43629646975174],[-122.29745216978544,47.436281587592866],[-122.2974552489721,47.43626669931163],[-122.29745827245601,47.436251806265425],[-122.29746124223777,47.436236907742995],[-122.29746416239578,47.43622200506264],[-122.29746703190082,47.436207097552156],[-122.2974698548312,47.43619218652992],[-122.29747263318762,47.43617727128459],[-122.29747536798011,47.43616235180314],[-122.29747806227702,47.436147429416906],[-122.29748071809819,47.43613250409984],[-122.29748333643441,47.4361175751537],[-122.29748592035403,47.43610264390986],[-122.29748847086701,47.436087710355196],[-122.29749099098399,47.43607277376546],[-122.29749348175339,47.43605783549804],[-122.29749594618593,47.43604289482858],[-122.29749838630137,47.43602795173107],[-122.2975008041582,47.43601300754983],[-122.29750320177624,47.435998062258804],[-122.29750558014631,47.43598311515977],[-122.29750794231742,47.435968166898824],[-122.29751028929954,47.435953217462924],[-122.29751262515174,47.43593826748518],[-122.2975149508647,47.435923316267264],[-122.29751726748684,47.43590836516668],[-122.29751957800954,47.43589341277379],[-122.29752188552023,47.43587846110518],[-122.29752418996145,47.43586350810519],[-122.29772626522303,47.434552248687936],[-122.29772707899953,47.434546971513946],[-122.29772789176582,47.43454169435294],[-122.29772870552274,47.43453641649371],[-122.29772951828873,47.4345311393327],[-122.29773033105462,47.434525862171725],[-122.29773114281045,47.43452058502375],[-122.29773195555674,47.4345153071775],[-122.29773276731217,47.43451003002955],[-122.29773357803835,47.434504752209364],[-122.29773438878354,47.43449947507441],[-122.29773519950938,47.43449419725425],[-122.29773600924435,47.434488920132345],[-122.29773681795,47.4344836423382],[-122.2977376266555,47.434478364544134],[-122.2977384343509,47.43447308676304],[-122.29773924103631,47.43446780899498],[-122.29774004671152,47.43446253123993],[-122.29774085137672,47.434457253497996],[-122.29774165602255,47.434451975070765],[-122.29774245866756,47.434446697354865],[-122.29774326129318,47.4344414189537],[-122.29774406189884,47.43443614057862],[-122.29774486151365,47.43443086290181],[-122.29774565908919,47.43442558456585],[-122.29774645664538,47.43442030554463],[-122.29774725220081,47.43441502723476],[-122.29774804674614,47.43440974893788],[-122.29774883925225,47.43440446998188],[-122.29774963074833,47.43439919103889],[-122.29775042022443,47.43439391212198],[-122.29775120869037,47.43438863321812],[-122.2978058432333,47.43399004319525],[-122.29785093878829,47.43359090454353],[-122.29788648437493,47.433191322299834],[-122.29791247101477,47.43279140078738],[-122.29792889180727,47.432391246356595],[-122.29793574282503,47.431990963260624],[-122.2979330222179,47.43159065777981],[-122.2979207311272,47.431190434782415],[-122.29789887273292,47.43079039979362],[-122.29789851898514,47.43078509930925],[-122.29789816321778,47.43077979885099],[-122.29789780541154,47.43077449773353],[-122.29789744762458,47.43076919730133],[-122.29789708680823,47.430763896908296],[-122.2978967259919,47.430758596515204],[-122.29789636315596,47.430753296148204],[-122.29789599830043,47.4307479958073],[-122.29789563344491,47.43074269546642],[-122.29789526656987,47.4307373951516],[-122.297894898685,47.43073209484982],[-122.2978945298096,47.43072679524632],[-122.29789415990513,47.43072149497065],[-122.297893788991,47.43071619470798],[-122.29789341706704,47.43071089445841],[-122.29789304514316,47.430705594208774],[-122.29789267121893,47.43070029467054],[-122.29789229727554,47.430694994446995],[-122.29789192232239,47.43068969423649],[-122.29789154637866,47.43068439472432],[-122.29789117041582,47.430679094526866],[-122.29789079344319,47.43067379434249],[-122.29789041648985,47.430668494843324],[-122.29789003850753,47.43066319467199],[-122.29788966054451,47.430657895185874],[-122.29788928256234,47.43065259501452],[-122.29788890357044,47.4306472948562],[-122.29788852560765,47.43064199537011],[-122.2978881466158,47.43063669521177],[-122.29788776764337,47.430631395738736],[-122.29788738764192,47.43062609559345],[-122.29783010648896,47.4298253843944],[-122.29779941700802,47.42934887233182],[-122.29763320454838,47.42644679161865],[-122.29763290130668,47.426441489111724],[-122.29763259707448,47.426436187303054],[-122.29763229383289,47.42643088479611],[-122.29763199162034,47.42642558296139],[-122.29763168940782,47.426420281126674],[-122.29763138717614,47.42641497860667],[-122.29763108597359,47.42640967675888],[-122.29763078576157,47.426404374212815],[-122.2976304865786,47.42639907233896],[-122.29763018838624,47.42639376976681],[-122.29762989223269,47.42638846785383],[-122.29762959706972,47.42638316524258],[-122.29762930293579,47.426377863303486],[-122.29762901080227,47.426372560653114],[-122.29762871967851,47.42636725798968],[-122.29762843160331,47.42636195597239],[-122.29762814451877,47.42635665325678],[-122.29762786046352,47.42635135050208],[-122.29762757741808,47.42634604773434],[-122.2976272974212,47.42634074561273],[-122.29762702043449,47.42633544276673],[-122.29762674546731,47.42633013989467],[-122.29762647352943,47.42632483698349],[-122.29762620361115,47.426319534046215],[-122.297625937732,47.42631423105679],[-122.29762567488217,47.42630892802826],[-122.29762541506165,47.42630362496057],[-122.29762515825124,47.426298321168574],[-122.2976249054992,47.42629301800959],[-122.29762465577637,47.42628771481151],[-122.2976244100927,47.426282411561296],[-122.2976176488341,47.42606406152738],[-122.29761743385161,47.42584566328749],[-122.29762376660901,47.42562730799269],[-122.29763664346366,47.42540908480233],[-122.29763703729526,47.42540378563224],[-122.29763743516577,47.42539848641007],[-122.29763783707519,47.42539318713571],[-122.29763824203287,47.425387888507494],[-122.29763865101027,47.42538258914185],[-122.29763906202632,47.42537729043538],[-122.29763947708122,47.42537199167675],[-122.29763989518449,47.42536669356423],[-122.29764031530715,47.42536139542566],[-122.2976407384397,47.42535609656271],[-122.29764116462061,47.42535079834587],[-122.29764159284021,47.425345500788175],[-122.29764202406966,47.42534020250618],[-122.29764245731849,47.42533490419806],[-122.29764289260596,47.425329606549084],[-122.29764332890306,47.42532430888712],[-122.2976437682293,47.42531901118599],[-122.2976442085652,47.42531371347187],[-122.29764465193023,47.42530841571856],[-122.29764509531441,47.42530311865055],[-122.2976455406987,47.42529782087117],[-122.29764598711189,47.42529252376404],[-122.29764643451553,47.42528722595863],[-122.29764688294799,47.42528192882536],[-122.29764733239011,47.42527663167912],[-122.29764778282268,47.42527133383454],[-122.2976482342841,47.42526603666219],[-122.29764868473575,47.42526073950288],[-122.29764913720673,47.42525544231751],[-122.29764958866784,47.42525014514513],[-122.29765004113868,47.42524484795974],[-122.29772421370906,47.424375782281416],[-122.29772481664668,47.42436871937171],[-122.29772541855523,47.42436165578977],[-122.29772602048278,47.4243545928931],[-122.29772662039072,47.42434753002252],[-122.29772721825988,47.42434046649278],[-122.2977278131189,47.424333403687406],[-122.29772840593908,47.42432634022286],[-122.29772899573001,47.424319276797405],[-122.29772958047212,47.42431221343719],[-122.29773016216575,47.42430514943086],[-122.29773073780083,47.42429808550273],[-122.29773130937772,47.424291020941524],[-122.29773187390558,47.424283957156895],[-122.29773243334628,47.42427689206694],[-122.29773298571882,47.42426982706828],[-122.29773353001337,47.42426276217393],[-122.29773406722063,47.42425569668563],[-122.2977345963499,47.424248631301694],[-122.29773511637242,47.424241565349796],[-122.29773562829776,47.42423449881705],[-122.29773613012576,47.424227432414696],[-122.29773662082758,47.42422036547052],[-122.29773710242252,47.42421329795852],[-122.29773757190074,47.424206230602955],[-122.29773803025266,47.42419916270561],[-122.29773847646871,47.424192094279576],[-122.29773891056793,47.424185026009965],[-122.29773933049258,47.42417795655241],[-122.29773973830055,47.42417088725145],[-122.29774013094335,47.42416381746076],[-122.2977405104406,47.42415674715436],[-122.29774477377345,47.42402948258393],[-122.29774486930853,47.42402240771917],[-122.29774494969783,47.42401533305007],[-122.29774501696087,47.42400825855047],[-122.29774507008788,47.42400118423344],[-122.29774511006937,47.42399410940073],[-122.29774513793426,47.42398703472445],[-122.29774515366337,47.423979959519485],[-122.29774515729508,47.42397288515625],[-122.29774514980078,47.42396581025123],[-122.29774513220936,47.42395873547658],[-122.29774510452073,47.42395166083237],[-122.29774506772553,47.42394458562028],[-122.29774502085239,47.42393751122387],[-122.29774496487266,47.423930436259596],[-122.29774490184413,47.423923362071804],[-122.29774483071876,47.423916287303165],[-122.29774475252533,47.42390921262575],[-122.29774466726404,47.423902138039686],[-122.29774457594439,47.423895063531795],[-122.29774447856654,47.42388798910216],[-122.29774437614022,47.423880914737815],[-122.29774426866526,47.42387384043862],[-122.29774415713231,47.42386676550638],[-122.29774404157973,47.423859691311506],[-122.29774392198841,47.423852617168805],[-122.29774380037766,47.42384554305222],[-122.29774367672827,47.423838468276436],[-122.29774355006904,47.42383139422505],[-122.29774342240009,47.4238243201867],[-122.2977432937023,47.423817245476116],[-122.29774316502372,47.42381017145085],[-122.29769935374013,47.421409722698264],[-122.29769624093113,47.42123916907267],[-122.29769596689002,47.42122413694957],[-122.29769568980086,47.42120910418034],[-122.29769540867323,47.42119407146332],[-122.29769512148785,47.42117903882451],[-122.29769482622527,47.421164006290084],[-122.29769452084712,47.421148973200786],[-122.29769420236275,47.42113394096629],[-122.29769387075301,47.42111890890131],[-122.29769352197921,47.421103877058044],[-122.297693154003,47.42108884477731],[-122.297692765853,47.421073813442646],[-122.2976923554715,47.42105878170965],[-122.29769191986807,47.42104375098789],[-122.29769145700413,47.42102872061825],[-122.29769096585095,47.42101368992854],[-122.29769044341776,47.42099866032831],[-122.29768988867593,47.42098363114538],[-122.29768929859645,47.420968602418895],[-122.29768867117929,47.42095357486014],[-122.29768800438595,47.42093854780999],[-122.29768729720679,47.42092352128151],[-122.29768654663202,47.42090849599897],[-122.29768574963285,47.42089347200159],[-122.29768490619009,47.420878448604086],[-122.29768401331309,47.420863427216034],[-122.29768306795393,47.420848407191336],[-122.29768207011242,47.42083338853004],[-122.29768101575024,47.420818371284206],[-122.2976799048865,47.42080335613917],[-122.29767873350194,47.42078834383231],[-122.29767750054842,47.42077333300616],[-122.29766746489342,47.420671676799365],[-122.29765679809073,47.420586593061664],[-122.29763957888072,47.42047451138947],[-122.29761539868218,47.420345388398516]]},"properties":{"LINK_TYPE":5,"DESCRIPTION":"Angle Lake","SEGMENT":"","STATUS":"COMPLETE"}},{"type":"Feature","geometry":{"type":"LineString","coordinates":[[-122.29768256724724,47.42033825269386],[-122.29776466308414,47.42068696031695],[-122.29778998476279,47.42080955084696],[-122.29781145285992,47.420930936007665],[-122.29782684394306,47.421037597069514],[-122.29784357659211,47.42119454453348],[-122.297844809584,47.42120955467278],[-122.29784598104507,47.42122456766338],[-122.29784709196544,47.42123958280702],[-122.29784814636471,47.421254599366264],[-122.29784914426192,47.42126961802634],[-122.29785008969573,47.421284638735116],[-122.29785098262764,47.42129966012204],[-122.29785182610583,47.42131468283329],[-122.29785262216879,47.421329707528066],[-122.29785337380699,47.42134473279666],[-122.29785408102042,47.421359758639085],[-122.29785474786699,47.421374785688485],[-122.2978553753562,47.42138981393179],[-122.2978559654882,47.42140484265763],[-122.29785652028225,47.42141987183995],[-122.29785704276742,47.421434901439646],[-122.29785753395322,47.42144993144363],[-122.29785799688791,47.42146496249805],[-122.29785843153303,47.42147999323243],[-122.29785884297519,47.421495024952016],[-122.2978592311761,47.42151005628633],[-122.2978595981743,47.42152508789454],[-122.29785994802751,47.42154012040971],[-122.29786027968771,47.421555152474426],[-122.29786059822244,47.42157018470869],[-122.29786090363167,47.4215852171125],[-122.29786119894439,47.421600249646744],[-122.29786148617995,47.421615282285345],[-122.29786176735766,47.42163031500218],[-122.2978620434871,47.421645347784256],[-122.29786231860714,47.42166038057936],[-122.29788590850593,47.42295268572505],[-122.29788600579468,47.42295799157658],[-122.29788610207373,47.42296329744116],[-122.29788619732389,47.42296860263353],[-122.29788629259326,47.42297390851114],[-122.29788638584327,47.42297921441491],[-122.29788647808361,47.42298452033167],[-122.29788656828539,47.42298982558926],[-122.29788665547731,47.422995131571234],[-122.29788674064983,47.42300043757931],[-122.29788682277409,47.42300574294124],[-122.29788690188845,47.42301104902756],[-122.29788697694484,47.42301635448081],[-122.29788704899143,47.42302166065843],[-122.29788711597028,47.42302696621598],[-122.29788717791993,47.423032272524054],[-122.29788723581156,47.423037578199015],[-122.29788728867395,47.423042884624415],[-122.29788733545894,47.42304819044286],[-122.29788737719545,47.42305349632652],[-122.29788741186417,47.423058802301455],[-122.29788744047463,47.42306410835465],[-122.29788746201729,47.42306941449915],[-122.297887476492,47.423074720734945],[-122.29788748286994,47.42308002638983],[-122.29788748219926,47.42308533282128],[-122.29788747343181,47.4230906386718],[-122.29788745559621,47.423095945324945],[-122.29788742964469,47.423101250711966],[-122.29788739462502,47.42310655690162],[-122.29788734950844,47.42311186322164],[-122.29788729528536,47.423117168973846],[-122.29788312971439,47.42324149356799],[-122.29788282893175,47.42324679565005],[-122.29788251904255,47.42325209716425],[-122.2978821990563,47.423257398808936],[-122.2978818689729,47.42326270058397],[-122.29788153180237,47.42326800176508],[-122.29788118552528,47.42327330237836],[-122.29788083016076,47.42327860310899],[-122.29788046871879,47.42328390323261],[-122.29788009818941,47.42328920347364],[-122.29787972160172,47.423294503792896],[-122.29787933792691,47.42329980351823],[-122.29787894716482,47.42330510264962],[-122.29787855135422,47.423310401846166],[-122.29787814847555,47.42331570113404],[-122.29787774052913,47.42332099980189],[-122.29787732753411,47.42332629853493],[-122.2978769094905,47.4233315973332],[-122.29787648738876,47.423336895498394],[-122.29787606124815,47.42334219371576],[-122.29787563003968,47.42334749131305],[-122.29787519582128,47.42335278963474],[-122.29787475855444,47.42335808731029],[-122.29787431825842,47.42336338502501],[-122.29787387493317,47.42336868277883],[-122.29787343057895,47.423373979860465],[-122.29787298321477,47.423379277666434],[-122.29787253381184,47.423384574813284],[-122.29787208440882,47.423389871960104],[-122.29787163298636,47.42339516913298],[-122.29787118156378,47.423400466305914],[-122.29787072913135,47.42340576349185],[-122.29771355984745,47.425247344740676],[-122.29771310738305,47.42525264192632],[-122.29771265491861,47.425257939111994],[-122.29771220346373,47.42526323628461],[-122.29771175200885,47.4252685334572],[-122.29771130156358,47.42527383061678],[-122.29771085111824,47.425279127776356],[-122.29771040170172,47.42528442560813],[-122.29770995327564,47.42528972274161],[-122.29770950585926,47.42529501986204],[-122.29770905947169,47.425300317654695],[-122.2977086140746,47.42530561474904],[-122.29770816970633,47.42531091251559],[-122.2977077273575,47.4253162102561],[-122.297707287028,47.425321507970466],[-122.29770684770818,47.42532680567185],[-122.29770641141751,47.425332103334114],[-122.29770597613644,47.42533740098327],[-122.29770554289405,47.42534269929164],[-122.29770511165178,47.42534799688865],[-122.29770468345785,47.4253532951318],[-122.29770425829312,47.425358593335844],[-122.29770383516694,47.425363892199044],[-122.29770341404097,47.425369190350885],[-122.29770299695384,47.425374488450586],[-122.2977025819054,47.425379787209444],[-122.2977021708958,47.42538508591618],[-122.29770176192481,47.425390385282014],[-122.29770135798326,47.42539568389745],[-122.29770095608028,47.425400983172025],[-122.29770055821622,47.42540628239447],[-122.297700164391,47.4254115815647],[-122.29768735653816,47.42562876192099],[-122.29768105742343,47.425846074149206],[-122.29768126863048,47.42606342774556],[-122.29768799079099,47.426280734273924],[-122.29768823648111,47.42628603752402],[-122.2976884852198,47.426291341420225],[-122.29768873797838,47.426296644579025],[-122.297688994776,47.426301947685666],[-122.29768925460289,47.426307250753176],[-122.29768951745922,47.42631255378159],[-122.29768978334484,47.42631785677085],[-122.2976900522598,47.42632315972102],[-122.29769032420407,47.42632846263203],[-122.29769059917773,47.426333765503955],[-122.29769087617086,47.42633906834976],[-122.29769115619345,47.42634437115649],[-122.2976914392453,47.42634967392412],[-122.29769172328776,47.42635497599338],[-122.29769200936906,47.42636027872185],[-122.29769229847967,47.426365581411176],[-122.29769258860007,47.42637088408751],[-122.29769288173063,47.42637618603941],[-122.29769317488046,47.42638148867661],[-122.29769347003062,47.42638679060247],[-122.29769376721961,47.42639209318749],[-122.29769406539921,47.42639739507422],[-122.2976943646078,47.426402697633165],[-122.29769466480705,47.42640799949383],[-122.29769496603534,47.42641330202666],[-122.29769526724445,47.426418603874296],[-122.29769556948258,47.426423906394106],[-122.29769587271134,47.42642920821566],[-122.29769617594016,47.42643451003719],[-122.29769647918828,47.42643981254395],[-122.29769678342703,47.42644511435245],[-122.29786299943376,47.4293471956575],[-122.29789366264129,47.42982329058261],[-122.29795094478568,47.430624002434755],[-122.29795132376452,47.43062930190759],[-122.29795170276263,47.4306346020657],[-122.29795208174167,47.43063990153854],[-122.29795246073992,47.43064520169666],[-122.29795283870924,47.43065050118258],[-122.29795321770767,47.43065580134065],[-122.29795359569636,47.43066110151182],[-122.2979539736659,47.43066640099768],[-122.29795435064489,47.43067170118187],[-122.29795472760473,47.43067700068081],[-122.29795510357398,47.43068230087804],[-122.29795547853354,47.430687601088295],[-122.29795585347391,47.43069290061332],[-122.29795622843358,47.43069820082358],[-122.29795660137367,47.430703501059945],[-122.2979569743138,47.43070880129631],[-122.29795734622496,47.430714100860456],[-122.29795771714558,47.43071940112289],[-122.2979580870564,47.430724701398375],[-122.29795845595748,47.43073000168691],[-122.29795882384876,47.430735301988484],[-122.29795918972043,47.430740602316106],[-122.29795955557303,47.430745901958545],[-122.29795991942515,47.43075120231227],[-122.29796028226754,47.43075650267907],[-122.29796064411931,47.43076180374415],[-122.29796100393229,47.430767104150014],[-122.29796136273552,47.430772404569],[-122.29796172052896,47.43077770500102],[-122.29796207529292,47.43078300547211],[-122.29796243005696,47.43078830594323],[-122.29798433170235,47.43118907316263],[-122.29799664786829,47.431590028630644],[-122.29799937636443,47.43199106612408],[-122.29799251404806,47.43239208148585],[-122.29797606377815,47.43279296842262],[-122.29795002946207,47.43319362199593],[-122.29791441697017,47.43359393518316],[-122.29786923731916,47.433993804320195],[-122.2978145004399,47.43439312301266],[-122.29781371199948,47.434398402602206],[-122.29781292252973,47.43440368151955],[-122.29781213103998,47.43440896046302],[-122.29781133751106,47.4344142387473],[-122.29781054400122,47.43441951771677],[-122.29780974744219,47.43442479604015],[-122.29780895088304,47.43443007436353],[-122.29780815230382,47.43443535271299],[-122.29780735271461,47.43444063107545],[-122.29780655211529,47.43444590945099],[-122.29780575050592,47.434451187839564],[-122.2978049468573,47.43445646556892],[-122.29780414320854,47.434461743298314],[-122.29780333755897,47.434467021739025],[-122.29780253189003,47.4344722994945],[-122.29780172521103,47.43447757726297],[-122.29780091752194,47.43448285504452],[-122.29780010983265,47.434488132826054],[-122.29779930010422,47.434493409948395],[-122.29779849039478,47.43449868775602],[-122.29779768066597,47.43450396487839],[-122.2977968699463,47.43450924269898],[-122.29779605819735,47.43451451984744],[-122.29779524646744,47.43451979768112],[-122.29779443471817,47.434525074829494],[-122.29779362197797,47.43453035267621],[-122.29779280921845,47.43453562983769],[-122.29779199645871,47.43454090699909],[-122.29779118369886,47.434546184160546],[-122.29779036994812,47.434551462020245],[-122.29778955718795,47.4345567391817],[-122.29758748250768,47.435867999410156],[-122.2975851780652,47.43588295172619],[-122.29758287059158,47.4358979040813],[-122.29758056008684,47.4359128564755],[-122.29757824348265,47.435927807577386],[-122.29757591879752,47.43594275878358],[-122.29757358296328,47.43595770876263],[-122.29757123599907,47.435972658199844],[-122.29756887384585,47.43598760646214],[-122.29756649650366,47.43600255354943],[-122.29756409993269,47.436017499514016],[-122.29756168310375,47.436032443683544],[-122.29755924399693,47.43604738608417],[-122.29755678059222,47.43606232674194],[-122.29755429086991,47.43607726568295],[-122.29755177279073,47.43609220224803],[-122.29754922433473,47.43610713646326],[-122.29754664346282,47.43612206766944],[-122.29754402716436,47.43613699659096],[-122.29754137542008,47.436151922542614],[-122.2975386841709,47.4361668448912],[-122.2975359524261,47.436181764335096],[-122.29753317814655,47.43619668021508],[-122.29753035929302,47.436211591872],[-122.29752749384564,47.436226499331916],[-122.29752457978437,47.43624140262091],[-122.2975216150894,47.43625630176504],[-122.29751859669231,47.43627119543299],[-122.29751552461228,47.43628608430994],[-122.29751239578093,47.43630096706455],[-122.29750920821692,47.43631584509332],[-122.29750595883249,47.43633071637969],[-122.29747071098737,47.436476483569834],[-122.2974294340838,47.43662152106687],[-122.29742489716715,47.43663623622728],[-122.2974202994005,47.4366509432616],[-122.29741564480454,47.43666564143237],[-122.29741093339844,47.43668033142492],[-122.29740616823113,47.4366950138853],[-122.29740135029341,47.43670968811524],[-122.2973964836443,47.43672435474787],[-122.29739156830293,47.43673901446836],[-122.29738660727993,47.43675366655239],[-122.29738160263373,47.436768312344384],[-122.29737655636481,47.43678295113297],[-122.29737146950245,47.436797583590355],[-122.29736634507648,47.43681220967746],[-122.29736118512601,47.43682683005339],[-122.2973559916901,47.4368414453774],[-122.29735076575953,47.43685605495114],[-122.29734551040262,47.436870660105996],[-122.29734022661006,47.436885260143704],[-122.2973349174501,47.436899856395584],[-122.29732958391352,47.43691444816338],[-122.29732422906869,47.4369290367785],[-122.29731885390626,47.43694362154264],[-122.29731346149447,47.43695820378717],[-122.29730805282428,47.43697278281381],[-122.29730263094454,47.436987359268684],[-122.29729719690378,47.43700193450927],[-122.2972917526835,47.43701650713894],[-122.29728630036121,47.437031079187484],[-122.29728084193759,47.43704564994342],[-122.29727537945192,47.437060220066044],[-122.29726991593401,47.43707478951617],[-122.29699418368011,47.43780995285927],[-122.29698872000529,47.43782452229619],[-122.29698325735662,47.43783909240506],[-122.29697779977398,47.43785366313376],[-122.29697234725742,47.43786823448228],[-122.29696690287531,47.43788280778203],[-122.29696146862844,47.43789738232164],[-122.29695604657523,47.437911959445586],[-122.29695063770633,47.43792653845561],[-122.29694524610024,47.43794112067004],[-122.29693987173768,47.43795570540364],[-122.29693451768715,47.43797029398779],[-122.29692918495853,47.437984886409446],[-122.29692387658191,47.43799948262955],[-122.29691859459635,47.43801408330729],[-122.29691334102195,47.438028688416544],[-122.29690811688792,47.43804329862956],[-122.29690292522416,47.43805791390732],[-122.29689776706002,47.43807253492193],[-122.29689264542536,47.43808716163434],[-122.29688756134951,47.43810179471672],[-122.2968825178624,47.43811643413003],[-122.29687751698407,47.43813107984824],[-122.29687255974373,47.43814573254353],[-122.29686764919057,47.43816039286204],[-122.29686278631551,47.438175060105486],[-122.29685797418684,47.43818973560533],[-122.2968532148055,47.438204418650166],[-122.29684850918142,47.43821910922708],[-122.29684386038308,47.43823380866742],[-122.29683927041124,47.43824851625984],[-122.29683474029524,47.43826323267661],[-122.29678393101082,47.438445808650435],[-122.29674275203027,47.43862949765628],[-122.29671125350112,47.43881406667578],[-122.29668947842637,47.4389992800384],[-122.29667745265992,47.43918490297782],[-122.29667690599081,47.43919993198884],[-122.29667642199952,47.43921496224763],[-122.2966759976562,47.43922999379331],[-122.29667562989235,47.43924502529445],[-122.29667531874642,47.43926005812155],[-122.29667506115011,47.43927509094325],[-122.2966748550834,47.43929012378557],[-122.29667469854549,47.439305157359854],[-122.29667458951643,47.43932019169217],[-122.29667452593782,47.43933522543806],[-122.29667450580891,47.43935025930883],[-122.29667452609965,47.43936529334364],[-122.29667458679089,47.439380326857126],[-122.29667468386185,47.439395360586786],[-122.29667481630248,47.43941039454553],[-122.29667498106365,47.43942542808731],[-122.2966751771353,47.439440461225104],[-122.29667540251668,47.439455494670234],[-122.29667565413935,47.439470527091274],[-122.29667593103171,47.43948555987182],[-122.29667623014458,47.43950059236566],[-122.2966765504871,47.43951562527112],[-122.29667688899087,47.439530657256704],[-122.29667724466512,47.43954568902077],[-122.29667761348901,47.439560721300744],[-122.29667799542412,47.43957575272601],[-122.29667838745954,47.439590784020986],[-122.29667878860461,47.439605815883894],[-122.29667919478078,47.43962084699642],[-122.29667960602647,47.43963587872903],[-122.2966800182632,47.43965090976339],[-122.29669257415037,47.440107670561304],[-122.29670263039738,47.4403935372596],[-122.29671708161106,47.440679317778454],[-122.29674404133324,47.44114202039535],[-122.29675849296163,47.44142780022989],[-122.29676854982378,47.44171366693325],[-122.29678498692017,47.44231156792679],[-122.2968012957302,47.44273187502324],[-122.29682710398447,47.44315196358664],[-122.29692477542376,47.444494231009436]]},"properties":{"LINK_TYPE":5,"DESCRIPTION":"Angle Lake","SEGMENT":"","STATUS":"COMPLETE"}},{"type":"Feature","geometry":{"type":"LineString","coordinates":[[-122.29773229715639,47.42502780030145],[-122.29770547658083,47.42459532602924]]},"properties":{"LINK_TYPE":5,"DESCRIPTION":"Angle Lake","SEGMENT":"","STATUS":"COMPLETE"}},{"type":"Feature","geometry":{"type":"LineString","coordinates":[[-122.29766877871371,47.425025303531015],[-122.2977689934926,47.424597822792116]]},"properties":{"LINK_TYPE":5,"DESCRIPTION":"Angle Lake","SEGMENT":"","STATUS":"COMPLETE"}},{"type":"Feature","geometry":{"type":"LineString","coordinates":[[-122.29674154050821,47.44415624026546],[-122.29678160809388,47.44361679867186]]},"properties":{"LINK_TYPE":5,"DESCRIPTION":"Angle Lake","SEGMENT":"","STATUS":"COMPLETE"}},{"type":"Feature","geometry":{"type":"LineString","coordinates":[[-122.29678160809388,47.44361679867186],[-122.29676365446228,47.44337005226822],[-122.29676326844087,47.443364752880555],[-122.29676288341041,47.44335945279466],[-122.29676249738921,47.44335415340701],[-122.2967621123781,47.44334885400637],[-122.296761728358,47.443343553907404],[-122.29676134435715,47.44333825449372],[-122.29676096035644,47.443332955080024],[-122.29676057734663,47.44332765496806],[-122.29676019536622,47.443322355528274],[-122.29675981437676,47.44331705539021],[-122.2967594344167,47.443311755924356],[-122.29675905544758,47.443306455760265],[-122.29675867647849,47.44330115559615],[-122.29675830055906,47.4432958560782],[-122.2967579246204,47.443290555874974],[-122.29675755070203,47.44328525564573],[-122.29675717882307,47.44327995607561],[-122.29675680793515,47.44327465580726],[-122.29675643906745,47.443269355512804],[-122.29675607221996,47.44326405519228],[-122.29675570739276,47.443258754845736],[-122.2967553435757,47.44325345448612],[-122.29675498278894,47.44324815408741],[-122.29675462402247,47.44324285366267],[-122.29675426828634,47.44323755319879],[-122.29675391457044,47.44323225270888],[-122.29675356285563,47.443226951507626],[-122.29675321419026,47.44322165095253],[-122.29675286752601,47.44321634968613],[-122.29675252492132,47.443211049052856],[-122.29675218431768,47.44320574770826],[-122.29673936439788,47.44294993108063],[-122.29673917325087,47.44294462643681],[-122.29673898513411,47.44293932175382],[-122.29673879905684,47.44293401773004],[-122.29673861700071,47.4429287129689],[-122.2967384369648,47.44292340818168],[-122.29673825894898,47.44291810336839],[-122.29673808396356,47.442912798516026],[-122.29673791099832,47.44290749363759],[-122.29673774005322,47.442902188733136],[-122.2967375721384,47.44289688378948],[-122.29673740525291,47.4428915795181],[-122.29673724137852,47.44288627452238],[-122.29673707851423,47.442880969513645],[-122.29673691767009,47.4428756644788],[-122.29673675884617,47.44287035941792],[-122.29673660103236,47.44286505434401],[-122.29673644523872,47.44285974924404],[-122.29673629045524,47.44285444413101],[-122.29673613668186,47.442849139004956],[-122.29673598492862,47.44284383385289],[-122.2967358331755,47.442838528700726],[-122.29673568346165,47.44283322420782],[-122.29673553372872,47.44282791902964],[-122.29673538500587,47.442822613838466],[-122.29673523729316,47.44281730863425],[-122.29673508958047,47.44281200342999],[-122.29673494287786,47.44280669821274],[-122.29673479617529,47.44280139299548],[-122.29673465048283,47.44279608776519],[-122.29673450479042,47.44279078253487],[-122.2967343580879,47.442785477317635],[-122.29672256488217,47.44235646373932]]},"properties":{"LINK_TYPE":5,"DESCRIPTION":"Angle Lake","SEGMENT":"","STATUS":"COMPLETE"}},{"type":"Feature","geometry":{"type":"LineString","coordinates":[[-122.29689979421529,47.4441509409095],[-122.29678160809388,47.44361679867186]]},"properties":{"LINK_TYPE":5,"DESCRIPTION":"Angle Lake","SEGMENT":"","STATUS":"COMPLETE"}},{"type":"Feature","geometry":{"type":"LineString","coordinates":[[-122.29672256488217,47.44235646373932],[-122.29677433063316,47.44192394981352]]},"properties":{"LINK_TYPE":5,"DESCRIPTION":"Angle Lake","SEGMENT":"","STATUS":"COMPLETE"}},{"type":"Feature","geometry":{"type":"LineString","coordinates":[[-122.29672256488217,47.44235646373932],[-122.29664706303483,47.44192556099128]]},"properties":{"LINK_TYPE":5,"DESCRIPTION":"Angle Lake","SEGMENT":"","STATUS":"COMPLETE"}}]}